player_name,player_id,timeframe,aLevel,Age,TeamName,Date,Team,Opp,BO,Pos,G,AB,PA,H,1B,2B,3B,HR,R,RBI,BB,IBB,SO,HBP,SF,SH,GDP,SB,CS,AVG,BB%,K%,BB/K,OBP,SLG,OPS,ISO,Spd,BABIP,wSB,wRC,wRAA,wOBA,wRC+
Christian Bethancourt,542194,last_30,AAA,35.0,Indianapolis Indians,Total,IND,- - -,,,5,17,17,2,2,0,0,0,0,1,0,0,9,0,0,0,0,0,0,.118,0.0%,52.9%,.000,.118,.118,.235,.000,,.250,,-0.8,-2.9,.107,-40
Carlos Pérez,542208,last_30,AAA,35.9,Toledo Mud Hens,Total,TOL,- - -,,,7,22,25,5,2,1,0,2,3,6,3,1,6,0,0,0,1,0,0,.227,12.0%,24.0%,.500,.320,.545,.865,.318,,.214,,3.8,0.7,.365,123
Kyle Higashioka,543309,last_30,AAA,36.4,Round Rock Express,Total,RR,- - -,,,8,35,39,9,5,2,0,2,7,5,4,0,5,0,0,0,2,1,0,.257,10.3%,12.8%,.800,.333,.486,.819,.229,,.250,,5.8,0.9,.364,118
Yolmer Sánchez,570560,last_30,AAA,34.2,Salt Lake Bees,Total,SL,- - -,,,12,45,55,12,8,3,0,1,8,9,8,0,13,0,1,1,1,2,0,.267,14.5%,23.6%,.615,.370,.400,.770,.133,,.344,,7.6,0.7,.351,110
Willson Contreras,575929,last_30,AA,34.3,Portland Sea Dogs,Total,POR,- - -,,,2,7,7,2,2,0,0,0,1,2,0,0,3,0,0,0,0,0,0,.286,0.0%,42.9%,.000,.286,.286,.571,.000,,.500,,0.5,-0.5,.260,50
Jorge Alfaro,595751,last_30,AAA,33.3,Omaha Storm Chasers,Total,OMA,- - -,,,2,8,8,2,1,1,0,0,0,1,0,0,3,0,0,0,0,0,0,.250,0.0%,37.5%,.000,.250,.375,.625,.125,,.400,,0.7,-0.3,.276,66
Jake Cave,595909,last_30,AAA,33.8,Charlotte Knights,Total,CLT,- - -,,,8,32,34,7,2,3,0,2,6,6,2,0,14,0,0,0,0,0,0,.219,5.9%,41.2%,.143,.265,.500,.765,.281,,.312,,4.3,0.1,.334,103
Austin Slater,596103,last_30,AAA,33.8,Durham Bulls,Total,DUR,- - -,,,7,26,29,6,6,0,0,0,4,2,3,0,9,0,0,0,0,1,1,.231,10.3%,31.0%,.333,.310,.231,.541,.000,,.353,,2.1,-1.5,.262,58
Aramis Garcia,605244,last_30,AAA,33.7,Reno Aces,Total,RNO,- - -,,,11,40,45,9,6,2,0,1,3,4,4,0,13,1,0,0,2,0,0,.225,8.9%,28.9%,.308,.311,.350,.661,.125,,.308,,4.6,-1.0,.305,82
Vimael Machín,605353,last_30,AAA,33.0,Albuquerque Isotopes,Total,ABQ,- - -,,,3,11,11,2,2,0,0,0,0,0,0,0,3,0,0,0,0,0,0,.182,0.0%,27.3%,.000,.182,.182,.364,.000,,.250,,-0.1,-1.5,.165,-5
Orlando Arcia,606115,last_30,AAA,32.1,Louisville Bats,Total,LOU,- - -,,,10,37,41,11,10,1,0,0,1,7,3,0,7,0,1,0,0,0,0,.297,7.3%,17.1%,.429,.341,.324,.666,.027,,.355,,4.3,-0.7,.306,85
Joey Meneses,608841,last_30,AAA,34.4,Las Vegas Aviators,Total,LV,- - -,,,8,29,30,4,4,0,0,0,0,1,1,0,3,0,0,0,0,0,0,.138,3.3%,10.0%,.333,.167,.138,.305,.000,,.154,,-0.7,-4.5,.145,-18
Miguel Andujar,609280,last_30,AAA,31.6,El Paso Chihuahuas,Total,ELP,- - -,,,9,36,38,11,6,5,0,0,3,5,1,0,4,0,1,0,0,0,0,.306,2.6%,10.5%,.250,.316,.444,.760,.139,,.333,,4.7,-0.1,.333,98
Tomás Nido,621512,last_30,AAA,32.4,Worcester Red Sox,Total,WOR,- - -,,,6,21,24,3,2,1,0,0,0,1,2,0,8,0,0,1,2,0,0,.143,8.3%,33.3%,.250,.217,.190,.408,.048,,.231,,0.5,-2.5,.197,17
Patrick Wisdom,621550,last_30,AAA,35.1,Tacoma Rainiers,Total,TAC,- - -,,,12,45,49,7,2,2,0,3,4,6,4,1,17,0,0,0,0,1,0,.156,8.2%,34.7%,.235,.224,.400,.624,.244,,.160,,3.6,-2.6,.268,58
Pablo Reyes,622569,last_30,AAA,33.0,Salt Lake Bees,Total,SL,- - -,,,5,16,21,2,2,0,0,0,3,0,3,0,3,1,0,1,0,0,0,.125,14.3%,14.3%,1.000,.300,.125,.425,.000,,.154,,1.0,-1.6,.235,38
Anthony Santander,623993,last_30,AAA,31.9,Buffalo Bisons,Total,BUF,- - -,,,5,17,21,4,3,1,0,0,2,1,4,0,4,0,0,0,0,0,0,.235,19.0%,19.0%,1.000,.381,.294,.675,.059,,.308,,2.6,-0.0,.327,99
Cavan Biggio,624415,last_30,AAA,31.4,Sugar Land Space Cowboys,Total,SUG,- - -,,,8,25,30,4,3,1,0,0,5,0,5,0,8,0,0,0,0,1,0,.160,16.7%,26.7%,.625,.300,.200,.500,.040,,.235,,1.9,-1.9,.253,49
Dom Nuñez,624513,last_30,AAA,31.7,Columbus Clippers,Total,COL,- - -,,,6,17,22,5,3,1,0,1,3,5,4,0,7,0,1,0,0,1,0,.294,18.2%,31.8%,.571,.409,.529,.939,.235,,.400,,4.1,1.4,.408,151
Riley Unroe,624523,last_30,AAA,31.1,Charlotte Knights,Total,CLT,- - -,,,9,27,33,5,2,0,1,2,6,6,6,0,5,0,0,0,0,1,0,.185,18.2%,15.2%,1.200,.333,.481,.815,.296,,.150,,4.9,0.9,.362,121
Andy Ibáñez,628451,last_30,AAA,33.5,Tacoma Rainiers,Total,TAC,- - -,,,11,44,46,12,11,1,0,0,5,6,2,0,7,0,0,0,1,3,0,.273,4.3%,15.2%,.286,.304,.295,.600,.023,,.324,,3.7,-2.1,.277,64
José Azócar,640492,last_30,AAA,30.4,Gwinnett Stripers,Total,GWN,- - -,,,10,37,39,11,9,2,0,0,6,4,2,0,7,0,0,0,0,1,0,.297,5.1%,17.9%,.286,.333,.351,.685,.054,,.367,,4.3,-0.5,.313,90
J.C. Escarra,641555,last_30,AAA,31.4,Scranton/Wilkes-Barre RailRiders,Total,SWB,- - -,,,11,43,48,14,12,1,0,1,4,3,4,0,13,1,0,0,0,0,0,.326,8.3%,27.1%,.308,.396,.419,.814,.093,,.448,,7.6,1.7,.373,128
Jake Fraley,641584,last_30,AAA,31.3,Durham Bulls,Total,DUR,- - -,,,2,5,7,2,1,0,0,1,2,2,0,0,1,2,0,0,0,0,0,.400,0.0%,14.3%,.000,.571,1.000,1.571,.600,,.333,,2.6,1.7,.644,300
Garrett Hampson,641658,last_30,AAA,31.9,Louisville Bats,Total,LOU,- - -,,,9,29,34,10,7,3,0,0,5,3,2,0,9,1,0,2,0,0,0,.345,5.9%,26.5%,.222,.406,.448,.855,.103,,.500,,5.8,1.6,.388,138
Joshua Palacios,641943,last_30,AAA,31.1,Indianapolis Indians,Total,IND,- - -,,,3,7,8,1,1,0,0,0,0,0,1,0,3,0,0,0,0,0,0,.143,12.5%,37.5%,.333,.250,.143,.393,.000,,.250,,0.2,-0.8,.203,20
Chuckie Robinson,642020,last_30,AAA,31.8,Gwinnett Stripers,Total,GWN,- - -,,,6,17,22,3,3,0,0,0,1,3,3,0,4,1,1,0,1,0,0,.176,13.6%,18.2%,.750,.318,.176,.495,.000,,.214,,1.4,-1.3,.255,53
Rowdy Tellez,642133,last_30,AAA,31.5,Gwinnett Stripers,Total,GWN,- - -,,,10,32,36,10,7,3,0,0,3,4,4,0,7,0,0,0,1,0,0,.312,11.1%,19.4%,.571,.389,.406,.795,.094,,.400,,5.4,1.0,.364,122
Austin Wynns,642851,last_30,AAA,35.8,Iowa Cubs,Total,IOW,- - -,,,5,13,17,2,1,0,0,1,3,1,4,0,2,0,0,0,0,1,0,.154,23.5%,11.8%,2.000,.353,.385,.738,.231,,.100,,2.3,0.2,.345,110
Chadwick Tromp,644433,last_30,AAA,31.5,Oklahoma City Comets,Total,OKC,- - -,,,6,17,22,5,3,1,0,1,4,4,4,0,3,0,1,0,1,0,0,.294,18.2%,13.6%,1.333,.409,.529,.939,.235,,.286,,4.0,1.3,.408,145
Abraham Toro,647351,last_30,AAA,29.7,Omaha Storm Chasers,Total,OMA,- - -,,,6,21,23,4,1,3,0,0,2,0,2,0,7,0,0,0,1,0,0,.190,8.7%,30.4%,.286,.261,.333,.594,.143,,.286,,1.8,-1.0,.270,63
Andy Yerzy,647378,last_30,AAA,28.2,Memphis Redbirds,Total,MEM,- - -,,,4,15,18,3,2,0,0,1,3,4,3,0,5,0,0,0,1,0,0,.200,16.7%,27.8%,.600,.333,.400,.733,.200,,.222,,2.3,0.1,.337,105
Riley Adams,656180,last_30,AAA,30.2,Rochester Red Wings,Total,ROC,- - -,,,12,43,52,11,7,3,0,1,10,6,9,0,10,0,0,0,0,0,0,.256,17.3%,19.2%,.900,.385,.395,.780,.140,,.312,,7.7,1.3,.361,121
Michael Chavis,656308,last_30,AAA,31.1,Louisville Bats,Total,LOU,- - -,,,12,40,47,10,6,1,0,3,8,6,3,0,13,3,1,0,1,1,0,.250,6.4%,27.7%,.231,.340,.500,.840,.250,,.280,,7.4,1.6,.371,127
Stuart Fairchild,656413,last_30,AAA,30.5,Tacoma Rainiers,Total,TAC,- - -,,,8,28,31,7,5,0,0,2,3,4,2,0,10,0,1,0,0,2,2,.250,6.5%,32.3%,.200,.290,.464,.755,.214,,.294,,3.8,-0.2,.329,96
Tristan Gray,656484,last_30,AAA,30.5,St. Paul Saints,Total,STP,- - -,,,8,23,28,1,1,0,0,0,1,2,3,1,5,1,1,0,0,0,1,.043,10.7%,17.9%,.600,.179,.043,.222,.000,,.053,,-1.2,-4.7,.114,-36
Connor Joe,656582,last_30,AAA,34.1,Tacoma Rainiers,Total,TAC,- - -,,,12,45,48,11,5,3,0,3,5,5,3,1,9,0,0,0,0,0,1,.244,6.2%,18.8%,.333,.292,.511,.803,.267,,.242,,6.4,0.3,.344,106
Ryan O'Hearn,656811,last_30,AAA,33.1,Indianapolis Indians,Total,IND,- - -,,,2,6,7,1,0,1,0,0,1,0,1,0,2,0,0,0,0,0,0,.167,14.3%,28.6%,.500,.286,.333,.619,.167,,.250,,0.6,-0.2,.286,73
Pavin Smith,656976,last_30,AAA,30.6,Reno Aces,Total,RNO,- - -,,,4,13,17,6,4,1,0,1,5,2,4,1,2,0,0,0,1,0,0,.462,23.5%,11.8%,2.000,.588,.769,1.357,.308,,.500,,5.3,3.2,.574,248
Rudy Martin Jr.,657675,last_30,AAA,30.6,Buffalo Bisons,Total,BUF,- - -,,,3,9,11,3,0,0,1,2,3,5,1,0,2,1,0,0,0,0,0,.333,9.1%,18.2%,.500,.455,1.222,1.677,.889,,.200,,4.2,2.9,.665,313
Vidal Bruján,660644,last_30,AAA,28.6,Syracuse Mets,Total,SYR,- - -,,,11,41,50,16,10,3,0,3,9,12,7,0,8,0,1,1,3,2,1,.390,14.0%,16.0%,.875,.469,.683,1.152,.293,,.419,,12.7,6.5,.496,206
Rodolfo Durán,660710,last_30,AAA,28.6,El Paso Chihuahuas,Total,ELP,- - -,,,5,17,20,5,3,2,0,0,2,2,2,0,6,1,0,0,0,1,0,.294,10.0%,30.0%,.333,.400,.412,.812,.118,,.455,,3.1,0.6,.374,124
Leo Rivas,660844,last_30,AAA,28.9,Tacoma Rainiers,Total,TAC,- - -,,,11,36,47,9,8,1,0,0,4,3,11,1,15,0,0,0,2,0,0,.250,23.4%,31.9%,.733,.426,.278,.703,.028,,.429,,6.1,0.2,.341,104
Max Burt,661733,last_30,AAA,30.1,Toledo Mud Hens,Total,TOL,- - -,,,8,26,28,4,4,0,0,0,2,1,2,0,11,0,0,0,0,1,1,.154,7.1%,39.3%,.182,.214,.154,.368,.000,,.267,,0.2,-3.2,.181,6
Blake Perkins,663368,last_30,AAA,30.0,Columbus Clippers,Total,COL,- - -,,,9,30,38,8,6,1,1,0,5,2,6,0,7,1,1,0,0,2,0,.267,15.8%,18.4%,.857,.395,.367,.761,.100,,.333,,5.4,0.7,.353,115
Hayden Senger,663584,last_30,AAA,29.5,Syracuse Mets,Total,SYR,- - -,,,9,31,34,8,6,0,1,1,4,3,1,0,8,0,0,1,2,0,0,.258,2.9%,23.5%,.125,.281,.419,.701,.161,,.318,,3.7,-0.5,.310,88
Brandon Lockridge,663604,last_30,AAA,29.5,Nashville Sounds,Total,NAS,- - -,,,9,33,37,10,6,3,0,1,3,5,2,0,11,1,0,0,0,0,0,.303,5.4%,29.7%,.182,.361,.485,.846,.182,,.429,,6.0,1.4,.378,132
Nick Madrigal,663611,last_30,AAA,29.5,Durham Bulls,Total,DUR,- - -,,,1,3,3,0,0,0,0,0,0,0,0,0,1,0,0,0,0,0,0,.000,0.0%,33.3%,.000,.000,.000,.000,.000,,.000,,-0.4,-0.8,.000,-108
Daz Cameron,663662,last_30,AAA,29.7,Buffalo Bisons,Total,BUF,- - -,,,8,34,38,8,5,2,1,0,3,8,3,0,10,0,1,0,2,0,0,.235,7.9%,26.3%,.300,.289,.353,.642,.118,,.320,,3.5,-1.2,.287,74
Romy Gonzalez,663853,last_30,AAA,30.0,Worcester Red Sox,Total,WOR,- - -,,,6,17,20,3,0,3,0,0,0,2,3,0,3,0,0,0,0,0,0,.176,15.0%,15.0%,1.000,.300,.353,.653,.176,,.214,,2.0,-0.4,.301,82
Luke Williams,663897,last_30,AAA,30.1,Gwinnett Stripers,Total,GWN,- - -,,,8,27,29,4,3,1,0,0,2,2,2,1,7,0,0,0,0,3,0,.148,6.9%,24.1%,.286,.207,.185,.392,.037,,.200,,-0.0,-3.6,.169,-1
César Salazar,663967,last_30,AAA,30.5,Sugar Land Space Cowboys,Total,SUG,- - -,,,5,13,17,4,4,0,0,0,5,0,4,0,1,0,0,0,0,0,0,.308,23.5%,5.9%,4.000,.471,.308,.778,.000,,.333,,2.8,0.6,.381,129
Dylan Moore,664238,last_30,AAA,34.1,Lehigh Valley IronPigs,Total,LHV,- - -,,,6,22,24,3,3,0,0,0,1,1,1,0,8,0,1,0,0,1,0,.136,4.2%,33.3%,.125,.167,.136,.303,.000,,.200,,-0.5,-3.5,.143,-17
Alejo Lopez,664670,last_30,AAA,30.4,Omaha Storm Chasers,Total,OMA,- - -,,,8,26,30,9,9,0,0,0,2,2,4,0,1,0,0,0,2,3,1,.346,13.3%,3.3%,4.000,.433,.346,.779,.000,,.360,,4.6,0.9,.368,125
P.J. Higgins,664731,last_30,AAA,33.4,Louisville Bats,Total,LOU,- - -,,,7,26,27,6,6,0,0,0,1,2,0,0,2,1,0,0,1,0,0,.231,0.0%,7.4%,.000,.259,.231,.490,.000,,.250,,1.2,-2.1,.230,37
Seby Zavala,664874,last_30,AAA,33.1,Toledo Mud Hens,Total,TOL,- - -,,,6,23,24,4,3,0,0,1,2,3,0,0,9,0,0,1,1,0,0,.174,0.0%,37.5%,.000,.174,.304,.478,.130,,.231,,0.7,-2.2,.210,25
Oswaldo Cabrera,665828,last_30,AAA,27.5,Scranton/Wilkes-Barre RailRiders,Total,SWB,- - -,,,6,22,24,5,3,0,0,2,4,4,2,0,8,0,0,0,0,2,0,.227,8.3%,33.3%,.250,.292,.500,.792,.273,,.250,,3.3,0.4,.349,113
Enmanuel Valdez,665839,last_30,AAA,27.7,Indianapolis Indians,Total,IND,- - -,,,10,39,43,12,5,5,1,1,7,4,3,0,7,0,1,0,0,0,0,.308,7.0%,16.3%,.429,.349,.564,.913,.256,,.344,,7.5,2.2,.393,141
Sebastián Rivero,665861,last_30,AAA,27.8,Salt Lake Bees,Total,SL,- - -,,,6,23,27,10,9,1,0,0,1,2,3,0,2,1,0,0,1,0,0,.435,11.1%,7.4%,1.500,.519,.478,.997,.043,,.476,,6.0,2.6,.458,176
Nolan Jones,666134,last_30,AAA,28.4,Tacoma Rainiers,Total,TAC,- - -,,,12,40,48,12,9,1,1,1,4,7,8,0,13,0,0,0,0,2,0,.300,16.7%,27.1%,.615,.417,.450,.867,.150,,.423,,8.3,2.2,.394,136
Dominic Fletcher,666150,last_30,AAA,29.0,Louisville Bats,Total,LOU,- - -,,,11,38,45,6,6,0,0,0,4,3,5,0,11,1,1,0,1,0,1,.158,11.1%,24.4%,.455,.267,.158,.425,.000,,.214,,1.6,-3.9,.217,29
Ben Rortvedt,666163,last_30,AAA,29.0,Oklahoma City Comets,Total,OKC,- - -,,,6,22,22,6,6,0,0,0,4,0,0,0,10,0,0,0,0,1,0,.273,0.0%,45.5%,.000,.273,.273,.545,.000,,.500,,1.3,-1.5,.248,46
Blake Sabol,666165,last_30,AAA,28.7,Durham Bulls,Total,DUR,- - -,,,4,11,12,0,0,0,0,0,0,0,0,0,5,0,0,1,0,0,0,.000,0.0%,41.7%,.000,.000,.000,.000,.000,,.000,,-1.6,-3.1,.000,-108
Will Benson,666181,last_30,AAA,28.3,Louisville Bats,Total,LOU,- - -,,,12,40,44,8,6,1,0,1,3,2,4,0,9,0,0,0,1,0,0,.200,9.1%,20.5%,.444,.273,.300,.573,.100,,.233,,3.3,-2.1,.266,60
Cooper Johnson,666194,last_30,AAA,28.4,Round Rock Express,Total,RR,- - -,,,5,18,20,4,3,1,0,0,2,1,2,0,2,0,0,0,0,0,0,.222,10.0%,10.0%,1.000,.300,.278,.578,.056,,.250,,1.5,-1.0,.272,61
Grae Kessinger,666197,last_30,AAA,29.1,Indianapolis Indians,Total,IND,- - -,,,3,9,10,1,1,0,0,0,0,0,0,0,1,0,0,1,1,0,0,.111,0.0%,10.0%,.000,.111,.111,.222,.000,,.125,,-0.5,-1.8,.101,-44
Carter Kieboom,666198,last_30,AAA,29.0,Lehigh Valley IronPigs,Total,LHV,- - -,,,10,37,43,7,5,2,0,0,1,5,4,0,8,1,1,0,1,1,0,.189,9.3%,18.6%,.500,.279,.243,.522,.054,,.233,,2.6,-2.7,.249,50
Archer Brookman,666386,last_30,AA,27.7,Columbus Clingstones,Total,COL,- - -,,,3,9,11,0,0,0,0,0,1,0,2,0,3,0,0,0,0,0,0,.000,18.2%,27.3%,.667,.182,.000,.182,.000,,.000,,-0.3,-1.8,.129,-23
Edouard Julien,666397,last_30,AAA,27.4,Albuquerque Isotopes,Total,ABQ,- - -,,,11,43,53,14,7,7,0,0,8,12,9,0,12,0,1,0,1,0,2,.326,17.0%,22.6%,.750,.434,.488,.922,.163,,.438,,9.9,3.2,.412,147
Mitch Neunborn,666748,last_30,AAA,29.2,Lehigh Valley IronPigs,Total,LHV,- - -,,,1,2,2,0,0,0,0,0,0,0,0,0,2,0,0,0,0,0,0,.000,0.0%,100.0%,.000,.000,.000,.000,.000,,,,-0.3,-0.5,.000,-108
Jared Oliva,666931,last_30,AAA,30.8,Durham Bulls,Total,DUR,- - -,,,5,10,13,5,4,0,0,1,5,3,2,0,2,0,0,1,0,3,1,.500,15.4%,15.4%,1.000,.583,.800,1.383,.300,,.571,,4.4,2.8,.598,271
Jason Matthews,667240,last_30,AAA,29.4,Charlotte Knights,Total,CLT,- - -,,,3,6,6,1,1,0,0,0,0,0,0,0,4,0,0,0,0,0,0,.167,0.0%,66.7%,.000,.167,.167,.333,.000,,.500,,-0.1,-0.8,.152,-12
Corey Julks,667452,last_30,AAA,30.6,Toledo Mud Hens,Total,TOL,- - -,,,10,38,43,8,6,0,0,2,5,4,5,0,12,0,0,0,0,0,1,.211,11.6%,27.9%,.417,.302,.368,.671,.158,,.250,,4.6,-0.7,.308,87
C.J. Stubbs,667690,last_30,AAA,29.9,Buffalo Bisons,Total,BUF,- - -,,,4,15,15,2,2,0,0,0,1,2,0,0,5,0,0,0,0,1,0,.133,0.0%,33.3%,.000,.133,.133,.267,.000,,.200,,-0.6,-2.4,.121,-31
Ernesto Martinez Jr.,667803,last_30,AAA,27.2,Scranton/Wilkes-Barre RailRiders,Total,SWB,- - -,,,8,23,27,5,3,2,0,0,2,2,4,0,6,0,0,0,0,1,0,.217,14.8%,22.2%,.667,.333,.304,.638,.087,,.294,,2.8,-0.6,.302,83
Nick Pratto,668472,last_30,AAA,28.0,El Paso Chihuahuas,Total,ELP,- - -,,,11,44,51,16,9,5,1,1,9,9,5,0,10,0,2,0,1,0,1,.364,9.8%,19.6%,.500,.412,.591,1.003,.227,,.429,,10.2,3.8,.431,159
Payton Henry,668721,last_30,AAA,29.2,Lehigh Valley IronPigs,Total,LHV,- - -,,,4,12,15,5,3,0,0,2,5,2,1,0,5,2,0,0,0,0,0,.417,6.7%,33.3%,.200,.533,.917,1.450,.500,,.600,,5.1,3.3,.610,278
Akil Baddoo,668731,last_30,AAA,28.1,Nashville Sounds,Total,NAS,- - -,,,10,37,42,11,6,3,2,0,4,3,5,0,6,0,0,0,1,0,0,.297,11.9%,14.3%,.833,.381,.486,.867,.189,,.355,,7.0,1.9,.385,136
Duke Ellis,668752,last_30,AAA,28.7,Scranton/Wilkes-Barre RailRiders,Total,SWB,- - -,,,7,25,28,13,11,1,0,1,5,5,3,0,4,0,0,0,0,10,2,.520,10.7%,14.3%,.750,.571,.680,1.251,.160,,.600,,8.4,5.0,.555,244
Devin Ortiz,668776,last_30,AA,27.6,Harrisburg Senators,Total,HBG,- - -,,,2,8,9,1,1,0,0,0,1,0,0,0,2,1,0,0,1,0,0,.125,0.0%,22.2%,.000,.222,.125,.347,.000,,.167,,0.1,-1.2,.184,7
Conner Capel,668843,last_30,AAA,29.3,Albuquerque Isotopes,Total,ABQ,- - -,,,7,26,29,4,2,1,0,1,3,6,2,0,4,0,1,0,0,1,0,.154,6.9%,13.8%,.500,.207,.308,.515,.154,,.136,,1.3,-2.4,.229,34
Zach Humphreys,668876,last_30,AAA,28.9,Salt Lake Bees,Total,SL,- - -,,,6,20,25,2,2,0,0,0,4,3,3,0,9,1,1,0,0,0,0,.100,12.0%,36.0%,.333,.240,.100,.340,.000,,.167,,0.3,-2.9,.188,9
Austin Martin,668885,last_30,AAA,27.5,St. Paul Saints,Total,STP,- - -,,,2,8,8,3,2,0,1,0,1,3,0,0,1,0,0,0,0,0,0,.375,0.0%,12.5%,.000,.375,.625,1.000,.250,,.429,,1.6,0.6,.432,166
Freddy Zamora,668965,last_30,AAA,27.9,Nashville Sounds,Total,NAS,- - -,,,1,0,1,0,0,0,0,0,0,0,1,0,0,0,0,0,0,0,0,,100.0%,0.0%,,1.000,,1.000,.000,,,,0.4,0.3,.711,343
Maverick Handley,668974,last_30,AAA,28.5,Gwinnett Stripers,Total,GWN,- - -,,,6,13,23,3,2,1,0,0,3,4,8,0,3,2,0,0,0,1,0,.231,34.8%,13.0%,2.667,.565,.308,.873,.077,,.300,,5.0,2.1,.447,175
Connor Scott,669002,last_30,AA,26.9,Northwest Arkansas Naturals,Total,NWA,- - -,,,6,23,25,6,4,0,2,0,1,2,1,0,6,0,1,0,0,1,0,.261,4.0%,24.0%,.167,.280,.435,.715,.174,,.333,,2.6,-1.0,.305,72
MJ Melendez,669004,last_30,AAA,27.8,Syracuse Mets,Total,SYR,- - -,,,11,39,51,12,5,3,0,4,7,11,12,1,10,0,0,0,0,0,0,.308,23.5%,19.6%,1.200,.471,.692,1.163,.385,,.320,,12.9,6.6,.494,205
Sam Huff,669087,last_30,AAA,28.7,Norfolk Tides,Total,NOR,- - -,,,6,27,27,5,2,1,0,2,3,7,0,0,5,0,0,0,0,0,0,.185,0.0%,18.5%,.000,.185,.444,.630,.259,,.150,,2.1,-1.2,.272,64
Shea Langeliers,669127,last_30,AAA,28.8,Las Vegas Aviators,Total,LV,- - -,,,2,5,5,3,1,2,0,0,2,1,0,0,0,0,0,0,0,0,0,.600,0.0%,0.0%,,.600,1.000,1.600,.400,,.600,,2.1,1.4,.700,326
Mason McCoy,669200,last_30,AAA,31.5,El Paso Chihuahuas,Total,ELP,- - -,,,7,31,36,11,9,2,0,0,8,6,4,0,10,0,1,0,0,4,1,.355,11.1%,27.8%,.400,.417,.419,.836,.065,,.500,,5.8,1.2,.378,127
Ryan Bliss,669208,last_30,AAA,26.8,Tacoma Rainiers,Total,TAC,- - -,,,11,40,49,6,5,0,1,0,7,3,7,0,5,0,1,1,0,4,1,.150,14.3%,10.2%,1.400,.271,.200,.471,.050,,.167,,2.3,-3.9,.233,36
Justyn-Henry Malloy,669234,last_30,AA,26.6,Montgomery Biscuits,Total,MTG,- - -,,,3,7,11,1,1,0,0,0,2,0,3,0,3,1,0,0,0,1,1,.143,27.3%,27.3%,1.000,.455,.143,.597,.000,,.250,,1.5,-0.0,.344,100
Jeremiah Jackson,669236,last_30,AAA,26.5,Norfolk Tides,Total,NOR,- - -,,,1,5,5,2,1,0,0,1,1,1,0,0,1,0,0,0,0,0,0,.400,0.0%,20.0%,.000,.400,1.000,1.400,.600,,.333,,1.7,1.1,.604,275
Nick Solak,669256,last_30,AAA,31.7,El Paso Chihuahuas,Total,ELP,- - -,,,11,40,46,10,8,2,0,0,3,2,6,1,7,0,0,0,0,0,0,.250,13.0%,15.2%,.857,.348,.300,.648,.050,,.303,,4.5,-1.3,.298,77
Jack Suwinski,669261,last_30,AAA,28.1,Durham Bulls,Total,DUR,- - -,,,10,34,38,9,5,3,0,1,3,6,3,0,7,0,0,1,0,1,0,.265,7.9%,18.4%,.429,.324,.441,.766,.176,,.308,,5.1,0.4,.343,109
Santiago Espinal,669289,last_30,AAA,31.9,Reno Aces,Total,RNO,- - -,,,12,45,56,9,6,2,0,1,9,4,11,0,8,0,0,0,1,3,0,.200,19.6%,14.3%,1.375,.357,.311,.668,.111,,.222,,6.4,-0.6,.321,91
Bryce Teodosio,669326,last_30,AAA,27.2,Salt Lake Bees,Total,SL,- - -,,,8,32,35,5,2,1,1,1,3,2,2,0,10,0,0,1,3,3,0,.156,5.7%,28.6%,.200,.206,.344,.550,.188,,.190,,1.9,-2.5,.244,43
Trei Cruz,669360,last_30,AAA,28.2,Toledo Mud Hens,Total,TOL,- - -,,,10,37,46,12,8,4,0,0,6,3,8,0,6,0,0,1,0,0,1,.324,17.4%,13.0%,1.333,.444,.432,.877,.108,,.387,,8.4,2.7,.403,147
Bryce Johnson,669369,last_30,AAA,30.9,El Paso Chihuahuas,Total,ELP,- - -,,,9,30,35,14,10,4,0,0,5,6,3,0,10,0,1,1,0,5,1,.467,8.6%,28.6%,.300,.500,.600,1.100,.133,,.667,,8.4,4.0,.483,191
Raynel Delgado,669384,last_30,AAA,26.5,Sugar Land Space Cowboys,Total,SUG,- - -,,,10,31,38,3,2,1,0,0,2,4,7,0,6,0,0,0,0,2,0,.097,18.4%,15.8%,1.167,.263,.129,.392,.032,,.120,,1.2,-3.6,.213,24
Trevor Hauver,669386,last_30,AAA,27.8,Round Rock Express,Total,RR,- - -,,,10,37,39,11,10,0,0,1,8,6,2,0,7,0,0,0,0,2,0,.297,5.1%,17.9%,.286,.333,.378,.712,.081,,.345,,4.6,-0.3,.324,93
Gage Workman,669398,last_30,AAA,26.9,El Paso Chihuahuas,Total,ELP,- - -,,,11,42,44,8,6,2,0,0,3,8,1,0,20,0,0,1,1,3,0,.190,2.3%,45.5%,.050,.209,.238,.447,.048,,.364,,1.0,-4.5,.204,19
Frainyer Chavez,669413,last_30,AAA,27.3,Round Rock Express,Total,RR,- - -,,,8,27,31,10,8,2,0,0,4,6,3,0,4,0,1,0,0,2,0,.370,9.7%,12.9%,.750,.419,.444,.864,.074,,.417,,5.2,1.3,.387,132
Drew Swift,669439,last_30,AAA,27.6,Las Vegas Aviators,Total,LV,- - -,,,2,4,5,0,0,0,0,0,0,0,0,0,0,1,0,0,0,0,0,.000,0.0%,0.0%,,.200,.000,.200,.000,,.000,,-0.1,-0.7,.149,-16
Logan Davidson,669722,last_30,AAA,28.7,Durham Bulls,Total,DUR,- - -,,,8,28,28,2,0,0,0,2,2,4,0,0,12,0,0,0,0,0,0,.071,0.0%,42.9%,.000,.071,.286,.357,.214,,.000,,-0.4,-3.9,.151,-13
Ryan Ward,669899,last_30,AAA,28.6,Oklahoma City Comets,Total,OKC,- - -,,,7,25,28,6,4,1,0,1,4,6,3,0,7,0,0,0,2,1,0,.240,10.7%,25.0%,.429,.321,.400,.721,.160,,.294,,3.4,-0.2,.328,95
Zack Short,670097,last_30,AAA,31.3,Syracuse Mets,Total,SYR,- - -,,,3,9,13,3,2,1,0,0,2,3,4,0,1,0,0,0,0,0,0,.333,30.8%,7.7%,4.000,.538,.444,.983,.111,,.375,,2.9,1.3,.458,182
Miles Mastrobuoni,670156,last_30,AAA,30.9,Tacoma Rainiers,Total,TAC,- - -,,,7,24,26,5,5,0,0,0,3,1,2,0,7,0,0,0,1,0,0,.208,7.7%,26.9%,.286,.269,.208,.478,.000,,.294,,1.1,-2.1,.230,35
Kameron Misner,670224,last_30,AAA,28.7,Lehigh Valley IronPigs,Total,LHV,- - -,,,9,34,38,9,5,2,0,2,9,5,4,0,12,0,0,0,0,3,0,.265,10.5%,31.6%,.333,.342,.500,.842,.235,,.350,,6.0,1.3,.374,129
Ramón Rodríguez,670232,last_30,AAA,27.9,Nashville Sounds,Total,NAS,- - -,,,8,31,31,5,3,2,0,0,2,1,0,0,6,0,0,0,0,0,0,.161,0.0%,19.4%,.000,.161,.226,.387,.065,,.200,,0.0,-3.8,.172,0
Matt Wallner,670242,last_30,AAA,28.8,St. Paul Saints,Total,STP,- - -,,,10,35,43,8,3,4,0,1,7,5,5,0,14,2,1,0,0,2,1,.229,11.6%,32.6%,.357,.349,.429,.777,.200,,.333,,6.0,0.7,.350,114
Cal Stevenson,670276,last_30,AAA,30.0,Toledo Mud Hens,Total,TOL,- - -,,,8,25,30,10,6,1,2,1,3,4,5,0,8,0,0,0,0,2,0,.400,16.7%,26.7%,.625,.500,.720,1.220,.320,,.562,,8.3,4.6,.523,224
Abrahan Gutierrez,670868,last_30,AAA,26.9,Scranton/Wilkes-Barre RailRiders,Total,SWB,- - -,,,3,8,8,3,3,0,0,0,1,0,0,0,1,0,0,0,1,0,0,.375,0.0%,12.5%,.000,.375,.375,.750,.000,,.429,,1.1,0.1,.341,108
Buddy Kennedy,671083,last_30,AAA,27.9,Rochester Red Wings,Total,ROC,- - -,,,8,28,36,5,3,2,0,0,6,4,5,0,9,2,1,0,1,1,0,.179,13.9%,25.0%,.556,.333,.250,.583,.071,,.250,,3.3,-1.1,.288,74
Darren Baker,671117,last_30,AAA,27.6,Sacramento River Cats,Total,SAC,- - -,,,9,35,38,6,6,0,0,0,3,2,2,0,9,0,1,0,0,3,0,.171,5.3%,23.7%,.222,.211,.171,.382,.000,,.222,,0.2,-4.6,.181,5
Ivan Johnson,671155,last_30,AAA,27.9,Louisville Bats,Total,LOU,- - -,,,1,3,3,0,0,0,0,0,0,0,0,0,2,0,0,0,0,0,0,.000,0.0%,66.7%,.000,.000,.000,.000,.000,,.000,,-0.4,-0.8,.000,-108
Drew Waters,671221,last_30,AAA,27.7,Omaha Storm Chasers,Total,OMA,- - -,,,7,27,30,9,4,3,0,2,4,5,3,0,9,0,0,0,0,4,1,.333,10.0%,30.0%,.333,.400,.667,1.067,.333,,.438,,6.8,3.1,.463,185
Tim Elko,671284,last_30,AAA,27.7,Charlotte Knights,Total,CLT,- - -,,,8,29,32,11,7,2,1,1,6,6,2,0,9,0,1,0,0,0,0,.379,6.2%,28.1%,.222,.406,.621,1.027,.241,,.500,,6.8,2.8,.442,172
Johnathan Rodríguez,671286,last_30,AAA,26.9,Las Vegas Aviators,Total,LV,- - -,,,10,32,38,6,3,1,0,2,6,2,6,0,10,0,0,0,1,0,0,.188,15.8%,26.3%,.600,.316,.406,.722,.219,,.200,,4.6,-0.2,.329,96
Tyler Freeman,671289,last_30,AAA,27.3,Albuquerque Isotopes,Total,ABQ,- - -,,,10,38,45,12,7,5,0,0,6,7,6,0,3,0,0,1,1,1,1,.316,13.3%,6.7%,2.000,.409,.447,.856,.132,,.343,,7.6,1.9,.389,133
George Valera,671655,last_30,AAA,25.8,Columbus Clippers,Total,COL,- - -,,,7,25,31,13,7,3,0,3,7,6,5,0,2,1,0,0,0,0,1,.520,16.1%,6.5%,2.500,.613,1.000,1.613,.480,,.500,,12.2,8.4,.674,319
Casey Yamauchi,671748,last_30,AA,26.1,Midland RockHounds,Total,MID,- - -,,,6,26,27,7,6,1,0,0,4,2,1,0,5,0,0,0,2,2,1,.269,3.7%,18.5%,.200,.296,.308,.604,.038,,.333,,2.2,-1.7,.276,57
Tyler Black,672012,last_30,AAA,26.2,Nashville Sounds,Total,NAS,- - -,,,11,41,43,10,6,4,0,0,5,1,2,0,10,0,0,0,0,0,0,.244,4.7%,23.3%,.200,.279,.341,.621,.098,,.323,,3.7,-1.6,.280,70
Michael Siani,672279,last_30,AAA,27.2,Toledo Mud Hens,Total,TOL,- - -,,,8,27,28,3,1,1,0,1,2,2,1,0,8,0,0,0,0,1,1,.111,3.6%,28.6%,.125,.143,.259,.402,.148,,.111,,0.2,-3.3,.179,5
Jarred Kelenic,672284,last_30,AAA,27.2,Scranton/Wilkes-Barre RailRiders,Total,SWB,- - -,,,11,48,53,7,6,0,0,1,1,5,5,0,17,0,0,0,0,2,1,.146,9.4%,32.1%,.294,.226,.208,.435,.062,,.200,,1.6,-4.9,.210,25
Tirso Ornelas,672359,last_30,AA,26.5,San Antonio Missions,Total,SA,- - -,,,3,11,12,3,1,1,0,1,3,2,1,0,2,0,0,0,0,0,0,.273,8.3%,16.7%,.500,.333,.636,.970,.364,,.250,,2.3,0.6,.419,133
Maikel Garcia,672580,last_30,AAA,26.5,Omaha Storm Chasers,Total,OMA,- - -,,,3,13,13,4,3,1,0,0,1,2,0,0,4,0,0,0,0,1,0,.308,0.0%,30.8%,.000,.308,.385,.692,.077,,.444,,1.4,-0.2,.310,88
Lenyn Sosa,672820,last_30,AAA,26.6,Buffalo Bisons,Total,BUF,- - -,,,7,25,26,7,5,1,0,1,3,2,1,0,6,0,0,0,3,0,2,.280,3.8%,23.1%,.167,.308,.440,.748,.160,,.333,,3.3,0.1,.333,103
Josh Jung,673962,last_30,AAA,28.6,Round Rock Express,Total,RR,- - -,,,4,15,17,3,1,1,0,1,1,2,0,0,1,2,0,0,0,0,0,.200,0.0%,5.9%,.000,.294,.467,.761,.267,,.154,,2.2,0.1,.341,104
Jacob Hurtubise,674441,last_30,AAA,28.8,Nashville Sounds,Total,NAS,- - -,,,7,21,24,7,7,0,0,0,3,0,2,0,5,1,0,0,0,1,1,.333,8.3%,20.8%,.400,.417,.333,.750,.000,,.438,,3.5,0.5,.356,117
Griffin Lockwood-Powell,674976,last_30,AA,28.6,Tulsa Drillers,Total,TUL,- - -,,,3,14,14,2,1,0,0,1,2,1,0,0,5,0,0,0,0,0,0,.143,0.0%,35.7%,.000,.143,.357,.500,.214,,.125,,0.5,-1.5,.216,24
Jonathon Long,675085,last_30,AAA,24.7,Jacksonville Jumbo Shrimp,Total,JAX,- - -,,,10,35,42,8,5,2,0,1,3,5,6,1,9,0,1,0,0,0,0,.229,14.3%,21.4%,.667,.333,.371,.705,.143,,.269,,4.6,-0.5,.312,90
Johnny Olmstead,675394,last_30,AAA,26.2,Jacksonville Jumbo Shrimp,Total,JAX,- - -,,,10,27,31,5,3,1,1,0,2,1,2,0,7,0,1,1,0,1,0,.185,6.5%,22.6%,.286,.233,.296,.530,.111,,.238,,1.6,-2.2,.236,41
CJ Rodriguez,675430,last_30,AA,26.2,Midland RockHounds,Total,MID,- - -,,,4,16,16,4,4,0,0,0,1,1,0,0,2,0,0,0,0,0,0,.250,0.0%,12.5%,.000,.250,.250,.500,.000,,.286,,0.7,-1.6,.228,31
Milan Tolentino,675455,last_30,AAA,24.8,Columbus Clippers,Total,COL,- - -,,,10,35,38,4,3,0,0,1,2,3,2,0,17,0,0,1,1,2,0,.114,5.3%,44.7%,.118,.162,.200,.362,.086,,.176,,-0.0,-4.7,.169,-1
Greg Jones,675659,last_30,AAA,28.5,Iowa Cubs,Total,IOW,- - -,,,2,8,8,1,0,1,0,0,0,0,0,0,1,0,0,0,0,0,0,.125,0.0%,12.5%,.000,.125,.250,.375,.125,,.143,,-0.1,-1.0,.162,-6
David Bañuelos,675915,last_30,AAA,30.0,St. Paul Saints,Total,STP,- - -,,,5,16,18,4,4,0,0,0,1,0,2,0,4,0,0,0,0,0,0,.250,11.1%,22.2%,.500,.333,.250,.583,.000,,.333,,1.6,-0.7,.281,70
Skyler Messinger,676038,last_30,AA,27.9,Hartford Yard Goats,Total,HFD,- - -,,,2,8,8,2,1,1,0,0,0,0,0,0,4,0,0,0,0,0,0,.250,0.0%,50.0%,.000,.250,.375,.625,.125,,.500,,0.6,-0.5,.276,59
Ryan Noda,676116,last_30,AAA,30.5,Norfolk Tides,Total,NOR,- - -,,,4,13,16,2,0,1,0,1,1,5,3,0,5,0,0,0,0,0,0,.154,18.8%,31.2%,.600,.312,.462,.774,.308,,.143,,2.2,0.2,.346,111
Marcos Castañon,676203,last_30,AAA,27.5,El Paso Chihuahuas,Total,ELP,- - -,,,12,39,48,11,6,5,0,0,13,5,7,0,4,1,0,1,2,0,0,.282,14.6%,8.3%,1.750,.404,.410,.815,.128,,.314,,7.6,1.5,.376,125
Tyler Hardman,676205,last_30,AAA,27.6,Scranton/Wilkes-Barre RailRiders,Total,SWB,- - -,,,10,40,41,6,3,1,0,2,4,5,1,0,13,0,0,0,2,0,0,.150,2.4%,31.7%,.077,.171,.325,.496,.175,,.160,,1.5,-3.5,.218,30
Hayden Cantrelle,676463,last_30,AAA,27.8,Iowa Cubs,Total,IOW,- - -,,,2,6,8,1,0,1,0,0,1,1,2,0,4,0,0,0,0,0,0,.167,25.0%,50.0%,.500,.375,.333,.708,.167,,.500,,1.1,0.1,.339,107
Jack Winkler,676466,last_30,AAA,27.9,Las Vegas Aviators,Total,LV,- - -,,,10,34,40,7,4,2,0,1,4,3,6,0,5,0,0,0,0,0,2,.206,15.0%,12.5%,1.200,.325,.353,.678,.147,,.214,,4.4,-0.6,.315,88
José Barrero,676480,last_30,AAA,28.4,Norfolk Tides,Total,NOR,- - -,,,7,27,29,3,0,2,0,1,5,1,1,0,6,1,0,0,1,0,0,.111,3.4%,20.7%,.167,.172,.296,.469,.185,,.100,,0.9,-2.6,.212,26
Shawn Ross,676566,last_30,AAA,27.0,Buffalo Bisons,Total,BUF,- - -,,,7,23,26,3,2,0,1,0,4,1,3,0,12,0,0,0,0,0,0,.130,11.5%,46.2%,.250,.231,.217,.448,.087,,.273,,0.9,-2.3,.215,28
Eric Wagaman,676572,last_30,AAA,29.1,Syracuse Mets,Total,SYR,- - -,,,9,34,36,9,7,2,0,0,2,4,2,1,7,0,0,0,3,0,1,.265,5.6%,19.4%,.286,.306,.324,.629,.059,,.333,,3.0,-1.5,.276,67
Bligh Madris,676632,last_30,AAA,30.6,Memphis Redbirds,Total,MEM,- - -,,,9,36,44,8,4,2,0,2,7,6,7,0,7,0,0,0,1,0,0,.222,15.9%,15.9%,1.000,.349,.444,.793,.222,,.222,,6.5,1.0,.359,119
Jake Meyers,676694,last_30,AAA,30.2,Sugar Land Space Cowboys,Total,SUG,- - -,,,3,9,11,2,2,0,0,0,1,0,2,0,2,0,0,0,0,0,0,.222,18.2%,18.2%,1.000,.364,.222,.586,.000,,.286,,1.0,-0.3,.295,75
Chas McCormick,676801,last_30,AAA,31.4,Iowa Cubs,Total,IOW,- - -,,,9,35,37,14,7,6,0,1,7,9,2,0,6,0,0,0,0,2,0,.400,5.4%,16.2%,.333,.432,.657,1.090,.257,,.464,,8.9,4.3,.477,195
Davis Schneider,676914,last_30,AAA,27.6,Buffalo Bisons,Total,BUF,- - -,,,5,15,20,5,2,0,0,3,4,3,5,0,2,0,0,0,0,0,0,.333,25.0%,10.0%,2.500,.500,.933,1.433,.600,,.200,,6.5,4.0,.585,263
Chad Stevens,677060,last_30,AAA,27.6,Albuquerque Isotopes,Total,ABQ,- - -,,,11,39,47,12,8,2,1,1,8,7,6,0,13,1,1,0,0,1,0,.308,12.8%,27.7%,.462,.404,.487,.891,.179,,.423,,8.2,2.2,.396,138
Cameron Barstad,677319,last_30,AAA,25.8,Indianapolis Indians,Total,IND,- - -,,,1,2,4,0,0,0,0,0,0,0,0,0,0,2,0,0,0,0,0,.000,0.0%,0.0%,,.500,.000,.500,.000,,.000,,0.6,0.1,.371,127
GJ Hill,677338,last_30,AA,26.0,Hartford Yard Goats,Total,HFD,- - -,,,4,13,16,1,1,0,0,0,3,1,1,0,3,0,0,2,0,2,0,.077,6.2%,18.8%,.333,.143,.077,.220,.000,,.100,,-0.7,-2.9,.116,-32
Brock Jones,677342,last_30,AA,25.5,Montgomery Biscuits,Total,MTG,- - -,,,3,10,11,2,0,0,0,2,2,3,1,0,6,0,0,0,0,0,0,.200,9.1%,54.5%,.167,.273,.800,1.073,.600,,.000,,2.4,0.9,.448,159
Kristian Robinson,677565,last_30,AAA,25.8,Reno Aces,Total,RNO,- - -,,,6,24,25,5,1,3,0,1,3,5,1,0,10,0,0,0,0,0,0,.208,4.0%,40.0%,.100,.240,.458,.698,.250,,.308,,2.6,-0.6,.305,81
Carlos Rodríguez,677578,last_30,AAA,25.8,El Paso Chihuahuas,Total,ELP,- - -,,,10,39,48,9,9,0,0,0,2,5,7,1,8,1,1,0,0,2,1,.231,14.6%,16.7%,.875,.354,.231,.585,.000,,.281,,4.0,-2.0,.281,66
Everson Pereira,677592,last_30,AAA,25.4,Memphis Redbirds,Total,MEM,- - -,,,3,9,11,3,3,0,0,0,1,1,2,0,4,0,0,0,0,0,0,.333,18.2%,36.4%,.500,.455,.333,.788,.000,,.600,,1.8,0.4,.377,131
Ronny Mauricio,677595,last_30,AAA,25.5,Syracuse Mets,Total,SYR,- - -,,,8,36,37,6,4,2,0,0,6,5,1,0,8,0,0,0,1,0,1,.167,2.7%,21.6%,.125,.189,.222,.411,.056,,.214,,0.5,-4.1,.188,11
Keyber Rodriguez,677601,last_30,AAA,25.9,Round Rock Express,Total,RR,- - -,,,11,39,44,12,7,3,1,1,9,9,5,0,7,0,0,0,0,5,0,.308,11.4%,15.9%,.714,.386,.513,.899,.205,,.355,,7.7,2.2,.399,139
Luis Verdugo,677605,last_30,AA,25.9,San Antonio Missions,Total,SA,- - -,,,4,15,17,5,3,0,0,2,3,4,2,0,1,0,0,0,1,0,0,.333,11.8%,5.9%,2.000,.412,.733,1.145,.400,,.250,,4.3,1.8,.492,173
Alek Thomas,677950,last_30,AAA,26.4,Oklahoma City Comets,Total,OKC,- - -,,,10,34,44,13,7,3,2,1,9,7,7,0,6,1,0,2,1,3,0,.382,15.9%,13.6%,1.167,.500,.676,1.176,.294,,.444,,11.5,6.0,.509,207
Jordan Groshans,677954,last_30,AAA,26.9,Gwinnett Stripers,Total,GWN,- - -,,,10,38,42,9,3,3,1,2,6,5,4,0,4,0,0,0,2,1,0,.237,9.5%,9.5%,1.000,.310,.526,.836,.289,,.219,,6.4,1.2,.365,123
Anthony Seigler,678011,last_30,AAA,27.2,Worcester Red Sox,Total,WOR,- - -,,,2,10,10,1,1,0,0,0,0,0,0,0,1,0,0,0,0,0,0,.100,0.0%,10.0%,.000,.100,.100,.200,.000,,.111,,-0.6,-1.9,.091,-51
Gavin Logan,678099,last_30,AA,26.7,Amarillo Sod Poodles,Total,AMA,- - -,,,1,3,4,2,1,1,0,0,1,2,0,0,0,1,0,0,0,0,0,.667,0.0%,0.0%,,.750,1.000,1.750,.333,,.667,,1.8,1.2,.737,304
David McCabe,678173,last_30,AAA,26.5,Gwinnett Stripers,Total,GWN,- - -,,,12,45,52,15,12,1,0,2,4,11,3,0,14,1,3,0,0,0,0,.333,5.8%,26.9%,.214,.365,.489,.854,.156,,.406,,8.1,1.7,.371,127
Jesus Valdez,678232,last_30,AAA,28.7,Reno Aces,Total,RNO,- - -,,,3,10,11,3,3,0,0,0,3,1,1,0,3,0,0,0,0,0,0,.300,9.1%,27.3%,.333,.364,.300,.664,.000,,.429,,1.2,-0.2,.313,86
Junior Perez,678577,last_30,AAA,25.2,Charlotte Knights,Total,CLT,- - -,,,7,26,27,8,2,3,0,3,3,7,1,0,10,0,0,0,0,2,0,.308,3.7%,37.0%,.100,.333,.769,1.103,.462,,.385,,6.4,3.0,.472,191
Orlando Martinez,678636,last_30,AAA,28.6,Round Rock Express,Total,RR,- - -,,,11,33,38,9,7,1,1,0,0,5,4,0,4,0,1,0,1,4,1,.273,10.5%,10.5%,1.000,.342,.364,.706,.091,,.300,,4.3,-0.5,.320,90
Eddys Leonard,678760,last_30,AAA,25.9,Sacramento River Cats,Total,SAC,- - -,,,11,41,43,10,7,1,0,2,5,6,2,0,8,0,0,0,1,0,0,.244,4.7%,18.6%,.250,.279,.415,.694,.171,,.258,,4.6,-0.9,.309,84
Viandel Pena,678854,last_30,AA,25.8,Erie SeaWolves,Total,ERI,- - -,,,3,11,13,3,2,1,0,0,1,2,1,0,3,0,1,0,1,0,0,.273,7.7%,23.1%,.333,.308,.364,.671,.091,,.333,,1.2,-0.5,.294,70
Liover Peguero,678894,last_30,AAA,25.7,Rochester Red Wings,Total,ROC,- - -,,,11,40,45,10,7,2,0,1,5,6,5,0,9,0,0,0,1,1,1,.250,11.1%,20.0%,.556,.333,.375,.708,.125,,.300,,5.4,-0.1,.325,98
Daniel Vellojin,678962,last_30,AA,26.5,Montgomery Biscuits,Total,MTG,- - -,,,2,6,8,1,1,0,0,0,1,0,2,0,1,0,0,0,0,0,0,.167,25.0%,12.5%,2.000,.375,.167,.542,.000,,.200,,0.8,-0.3,.291,70
Julio Carreras,679734,last_30,AA,26.7,Chattanooga Lookouts,Total,CHA,- - -,,,3,11,13,1,1,0,0,0,1,0,2,0,6,0,0,0,0,0,0,.091,15.4%,46.2%,.333,.231,.091,.322,.000,,.200,,0.1,-1.7,.179,6
Alberto Rodriguez,679754,last_30,AA,25.9,Northwest Arkansas Naturals,Total,NWA,- - -,,,6,22,23,5,3,0,1,1,3,3,0,0,6,1,0,0,0,1,0,.227,0.0%,26.1%,.000,.261,.455,.715,.227,,.267,,2.6,-0.8,.314,77
Chris Meyers,680273,last_30,AA,27.4,Erie SeaWolves,Total,ERI,- - -,,,5,19,23,6,3,1,0,2,4,3,4,0,7,0,0,0,1,0,0,.316,17.4%,30.4%,.571,.435,.684,1.119,.368,,.400,,5.6,2.4,.482,176
Max Schuemann,680474,last_30,AAA,29.3,Scranton/Wilkes-Barre RailRiders,Total,SWB,- - -,,,9,33,39,6,1,1,2,2,6,3,3,0,9,2,0,1,1,1,0,.182,7.7%,23.1%,.333,.289,.515,.805,.333,,.182,,5.5,0.7,.351,114
Mario Camilletti,680519,last_30,AAA,27.4,Charlotte Knights,Total,CLT,- - -,,,7,20,27,4,3,0,0,1,6,4,7,0,2,0,0,0,1,0,0,.200,25.9%,7.4%,3.500,.407,.350,.757,.150,,.176,,4.1,0.7,.364,122
DaShawn Keirsey Jr.,680577,last_30,AAA,29.3,Gwinnett Stripers,Total,GWN,- - -,,,3,11,11,2,1,1,0,0,1,0,0,0,3,0,0,0,0,0,0,.182,0.0%,27.3%,.000,.182,.273,.455,.091,,.250,,0.3,-1.1,.200,19
Ramon Mendoza,680636,last_30,AAA,26.1,Memphis Redbirds,Total,MEM,- - -,,,10,40,47,11,10,1,0,0,9,2,6,0,5,1,0,0,1,0,0,.275,12.8%,10.6%,1.200,.383,.300,.683,.025,,.314,,5.8,-0.0,.328,100
Luke Waddell,680672,last_30,AA,28.2,Columbus Clingstones,Total,COL,- - -,,,4,14,15,4,3,1,0,0,2,0,1,0,3,0,0,0,0,0,0,.286,6.7%,20.0%,.333,.333,.357,.690,.071,,.364,,1.7,-0.3,.316,84
Jonathan Ornelas,680716,last_30,AAA,26.3,Nashville Sounds,Total,NAS,- - -,,,9,32,40,7,4,1,0,2,5,6,5,0,12,1,0,2,2,0,0,.219,12.5%,30.0%,.417,.342,.438,.780,.219,,.278,,5.7,0.8,.354,116
Adrian Del Castillo,680728,last_30,AAA,27.0,Reno Aces,Total,RNO,- - -,,,6,24,27,5,0,2,0,3,4,7,3,0,5,0,0,0,0,0,0,.208,11.1%,18.5%,.600,.296,.667,.963,.458,,.125,,5.0,1.6,.409,146
Michael Helman,680737,last_30,AAA,30.3,Round Rock Express,Total,RR,- - -,,,5,19,21,5,3,1,0,1,4,2,2,0,5,0,0,0,0,0,1,.263,9.5%,23.8%,.400,.333,.474,.807,.211,,.308,,3.1,0.4,.360,115
CJ Alexander,680769,last_30,AAA,30.2,Sugar Land Space Cowboys,Total,SUG,- - -,,,2,8,9,0,0,0,0,0,0,0,1,0,3,0,0,0,0,0,0,.000,11.1%,33.3%,.333,.111,.000,.111,.000,,.000,,-0.7,-1.8,.079,-59
Ryan Fitzgerald,680837,last_30,AAA,32.3,Oklahoma City Comets,Total,OKC,- - -,,,11,42,48,16,9,4,0,3,8,14,5,0,4,0,1,0,0,4,0,.381,10.4%,8.3%,1.250,.438,.690,1.128,.310,,.361,,11.7,5.6,.484,192
Pablo Aliendo,680846,last_30,AA,25.3,Chattanooga Lookouts,Total,CHA,- - -,,,1,5,5,0,0,0,0,0,0,0,0,0,2,0,0,0,0,0,0,.000,0.0%,40.0%,.000,.000,.000,.000,.000,,.000,,-0.7,-1.3,.000,-96
Willie MacIver,680862,last_30,AAA,29.9,Tacoma Rainiers,Total,TAC,- - -,,,7,25,28,5,4,0,0,1,3,2,2,0,9,0,1,0,0,0,0,.200,7.1%,32.1%,.222,.250,.320,.570,.120,,.250,,1.8,-1.7,.256,51
Owen Miller,680911,last_30,AAA,29.8,Iowa Cubs,Total,IOW,- - -,,,8,32,33,9,8,1,0,0,5,1,1,0,3,0,0,0,1,1,1,.281,3.0%,9.1%,.333,.303,.312,.616,.031,,.310,,2.8,-1.2,.281,70
Caleb Bartolero,680960,last_30,AA,26.9,Rocket City Trash Pandas,Total,RCT,- - -,,,6,26,28,10,5,3,0,2,10,10,2,0,4,0,0,0,0,0,0,.385,7.1%,14.3%,.500,.429,.731,1.159,.346,,.400,,7.3,3.5,.503,190
Nick Biddison,680994,last_30,AAA,26.1,Lehigh Valley IronPigs,Total,LHV,- - -,,,8,25,32,5,4,0,0,1,3,6,4,0,5,2,0,1,0,1,0,.200,12.5%,15.6%,.800,.355,.320,.675,.120,,.211,,3.8,-0.2,.325,94
Luke Mann,680996,last_30,AAA,26.4,Las Vegas Aviators,Total,LV,- - -,,,9,29,33,7,6,0,0,1,4,1,4,0,10,0,0,0,1,0,0,.241,12.1%,30.3%,.400,.333,.345,.678,.103,,.333,,3.7,-0.5,.316,88
Branden Boissiere,680998,last_30,AA,26.5,Harrisburg Senators,Total,HBG,- - -,,,4,18,20,4,1,2,0,1,2,3,2,0,6,0,0,0,0,0,0,.222,10.0%,30.0%,.333,.300,.500,.800,.278,,.273,,2.8,0.1,.351,102
Anthony Vilar,681036,last_30,AAA,27.5,El Paso Chihuahuas,Total,ELP,- - -,,,8,14,24,6,4,2,0,0,3,3,7,0,3,1,0,2,0,1,0,.429,29.2%,12.5%,2.333,.636,.571,1.208,.143,,.545,,6.9,3.9,.543,229
Christian Franklin,681047,last_30,AAA,26.8,Norfolk Tides,Total,NOR,- - -,,,4,12,17,3,2,0,0,1,3,2,5,0,2,0,0,0,0,3,0,.250,29.4%,11.8%,2.500,.471,.500,.971,.250,,.222,,3.6,1.5,.440,171
Caleb Ricketts,681080,last_30,AA,26.3,Reading Fightin Phils,Total,REA,- - -,,,4,14,18,2,1,1,0,0,1,3,3,0,4,1,0,0,1,0,0,.143,16.7%,22.2%,.750,.333,.214,.548,.071,,.200,,1.6,-0.9,.282,63
Bill Knight,681098,last_30,AA,27.1,Arkansas Travelers,Total,ARK,- - -,,,5,15,17,4,4,0,0,0,3,0,2,0,4,0,0,0,0,2,0,.267,11.8%,23.5%,.500,.353,.267,.620,.000,,.364,,1.7,-0.8,.298,68
Michael Trautwein,681114,last_30,AAA,27.0,Louisville Bats,Total,LOU,- - -,,,6,20,25,5,4,0,0,1,3,1,4,0,8,1,0,0,0,0,0,.250,16.0%,32.0%,.500,.400,.400,.800,.150,,.364,,4.0,0.7,.373,121
Luca Tresh,681123,last_30,AAA,26.7,Omaha Storm Chasers,Total,OMA,- - -,,,6,21,23,5,3,2,0,0,2,2,1,0,10,0,1,0,1,0,0,.238,4.3%,43.5%,.100,.261,.333,.594,.095,,.417,,1.6,-1.2,.262,58
Max Ferguson,681132,last_30,AAA,27.1,Worcester Red Sox,Total,WOR,- - -,,,7,21,24,4,4,0,0,0,7,1,3,0,6,0,0,0,0,0,0,.190,12.5%,25.0%,.500,.292,.190,.482,.000,,.267,,1.3,-1.7,.241,43
Jonah Bride,681146,last_30,AAA,30.7,Round Rock Express,Total,RR,- - -,,,9,30,39,10,8,1,1,0,11,7,9,0,6,0,0,0,0,0,1,.333,23.1%,15.4%,1.500,.487,.433,.921,.100,,.417,,7.7,2.8,.426,156
BJ Murray Jr.,681230,last_30,AAA,26.7,Iowa Cubs,Total,IOW,- - -,,,4,14,19,6,5,0,0,1,3,6,5,0,3,0,0,0,0,0,0,.429,26.3%,15.8%,1.667,.579,.643,1.222,.214,,.500,,5.4,3.1,.538,233
Dru Baker,681333,last_30,AAA,26.5,Charlotte Knights,Total,CLT,- - -,,,6,18,20,4,3,1,0,0,2,1,1,0,5,0,1,0,0,2,0,.222,5.0%,25.0%,.200,.250,.278,.528,.056,,.286,,1.0,-1.4,.237,42
Logan O'Hoppe,681351,last_30,AAA,26.6,Round Rock Express,Total,RR,- - -,,,5,15,19,2,1,1,0,0,1,4,3,0,3,0,1,0,0,0,0,.133,15.8%,15.8%,1.000,.263,.200,.463,.067,,.154,,0.8,-1.6,.228,34
Andrew Cossetti,681355,last_30,AA,26.6,Wichita Wind Surge,Total,WCH,- - -,,,4,14,18,0,0,0,0,0,1,0,3,0,5,1,0,0,1,0,0,.000,16.7%,27.8%,.600,.222,.000,.222,.000,,.000,,-0.1,-2.8,.160,-6
Cody Morissette,681357,last_30,AAA,26.7,St. Paul Saints,Total,STP,- - -,,,10,36,43,8,4,2,0,2,4,8,7,0,7,0,0,0,2,1,0,.222,16.3%,16.3%,1.000,.349,.444,.793,.222,,.222,,6.3,1.0,.359,119
Dom Keegan,681371,last_30,AA,26.1,Chesapeake Baysox,Total,CHE,- - -,,,3,8,13,2,2,0,0,0,1,0,5,0,1,0,0,0,0,0,0,.250,38.5%,7.7%,5.000,.538,.250,.788,.000,,.286,,2.5,0.7,.413,137
Josh Hood,681377,last_30,AA,26.1,Arkansas Travelers,Total,ARK,- - -,,,5,19,21,3,2,0,0,1,3,3,2,0,6,0,0,0,2,0,0,.158,9.5%,28.6%,.333,.238,.316,.554,.158,,.167,,1.4,-1.7,.255,45
Danny Serretti,681400,last_30,AA,26.4,Amarillo Sod Poodles,Total,AMA,- - -,,,5,19,22,6,3,0,0,3,5,7,3,0,4,0,0,0,0,1,0,.316,13.6%,18.2%,.750,.409,.789,1.199,.474,,.250,,5.8,2.6,.509,181
Noah Cardenas,681433,last_30,AAA,27.0,St. Paul Saints,Total,STP,- - -,,,6,20,21,5,5,0,0,0,1,0,1,0,5,0,0,0,0,1,0,.250,4.8%,23.8%,.200,.286,.250,.536,.000,,.333,,1.3,-1.3,.251,51
Zach Morgan,681439,last_30,AAA,26.5,Sacramento River Cats,Total,SAC,- - -,,,7,20,21,5,3,1,0,1,2,6,1,0,4,0,0,0,1,0,0,.250,4.8%,19.0%,.250,.286,.450,.736,.200,,.267,,2.5,-0.2,.326,94
Bryan Lavastida,681526,last_30,AAA,27.8,Las Vegas Aviators,Total,LV,- - -,,,8,31,32,11,8,2,0,1,4,4,1,0,5,0,0,0,1,0,1,.355,3.1%,15.6%,.200,.375,.516,.891,.161,,.400,,5.6,1.5,.397,138
James Outman,681546,last_30,AAA,29.4,Toledo Mud Hens,Total,TOL,- - -,,,10,34,41,8,3,3,0,2,7,7,6,0,15,1,0,0,0,1,1,.235,14.6%,36.6%,.400,.366,.500,.866,.265,,.353,,6.9,1.9,.386,137
Andy Weber,681581,last_30,AAA,29.2,Charlotte Knights,Total,CLT,- - -,,,10,32,34,7,3,3,0,1,4,5,2,0,10,0,0,0,0,0,1,.219,5.9%,29.4%,.200,.265,.406,.671,.188,,.286,,3.4,-0.8,.298,81
Justin Dean,681909,last_30,AAA,29.8,Iowa Cubs,Total,IOW,- - -,,,8,30,32,6,6,0,0,0,3,1,2,0,7,0,0,0,0,4,0,.200,6.2%,21.9%,.286,.250,.200,.450,.000,,.261,,1.1,-2.8,.215,28
Vinny Capra,681962,last_30,AAA,30.2,Worcester Red Sox,Total,WOR,- - -,,,9,35,39,7,5,0,0,2,5,2,3,0,12,1,0,0,0,1,0,.200,7.7%,30.8%,.250,.282,.371,.653,.171,,.238,,3.9,-0.9,.299,81
Drew Avans,682183,last_30,AAA,30.3,Albuquerque Isotopes,Total,ABQ,- - -,,,9,37,41,9,5,3,1,0,6,6,3,0,15,0,0,1,0,4,0,.243,7.3%,36.6%,.200,.300,.378,.678,.135,,.409,,4.2,-1.0,.305,81
Paul McIntosh,682192,last_30,AAA,28.8,Lehigh Valley IronPigs,Total,LHV,- - -,,,7,20,26,2,0,1,0,1,3,2,6,0,5,0,0,0,1,0,0,.100,23.1%,19.2%,1.200,.308,.300,.608,.200,,.071,,2.5,-0.7,.295,79
Jose Cordova,682276,last_30,AAA,26.7,Albuquerque Isotopes,Total,ABQ,- - -,,,2,7,8,0,0,0,0,0,0,1,0,0,2,0,1,0,2,0,0,.000,0.0%,25.0%,.000,.000,.000,.000,.000,,.000,,-1.1,-2.1,.000,-108
Logan Porter,682515,last_30,AAA,31.2,Salt Lake Bees,Total,SL,- - -,,,7,19,24,4,3,0,0,1,3,3,5,0,3,0,0,0,1,0,0,.211,20.8%,12.5%,1.667,.375,.368,.743,.158,,.200,,3.3,0.3,.350,109
Marco Luciano,682617,last_30,AAA,25.0,Scranton/Wilkes-Barre RailRiders,Total,SWB,- - -,,,11,36,47,9,4,2,0,3,9,9,10,0,10,0,1,0,0,1,0,.250,21.3%,21.3%,1.000,.404,.556,.960,.306,,.250,,9.1,3.3,.418,157
Noelvi Marte,682622,last_30,AAA,24.9,Louisville Bats,Total,LOU,- - -,,,12,43,46,8,6,2,0,0,0,3,1,0,8,1,1,0,4,1,0,.186,2.2%,17.4%,.125,.217,.233,.450,.047,,.222,,1.3,-4.4,.207,23
Eduardo Garcia,682633,last_30,AAA,24.2,Nashville Sounds,Total,NAS,- - -,,,9,30,33,9,7,0,0,2,3,5,2,0,11,1,0,0,0,1,0,.300,6.1%,33.3%,.182,.364,.500,.864,.200,,.412,,5.6,1.5,.387,137
Kevin Alcántara,682634,last_30,AAA,24.2,Iowa Cubs,Total,IOW,- - -,,,9,35,37,8,6,1,0,1,4,7,2,0,12,0,0,0,0,1,0,.229,5.4%,32.4%,.167,.270,.343,.613,.114,,.318,,3.1,-1.5,.278,68
Victor Bericoto,682674,last_30,AAA,24.8,Sacramento River Cats,Total,SAC,- - -,,,7,27,28,9,7,2,0,0,4,2,1,0,5,0,0,0,3,0,0,.333,3.6%,17.9%,.200,.357,.407,.765,.074,,.409,,3.8,0.2,.345,106
Dayan Frias,682679,last_30,AAA,24.2,Columbus Clippers,Total,COL,- - -,,,12,39,45,7,4,3,0,0,3,2,6,0,6,0,0,0,0,2,1,.179,13.3%,13.3%,1.000,.289,.256,.545,.077,,.212,,3.2,-2.3,.262,58
Miguel Palma,682692,last_30,AA,24.7,Somerset Patriots,Total,SOM,- - -,,,1,3,4,0,0,0,0,0,0,1,1,0,1,0,0,0,0,0,0,.000,25.0%,25.0%,1.000,.250,.000,.250,.000,,.000,,0.0,-0.5,.178,3
Andrick Nava,682774,last_30,AAA,25.0,Nashville Sounds,Total,NAS,- - -,,,4,13,14,2,2,0,0,0,2,0,0,0,1,0,0,1,1,0,0,.154,0.0%,7.1%,.000,.154,.154,.308,.000,,.167,,-0.3,-2.1,.140,-20
Kervin Pichardo,682775,last_30,AA,24.9,Harrisburg Senators,Total,HBG,- - -,,,2,8,9,3,2,0,0,1,2,1,1,0,1,0,0,0,0,0,0,.375,11.1%,11.1%,1.000,.444,.750,1.194,.375,,.333,,2.4,1.2,.516,195
Eddinson Paulino,682796,last_30,AA,24.2,Binghamton Rumble Ponies,Total,BNG,- - -,,,3,9,11,3,2,0,0,1,1,4,1,0,2,0,1,0,0,1,0,.333,9.1%,18.2%,.500,.364,.667,1.030,.333,,.286,,2.1,0.6,.422,142
Yohendrick Piñango,682818,last_30,AAA,24.4,Buffalo Bisons,Total,BUF,- - -,,,10,33,39,10,3,3,0,4,7,8,6,0,7,0,0,0,0,0,0,.303,15.4%,17.9%,.857,.410,.758,1.168,.455,,.273,,9.9,5.1,.495,206
Bryan Ramos,682868,last_30,AAA,24.5,Norfolk Tides,Total,NOR,- - -,,,8,28,31,7,2,3,0,2,5,5,3,0,7,0,0,0,2,0,1,.250,9.7%,22.6%,.429,.323,.571,.894,.321,,.263,,5.3,1.5,.389,138
Jose Ramos,682947,last_30,AAA,25.7,Syracuse Mets,Total,SYR,- - -,,,8,30,33,11,9,1,0,1,7,8,2,1,7,1,0,0,0,2,0,.367,6.1%,21.2%,.286,.424,.500,.924,.133,,.455,,6.1,2.0,.408,150
Jud Fabian,682983,last_30,AAA,26.0,Norfolk Tides,Total,NOR,- - -,,,11,41,49,8,5,0,0,3,7,7,6,0,17,1,0,1,1,0,0,.195,12.2%,34.7%,.353,.312,.415,.727,.220,,.238,,6.1,0.1,.331,102
Tyler Locklear,682988,last_30,AAA,25.8,Reno Aces,Total,RNO,- - -,,,2,5,7,0,0,0,0,0,0,0,1,0,2,1,0,0,2,0,0,.000,14.3%,28.6%,.500,.286,.000,.286,.000,,.000,,0.2,-0.7,.208,21
Tyler Callihan,682997,last_30,AAA,26.2,Indianapolis Indians,Total,IND,- - -,,,10,38,43,13,9,0,1,3,11,8,3,0,8,0,0,2,0,5,0,.342,7.0%,18.6%,.375,.390,.632,1.022,.289,,.370,,9.2,4.0,.446,175
Ethan Hearn,683001,last_30,AAA,26.1,Iowa Cubs,Total,IOW,- - -,,,4,15,16,1,1,0,0,0,1,0,0,0,9,1,0,0,0,0,0,.067,0.0%,56.2%,.000,.125,.067,.192,.000,,.167,,-0.8,-2.8,.103,-43
Chris Newell,683006,last_30,AAA,25.4,Oklahoma City Comets,Total,OKC,- - -,,,10,35,39,11,7,1,0,3,6,10,4,0,13,0,0,0,0,3,1,.314,10.3%,33.3%,.308,.385,.600,.985,.286,,.421,,7.9,2.9,.432,160
Anthony Volpe,683011,last_30,AAA,25.4,Scranton/Wilkes-Barre RailRiders,Total,SWB,- - -,,,1,4,4,0,0,0,0,0,0,0,0,0,2,0,0,0,0,0,0,.000,0.0%,50.0%,.000,.000,.000,.000,.000,,.000,,-0.5,-1.0,.000,-108
Omar Martinez,683079,last_30,AAA,25.2,Salt Lake Bees,Total,SL,- - -,,,3,14,14,3,3,0,0,0,2,1,0,0,8,0,0,0,0,0,0,.214,0.0%,57.1%,.000,.214,.214,.429,.000,,.500,,0.2,-1.5,.195,13
Matthew Lugo,683090,last_30,AAA,25.4,Omaha Storm Chasers,Total,OMA,- - -,,,5,17,19,3,1,1,0,1,3,3,2,0,5,0,0,0,0,0,1,.176,10.5%,26.3%,.400,.263,.412,.675,.235,,.182,,1.9,-0.4,.302,83
Julian Brock,683149,last_30,AAA,25.3,Round Rock Express,Total,RR,- - -,,,3,11,13,1,1,0,0,0,2,1,2,0,3,0,0,0,0,1,0,.091,15.4%,23.1%,.667,.231,.091,.322,.000,,.125,,0.1,-1.6,.179,4
Sean McLain,683169,last_30,AA,25.5,Tulsa Drillers,Total,TUL,- - -,,,4,13,16,4,3,0,0,1,3,2,3,0,2,0,0,0,0,1,1,.308,18.8%,12.5%,1.500,.438,.538,.976,.231,,.300,,3.3,1.0,.436,142
Homer Bush Jr.,683344,last_30,AAA,24.9,Durham Bulls,Total,DUR,- - -,,,9,29,30,7,5,2,0,0,2,1,0,0,5,0,0,0,0,2,2,.241,0.0%,16.7%,.000,.241,.310,.552,.069,,.292,,1.8,-1.9,.246,48
Connor Caskenette,683353,last_30,AA,24.2,Pensacola Blue Wahoos,Total,PNS,- - -,,,3,10,12,3,3,0,0,0,1,1,2,0,4,0,0,0,0,1,0,.300,16.7%,33.3%,.500,.417,.300,.717,.000,,.500,,1.7,0.0,.346,101
Omar Hernandez,683427,last_30,AAA,24.8,Omaha Storm Chasers,Total,OMA,- - -,,,5,19,20,5,4,0,0,1,2,1,1,0,4,0,0,0,2,0,0,.263,5.0%,20.0%,.250,.300,.421,.721,.158,,.286,,2.4,-0.1,.323,97
Brayan Buelvas,683454,last_30,AAA,24.3,Las Vegas Aviators,Total,LV,- - -,,,11,42,46,11,7,3,0,1,2,7,3,0,7,0,1,0,1,0,0,.262,6.5%,15.2%,.429,.304,.405,.709,.143,,.286,,5.1,-0.7,.315,88
Euribiel Angeles,683494,last_30,AA,24.3,Midland RockHounds,Total,MID,- - -,,,4,13,14,3,2,1,0,0,3,1,0,0,3,1,0,0,0,1,0,.231,0.0%,21.4%,.000,.286,.308,.593,.077,,.300,,1.2,-0.9,.276,56
Albert Fabian,683546,last_30,AA,24.7,San Antonio Missions,Total,SA,- - -,,,5,19,24,4,2,1,1,0,0,1,5,0,2,0,0,0,0,3,0,.211,20.8%,8.3%,2.500,.375,.368,.743,.158,,.235,,3.3,-0.2,.346,94
Jose Colmenares,683569,last_30,AA,24.4,Birmingham Barons,Total,BIR,- - -,,,3,11,11,1,0,1,0,0,0,0,0,0,7,0,0,0,0,0,0,.091,0.0%,63.6%,.000,.091,.182,.273,.091,,.250,,-0.4,-1.9,.118,-29
Victor Duarte,683609,last_30,AAA,25.6,El Paso Chihuahuas,Total,ELP,- - -,,,4,13,15,2,2,0,0,0,1,1,1,0,7,0,1,0,1,0,0,.154,6.7%,46.7%,.143,.200,.154,.354,.000,,.286,,-0.1,-2.0,.169,-3
Leandro Pineda,683610,last_30,AAA,24.3,Rochester Red Wings,Total,ROC,- - -,,,12,42,50,14,7,5,0,2,6,9,7,0,6,1,0,0,1,0,0,.333,14.0%,12.0%,1.167,.440,.595,1.035,.262,,.353,,11.1,5.0,.456,181
Frank Rodriguez,684491,last_30,AA,25.0,Tulsa Drillers,Total,TUL,- - -,,,3,11,14,2,0,2,0,0,2,3,1,0,4,1,1,0,0,0,0,.182,7.1%,28.6%,.250,.286,.364,.649,.182,,.250,,1.3,-0.7,.289,64
Nic Kent,684715,last_30,AAA,26.4,Albuquerque Isotopes,Total,ABQ,- - -,,,10,32,38,12,8,3,0,1,7,5,6,0,8,0,0,0,0,0,2,.375,15.8%,21.1%,.750,.474,.562,1.036,.188,,.478,,8.5,3.7,.462,178
Johnathon Thomas,684976,last_30,AAA,26.5,Rochester Red Wings,Total,ROC,- - -,,,1,1,2,0,0,0,0,0,1,1,1,0,1,0,0,0,0,0,0,.000,50.0%,50.0%,1.000,.500,.000,.500,.000,,,,0.3,0.0,.355,117
Jordan Nwogu,685087,last_30,AAA,27.5,Iowa Cubs,Total,IOW,- - -,,,8,27,29,11,7,2,1,1,5,7,1,0,7,0,1,0,0,2,0,.407,3.4%,24.1%,.143,.414,.667,1.080,.259,,.500,,6.6,3.0,.463,185
Braiden Ward,685274,last_30,AAA,27.7,Worcester Red Sox,Total,WOR,- - -,,,10,41,48,15,9,3,1,2,12,5,4,0,5,1,0,2,0,6,0,.366,8.3%,10.4%,.800,.435,.634,1.069,.268,,.382,,11.1,5.2,.468,188
Matt Gorski,685301,last_30,AAA,28.7,Oklahoma City Comets,Total,OKC,- - -,,,10,40,45,9,3,4,0,2,6,8,4,0,16,0,1,0,1,0,0,.225,8.9%,35.6%,.250,.289,.475,.764,.250,,.304,,5.6,-0.1,.333,98
Andrew Navigato,685382,last_30,AAA,28.3,Toledo Mud Hens,Total,TOL,- - -,,,4,10,11,3,2,1,0,0,1,0,1,0,2,0,0,0,0,0,0,.300,9.1%,18.2%,.500,.364,.400,.764,.100,,.375,,1.5,0.2,.348,112
Kenedy Corona,685744,last_30,AAA,26.5,Scranton/Wilkes-Barre RailRiders,Total,SWB,- - -,,,7,22,27,4,2,2,0,0,5,1,4,0,7,1,0,0,0,3,0,.182,14.8%,25.9%,.571,.333,.273,.606,.091,,.267,,2.6,-0.7,.296,79
Wuilfredo Antunez,686404,last_30,AAA,24.3,Lehigh Valley IronPigs,Total,LHV,- - -,,,7,24,25,7,4,0,2,1,6,2,1,0,7,0,0,0,0,1,0,.292,4.0%,28.0%,.143,.320,.583,.903,.292,,.375,,4.3,1.2,.390,139
Sammy Siani,686445,last_30,AA,25.7,Arkansas Travelers,Total,ARK,- - -,,,6,25,26,8,5,1,0,2,5,8,1,0,4,0,0,0,1,0,1,.320,3.8%,15.4%,.250,.346,.600,.946,.280,,.316,,5.0,1.2,.414,131
Logan Driscoll,686482,last_30,AAA,28.9,Jacksonville Jumbo Shrimp,Total,JAX,- - -,,,5,16,18,6,4,1,0,1,2,3,2,0,4,0,0,0,1,0,0,.375,11.1%,22.2%,.500,.444,.625,1.069,.250,,.455,,4.2,2.0,.470,190
Clark Elliott,686499,last_30,AA,26.0,Midland RockHounds,Total,MID,- - -,,,5,19,23,1,1,0,0,0,1,1,4,0,7,0,0,0,0,1,1,.053,17.4%,30.4%,.571,.217,.053,.270,.000,,.083,,-0.1,-3.5,.163,-4
Peyton Wilson,686523,last_30,AAA,26.9,Omaha Storm Chasers,Total,OMA,- - -,,,9,30,36,6,2,2,0,2,4,3,4,0,9,2,0,0,0,1,1,.200,11.1%,25.0%,.444,.333,.467,.800,.267,,.211,,5.3,0.9,.360,120
Christian Cairo,686551,last_30,AAA,25.3,Syracuse Mets,Total,SYR,- - -,,,7,24,30,4,4,0,0,0,0,1,6,0,4,0,0,0,0,0,1,.167,20.0%,13.3%,1.500,.333,.167,.500,.000,,.200,,2.2,-1.5,.264,59
Oliver Dunn,686554,last_30,AAA,29.0,Durham Bulls,Total,DUR,- - -,,,7,24,25,4,3,1,0,0,2,1,1,0,9,0,0,0,0,2,0,.167,4.0%,36.0%,.111,.200,.208,.408,.042,,.267,,0.4,-2.7,.189,12
Hunter Fitz-Gerald,686638,last_30,AA,25.8,Arkansas Travelers,Total,ARK,- - -,,,6,26,27,9,5,1,1,2,7,4,1,0,8,0,0,0,0,1,1,.346,3.7%,29.6%,.125,.370,.692,1.063,.346,,.438,,6.1,2.2,.460,155
Korey Lee,686676,last_30,AAA,28.2,Charlotte Knights,Total,CLT,- - -,,,7,23,24,5,4,0,0,1,2,4,1,0,7,0,0,0,0,3,0,.217,4.2%,29.2%,.143,.250,.348,.598,.130,,.267,,1.8,-1.1,.269,62
Tevin Tucker,686683,last_30,AA,26.6,Hartford Yard Goats,Total,HFD,- - -,,,1,4,4,1,1,0,0,0,1,0,0,0,2,0,0,0,0,1,0,.250,0.0%,50.0%,.000,.250,.250,.500,.000,,.500,,0.2,-0.4,.228,32
William Simoneit,686766,last_30,AAA,29.9,Buffalo Bisons,Total,BUF,- - -,,,1,2,2,0,0,0,0,0,0,0,0,0,1,0,0,0,0,0,0,.000,0.0%,50.0%,.000,.000,.000,.000,.000,,.000,,-0.3,-0.5,.000,-108
J.T. Arruda,686793,last_30,AA,28.9,Montgomery Biscuits,Total,MTG,- - -,,,3,9,13,1,1,0,0,0,1,1,2,0,2,1,0,1,0,0,0,.111,15.4%,15.4%,1.000,.333,.111,.444,.000,,.143,,0.9,-0.9,.256,50
Brennan Milone,686810,last_30,AA,25.4,Midland RockHounds,Total,MID,- - -,,,4,15,17,2,1,1,0,0,2,1,1,0,5,1,0,0,0,0,1,.133,5.9%,29.4%,.200,.235,.200,.435,.067,,.200,,0.6,-1.9,.215,24
Will Brennan,686823,last_30,AAA,28.6,Sacramento River Cats,Total,SAC,- - -,,,9,34,35,9,2,2,1,4,4,8,0,0,6,0,1,0,1,1,0,.265,0.0%,17.1%,.000,.257,.735,.992,.471,,.200,,6.6,2.2,.414,149
Joey Wiemer,686894,last_30,AAA,27.6,Charlotte Knights,Total,CLT,- - -,,,4,14,14,4,3,0,0,1,1,2,0,0,4,0,0,0,1,1,0,.286,0.0%,28.6%,.000,.286,.500,.786,.214,,.333,,1.9,0.2,.346,111
Maxwell Romero Jr.,686912,last_30,AAA,25.4,Rochester Red Wings,Total,ROC,- - -,,,8,29,33,6,4,1,0,1,3,4,3,0,14,0,1,0,0,0,0,.207,9.1%,42.4%,.214,.273,.345,.618,.138,,.333,,2.8,-1.3,.278,68
Grant Magill,686944,last_30,AA,25.8,Birmingham Barons,Total,BIR,- - -,,,1,3,4,0,0,0,0,0,0,0,0,0,1,1,0,0,0,0,0,.000,0.0%,25.0%,.000,.250,.000,.250,.000,,.000,,0.1,-0.5,.186,10
Nate Baez,686960,last_30,AAA,25.3,Worcester Red Sox,Total,WOR,- - -,,,5,19,21,6,5,1,0,0,1,4,1,0,1,0,1,0,0,0,0,.316,4.8%,4.8%,1.000,.333,.368,.702,.053,,.316,,2.3,-0.3,.312,90
Silas Ardoin,686976,last_30,AAA,26.0,Norfolk Tides,Total,NOR,- - -,,,7,15,24,3,3,0,0,0,1,1,9,0,6,0,0,0,0,0,0,.200,37.5%,25.0%,1.500,.500,.200,.700,.000,,.333,,3.9,1.0,.380,133
Marcus Lee Sang,686984,last_30,AA,25.7,Frisco RoughRiders,Total,FRI,- - -,,,5,21,22,8,5,2,0,1,4,7,1,0,3,0,0,0,1,1,0,.381,4.5%,13.6%,.333,.409,.619,1.028,.238,,.412,,4.9,1.6,.453,151
Josh Rivera,687069,last_30,AAA,25.9,Buffalo Bisons,Total,BUF,- - -,,,5,19,21,3,2,0,0,1,2,1,1,0,8,1,0,0,2,0,0,.158,4.8%,38.1%,.125,.238,.316,.554,.158,,.200,,1.4,-1.4,.256,51
Jamari Baylor,687072,last_30,AA,26.0,Binghamton Rumble Ponies,Total,BNG,- - -,,,4,11,15,1,1,0,0,0,4,0,3,0,4,1,0,0,0,1,0,.091,20.0%,26.7%,.750,.333,.091,.424,.000,,.143,,0.9,-1.1,.252,46
Darrien Miller,687152,last_30,AA,25.5,Biloxi Shuckers,Total,BLX,- - -,,,3,10,14,2,2,0,0,0,2,0,4,0,3,0,0,0,0,0,0,.200,28.6%,21.4%,1.333,.429,.200,.629,.000,,.286,,1.8,-0.1,.333,94
Cade Hunter,687192,last_30,AA,25.8,Chattanooga Lookouts,Total,CHA,- - -,,,4,15,17,4,0,2,0,2,5,6,2,0,5,0,0,0,1,0,0,.267,11.8%,29.4%,.400,.353,.800,1.153,.533,,.250,,4.2,1.9,.484,180
Kevin Kilpatrick Jr.,687201,last_30,AAA,25.8,Gwinnett Stripers,Total,GWN,- - -,,,4,12,14,0,0,0,0,0,0,0,1,0,6,0,0,1,0,0,0,.000,7.1%,42.9%,.167,.077,.000,.077,.000,,.000,,-1.3,-3.0,.055,-74
Nathan Hickey,687208,last_30,AAA,26.8,Worcester Red Sox,Total,WOR,- - -,,,9,34,36,5,1,2,1,1,4,7,2,0,10,0,0,0,0,0,0,.147,5.6%,27.8%,.200,.194,.353,.547,.206,,.174,,2.0,-2.5,.241,44
Darell Hernaiz,687231,last_30,AAA,25.1,Las Vegas Aviators,Total,LV,- - -,,,4,14,17,1,1,0,0,0,1,0,2,0,3,1,0,0,0,0,0,.071,11.8%,17.6%,.667,.235,.071,.307,.000,,.091,,0.1,-2.1,.181,4
Jorge Corona,687262,last_30,AA,26.0,Birmingham Barons,Total,BIR,- - -,,,3,9,11,1,1,0,0,0,1,1,1,0,4,0,1,0,1,0,1,.111,9.1%,36.4%,.250,.182,.111,.293,.000,,.167,,-0.2,-1.7,.147,-12
Tucker Flint,687272,last_30,AA,25.4,Rocket City Trash Pandas,Total,RCT,- - -,,,5,19,24,4,2,0,0,2,6,4,5,0,8,0,0,0,0,0,0,.211,20.8%,33.3%,.625,.375,.526,.901,.316,,.222,,4.3,1.0,.400,132
Gabriel Rincones Jr.,687282,last_30,AAA,25.5,Lehigh Valley IronPigs,Total,LHV,- - -,,,12,49,56,10,5,1,0,4,5,7,5,0,16,2,0,0,1,0,0,.204,8.9%,28.6%,.312,.304,.469,.773,.265,,.207,,7.6,0.7,.345,111
Thomas Gavello,687284,last_30,AAA,25.3,Sacramento River Cats,Total,SAC,- - -,,,8,26,28,5,5,0,0,0,2,0,2,0,9,0,0,0,0,0,0,.192,7.1%,32.1%,.222,.250,.192,.442,.000,,.294,,0.9,-2.7,.213,25
Will Simpson,687310,last_30,AA,25.0,Montgomery Biscuits,Total,MTG,- - -,,,4,15,16,1,0,1,0,0,1,0,1,0,6,0,0,0,1,0,0,.067,6.2%,37.5%,.167,.125,.133,.258,.067,,.111,,-0.5,-2.7,.125,-25
Jack Brannigan,687394,last_30,AAA,25.5,Indianapolis Indians,Total,IND,- - -,,,8,24,31,5,3,1,1,0,5,1,6,0,8,1,0,0,0,2,0,.208,19.4%,25.8%,.750,.387,.333,.720,.125,,.312,,4.2,0.4,.344,110
Colby Thomas,687515,last_30,AAA,25.6,Lehigh Valley IronPigs,Total,LHV,- - -,,,10,36,40,5,2,2,0,1,2,3,3,1,15,1,0,0,1,0,0,.139,7.5%,37.5%,.200,.225,.278,.503,.139,,.200,,1.6,-3.3,.223,33
Andrew Jenkins,687543,last_30,AA,25.9,Erie SeaWolves,Total,ERI,- - -,,,4,12,12,3,2,0,0,1,1,1,0,0,1,0,0,0,0,0,0,.250,0.0%,8.3%,.000,.250,.500,.750,.250,,.200,,1.5,-0.2,.327,88
Kamren James,687553,last_30,AA,26.3,Montgomery Biscuits,Total,MTG,- - -,,,2,6,7,2,2,0,0,0,1,0,1,0,2,0,0,0,0,0,0,.333,14.3%,28.6%,.500,.429,.333,.762,.000,,.500,,1.1,0.1,.362,110
DJ Gladney,687554,last_30,AA,25.2,Somerset Patriots,Total,SOM,- - -,,,6,18,20,4,4,0,0,0,0,0,1,0,9,1,0,0,1,2,0,.222,5.0%,45.0%,.111,.300,.222,.522,.000,,.444,,1.3,-1.5,.255,47
Andrew Pinckney,687605,last_30,AAA,25.8,Rochester Red Wings,Total,ROC,- - -,,,4,15,16,5,3,0,0,2,3,4,1,0,2,0,0,0,0,1,0,.333,6.2%,12.5%,.500,.375,.733,1.108,.400,,.273,,3.8,1.9,.479,195
Jimmy Obertop,687616,last_30,AA,26.3,Hartford Yard Goats,Total,HFD,- - -,,,3,11,11,2,1,0,0,1,1,4,0,0,6,0,0,0,0,1,0,.182,0.0%,54.5%,.000,.182,.455,.636,.273,,.250,,0.9,-0.6,.275,58
Kody Huff,687627,last_30,AAA,25.8,Columbus Clippers,Total,COL,- - -,,,12,44,50,12,6,2,0,4,6,9,3,0,10,2,1,0,1,0,0,.273,6.0%,20.0%,.300,.340,.591,.931,.318,,.258,,9.0,2.9,.402,147
Jackson Cluff,687714,last_30,AAA,29.8,Iowa Cubs,Total,IOW,- - -,,,6,19,23,4,3,1,0,0,3,3,2,0,6,2,0,0,0,0,1,.211,8.7%,26.1%,.333,.348,.263,.611,.053,,.308,,2.3,-0.5,.301,83
Caleb Cali,687730,last_30,AA,26.1,Arkansas Travelers,Total,ARK,- - -,,,4,14,17,2,1,0,0,1,3,2,2,0,6,1,0,0,0,0,0,.143,11.8%,35.3%,.333,.294,.357,.651,.214,,.143,,1.8,-0.7,.305,72
Cortland Lawson,687751,last_30,AAA,26.4,Rochester Red Wings,Total,ROC,- - -,,,5,16,19,5,2,1,1,1,4,2,3,0,6,0,0,0,0,1,0,.312,15.8%,31.6%,.500,.421,.688,1.109,.375,,.444,,4.5,2.2,.473,192
Miguel Useche,687766,last_30,AA,25.6,Knoxville Smokies,Total,KNX,- - -,,,5,19,21,4,4,0,0,0,0,1,2,0,5,0,0,0,0,0,0,.211,9.5%,23.8%,.400,.286,.211,.496,.000,,.286,,1.2,-1.7,.241,41
Matthew Wood,687783,last_30,AA,25.5,Biloxi Shuckers,Total,BLX,- - -,,,3,9,14,2,0,1,0,1,4,3,5,0,3,0,0,0,0,0,0,.222,35.7%,21.4%,1.667,.500,.667,1.167,.444,,.200,,3.6,1.7,.497,187
Cade Marlowe,687799,last_30,AAA,29.2,Salt Lake Bees,Total,SL,- - -,,,8,33,35,11,6,4,0,1,4,6,2,0,9,0,0,0,0,1,0,.333,5.7%,25.7%,.222,.371,.545,.917,.212,,.435,,6.3,1.9,.405,143
Clay Dungan,687867,last_30,AAA,30.3,El Paso Chihuahuas,Total,ELP,- - -,,,2,7,7,1,1,0,0,0,0,2,0,0,4,0,0,0,0,1,0,.143,0.0%,57.1%,.000,.143,.143,.286,.000,,.333,,-0.2,-1.1,.130,-27
Braylen Wimmer,687918,last_30,AA,25.7,Hartford Yard Goats,Total,HFD,- - -,,,5,19,21,3,2,1,0,0,3,1,2,0,7,0,0,0,1,1,0,.158,9.5%,33.3%,.286,.238,.211,.449,.053,,.250,,0.7,-2.2,.216,25
Tyresse Turner,687930,last_30,AAA,26.7,Columbus Clippers,Total,COL,- - -,,,1,3,4,1,1,0,0,0,0,0,0,0,0,1,0,0,0,1,0,.333,0.0%,0.0%,,.500,.333,.833,.000,,.333,,0.8,0.3,.413,154
Francisco Urbaez,688005,last_30,AAA,28.9,Louisville Bats,Total,LOU,- - -,,,7,23,25,6,3,2,0,1,4,2,1,0,5,1,0,0,1,0,0,.261,4.0%,20.0%,.200,.320,.478,.798,.217,,.294,,3.6,0.5,.355,117
Jordan Sprinkle,688394,last_30,AA,25.5,Birmingham Barons,Total,BIR,- - -,,,5,19,19,3,2,0,1,0,0,3,0,0,5,0,0,0,0,0,1,.158,0.0%,26.3%,.000,.158,.263,.421,.105,,.214,,0.2,-2.4,.182,8
Gavin Cross,688457,last_30,AAA,25.6,Omaha Storm Chasers,Total,OMA,- - -,,,9,37,38,6,3,3,0,0,4,2,1,0,20,0,0,0,1,1,0,.162,2.6%,52.6%,.050,.184,.243,.427,.081,,.353,,0.6,-4.0,.193,14
Josh Kasevich,688460,last_30,AAA,25.7,Buffalo Bisons,Total,BUF,- - -,,,10,34,42,7,6,1,0,0,4,2,8,0,6,0,0,0,1,1,1,.206,19.0%,14.3%,1.333,.357,.235,.592,.029,,.250,,4.1,-1.1,.296,80
Rhylan Thomas,689041,last_30,AAA,26.4,Buffalo Bisons,Total,BUF,- - -,,,10,38,42,14,12,2,0,0,6,5,3,0,3,0,0,1,1,2,1,.368,7.1%,7.1%,1.000,.415,.421,.836,.053,,.400,,6.9,1.7,.381,134
Brett Wisely,689172,last_30,AAA,27.4,Gwinnett Stripers,Total,GWN,- - -,,,10,31,36,10,4,5,0,1,5,5,3,0,8,2,0,0,0,3,1,.323,8.3%,22.2%,.375,.417,.581,.997,.258,,.409,,7.6,3.1,.440,171
Owen Ayers,689196,last_30,AAA,25.3,Iowa Cubs,Total,IOW,- - -,,,9,34,40,8,5,3,0,0,5,2,6,0,9,0,0,0,0,0,0,.235,15.0%,22.5%,.667,.350,.324,.674,.088,,.320,,4.6,-0.3,.317,93
Karson Simas,689302,last_30,AA,25.3,Knoxville Smokies,Total,KNX,- - -,,,5,20,21,5,4,1,0,0,1,2,1,0,3,0,0,0,0,3,0,.250,4.8%,14.3%,.333,.286,.300,.586,.050,,.294,,1.6,-1.2,.269,57
Austin Murr,689456,last_30,AA,27.6,Reading Fightin Phils,Total,REA,- - -,,,4,14,17,2,2,0,0,0,3,0,3,0,2,0,0,0,0,0,0,.143,17.6%,11.8%,1.500,.294,.143,.437,.000,,.167,,0.8,-1.5,.233,35
Brett Squires,689531,last_30,AAA,26.6,Omaha Storm Chasers,Total,OMA,- - -,,,10,33,40,10,7,3,0,0,5,6,6,0,9,1,0,0,1,3,0,.303,15.0%,22.5%,.667,.425,.394,.819,.091,,.417,,6.6,1.7,.382,134
Peyton Graham,689931,last_30,AA,25.6,Erie SeaWolves,Total,ERI,- - -,,,5,22,24,4,2,1,1,0,3,3,1,0,8,0,1,0,0,1,0,.182,4.2%,33.3%,.125,.208,.318,.527,.136,,.267,,1.0,-2.3,.228,32
Ryan Ritter,690022,last_30,AAA,25.9,Albuquerque Isotopes,Total,ABQ,- - -,,,8,32,42,10,7,2,0,1,12,2,6,0,9,3,0,1,0,3,1,.312,14.3%,21.4%,.667,.463,.469,.932,.156,,.409,,8.4,3.1,.428,158
Jace Jung,690291,last_30,AAA,26.0,Toledo Mud Hens,Total,TOL,- - -,,,11,40,48,10,6,2,0,2,8,9,6,0,9,0,2,0,0,0,0,.250,12.5%,18.8%,.667,.333,.450,.783,.200,,.258,,6.5,0.6,.344,110
Mike Antico,690443,last_30,AA,28.6,Hartford Yard Goats,Total,HFD,- - -,,,2,5,7,0,0,0,0,0,0,0,0,0,3,2,0,0,0,1,0,.000,0.0%,42.9%,.000,.286,.000,.286,.000,,.000,,0.2,-0.7,.212,23
Mike Jarvis,690448,last_30,AAA,28.4,Indianapolis Indians,Total,IND,- - -,,,7,18,21,4,2,2,0,0,3,2,2,0,7,0,0,1,0,0,0,.222,9.5%,33.3%,.286,.300,.333,.633,.111,,.364,,2.0,-0.6,.291,77
Matt O'Neill,690841,last_30,AAA,29.1,Reno Aces,Total,RNO,- - -,,,6,19,22,7,5,2,0,0,2,4,3,0,3,0,0,0,0,0,0,.368,13.6%,13.6%,1.000,.455,.474,.928,.105,,.438,,4.3,1.5,.421,153
Brody Moore,690914,last_30,AAA,26.2,Memphis Redbirds,Total,MEM,- - -,,,11,43,49,20,17,3,0,0,8,5,3,0,7,1,1,1,3,4,0,.465,6.1%,14.3%,.429,.500,.535,1.035,.070,,.541,,11.2,5.2,.463,185
Braxton Fulford,690924,last_30,AAA,27.8,Albuquerque Isotopes,Total,ABQ,- - -,,,4,16,18,2,0,1,0,1,3,2,1,0,5,1,0,0,0,0,0,.125,5.6%,27.8%,.200,.222,.375,.597,.250,,.100,,1.4,-0.9,.270,60
Drew Bowser,690958,last_30,AA,24.9,Knoxville Smokies,Total,KNX,- - -,,,1,3,4,0,0,0,0,0,0,0,0,0,0,1,0,0,0,0,0,.000,0.0%,0.0%,,.250,.000,.250,.000,,.000,,0.1,-0.5,.186,10
Enrique Bradfield Jr.,690961,last_30,AAA,24.8,Norfolk Tides,Total,NOR,- - -,,,9,40,43,10,6,2,1,1,8,3,2,0,12,0,0,1,0,6,0,.250,4.7%,27.9%,.167,.286,.425,.711,.175,,.333,,4.8,-0.5,.315,91
Corey Collins,690970,last_30,AA,24.9,Binghamton Rumble Ponies,Total,BNG,- - -,,,4,15,16,3,0,1,0,2,3,3,0,0,4,1,0,0,1,0,0,.200,0.0%,25.0%,.000,.250,.667,.917,.467,,.111,,2.7,0.5,.391,124
Chase Davis,690971,last_30,AAA,24.8,Memphis Redbirds,Total,MEM,- - -,,,10,39,47,10,6,2,0,2,6,14,7,0,12,0,1,0,0,3,0,.256,14.9%,25.5%,.583,.362,.462,.823,.205,,.308,,7.2,1.4,.367,124
Colby Halter,690985,last_30,AAA,25.1,Las Vegas Aviators,Total,LV,- - -,,,10,30,32,8,6,0,0,2,5,7,1,0,11,1,0,0,0,2,0,.267,3.1%,34.4%,.091,.312,.467,.779,.200,,.353,,4.4,0.3,.348,108
Robert Hassell III,690987,last_30,AAA,25.1,Indianapolis Indians,Total,IND,- - -,,,12,45,49,15,11,3,1,0,9,2,4,0,12,0,0,0,1,2,1,.333,8.2%,24.5%,.333,.388,.444,.832,.111,,.455,,7.8,1.8,.375,130
Austin Hendrick,690988,last_30,AA,25.2,Chattanooga Lookouts,Total,CHA,- - -,,,6,24,24,8,3,2,0,3,4,10,0,0,7,0,0,0,0,0,1,.333,0.0%,29.2%,.000,.333,.792,1.125,.458,,.357,,5.9,2.6,.485,180
Mac Horvath,690991,last_30,AA,25.1,Montgomery Biscuits,Total,MTG,- - -,,,5,19,21,8,6,0,1,1,4,2,2,0,3,0,0,0,0,1,0,.421,9.5%,14.3%,.667,.476,.684,1.160,.263,,.467,,5.5,2.7,.506,192
Robert Moore,691001,last_30,AAA,24.5,Lehigh Valley IronPigs,Total,LHV,- - -,,,2,6,6,1,0,0,0,1,1,2,0,0,1,0,0,0,0,0,0,.167,0.0%,16.7%,.000,.167,.667,.833,.500,,.000,,0.8,0.1,.352,115
Tre' Morgan,691003,last_30,AAA,24.2,Durham Bulls,Total,DUR,- - -,,,7,26,30,7,4,3,0,0,2,1,1,0,5,1,0,2,1,1,0,.269,3.3%,16.7%,.200,.321,.385,.706,.115,,.333,,3.5,-0.2,.321,95
Kevin Parada,691006,last_30,AAA,25.1,Syracuse Mets,Total,SYR,- - -,,,4,10,13,4,2,1,0,1,3,2,2,0,2,1,0,0,0,0,0,.400,15.4%,15.4%,1.000,.538,.800,1.338,.400,,.429,,4.0,2.4,.568,252
A.J. Vukovich,691021,last_30,AAA,25.2,Reno Aces,Total,RNO,- - -,,,10,39,42,9,6,3,0,0,2,2,3,0,12,0,0,0,1,0,0,.231,7.1%,28.6%,.250,.286,.308,.593,.077,,.333,,3.3,-2.0,.273,62
Cayden Wallace,691024,last_30,AAA,25.1,Rochester Red Wings,Total,ROC,- - -,,,12,46,53,14,8,5,0,1,10,13,5,0,10,1,1,0,0,4,2,.304,9.4%,18.9%,.500,.377,.478,.856,.174,,.361,,8.7,2.1,.380,133
Jasson Domínguez,691176,last_30,AAA,23.6,Scranton/Wilkes-Barre RailRiders,Total,SWB,- - -,,,5,19,24,7,3,2,0,2,6,4,3,0,5,2,0,0,0,2,0,.368,12.5%,20.8%,.600,.500,.789,1.289,.421,,.417,,7.1,4.1,.548,239
Emmanuel Rodriguez,691181,last_30,AAA,23.5,St. Paul Saints,Total,STP,- - -,,,3,12,15,3,3,0,0,0,2,1,2,0,4,1,0,0,0,0,1,.250,13.3%,26.7%,.500,.400,.250,.650,.000,,.375,,1.8,-0.0,.326,99
Kevin Made,691183,last_30,AA,24.0,Harrisburg Senators,Total,HBG,- - -,,,2,8,10,2,2,0,0,0,1,3,2,0,3,0,0,0,0,0,0,.250,20.0%,30.0%,.667,.400,.250,.650,.000,,.400,,1.2,-0.2,.324,87
Arol Vera,691186,last_30,AAA,24.0,Salt Lake Bees,Total,SL,- - -,,,10,30,35,10,6,4,0,0,7,0,5,0,9,0,0,0,2,0,0,.333,14.3%,25.7%,.556,.429,.467,.895,.133,,.476,,6.3,1.9,.405,143
Alex Ramírez,691267,last_30,AA,23.7,Knoxville Smokies,Total,KNX,- - -,,,5,22,26,7,6,1,0,0,2,2,4,0,3,0,0,0,0,3,0,.318,15.4%,11.5%,1.333,.423,.364,.787,.045,,.368,,4.1,0.5,.369,114
Luis Caicuto,691276,last_30,AAA,23.5,Lehigh Valley IronPigs,Total,LHV,- - -,,,4,13,14,7,4,2,0,1,7,6,1,0,3,0,0,0,0,0,0,.538,7.1%,21.4%,.333,.571,.923,1.495,.385,,.667,,5.2,3.3,.646,278
Junior Franco,691285,last_30,AA,24.0,Amarillo Sod Poodles,Total,AMA,- - -,,,4,14,17,5,5,0,0,0,3,2,1,0,2,1,1,0,0,1,1,.357,5.9%,11.8%,.500,.412,.357,.769,.000,,.385,,2.4,-0.0,.353,98
Angel Ortiz,691292,last_30,AA,23.9,Amarillo Sod Poodles,Total,AMA,- - -,,,6,24,26,9,5,2,0,2,9,6,2,0,7,0,0,0,0,2,1,.375,7.7%,26.9%,.286,.423,.708,1.131,.333,,.467,,6.5,2.7,.492,172
Allan Castro,691369,last_30,AAA,23.3,Worcester Red Sox,Total,WOR,- - -,,,11,43,51,16,7,3,0,6,9,19,6,0,6,0,2,0,1,1,0,.372,11.8%,11.8%,1.000,.431,.860,1.292,.488,,.303,,14.4,8.1,.533,230
Jhostynxon Garcia,691373,last_30,AAA,23.8,Indianapolis Indians,Total,IND,- - -,,,9,36,38,10,7,0,0,3,6,7,2,0,10,0,0,0,1,0,0,.278,5.3%,26.3%,.200,.316,.528,.844,.250,,.304,,6.0,1.3,.372,127
Ronald Rosario,691385,last_30,AA,23.7,Portland Sea Dogs,Total,POR,- - -,,,4,12,15,5,1,1,0,3,6,6,2,0,2,1,0,0,0,0,0,.417,13.3%,13.3%,1.000,.533,1.250,1.783,.833,,.286,,6.3,4.3,.713,307
Yerlin Confidan,691398,last_30,AA,23.7,Chattanooga Lookouts,Total,CHA,- - -,,,6,22,25,6,3,2,0,1,4,4,3,0,6,0,0,0,1,1,0,.273,12.0%,24.0%,.500,.360,.500,.860,.227,,.333,,4.2,0.7,.382,122
Luis Durango,691411,last_30,AA,23.4,Somerset Patriots,Total,SOM,- - -,,,3,9,11,2,2,0,0,0,2,0,1,0,1,0,0,1,1,2,0,.222,9.1%,9.1%,1.000,.300,.222,.522,.000,,.250,,0.7,-0.8,.253,46
Kevin Rivas,691422,last_30,AA,23.4,Akron RubberDucks,Total,AKR,- - -,,,2,6,6,0,0,0,0,0,0,0,0,0,1,0,0,0,0,0,0,.000,0.0%,16.7%,.000,.000,.000,.000,.000,,.000,,-0.8,-1.6,.000,-97
Roberto Campos,691449,last_30,AA,23.2,Erie SeaWolves,Total,ERI,- - -,,,3,12,13,5,2,1,0,2,4,5,1,0,2,0,0,0,1,0,0,.417,7.7%,15.4%,.500,.462,1.000,1.462,.583,,.375,,4.5,2.8,.619,254
Ian Lewis Jr.,691588,last_30,AA,23.6,Pensacola Blue Wahoos,Total,PNS,- - -,,,1,4,4,0,0,0,0,0,0,0,0,0,1,0,0,0,0,0,0,.000,0.0%,25.0%,.000,.000,.000,.000,.000,,.000,,-0.5,-1.1,.000,-96
Jeferson Quero,691620,last_30,AAA,24.0,Nashville Sounds,Total,NAS,- - -,,,10,35,39,6,4,2,0,0,0,3,2,0,9,1,1,0,2,0,0,.171,5.1%,23.1%,.222,.231,.229,.459,.057,,.222,,1.4,-3.5,.215,28
Jheremy Vargas,691621,last_30,AA,23.3,Biloxi Shuckers,Total,BLX,- - -,,,3,8,8,5,4,1,0,0,0,1,0,0,2,0,0,0,0,0,1,.625,0.0%,25.0%,.000,.625,.750,1.375,.125,,.833,,2.8,1.7,.617,255
Vincent Perozo,691710,last_30,AA,23.5,Binghamton Rumble Ponies,Total,BNG,- - -,,,2,6,6,0,0,0,0,0,0,0,0,0,4,0,0,0,0,0,0,.000,0.0%,66.7%,.000,.000,.000,.000,.000,,.000,,-0.8,-1.6,.000,-97
Ryan Clifford,691775,last_30,AAA,23.2,Syracuse Mets,Total,SYR,- - -,,,7,23,27,7,1,3,1,2,7,4,3,0,8,1,0,0,0,0,1,.304,11.1%,29.6%,.375,.407,.783,1.190,.478,,.385,,7.0,3.6,.501,209
Izaac Pacheco,691789,last_30,AA,23.8,Erie SeaWolves,Total,ERI,- - -,,,6,21,23,4,3,0,0,1,2,2,2,0,10,0,0,0,0,0,0,.190,8.7%,43.5%,.200,.261,.333,.594,.143,,.300,,1.8,-1.4,.272,57
Roc Riggio,691792,last_30,AAA,24.3,Albuquerque Isotopes,Total,ABQ,- - -,,,5,19,21,7,5,0,0,2,3,4,2,0,6,0,0,0,0,0,0,.368,9.5%,28.6%,.333,.429,.684,1.113,.316,,.455,,5.1,2.5,.485,193
Ryan Spikes,691797,last_30,AA,23.5,Montgomery Biscuits,Total,MTG,- - -,,,3,10,11,1,1,0,0,0,1,1,1,0,5,0,0,0,0,1,0,.100,9.1%,45.5%,.200,.182,.100,.282,.000,,.200,,-0.2,-1.7,.147,-12
Tsung-Che Cheng,691907,last_30,AAA,25.1,Worcester Red Sox,Total,WOR,- - -,,,7,24,29,8,6,0,1,1,7,4,5,0,6,0,0,0,0,0,0,.333,17.2%,20.7%,.833,.448,.542,.990,.208,,.412,,6.1,2.5,.440,171
Jesus Castillo,691913,last_30,AAA,23.2,Indianapolis Indians,Total,IND,- - -,,,11,35,40,7,5,1,0,1,4,2,2,0,10,2,0,1,2,2,0,.200,5.0%,25.0%,.200,.282,.314,.596,.114,,.250,,3.4,-1.9,.279,64
Javier Rivas,691922,last_30,AA,24.0,Altoona Curve,Total,ALT,- - -,,,4,14,14,4,3,1,0,0,0,2,0,0,3,0,0,0,0,0,0,.286,0.0%,21.4%,.000,.286,.357,.643,.071,,.364,,1.3,-0.7,.287,66
Calvin Harris,691941,last_30,AA,24.8,Birmingham Barons,Total,BIR,- - -,,,2,6,8,2,2,0,0,0,1,1,2,0,1,0,0,0,0,1,0,.333,25.0%,12.5%,2.000,.500,.333,.833,.000,,.400,,1.5,0.4,.405,135
Jack O'Dowd,691942,last_30,AA,25.3,Hartford Yard Goats,Total,HFD,- - -,,,5,15,19,5,5,0,0,0,2,2,3,0,5,0,1,0,0,1,0,.333,15.8%,26.3%,.600,.421,.333,.754,.000,,.455,,2.7,0.1,.352,102
Oswaldo Linares,692021,last_30,AAA,23.4,El Paso Chihuahuas,Total,ELP,- - -,,,5,16,18,4,1,2,0,1,2,1,2,0,4,0,0,0,0,0,0,.250,11.1%,22.2%,.500,.333,.562,.896,.312,,.273,,3.1,0.6,.391,123
Axel Sanchez,692046,last_30,AAA,23.8,Tacoma Rainiers,Total,TAC,- - -,,,3,11,11,1,0,0,0,1,1,1,0,0,4,0,0,0,0,0,0,.091,0.0%,36.4%,.000,.091,.364,.455,.273,,.000,,0.2,-1.2,.192,11
Core Jackson,692110,last_30,AA,22.9,Somerset Patriots,Total,SOM,- - -,,,6,26,27,7,4,2,0,1,3,4,1,0,3,0,0,0,1,1,1,.269,3.7%,11.1%,.333,.296,.462,.758,.192,,.273,,3.4,-0.3,.335,93
Émilien Pitre,692150,last_30,AAA,23.9,Syracuse Mets,Total,SYR,- - -,,,6,23,28,6,5,1,0,0,4,2,5,0,5,0,0,0,1,0,0,.261,17.9%,17.9%,1.000,.393,.304,.697,.043,,.333,,3.6,0.2,.336,105
Jose Izarra,692222,last_30,AA,24.5,Tulsa Drillers,Total,TUL,- - -,,,5,15,19,3,3,0,0,0,4,2,4,0,2,0,0,0,0,1,0,.200,21.1%,10.5%,2.000,.368,.200,.568,.000,,.231,,1.8,-0.9,.293,66
Kristian Campbell,692225,last_30,AAA,24.2,Worcester Red Sox,Total,WOR,- - -,,,1,3,3,0,0,0,0,0,0,0,0,0,1,0,0,0,0,0,0,.000,0.0%,33.3%,.000,.000,.000,.000,.000,,.000,,-0.4,-0.8,.000,-108
Fernando Gonzalez,692232,last_30,AAA,24.8,Sacramento River Cats,Total,SAC,- - -,,,5,14,18,5,3,0,1,1,3,1,3,0,6,1,0,0,2,0,0,.357,16.7%,33.3%,.500,.500,.714,1.214,.357,,.571,,4.9,2.6,.520,214
Parks Harber,692238,last_30,AAA,25.0,Sacramento River Cats,Total,SAC,- - -,,,12,46,52,11,9,0,1,1,4,5,6,0,9,0,0,0,1,1,0,.239,11.5%,17.3%,.667,.327,.348,.675,.109,,.278,,5.6,-1.0,.312,85
Aeverson Arteaga,692348,last_30,AAA,23.5,Sacramento River Cats,Total,SAC,- - -,,,12,40,42,10,7,1,1,1,4,3,0,0,13,1,0,1,1,1,0,.250,0.0%,31.0%,.000,.268,.400,.668,.150,,.346,,4.0,-1.3,.296,76
Onil Perez,692366,last_30,AA,24.0,Richmond Flying Squirrels,Total,RIC,- - -,,,1,2,4,0,0,0,0,0,0,0,2,0,2,0,0,0,0,0,0,.000,50.0%,50.0%,1.000,.500,.000,.500,.000,,,,0.6,0.0,.355,104
Lizandro Espinoza,692371,last_30,AAA,23.8,Gwinnett Stripers,Total,GWN,- - -,,,11,40,49,4,2,2,0,0,6,2,7,0,11,1,0,1,1,4,1,.100,14.3%,22.4%,.636,.250,.150,.400,.050,,.138,,1.5,-4.5,.211,25
Christian Cerda,692416,last_30,AAA,23.7,Reno Aces,Total,RNO,- - -,,,4,13,16,1,1,0,0,0,0,0,3,0,3,0,0,0,0,0,0,.077,18.8%,18.8%,1.000,.250,.077,.327,.000,,.100,,0.2,-1.8,.190,10
Victor Arias,692478,last_30,AA,23.1,New Hampshire Fisher Cats,Total,NH,- - -,,,4,14,15,3,3,0,0,0,0,0,1,0,4,0,0,0,1,1,2,.214,6.7%,26.7%,.250,.267,.214,.481,.000,,.300,,0.7,-1.4,.229,33
Alexis Hernandez,692562,last_30,AA,23.9,New Hampshire Fisher Cats,Total,NH,- - -,,,2,5,5,1,1,0,0,0,0,0,0,0,0,0,0,0,0,0,0,.200,0.0%,0.0%,,.200,.200,.400,.000,,.200,,0.0,-0.6,.182,6
Yanquiel Fernández,692585,last_30,AAA,23.7,Scranton/Wilkes-Barre RailRiders,Total,SWB,- - -,,,10,36,41,7,4,1,0,2,7,6,5,0,12,0,0,0,1,0,0,.194,12.2%,29.3%,.417,.293,.389,.682,.194,,.227,,4.5,-0.6,.310,88
Manuel Palencia,692633,last_30,AA,24.0,Somerset Patriots,Total,SOM,- - -,,,4,14,16,2,1,1,0,0,2,2,1,0,4,0,1,0,2,0,0,.143,6.2%,25.0%,.250,.188,.214,.402,.071,,.182,,0.1,-2.1,.182,6
Omar Alfonzo,692657,last_30,AA,23.1,Somerset Patriots,Total,SOM,- - -,,,2,7,8,0,0,0,0,0,0,0,1,0,4,0,0,0,0,0,0,.000,12.5%,50.0%,.250,.125,.000,.125,.000,,.000,,-0.5,-1.6,.089,-47
Aaron Sabato,693306,last_30,AAA,27.3,St. Paul Saints,Total,STP,- - -,,,10,39,41,10,7,1,0,2,6,4,1,0,13,1,0,0,1,0,0,.256,2.4%,31.7%,.077,.293,.436,.729,.179,,.333,,4.9,-0.1,.325,98
César Prieto,693409,last_30,AAA,27.4,Memphis Redbirds,Total,MEM,- - -,,,6,24,25,8,6,2,0,0,1,3,0,0,4,1,0,0,0,0,0,.333,0.0%,16.0%,.000,.360,.417,.777,.083,,.400,,3.5,0.5,.352,115
Tre Richardson III,693832,last_30,AA,24.8,Springfield Cardinals,Total,SPR,- - -,,,5,20,20,4,3,1,0,0,1,3,0,0,5,0,0,0,1,0,0,.200,0.0%,25.0%,.000,.200,.250,.450,.050,,.267,,0.5,-2.4,.201,17
Kala'i Rosario,693850,last_30,AAA,24.2,St. Paul Saints,Total,STP,- - -,,,11,40,41,12,8,1,0,3,7,5,1,0,14,0,0,0,1,0,0,.300,2.4%,34.1%,.071,.317,.550,.867,.250,,.391,,6.7,1.7,.381,133
Dyan Jorge,694170,last_30,AA,23.5,Hartford Yard Goats,Total,HFD,- - -,,,5,19,20,2,2,0,0,0,0,1,1,0,5,0,0,0,0,4,0,.105,5.0%,25.0%,.200,.150,.105,.255,.000,,.143,,-0.7,-3.5,.127,-26
Pedro León,694175,last_30,AA,28.3,Reading Fightin Phils,Total,REA,- - -,,,5,22,24,7,5,0,1,1,6,2,2,0,9,0,0,0,0,0,0,.318,8.3%,37.5%,.222,.375,.545,.920,.227,,.500,,4.4,1.1,.405,132
Cristian Hernández,694183,last_30,AA,22.8,Pensacola Blue Wahoos,Total,PNS,- - -,,,5,19,22,10,7,2,0,1,5,2,3,0,5,0,0,0,0,3,1,.526,13.6%,22.7%,.600,.591,.789,1.380,.263,,.692,,7.4,4.4,.600,246
Danny De Andrade,694185,last_30,AA,22.4,Wichita Wind Surge,Total,WCH,- - -,,,2,7,8,2,2,0,0,0,1,0,0,0,0,1,0,0,0,0,0,.286,0.0%,0.0%,,.375,.286,.661,.000,,.286,,0.9,-0.2,.320,81
Daniel Vazquez,694187,last_30,AA,22.7,Northwest Arkansas Naturals,Total,NWA,- - -,,,5,19,21,4,1,3,0,0,3,1,2,0,5,0,0,0,0,2,0,.211,9.5%,23.8%,.400,.286,.368,.654,.158,,.286,,2.1,-1.0,.296,67
Pedro Pineda,694191,last_30,AA,23.0,Midland RockHounds,Total,MID,- - -,,,4,15,17,5,5,0,0,0,0,2,1,0,3,1,0,0,0,2,0,.333,5.9%,17.6%,.333,.412,.333,.745,.000,,.417,,2.4,-0.0,.353,98
Diego Velasquez,694196,last_30,AAA,23.0,Sacramento River Cats,Total,SAC,- - -,,,10,30,35,7,4,3,0,0,3,1,3,0,7,1,0,1,0,0,1,.233,8.6%,20.0%,.429,.324,.333,.657,.100,,.304,,3.6,-0.8,.306,82
Daniel Guilarte,694206,last_30,AAA,22.9,Nashville Sounds,Total,NAS,- - -,,,4,6,7,0,0,0,0,0,1,0,1,0,3,0,0,0,0,0,0,.000,14.3%,42.9%,.333,.143,.000,.143,.000,,.000,,-0.4,-1.2,.102,-44
Samuel Zavala,694214,last_30,AA,22.2,Birmingham Barons,Total,BIR,- - -,,,6,16,24,6,3,1,0,2,6,7,8,0,5,0,0,0,0,0,1,.375,33.3%,20.8%,1.600,.583,.812,1.396,.438,,.444,,7.7,4.4,.580,234
Yeison Morrobel,694218,last_30,AA,22.8,Frisco RoughRiders,Total,FRI,- - -,,,4,16,17,6,5,1,0,0,4,1,1,0,2,0,0,0,0,0,0,.375,5.9%,11.8%,.500,.412,.438,.849,.062,,.429,,2.9,0.4,.386,115
Ambioris Tavarez,694222,last_30,AA,22.8,Columbus Clingstones,Total,COL,- - -,,,2,7,7,1,1,0,0,0,1,0,0,0,4,0,0,0,0,1,0,.143,0.0%,57.1%,.000,.143,.143,.286,.000,,.333,,-0.2,-1.2,.130,-22
Gabriel Gonzalez,694224,last_30,AAA,22.7,St. Paul Saints,Total,STP,- - -,,,8,30,36,8,6,1,0,1,5,4,3,0,2,3,0,0,1,0,0,.267,8.3%,5.6%,1.500,.389,.400,.789,.133,,.259,,5.5,1.1,.367,125
Hendry Mendez,694230,last_30,AAA,22.9,St. Paul Saints,Total,STP,- - -,,,8,27,32,7,5,2,0,0,4,0,5,0,1,0,0,0,1,1,0,.259,15.6%,3.1%,5.000,.375,.333,.708,.074,,.269,,4.1,0.1,.334,104
D'Andre Smith,694266,last_30,AAA,25.4,Syracuse Mets,Total,SYR,- - -,,,11,45,54,10,6,2,0,2,10,7,6,0,11,2,0,1,1,4,0,.222,11.1%,20.4%,.545,.340,.400,.740,.178,,.250,,7.1,0.5,.340,107
Cole Fontenelle,694304,last_30,AA,24.5,Rocket City Trash Pandas,Total,RCT,- - -,,,4,17,18,3,2,0,0,1,3,4,1,0,5,0,0,0,1,3,0,.176,5.6%,27.8%,.200,.222,.353,.575,.176,,.182,,1.3,-1.2,.258,51
Bryson Ware,694310,last_30,AA,25.7,Reading Fightin Phils,Total,REA,- - -,,,5,18,23,5,2,1,0,2,3,7,5,0,5,0,0,0,0,1,0,.278,21.7%,21.7%,1.000,.435,.667,1.101,.389,,.273,,5.4,2.3,.473,171
Austin St. Laurent,694318,last_30,AA,24.2,Arkansas Travelers,Total,ARK,- - -,,,3,10,12,4,3,1,0,0,2,1,1,0,2,0,1,0,0,0,0,.400,8.3%,16.7%,.500,.417,.500,.917,.100,,.444,,2.1,0.4,.395,120
Jack Costello,694320,last_30,AA,25.3,San Antonio Missions,Total,SA,- - -,,,4,15,18,5,4,1,0,0,1,1,2,0,2,1,0,0,0,0,0,.333,11.1%,11.1%,1.000,.444,.400,.844,.067,,.385,,3.2,0.5,.394,120
Jacob Berry,694351,last_30,AAA,25.4,Omaha Storm Chasers,Total,OMA,- - -,,,7,24,26,6,2,1,0,3,3,7,2,0,8,0,0,0,0,0,0,.250,7.7%,30.8%,.250,.308,.667,.974,.417,,.231,,5.0,1.8,.418,157
Niko Kavadas,694359,last_30,AAA,27.9,Salt Lake Bees,Total,SL,- - -,,,12,48,55,16,8,4,0,4,9,12,6,1,11,1,0,0,1,0,0,.333,10.9%,20.0%,.545,.418,.667,1.085,.333,,.364,,12.6,5.6,.467,181
Tommy Troy,694371,last_30,AAA,24.7,Reno Aces,Total,RNO,- - -,,,5,20,24,6,5,0,0,1,4,1,4,0,5,0,0,0,0,2,0,.300,16.7%,20.8%,.800,.417,.450,.867,.150,,.357,,4.2,1.1,.396,138
Nick Yorke,694377,last_30,AAA,24.5,Indianapolis Indians,Total,IND,- - -,,,6,20,23,5,3,1,0,1,1,7,3,0,2,0,0,0,1,1,0,.250,13.0%,8.7%,1.500,.348,.450,.798,.200,,.235,,3.4,0.6,.359,120
Jack Moss,694380,last_30,AA,24.9,Corpus Christi Hooks,Total,CC,- - -,,,6,21,26,6,3,3,0,0,4,6,5,0,5,0,0,0,2,1,0,.286,19.2%,19.2%,1.000,.423,.429,.852,.143,,.375,,4.5,0.7,.391,118
Nolan Schanuel,694384,last_30,AAA,24.6,Salt Lake Bees,Total,SL,- - -,,,1,3,4,0,0,0,0,0,0,1,0,0,1,0,1,0,0,0,0,.000,0.0%,25.0%,.000,.000,.000,.000,.000,,.000,,-0.5,-1.0,.000,-108
Brock Wilken,694385,last_30,AAA,24.3,Nashville Sounds,Total,NAS,- - -,,,11,40,48,5,4,0,0,1,2,4,5,0,12,2,1,0,1,0,0,.125,10.4%,25.0%,.417,.250,.200,.450,.075,,.143,,2.0,-3.9,.225,34
Christian Knapczyk,694387,last_30,AA,24.7,Akron RubberDucks,Total,AKR,- - -,,,2,3,6,0,0,0,0,0,1,0,2,0,1,1,0,0,0,0,0,.000,33.3%,16.7%,2.000,.500,.000,.500,.000,,.000,,0.9,0.1,.361,107
Joey Loperfido,694388,last_30,AAA,27.4,Sugar Land Space Cowboys,Total,SUG,- - -,,,7,26,30,8,7,1,0,0,3,1,4,0,6,0,0,0,0,0,2,.308,13.3%,20.0%,.667,.400,.346,.746,.038,,.400,,4.1,0.4,.350,109
Tatem Levins,694420,last_30,AAA,27.3,Durham Bulls,Total,DUR,- - -,,,6,16,24,3,0,1,0,2,7,4,7,0,6,1,0,0,1,0,0,.188,29.2%,25.0%,1.167,.458,.625,1.083,.438,,.125,,5.6,2.6,.468,189
Justice Bigbie,694425,last_30,AAA,27.7,Toledo Mud Hens,Total,TOL,- - -,,,9,31,35,11,9,2,0,0,4,4,4,0,3,0,0,0,1,0,0,.355,11.4%,8.6%,1.333,.429,.419,.848,.065,,.393,,6.0,1.7,.389,139
Tavian Josenberger,694444,last_30,AAA,24.9,Norfolk Tides,Total,NOR,- - -,,,9,31,35,8,7,1,0,0,3,2,4,0,9,0,0,0,0,2,1,.258,11.4%,25.7%,.444,.343,.290,.633,.032,,.364,,3.5,-1.0,.300,78
Michael Turner,694478,last_30,AAA,28.1,Charlotte Knights,Total,CLT,- - -,,,8,25,28,2,2,0,0,0,1,3,2,0,5,0,1,0,1,0,0,.080,7.1%,17.9%,.400,.143,.080,.223,.000,,.095,,-1.2,-4.7,.116,-35
Max Wagner,694484,last_30,AA,25.1,Frisco RoughRiders,Total,FRI,- - -,,,5,18,20,3,1,2,0,0,2,1,2,0,6,0,0,0,1,0,0,.167,10.0%,30.0%,.333,.250,.278,.528,.111,,.250,,1.2,-1.7,.246,41
Sterlin Thompson,694514,last_30,AAA,25.2,Albuquerque Isotopes,Total,ABQ,- - -,,,12,45,56,16,8,4,0,4,14,9,9,0,4,2,0,0,2,2,0,.356,16.1%,7.1%,2.250,.482,.711,1.193,.356,,.324,,14.9,7.8,.514,211
Jack Payton,694552,last_30,AA,25.1,Richmond Flying Squirrels,Total,RIC,- - -,,,2,6,6,1,1,0,0,0,0,2,0,0,2,0,0,0,0,0,0,.167,0.0%,33.3%,.000,.167,.167,.333,.000,,.250,,-0.1,-0.9,.152,-11
Kemp Alderman,694580,last_30,AAA,24.1,Jacksonville Jumbo Shrimp,Total,JAX,- - -,,,8,28,30,6,5,0,0,1,2,4,2,0,12,0,0,0,0,0,1,.214,6.7%,40.0%,.167,.267,.321,.588,.107,,.333,,2.3,-1.4,.269,63
Dominic Pitelli,694689,last_30,AAA,24.7,Louisville Bats,Total,LOU,- - -,,,7,16,21,4,3,1,0,0,3,4,3,0,6,0,1,1,0,1,0,.250,14.3%,28.6%,.500,.350,.312,.662,.062,,.364,,2.2,-0.3,.308,87
Brice Matthews,694728,last_30,AAA,24.5,Sugar Land Space Cowboys,Total,SUG,- - -,,,7,24,29,1,1,0,0,0,0,2,3,0,12,0,2,0,0,1,0,.042,10.3%,41.4%,.250,.138,.042,.180,.000,,.071,,-1.6,-5.2,.105,-43
Josh Moylan,694742,last_30,AA,24.2,Somerset Patriots,Total,SOM,- - -,,,6,19,22,9,5,2,0,2,7,5,3,0,4,0,0,0,0,0,0,.474,13.6%,18.2%,.750,.545,.895,1.440,.421,,.538,,7.6,4.6,.613,251
Dylan Campbell,694749,last_30,AA,24.2,Birmingham Barons,Total,BIR,- - -,,,6,21,26,5,2,1,0,2,3,2,5,0,4,0,0,0,1,5,0,.238,19.2%,15.4%,1.250,.385,.571,.956,.333,,.200,,5.1,1.5,.419,142
Sabin Ceballos,694754,last_30,AA,24.1,Richmond Flying Squirrels,Total,RIC,- - -,,,5,16,21,6,2,3,0,1,3,2,5,0,5,0,0,0,1,0,0,.375,23.8%,23.8%,1.000,.524,.750,1.274,.375,,.500,,6.1,3.2,.541,210
Maui Ahuna,694757,last_30,AA,24.5,Richmond Flying Squirrels,Total,RIC,- - -,,,5,14,16,4,4,0,0,0,2,1,2,0,7,0,0,0,0,1,1,.286,12.5%,43.8%,.286,.375,.286,.661,.000,,.571,,1.8,-0.4,.316,82
Zach Kokoska,694808,last_30,AA,27.9,Hartford Yard Goats,Total,HFD,- - -,,,4,15,15,3,2,1,0,0,1,2,0,0,2,0,0,0,0,1,0,.200,0.0%,13.3%,.000,.200,.267,.467,.067,,.231,,0.4,-1.6,.208,20
Tyler McDonough,694812,last_30,AAA,27.5,Worcester Red Sox,Total,WOR,- - -,,,10,35,38,8,6,1,0,1,4,3,3,0,10,0,0,0,1,1,0,.229,7.9%,26.3%,.300,.289,.343,.632,.114,,.292,,3.5,-1.2,.289,75
Joe Vetrano,694838,last_30,AA,24.3,Tulsa Drillers,Total,TUL,- - -,,,4,15,16,2,1,0,0,1,1,1,1,0,7,0,0,0,1,0,0,.133,6.2%,43.8%,.143,.188,.333,.521,.200,,.143,,0.8,-1.5,.233,34
JT Benson,694842,last_30,AA,24.4,Binghamton Rumble Ponies,Total,BNG,- - -,,,4,13,15,2,2,0,0,0,1,0,1,0,7,1,0,0,1,1,0,.154,6.7%,46.7%,.143,.267,.154,.421,.000,,.333,,0.5,-1.5,.218,26
Sam Brown,694848,last_30,AA,25.0,Harrisburg Senators,Total,HBG,- - -,,,3,12,14,4,4,0,0,0,1,1,2,0,5,0,0,0,0,0,0,.333,14.3%,35.7%,.400,.429,.333,.762,.000,,.571,,2.1,0.1,.362,108
Cooper Ingle,694876,last_30,AAA,24.6,Columbus Clippers,Total,COL,- - -,,,11,45,50,12,5,6,0,1,7,4,5,0,11,0,0,0,1,0,0,.267,10.0%,22.0%,.455,.340,.467,.807,.200,,.333,,7.4,1.2,.360,120
Caden Rose,694896,last_30,AA,24.9,Portland Sea Dogs,Total,POR,- - -,,,4,11,12,2,1,0,0,1,2,3,1,0,5,0,0,0,0,0,0,.182,8.3%,41.7%,.200,.250,.455,.705,.273,,.200,,1.3,-0.3,.311,79
Carson Taylor,694930,last_30,AA,27.3,Columbus Clingstones,Total,COL,- - -,,,3,11,11,4,3,0,0,1,1,3,0,0,3,0,0,0,0,0,0,.364,0.0%,27.3%,.000,.364,.636,1.000,.273,,.429,,2.3,0.8,.440,154
C.J. Pittaro,694953,last_30,AA,24.9,Midland RockHounds,Total,MID,- - -,,,3,9,9,1,1,0,0,0,1,2,0,0,2,0,0,0,0,0,0,.111,0.0%,22.2%,.000,.111,.111,.222,.000,,.143,,-0.5,-1.8,.101,-37
Brayden Taylor,694966,last_30,AAA,24.3,Jacksonville Jumbo Shrimp,Total,JAX,- - -,,,9,24,34,6,2,3,0,1,4,5,7,0,6,1,2,0,1,2,0,.250,20.6%,17.6%,1.167,.412,.500,.912,.250,,.263,,6.0,1.8,.398,144
Colby Shade,694974,last_30,AA,25.1,Pensacola Blue Wahoos,Total,PNS,- - -,,,4,16,18,3,1,1,0,1,3,5,2,0,7,0,0,0,1,0,0,.188,11.1%,38.9%,.286,.278,.438,.715,.250,,.250,,2.1,-0.4,.319,85
Mitch Jebb,694991,last_30,AAA,24.4,Indianapolis Indians,Total,IND,- - -,,,12,49,58,13,9,2,1,1,8,7,7,0,7,0,2,0,0,3,1,.265,12.1%,12.1%,1.000,.345,.408,.753,.143,,.279,,7.5,0.4,.336,105
Poncho Ruiz,695000,last_30,AA,24.6,Wichita Wind Surge,Total,WCH,- - -,,,2,7,8,1,1,0,0,0,1,0,1,0,2,0,0,0,0,0,0,.143,12.5%,25.0%,.500,.250,.143,.393,.000,,.200,,0.2,-1.0,.203,17
Garret Guillemette,695048,last_30,AAA,25.0,Sugar Land Space Cowboys,Total,SUG,- - -,,,2,6,7,2,1,1,0,0,0,0,1,0,2,0,0,0,0,0,0,.333,14.3%,28.6%,.500,.429,.500,.929,.167,,.500,,1.3,0.4,.416,150
Jean Walters,695078,last_30,AA,25.1,Amarillo Sod Poodles,Total,AMA,- - -,,,6,23,23,12,8,1,1,2,5,9,0,0,4,0,0,0,0,0,0,.522,0.0%,17.4%,.000,.522,.913,1.435,.391,,.588,,8.2,4.9,.628,245
Will Wagner,695238,last_30,AAA,28.1,El Paso Chihuahuas,Total,ELP,- - -,,,2,6,6,2,2,0,0,0,1,0,0,0,2,0,0,0,0,0,0,.333,0.0%,33.3%,.000,.333,.333,.667,.000,,.500,,0.6,-0.1,.303,80
Jake Gelof,695372,last_30,AA,24.5,Tulsa Drillers,Total,TUL,- - -,,,6,19,28,9,6,1,0,2,5,9,9,0,3,0,0,0,0,1,0,.474,32.1%,10.7%,3.000,.643,.842,1.485,.368,,.500,,9.9,5.8,.620,241
Cal Conley,695462,last_30,AAA,27.2,Gwinnett Stripers,Total,GWN,- - -,,,8,24,27,4,3,1,0,0,3,0,2,0,7,0,0,1,2,0,0,.167,7.4%,25.9%,.286,.231,.208,.439,.042,,.235,,0.8,-2.5,.209,25
Juan Montero,695467,last_30,AAA,24.3,Worcester Red Sox,Total,WOR,- - -,,,2,3,4,1,1,0,0,0,1,0,0,0,1,1,0,0,0,0,0,.333,0.0%,25.0%,.000,.500,.333,.833,.000,,.500,,0.8,0.3,.413,154
Jay Allen II,695481,last_30,AAA,23.8,Louisville Bats,Total,LOU,- - -,,,4,12,14,6,6,0,0,0,4,0,1,0,3,1,0,0,0,2,0,.500,7.1%,21.4%,.333,.571,.500,1.071,.000,,.667,,3.5,1.8,.494,205
Edwin Arroyo,695490,last_30,AAA,23.1,Louisville Bats,Total,LOU,- - -,,,6,24,26,5,4,1,0,0,1,0,1,0,8,0,0,1,0,0,0,.208,3.8%,30.8%,.125,.240,.250,.490,.042,,.312,,1.1,-2.1,.226,35
Kevin Bazzell,695494,last_30,AA,23.5,Harrisburg Senators,Total,HBG,- - -,,,3,13,14,7,3,2,0,2,6,2,1,0,2,0,0,0,0,0,0,.538,7.1%,14.3%,.500,.571,1.154,1.725,.615,,.556,,6.1,4.2,.732,318
Blake Burke,695501,last_30,AAA,23.3,Nashville Sounds,Total,NAS,- - -,,,10,39,42,7,4,1,0,2,4,3,3,0,13,0,0,0,1,1,0,.179,7.1%,31.0%,.231,.238,.359,.597,.179,,.208,,3.2,-2.0,.269,62
Cam Cauley,695508,last_30,AAA,23.6,Round Rock Express,Total,RR,- - -,,,6,24,28,7,3,2,0,2,5,7,2,0,3,0,1,1,1,4,0,.292,7.1%,10.7%,.667,.333,.625,.958,.333,,.250,,5.1,1.5,.406,144
Gavin Conticello,695521,last_30,AAA,23.3,Reno Aces,Total,RNO,- - -,,,9,34,39,8,4,3,0,1,5,6,4,0,9,0,1,0,0,0,0,.235,10.3%,23.1%,.444,.308,.412,.719,.176,,.280,,4.5,-0.5,.320,91
Jacob Cozart,695524,last_30,AA,23.7,Rocket City Trash Pandas,Total,RCT,- - -,,,5,18,23,6,4,1,0,1,4,5,4,0,4,1,0,0,1,0,0,.333,17.4%,17.4%,1.000,.478,.556,1.034,.222,,.385,,5.3,2.1,.462,167
Ian Daugherty,695527,last_30,AAA,24.0,St. Paul Saints,Total,STP,- - -,,,3,8,10,1,1,0,0,0,0,3,2,0,5,0,0,0,0,0,0,.125,20.0%,50.0%,.400,.300,.125,.425,.000,,.333,,0.5,-0.7,.233,40
Nick Raposo,695596,last_30,AAA,28.3,Tacoma Rainiers,Total,TAC,- - -,,,7,23,26,2,2,0,0,0,1,0,3,0,6,0,0,0,3,0,0,.087,11.5%,23.1%,.500,.192,.087,.279,.000,,.118,,-0.4,-3.7,.152,-13
T.J. White,695604,last_30,AA,23.1,Harrisburg Senators,Total,HBG,- - -,,,3,12,14,3,2,0,0,1,3,2,2,0,5,0,0,0,0,0,0,.250,14.3%,35.7%,.400,.357,.500,.857,.250,,.333,,2.3,0.4,.382,120
Alex Mooney,695612,last_30,AAA,24.2,Columbus Clippers,Total,COL,- - -,,,9,31,32,4,3,1,0,0,1,0,1,0,6,0,0,0,1,0,1,.129,3.1%,18.8%,.167,.156,.161,.318,.032,,.160,,-0.6,-4.7,.148,-14
Jaime Ferrer,695634,last_30,AA,23.7,Wichita Wind Surge,Total,WCH,- - -,,,6,21,25,4,3,1,0,0,2,3,2,0,5,2,0,0,0,1,0,.190,8.0%,20.0%,.400,.320,.238,.558,.048,,.250,,2.1,-1.6,.277,57
Noah Miller,695653,last_30,AAA,23.9,Oklahoma City Comets,Total,OKC,- - -,,,11,39,44,9,5,2,0,2,4,6,3,0,9,0,1,1,1,2,0,.231,6.8%,20.5%,.333,.279,.436,.715,.205,,.241,,4.8,-0.7,.314,87
Cooper Kinney,695692,last_30,AA,23.6,Montgomery Biscuits,Total,MTG,- - -,,,4,12,16,3,3,0,0,0,1,0,4,0,3,0,0,0,0,0,0,.250,25.0%,18.8%,1.333,.438,.250,.688,.000,,.333,,2.2,0.0,.348,102
Boston Smith,695722,last_30,AA,23.8,Arkansas Travelers,Total,ARK,- - -,,,5,22,23,6,4,2,0,0,3,4,1,0,9,0,0,0,0,0,0,.273,4.3%,39.1%,.111,.304,.364,.668,.091,,.462,,2.4,-1.0,.302,71
Creed Willems,695735,last_30,AAA,23.3,Norfolk Tides,Total,NOR,- - -,,,10,35,45,11,8,0,0,3,7,10,5,0,4,2,3,0,0,0,0,.314,11.1%,8.9%,1.250,.400,.571,.971,.257,,.258,,8.6,3.0,.414,155
Hudson White,695742,last_30,AA,24.1,Portland Sea Dogs,Total,POR,- - -,,,2,2,2,1,0,1,0,0,0,0,0,0,1,0,0,0,0,0,0,.500,0.0%,50.0%,.000,.500,1.000,1.500,.500,,1.000,,0.7,0.5,.647,270
Ian Moller,695744,last_30,AA,23.9,Frisco RoughRiders,Total,FRI,- - -,,,3,12,15,2,2,0,0,0,1,2,3,0,1,0,0,0,0,0,0,.167,20.0%,6.7%,3.000,.333,.167,.500,.000,,.182,,1.1,-1.1,.264,50
Sam Petersen,695763,last_30,AAA,23.7,Rochester Red Wings,Total,ROC,- - -,,,12,40,48,14,11,2,1,0,6,8,4,0,9,3,0,1,0,4,0,.350,8.3%,18.8%,.444,.447,.450,.897,.100,,.452,,9.0,3.1,.411,152
Jake Fox,695780,last_30,AA,23.6,Akron RubberDucks,Total,AKR,- - -,,,2,6,7,3,3,0,0,0,1,1,1,0,0,0,0,0,0,0,0,.500,14.3%,0.0%,,.571,.500,1.071,.000,,.500,,1.7,0.8,.492,182
Frederick Bencosme,695930,last_30,AA,23.7,Chesapeake Baysox,Total,CHE,- - -,,,4,14,19,4,2,0,1,1,5,3,5,0,1,0,0,0,0,0,0,.286,26.3%,5.3%,5.000,.474,.643,1.117,.357,,.250,,4.6,2.0,.480,175
Alejandro Osuna,696030,last_30,AAA,23.9,Round Rock Express,Total,RR,- - -,,,5,19,22,7,5,2,0,0,4,2,2,0,3,1,0,0,0,2,0,.368,9.1%,13.6%,.667,.455,.474,.928,.105,,.438,,4.3,1.5,.423,154
Kahlil Watson,696135,last_30,AAA,23.4,Columbus Clippers,Total,COL,- - -,,,12,47,55,12,8,4,0,0,6,2,6,0,12,2,0,0,1,2,2,.255,10.9%,21.8%,.500,.364,.340,.704,.085,,.343,,6.9,0.1,.331,102
Ethan Murray,696140,last_30,AAA,26.4,Nashville Sounds,Total,NAS,- - -,,,10,35,39,4,1,2,0,1,3,4,3,0,12,1,0,0,2,0,1,.114,7.7%,30.8%,.250,.205,.257,.462,.143,,.136,,1.4,-3.4,.218,30
Will Taylor,696142,last_30,AA,23.7,Altoona Curve,Total,ALT,- - -,,,6,18,19,6,4,1,0,1,3,4,1,0,5,0,0,0,0,0,0,.333,5.3%,26.3%,.200,.368,.556,.924,.222,,.417,,3.5,0.9,.408,134
Lonnie White Jr.,696145,last_30,AA,23.7,Altoona Curve,Total,ALT,- - -,,,3,8,11,1,1,0,0,0,0,1,2,0,4,1,0,0,0,1,0,.125,18.2%,36.4%,.500,.364,.125,.489,.000,,.250,,0.9,-0.6,.280,61
Jake Rucker,696160,last_30,AAA,27.0,St. Paul Saints,Total,STP,- - -,,,8,24,32,6,4,2,0,0,6,5,8,0,12,0,0,0,0,1,1,.250,25.0%,37.5%,.667,.438,.333,.771,.083,,.500,,5.0,1.1,.372,128
Tyler Whitaker,696264,last_30,AA,24.1,Corpus Christi Hooks,Total,CC,- - -,,,5,18,20,2,1,1,0,0,2,1,2,0,6,0,0,0,1,0,1,.111,10.0%,30.0%,.333,.200,.167,.367,.056,,.167,,0.2,-2.7,.181,6
Davis Diaz,696286,last_30,AAA,23.6,Las Vegas Aviators,Total,LV,- - -,,,10,33,35,6,5,0,0,1,3,3,2,0,10,0,0,0,1,0,0,.182,5.7%,28.6%,.200,.229,.273,.501,.091,,.227,,1.6,-2.9,.231,35
James Tibbs III,696486,last_30,AAA,24.0,Oklahoma City Comets,Total,OKC,- - -,,,11,39,50,9,5,2,0,2,9,9,9,0,13,0,2,0,1,1,0,.231,18.0%,26.0%,.692,.360,.436,.796,.205,,.269,,7.1,0.8,.355,112
Mark Coley II,696501,last_30,AA,25.8,Biloxi Shuckers,Total,BLX,- - -,,,5,15,18,2,0,1,0,1,2,3,2,0,6,1,0,0,1,2,0,.133,11.1%,33.3%,.333,.278,.400,.678,.267,,.125,,2.0,-0.5,.309,80
Peyton Stovall,696510,last_30,AA,23.6,Chattanooga Lookouts,Total,CHA,- - -,,,4,13,18,5,2,2,0,1,2,3,5,0,2,0,0,0,0,1,0,.385,27.8%,11.1%,2.500,.556,.769,1.325,.385,,.400,,5.5,3.0,.560,223
Andy Garriola,696513,last_30,AA,26.7,Knoxville Smokies,Total,KNX,- - -,,,5,21,22,4,4,0,0,0,1,2,0,0,3,0,1,0,0,0,0,.190,0.0%,13.6%,.000,.182,.190,.372,.000,,.211,,-0.1,-3.1,.165,-2
Garrett Spain,696521,last_30,AA,26.0,Wichita Wind Surge,Total,WCH,- - -,,,5,20,24,5,3,2,0,0,1,1,4,0,5,0,0,0,0,2,0,.250,16.7%,20.8%,.800,.375,.350,.725,.100,,.333,,3.2,-0.3,.340,91
Rosman Verdugo,698916,last_30,AAA,21.6,El Paso Chihuahuas,Total,ELP,- - -,,,6,20,24,6,6,0,0,0,4,1,4,0,7,0,0,0,0,0,0,.300,16.7%,29.2%,.571,.417,.300,.717,.000,,.462,,3.2,0.2,.346,107
Edward Duran,698927,last_30,AA,22.3,New Hampshire Fisher Cats,Total,NH,- - -,,,2,5,7,0,0,0,0,0,0,0,2,0,2,0,0,0,0,1,0,.000,28.6%,28.6%,1.000,.286,.000,.286,.000,,.000,,0.2,-0.8,.203,18
Anderson De Los Santos,698945,last_30,AA,22.7,Chesapeake Baysox,Total,CHE,- - -,,,4,14,17,2,1,1,0,0,3,1,3,0,2,0,0,0,1,0,0,.143,17.6%,11.8%,1.500,.294,.214,.508,.071,,.167,,1.1,-1.2,.255,47
Jose Astudillo,698973,last_30,AA,22.5,Richmond Flying Squirrels,Total,RIC,- - -,,,1,3,4,0,0,0,0,0,1,0,1,0,1,0,0,0,0,0,0,.000,25.0%,25.0%,1.000,.250,.000,.250,.000,,.000,,0.0,-0.5,.178,3
Thayron Liranzo,699073,last_30,AA,23.2,Erie SeaWolves,Total,ERI,- - -,,,4,18,19,4,1,0,0,3,3,7,1,0,2,0,0,0,0,0,0,.222,5.3%,10.5%,.500,.263,.722,.985,.500,,.077,,3.7,1.0,.418,140
Leo Balcazar,699114,last_30,AAA,22.3,Louisville Bats,Total,LOU,- - -,,,10,31,36,8,6,1,0,1,4,6,5,0,7,0,0,0,0,0,0,.258,13.9%,19.4%,.714,.361,.387,.748,.129,,.304,,4.9,0.5,.345,110
Gregory Barrios,699126,last_30,AA,22.4,Montgomery Biscuits,Total,MTG,- - -,,,5,18,19,5,4,0,1,0,0,3,0,0,0,0,0,0,1,1,2,.278,0.0%,0.0%,,.278,.389,.667,.111,,.278,,1.8,-0.8,.293,71
Jadher Areinamo,699130,last_30,AAA,22.8,Durham Bulls,Total,DUR,- - -,,,9,30,32,3,3,0,0,0,2,2,1,0,1,0,1,0,1,0,0,.100,3.1%,3.1%,1.000,.125,.100,.225,.000,,.100,,-1.6,-5.5,.108,-40
Ahbram Liendo,699157,last_30,AA,22.6,Portland Sea Dogs,Total,POR,- - -,,,4,12,15,4,2,1,0,1,3,4,3,0,4,0,0,0,0,2,1,.333,20.0%,26.7%,.750,.467,.667,1.133,.333,,.429,,3.7,1.7,.490,181
Gleider Figuereo,699213,last_30,AA,22.2,Frisco RoughRiders,Total,FRI,- - -,,,5,19,22,5,3,1,0,1,2,4,2,0,6,0,1,0,2,1,0,.263,9.1%,27.3%,.333,.318,.474,.792,.211,,.308,,3.0,-0.2,.343,93
Anderdson Rojas,699232,last_30,AAA,22.5,Reno Aces,Total,RNO,- - -,,,11,43,44,8,7,1,0,0,0,1,1,0,9,0,0,0,1,3,1,.186,2.3%,20.5%,.111,.205,.209,.414,.023,,.235,,0.6,-5.0,.190,10
Jimmy Crooks,699625,last_30,AAA,25.2,Memphis Redbirds,Total,MEM,- - -,,,9,34,42,16,13,2,0,1,8,7,7,0,12,0,1,0,0,1,0,.471,16.7%,28.6%,.583,.548,.618,1.165,.147,,.682,,11.2,6.0,.512,216
Raylin Heredia,699712,last_30,AA,22.8,Reading Fightin Phils,Total,REA,- - -,,,5,18,21,4,1,2,0,1,2,3,2,0,2,1,0,0,0,0,1,.222,9.5%,9.5%,1.000,.333,.500,.833,.278,,.200,,3.3,0.4,.370,113
Jose Fernandez,699912,last_30,AAA,23.0,Reno Aces,Total,RNO,- - -,,,5,15,17,3,2,1,0,0,2,4,2,0,1,0,0,0,0,1,0,.200,11.8%,5.9%,2.000,.294,.267,.561,.067,,.214,,1.2,-0.9,.267,58
Victor Labrada,700032,last_30,AAA,26.7,Tacoma Rainiers,Total,TAC,- - -,,,7,26,28,6,5,0,0,1,4,2,2,0,5,0,0,0,0,1,0,.231,7.1%,17.9%,.400,.286,.346,.632,.115,,.250,,2.5,-1.0,.289,71
Jake Thompson,700081,last_30,AA,28.5,Rocket City Trash Pandas,Total,RCT,- - -,,,4,17,18,8,4,3,0,1,3,6,1,0,3,0,0,0,0,0,0,.471,5.6%,16.7%,.333,.500,.824,1.324,.353,,.538,,5.7,3.2,.575,231
John Bay,700083,last_30,AA,25.3,Binghamton Rumble Ponies,Total,BNG,- - -,,,5,15,19,3,3,0,0,0,2,1,4,0,8,0,0,0,0,4,0,.200,21.1%,42.1%,.500,.368,.200,.568,.000,,.429,,1.8,-0.8,.293,69
Bryant Betancourt,700164,last_30,AAA,22.9,Albuquerque Isotopes,Total,ABQ,- - -,,,7,26,31,8,5,3,0,0,3,7,4,0,3,0,1,0,0,0,0,.308,12.9%,9.7%,1.333,.387,.423,.810,.115,,.333,,4.6,0.7,.364,118
Payton Green,700243,last_30,AA,23.7,Pensacola Blue Wahoos,Total,PNS,- - -,,,5,17,20,3,2,1,0,0,2,2,2,0,8,1,0,0,0,5,0,.176,10.0%,40.0%,.250,.300,.235,.535,.059,,.333,,1.5,-1.3,.264,54
Carson Williams,700246,last_30,AAA,23.2,Durham Bulls,Total,DUR,- - -,,,11,32,38,6,4,0,2,0,3,2,4,0,12,1,1,0,0,0,1,.188,10.5%,31.6%,.333,.289,.312,.602,.125,,.286,,3.1,-1.5,.276,67
Andy Perez,700321,last_30,AA,22.3,Hartford Yard Goats,Total,HFD,- - -,,,5,22,23,3,2,1,0,0,0,2,1,0,6,0,0,0,0,1,0,.136,4.3%,26.1%,.167,.174,.182,.356,.045,,.188,,-0.1,-3.3,.166,-3
Edgar Quero,700337,last_30,AAA,23.5,Charlotte Knights,Total,CLT,- - -,,,2,7,9,0,0,0,0,0,0,0,2,0,2,0,0,0,0,0,0,.000,22.2%,22.2%,1.000,.222,.000,.222,.000,,.000,,-0.1,-1.2,.158,-8
Kenny Piper,700652,last_30,AAA,28.2,Durham Bulls,Total,DUR,- - -,,,2,8,8,1,1,0,0,0,1,0,0,0,2,0,0,0,0,1,0,.125,0.0%,25.0%,.000,.125,.125,.250,.000,,.167,,-0.4,-1.3,.114,-36
Nick Lorusso,700681,last_30,AAA,26.0,Syracuse Mets,Total,SYR,- - -,,,4,14,16,2,2,0,0,0,1,1,1,0,4,1,0,0,0,0,0,.143,6.2%,25.0%,.250,.250,.143,.393,.000,,.200,,0.4,-1.5,.205,21
Luis Pino,700720,last_30,AA,22.6,Springfield Cardinals,Total,SPR,- - -,,,1,4,4,2,2,0,0,0,1,0,0,0,2,0,0,0,0,0,0,.500,0.0%,50.0%,.000,.500,.500,1.000,.000,,1.000,,0.9,0.3,.455,153
Keiner Delgado,700731,last_30,AA,22.7,Altoona Curve,Total,ALT,- - -,,,4,14,15,3,2,0,0,1,4,1,1,0,4,0,0,0,1,1,0,.214,6.7%,26.7%,.250,.267,.429,.695,.214,,.222,,1.6,-0.5,.309,78
Adam Zebrowski,700845,last_30,AA,26.0,Columbus Clingstones,Total,COL,- - -,,,5,17,19,3,3,0,0,0,1,0,2,0,9,0,0,0,0,0,0,.176,10.5%,47.4%,.222,.263,.176,.440,.000,,.375,,0.7,-1.9,.219,28
Seth Stephenson,700931,last_30,AA,25.7,Erie SeaWolves,Total,ERI,- - -,,,4,16,17,8,6,1,1,0,5,1,1,0,2,0,0,0,1,5,1,.500,5.9%,11.8%,.500,.529,.688,1.217,.188,,.571,,4.8,2.5,.536,206
Kyle Manzardo,700932,last_30,AAA,26.2,Columbus Clippers,Total,COL,- - -,,,11,46,50,10,7,3,0,0,3,7,4,0,10,0,0,0,1,0,0,.217,8.0%,20.0%,.400,.280,.283,.563,.065,,.278,,3.6,-2.6,.262,58
Bennett Lee,700939,last_30,AAA,24.4,Toledo Mud Hens,Total,TOL,- - -,,,3,5,7,1,1,0,0,0,1,0,1,0,2,1,0,0,0,0,0,.200,14.3%,28.6%,.500,.429,.200,.629,.000,,.333,,0.9,0.1,.338,106
Alec Briley,701062,last_30,AA,26.0,Birmingham Barons,Total,BIR,- - -,,,6,22,25,3,0,1,0,2,3,4,2,0,8,0,1,0,1,0,1,.136,8.0%,32.0%,.250,.200,.455,.655,.318,,.077,,2.1,-1.3,.277,62
Kerrington Cross,701136,last_30,AA,24.4,San Antonio Missions,Total,SA,- - -,,,5,20,22,6,4,1,0,1,2,3,2,0,5,0,0,0,1,1,1,.300,9.1%,22.7%,.400,.364,.500,.864,.200,,.357,,3.7,0.5,.385,115
Nick Cimillo,701177,last_30,AAA,26.6,Indianapolis Indians,Total,IND,- - -,,,10,36,43,12,4,6,0,2,8,16,4,0,7,1,2,0,1,1,0,.333,9.3%,16.3%,.571,.395,.667,1.062,.333,,.345,,9.3,4.0,.447,175
Zach Dezenzo,701305,last_30,AAA,26.4,Sugar Land Space Cowboys,Total,SUG,- - -,,,10,28,37,5,3,2,0,0,2,3,7,0,7,2,0,0,0,1,1,.179,18.9%,18.9%,1.000,.378,.250,.628,.071,,.238,,4.2,-0.5,.318,90
Elijah Green,701327,last_30,AA,22.8,Harrisburg Senators,Total,HBG,- - -,,,4,14,18,2,2,0,0,0,3,1,4,0,8,0,0,0,1,0,0,.143,22.2%,44.4%,.500,.333,.143,.476,.000,,.333,,1.2,-1.2,.259,50
Colby Shelton,701333,last_30,AA,23.8,Birmingham Barons,Total,BIR,- - -,,,5,18,20,3,2,1,0,0,1,1,1,0,7,1,0,0,0,0,1,.167,5.0%,35.0%,.143,.250,.222,.472,.056,,.273,,0.9,-1.8,.228,34
Ethan Petry,701337,last_30,AA,22.2,Harrisburg Senators,Total,HBG,- - -,,,4,18,19,3,1,2,0,0,0,0,1,0,10,0,0,0,0,0,0,.167,5.3%,52.6%,.100,.211,.278,.488,.111,,.375,,0.7,-1.9,.222,28
Marek Houston,701339,last_30,AA,22.4,Wichita Wind Surge,Total,WCH,- - -,,,5,20,25,7,7,0,0,0,5,3,5,0,4,0,0,0,0,0,1,.350,20.0%,16.0%,1.250,.480,.350,.830,.000,,.438,,4.4,0.8,.397,122
Zach Ehrhard,701394,last_30,AAA,23.7,Oklahoma City Comets,Total,OKC,- - -,,,11,45,50,18,11,6,0,1,15,4,5,0,6,0,0,0,1,3,0,.400,10.0%,12.0%,.833,.460,.600,1.060,.200,,.447,,11.5,5.2,.469,183
Canyon Brown,701401,last_30,AA,23.1,Northwest Arkansas Naturals,Total,NWA,- - -,,,4,12,16,0,0,0,0,0,1,1,2,0,3,1,1,0,0,2,0,.000,12.5%,18.8%,.667,.188,.000,.188,.000,,.000,,-0.4,-2.8,.135,-19
Ryan Campos,701481,last_30,AA,23.9,Springfield Cardinals,Total,SPR,- - -,,,4,16,17,6,5,1,0,0,6,1,1,0,3,0,0,0,1,1,0,.375,5.9%,17.6%,.333,.412,.438,.849,.062,,.462,,2.9,0.4,.386,115
Ben Cowles,701496,last_30,AAA,26.6,Iowa Cubs,Total,IOW,- - -,,,7,24,25,4,2,1,0,1,2,3,1,0,6,0,0,0,0,0,0,.167,4.0%,24.0%,.167,.200,.333,.533,.167,,.176,,1.3,-1.8,.237,42
Mike Sirota,701527,last_30,AAA,23.3,Oklahoma City Comets,Total,OKC,- - -,,,4,13,19,4,3,1,0,0,4,0,5,0,5,1,0,0,1,0,0,.308,26.3%,26.3%,1.000,.526,.385,.911,.077,,.500,,4.0,1.4,.438,152
J.R. Freethy,701540,last_30,AA,23.7,New Hampshire Fisher Cats,Total,NH,- - -,,,3,11,11,1,1,0,0,0,0,0,0,0,4,0,0,0,0,0,0,.091,0.0%,36.4%,.000,.091,.091,.182,.000,,.143,,-0.8,-2.3,.083,-51
Duce Gourson,701546,last_30,AAA,24.0,Indianapolis Indians,Total,IND,- - -,,,6,27,31,8,4,1,0,3,5,7,4,0,9,0,0,0,0,1,0,.296,12.9%,29.0%,.444,.387,.667,1.054,.370,,.333,,6.9,3.1,.455,180
Ali Camarillo,701548,last_30,AA,23.3,Midland RockHounds,Total,MID,- - -,,,6,20,25,4,2,2,0,0,3,1,5,0,4,0,0,0,1,0,0,.200,20.0%,16.0%,1.250,.360,.300,.660,.100,,.250,,2.9,-0.7,.319,80
Damon Keith,701618,last_30,AA,26.3,Biloxi Shuckers,Total,BLX,- - -,,,4,18,19,8,7,0,0,1,3,4,1,0,3,0,0,0,1,0,1,.444,5.3%,15.8%,.333,.474,.611,1.085,.167,,.500,,4.7,2.1,.484,179
Aaron Zavala,701648,last_30,AAA,26.2,Round Rock Express,Total,RR,- - -,,,9,32,38,8,4,3,0,1,7,4,5,0,9,1,0,0,1,0,1,.250,13.2%,23.7%,.556,.368,.438,.806,.188,,.318,,5.7,0.9,.367,119
James Triantos,701649,last_30,AAA,23.6,Iowa Cubs,Total,IOW,- - -,,,10,35,37,9,6,3,0,0,4,2,2,0,5,0,0,0,0,1,2,.257,5.4%,13.5%,.400,.297,.343,.640,.086,,.300,,3.5,-1.1,.291,76
Braedon Karpathios,701682,last_30,AAA,23.3,El Paso Chihuahuas,Total,ELP,- - -,,,10,29,34,3,3,0,0,0,2,0,4,0,12,0,0,1,0,0,0,.103,11.8%,35.3%,.333,.212,.103,.316,.000,,.176,,-0.1,-4.4,.169,-3
Vance Honeycutt,701689,last_30,AA,23.3,Chesapeake Baysox,Total,CHE,- - -,,,4,17,19,2,0,0,0,2,3,2,2,0,7,0,0,0,0,0,0,.118,10.5%,36.8%,.286,.211,.471,.681,.353,,.000,,1.9,-0.8,.297,71
Bennett Thompson,701750,last_30,AA,23.7,Akron RubberDucks,Total,AKR,- - -,,,4,14,17,4,3,1,0,0,1,2,2,0,2,0,1,0,1,0,0,.286,11.8%,11.8%,1.000,.353,.357,.710,.071,,.308,,2.0,-0.4,.320,84
Billy Amick,701771,last_30,AAA,23.9,Syracuse Mets,Total,SYR,- - -,,,11,46,48,9,2,4,0,3,7,4,2,0,17,0,0,0,0,0,0,.196,4.2%,35.4%,.118,.229,.478,.707,.283,,.231,,5.1,-0.8,.307,87
Jace Avina,701778,last_30,AA,23.3,Somerset Patriots,Total,SOM,- - -,,,6,23,27,8,5,2,0,1,4,3,4,0,5,0,0,0,0,0,3,.348,14.8%,18.5%,.800,.444,.565,1.010,.217,,.412,,5.8,2.1,.448,157
Cole Messina,701783,last_30,AA,23.3,Hartford Yard Goats,Total,HFD,- - -,,,3,9,11,2,2,0,0,0,0,0,2,0,4,0,0,0,1,1,0,.222,18.2%,36.4%,.500,.364,.222,.586,.000,,.400,,1.1,-0.5,.295,70
Josh Caron,701805,last_30,AA,23.1,Arkansas Travelers,Total,ARK,- - -,,,4,16,18,3,0,3,0,0,2,2,2,0,7,0,0,0,0,1,0,.188,11.1%,38.9%,.286,.278,.375,.653,.188,,.333,,1.8,-0.9,.295,67
Carson DeMartini,701831,last_30,AA,23.7,Reading Fightin Phils,Total,REA,- - -,,,6,18,28,8,4,2,0,2,9,7,8,0,7,1,1,0,0,1,0,.444,28.6%,25.0%,1.143,.607,.889,1.496,.444,,.600,,9.4,5.6,.603,245
Carter Cunningham,701860,last_30,AA,25.8,New Hampshire Fisher Cats,Total,NH,- - -,,,4,14,16,3,1,1,0,1,2,3,2,0,3,0,0,0,0,0,0,.214,12.5%,18.8%,.667,.312,.500,.812,.286,,.200,,2.3,0.1,.358,106
Trevor Cohen,701906,last_30,AA,22.9,Richmond Flying Squirrels,Total,RIC,- - -,,,5,21,22,6,4,2,0,0,1,0,1,0,3,0,0,0,1,0,0,.286,4.5%,13.6%,.333,.318,.381,.699,.095,,.333,,2.5,-0.6,.315,82
Cole Gabrielson,702068,last_30,AA,26.2,Somerset Patriots,Total,SOM,- - -,,,4,14,14,4,1,2,0,1,2,4,0,0,1,0,0,0,0,2,0,.286,0.0%,7.1%,.000,.286,.643,.929,.357,,.250,,2.5,0.6,.401,130
Ruben Ibarra,702140,last_30,AA,27.4,Chattanooga Lookouts,Total,CHA,- - -,,,6,22,28,8,1,2,0,5,10,8,5,0,5,1,0,0,0,0,0,.364,17.9%,17.9%,1.000,.500,1.136,1.636,.773,,.250,,10.6,6.8,.655,277
Alan Roden,702176,last_30,AAA,26.7,St. Paul Saints,Total,STP,- - -,,,8,35,38,7,6,1,0,0,2,4,3,1,7,0,0,0,1,0,0,.200,7.9%,18.4%,.429,.263,.229,.492,.029,,.250,,1.5,-3.2,.221,32
Colin Tuft,702239,last_30,AA,23.6,Chesapeake Baysox,Total,CHE,- - -,,,3,8,11,2,1,1,0,0,0,2,2,0,3,1,0,0,0,0,1,.250,18.2%,27.3%,.667,.455,.375,.830,.125,,.400,,1.9,0.4,.397,128
Cam Collier,702253,last_30,AA,21.8,Chattanooga Lookouts,Total,CHA,- - -,,,6,25,27,4,2,2,0,0,2,1,0,0,7,1,1,0,0,0,0,.160,0.0%,25.9%,.000,.185,.240,.425,.080,,.211,,0.5,-3.2,.191,12
Druw Jones,702258,last_30,AA,22.8,Amarillo Sod Poodles,Total,AMA,- - -,,,5,21,22,7,6,1,0,0,5,3,1,0,7,0,0,0,1,4,1,.333,4.5%,31.8%,.143,.364,.381,.745,.048,,.500,,2.9,-0.3,.339,91
Gavin Kilen,702264,last_30,AA,22.5,Richmond Flying Squirrels,Total,RIC,- - -,,,2,8,8,1,0,0,0,1,1,1,0,0,3,0,0,0,1,0,0,.125,0.0%,37.5%,.000,.125,.500,.625,.375,,.000,,0.6,-0.5,.264,52
Paxton Kling,702265,last_30,AA,23.3,Frisco RoughRiders,Total,FRI,- - -,,,5,17,22,3,2,1,0,0,3,3,2,0,4,2,0,1,0,2,0,.176,9.1%,18.2%,.500,.333,.235,.569,.059,,.231,,2.0,-1.2,.287,63
Malcolm Moore,702270,last_30,AA,23.1,Frisco RoughRiders,Total,FRI,- - -,,,3,11,12,2,1,1,0,0,0,0,1,0,3,0,0,0,0,0,0,.182,8.3%,25.0%,.333,.250,.273,.523,.091,,.250,,0.7,-1.1,.243,39
Nolan Schubart,702278,last_30,AA,22.3,Akron RubberDucks,Total,AKR,- - -,,,5,15,19,1,0,0,0,1,1,1,4,0,7,0,0,0,0,1,0,.067,21.1%,36.8%,.571,.263,.267,.530,.200,,.000,,1.3,-1.3,.261,51
Tucker Toman,702283,last_30,AA,22.8,New Hampshire Fisher Cats,Total,NH,- - -,,,3,9,11,1,1,0,0,0,0,1,2,0,4,0,0,0,0,0,0,.111,18.2%,36.4%,.500,.273,.111,.384,.000,,.200,,0.3,-1.2,.212,23
RJ Schreck,702302,last_30,AAA,26.2,Buffalo Bisons,Total,BUF,- - -,,,8,22,30,3,1,1,0,1,3,1,8,0,5,0,0,0,0,0,0,.136,26.7%,16.7%,1.600,.367,.318,.685,.182,,.125,,3.8,0.1,.333,103
Bennett Hostetler,702315,last_30,AAA,29.0,Jacksonville Jumbo Shrimp,Total,JAX,- - -,,,4,15,15,3,0,2,1,0,1,0,0,0,8,0,0,0,1,0,0,.200,0.0%,53.3%,.000,.200,.467,.667,.267,,.429,,1.3,-0.5,.282,70
Noah Mendlinger,702331,last_30,AAA,26.1,Memphis Redbirds,Total,MEM,- - -,,,10,39,48,10,10,0,0,0,4,2,7,0,2,1,1,0,1,0,0,.256,14.6%,4.2%,3.500,.375,.256,.631,.000,,.263,,5.2,-0.7,.309,87
Trey Lipscomb,702358,last_30,AAA,26.3,Rochester Red Wings,Total,ROC,- - -,,,12,52,56,12,8,3,0,1,9,5,4,0,13,0,0,0,1,1,1,.231,7.1%,23.2%,.308,.286,.346,.632,.115,,.289,,5.1,-1.8,.288,74
Logan Wagner,702488,last_30,AA,22.5,Tulsa Drillers,Total,TUL,- - -,,,5,18,22,3,0,1,0,2,2,4,3,0,10,1,0,0,0,0,0,.167,13.6%,45.5%,.300,.318,.556,.874,.389,,.167,,3.6,0.4,.381,113
Mitch Voit,702491,last_30,AA,21.9,Binghamton Rumble Ponies,Total,BNG,- - -,,,3,14,14,4,4,0,0,0,2,1,0,0,2,0,0,0,0,2,1,.286,0.0%,14.3%,.000,.286,.286,.571,.000,,.333,,1.0,-1.0,.260,50
Eli Serrano III,702501,last_30,AA,23.4,Binghamton Rumble Ponies,Total,BNG,- - -,,,4,14,15,3,1,1,0,1,1,1,1,0,3,0,0,0,0,1,0,.214,6.7%,20.0%,.333,.267,.500,.767,.286,,.200,,1.9,-0.2,.335,93
Mason White,702517,last_30,AA,23.0,Portland Sea Dogs,Total,POR,- - -,,,4,11,16,4,1,2,0,1,4,2,5,0,2,0,0,0,0,2,0,.364,31.2%,12.5%,2.500,.562,.818,1.381,.455,,.375,,5.0,2.8,.573,228
Justin Thomas Jr.,702520,last_30,AA,23.0,Corpus Christi Hooks,Total,CC,- - -,,,5,16,24,3,3,0,0,0,2,1,6,0,5,1,1,0,1,3,0,.188,25.0%,20.8%,1.200,.417,.188,.604,.000,,.250,,2.9,-0.6,.322,82
Logan Sauve,702524,last_30,AA,23.2,Midland RockHounds,Total,MID,- - -,,,2,7,7,1,1,0,0,0,1,1,0,0,3,0,0,0,0,0,0,.143,0.0%,42.9%,.000,.143,.143,.286,.000,,.250,,-0.2,-1.2,.130,-21
Eric Snow,702526,last_30,AA,22.5,New Hampshire Fisher Cats,Total,NH,- - -,,,3,8,8,0,0,0,0,0,0,0,0,0,3,0,0,0,0,0,0,.000,0.0%,37.5%,.000,.000,.000,.000,.000,,.000,,-1.1,-2.2,.000,-97
Mikey Romero,702540,last_30,AAA,22.7,Worcester Red Sox,Total,WOR,- - -,,,10,44,45,9,7,2,0,0,5,1,1,0,14,0,0,0,0,0,0,.205,2.2%,31.1%,.071,.222,.250,.472,.045,,.300,,1.5,-4.0,.215,28
Jacob Reimer,702544,last_30,AA,22.6,Binghamton Rumble Ponies,Total,BNG,- - -,,,5,18,21,3,2,0,0,1,1,5,3,0,7,0,0,0,0,0,1,.167,14.3%,33.3%,.429,.286,.333,.619,.167,,.200,,1.9,-1.0,.289,66
Jace LaViolette,702593,last_30,AA,22.8,Akron RubberDucks,Total,AKR,- - -,,,6,23,25,3,0,0,1,2,2,4,2,0,10,0,0,0,0,0,0,.130,8.0%,40.0%,.200,.200,.478,.678,.348,,.091,,2.3,-1.1,.291,68
Dom Krupinski,702597,last_30,AA,22.5,Knoxville Smokies,Total,KNX,- - -,,,1,3,4,0,0,0,0,0,0,0,1,0,2,0,0,0,0,0,0,.000,25.0%,50.0%,.500,.250,.000,.250,.000,,.000,,0.0,-0.5,.178,5
Dakota Jordan,702607,last_30,AA,23.3,Richmond Flying Squirrels,Total,RIC,- - -,,,4,16,17,3,3,0,0,0,1,1,1,0,8,0,0,0,1,0,0,.188,5.9%,47.1%,.125,.235,.188,.423,.000,,.375,,0.4,-1.9,.202,17
Luke Hill,702619,last_30,AA,22.4,Akron RubberDucks,Total,AKR,- - -,,,6,18,23,4,4,0,0,0,2,3,4,0,3,0,1,0,1,0,0,.222,17.4%,13.0%,1.333,.348,.222,.570,.000,,.250,,2.0,-1.2,.282,63
Luke Hanson,702630,last_30,AA,23.0,Frisco RoughRiders,Total,FRI,- - -,,,6,20,22,1,1,0,0,0,1,2,1,0,2,1,0,0,0,0,0,.050,4.5%,9.1%,.500,.136,.050,.186,.000,,.056,,-1.1,-4.3,.107,-34
Michael Gupton,702632,last_30,AA,22.9,Knoxville Smokies,Total,KNX,- - -,,,1,3,3,0,0,0,0,0,0,0,0,0,1,0,0,0,0,1,0,.000,0.0%,33.3%,.000,.000,.000,.000,.000,,.000,,-0.4,-0.8,.000,-96
Andrew Fischer,702652,last_30,AA,22.3,Biloxi Shuckers,Total,BLX,- - -,,,6,22,29,7,5,0,0,2,6,3,7,0,6,0,0,0,0,0,0,.318,24.1%,20.7%,1.167,.483,.591,1.074,.273,,.357,,6.9,2.9,.474,174
Dylan Dreiling,702662,last_30,AA,23.4,Frisco RoughRiders,Total,FRI,- - -,,,5,23,24,6,5,1,0,0,4,1,1,0,4,0,0,0,0,1,0,.261,4.2%,16.7%,.250,.292,.304,.596,.043,,.316,,1.9,-1.6,.273,55
Demetrio Crisantes,702679,last_30,AAA,22.0,Reno Aces,Total,RNO,- - -,,,12,40,49,13,6,5,1,1,8,5,9,0,2,0,0,0,0,0,0,.325,18.4%,4.1%,4.500,.449,.575,1.024,.250,,.324,,10.6,4.4,.451,171
Cutter Coffey,702690,last_30,AA,22.3,New Hampshire Fisher Cats,Total,NH,- - -,,,2,6,8,1,1,0,0,0,1,0,1,0,3,1,0,0,0,0,0,.167,12.5%,37.5%,.333,.375,.167,.542,.000,,.333,,0.8,-0.3,.295,70
Jaison Chourio,702693,last_30,AA,21.3,Akron RubberDucks,Total,AKR,- - -,,,5,18,20,7,6,1,0,0,3,3,1,0,5,0,1,0,0,3,0,.389,5.0%,25.0%,.200,.400,.444,.844,.056,,.500,,3.1,0.4,.373,114
Easton Carmichael,702695,last_30,AA,22.9,Altoona Curve,Total,ALT,- - -,,,5,16,19,4,2,2,0,0,4,4,2,0,2,1,0,0,0,1,0,.250,10.5%,10.5%,1.000,.368,.375,.743,.125,,.286,,2.6,-0.0,.346,99
Emaarion Boyd,702708,last_30,AA,23.1,Pensacola Blue Wahoos,Total,PNS,- - -,,,3,12,12,2,1,0,1,0,0,1,0,0,4,0,0,0,0,0,0,.167,0.0%,33.3%,.000,.167,.333,.500,.167,,.250,,0.4,-1.2,.212,25
Austin Gauthier,702789,last_30,AAA,27.4,Oklahoma City Comets,Total,OKC,- - -,,,9,29,37,5,4,0,0,1,6,4,7,0,8,0,0,1,1,0,0,.172,18.9%,21.6%,.875,.333,.276,.609,.103,,.200,,3.6,-1.1,.298,77
Roderick Arias,703149,last_30,AA,22.0,Somerset Patriots,Total,SOM,- - -,,,5,20,22,4,3,1,0,0,3,4,1,0,6,0,1,0,0,2,0,.200,4.5%,27.3%,.167,.227,.250,.477,.050,,.267,,0.7,-2.3,.215,25
Nelson Rada,703185,last_30,AAA,21.1,Salt Lake Bees,Total,SL,- - -,,,11,44,51,17,12,5,0,0,7,7,7,0,8,0,0,0,1,7,1,.386,13.7%,15.7%,.875,.471,.500,.971,.114,,.472,,10.6,4.1,.439,164
Johanfran Garcia,703190,last_30,AA,21.8,Portland Sea Dogs,Total,POR,- - -,,,3,13,13,3,0,3,0,0,2,3,0,0,7,0,0,0,0,1,0,.231,0.0%,53.8%,.000,.231,.462,.692,.231,,.500,,1.3,-0.5,.299,72
Randy De Jesus,703194,last_30,AA,21.6,Rocket City Trash Pandas,Total,RCT,- - -,,,1,4,4,1,0,1,0,0,0,1,0,0,0,0,0,0,0,0,0,.250,0.0%,0.0%,,.250,.500,.750,.250,,.250,,0.5,-0.1,.324,88
Anthony Scull,703430,last_30,AA,22.6,Rocket City Trash Pandas,Total,RCT,- - -,,,4,19,20,4,2,1,0,1,3,3,1,0,6,0,0,0,0,0,0,.211,5.0%,30.0%,.167,.250,.421,.671,.211,,.250,,2.0,-0.7,.297,73
Cam Cannarella,703448,last_30,AAA,23.0,Jacksonville Jumbo Shrimp,Total,JAX,- - -,,,9,37,41,7,4,3,0,0,2,2,4,0,9,0,0,0,0,0,2,.189,9.8%,22.0%,.444,.268,.270,.539,.081,,.250,,2.6,-2.4,.253,52
Brooks Brannon,703477,last_30,AA,22.4,Portland Sea Dogs,Total,POR,- - -,,,5,21,21,4,1,2,0,1,3,3,0,0,6,0,0,0,0,0,0,.190,0.0%,28.6%,.000,.190,.429,.619,.238,,.214,,1.6,-1.3,.267,54
Dixon Williams,703483,last_30,AA,22.7,Columbus Clingstones,Total,COL,- - -,,,5,16,19,3,2,0,1,0,1,0,2,0,8,1,0,0,0,2,1,.188,10.5%,42.1%,.250,.316,.312,.628,.125,,.375,,1.9,-0.7,.296,72
Jared Thomas,703606,last_30,AA,23.2,Hartford Yard Goats,Total,HFD,- - -,,,5,20,23,7,5,1,0,1,5,3,2,0,11,1,0,0,0,3,1,.350,8.7%,47.8%,.182,.435,.550,.985,.200,,.750,,4.8,1.7,.440,152
Max Williams,703637,last_30,AA,22.1,Pensacola Blue Wahoos,Total,PNS,- - -,,,6,20,26,8,4,1,0,3,5,7,4,0,1,0,2,0,1,1,0,.400,15.4%,3.8%,4.000,.462,.900,1.362,.500,,.278,,7.6,4.0,.543,213
Brandon Compton,703680,last_30,AAA,22.9,Jacksonville Jumbo Shrimp,Total,JAX,- - -,,,10,35,41,5,2,2,0,1,4,6,5,0,17,0,0,0,0,0,0,.143,12.2%,41.5%,.294,.250,.286,.536,.143,,.235,,2.6,-2.5,.252,51
Wyatt Hoffman,703715,last_30,AA,27.5,San Antonio Missions,Total,SA,- - -,,,4,14,15,0,0,0,0,0,0,0,1,0,4,0,0,0,1,0,1,.000,6.7%,26.7%,.250,.067,.000,.067,.000,,.000,,-1.4,-3.6,.047,-66
Dakota Harris,703766,last_30,AAA,24.6,Memphis Redbirds,Total,MEM,- - -,,,8,28,32,6,2,2,0,2,6,6,3,0,9,1,0,0,2,1,1,.214,9.4%,28.1%,.333,.312,.500,.812,.286,,.235,,4.7,0.8,.359,120
Romeo Sanabria,703804,last_30,AA,24.4,San Antonio Missions,Total,SA,- - -,,,5,18,24,7,5,0,0,2,5,7,5,0,5,0,1,0,0,1,0,.389,20.8%,20.8%,1.000,.500,.722,1.222,.333,,.417,,6.4,2.9,.514,184
Xavier Isaac,800060,last_30,AAA,22.8,Durham Bulls,Total,DUR,- - -,,,9,28,35,6,3,3,0,0,2,4,6,0,12,0,1,0,1,0,0,.214,17.1%,34.3%,.500,.343,.321,.664,.107,,.353,,3.8,-0.5,.311,89
Aroon Escobar,800169,last_30,AA,21.7,Reading Fightin Phils,Total,REA,- - -,,,6,22,25,9,2,4,0,3,8,6,1,0,2,2,0,0,0,1,0,.409,4.0%,8.0%,.500,.480,1.000,1.480,.591,,.353,,8.8,5.3,.621,255
Carlos Sanchez,800176,last_30,AA,21.7,Chattanooga Lookouts,Total,CHA,- - -,,,5,21,23,7,2,2,1,2,5,2,2,0,7,0,0,0,1,0,0,.333,8.7%,30.4%,.286,.391,.810,1.201,.476,,.417,,6.1,2.9,.508,193
Cristofer Torin,800198,last_30,AA,21.3,Amarillo Sod Poodles,Total,AMA,- - -,,,5,23,25,6,5,0,0,1,3,4,1,0,2,0,1,0,1,0,0,.261,4.0%,8.0%,.500,.280,.391,.671,.130,,.238,,2.4,-1.2,.295,67
Won-Bin Cho,800231,last_30,AA,23.1,Springfield Cardinals,Total,SPR,- - -,,,3,10,13,3,0,3,0,0,2,1,2,0,1,0,1,0,0,1,1,.300,15.4%,7.7%,2.000,.385,.600,.985,.300,,.300,,2.4,0.5,.408,127
Roynier Hernandez,800281,last_30,AA,21.8,Hartford Yard Goats,Total,HFD,- - -,,,5,17,19,6,5,1,0,0,2,2,2,0,1,0,0,0,1,0,0,.353,10.5%,5.3%,2.000,.421,.412,.833,.059,,.375,,3.1,0.5,.382,120
Jesús  Báez,800305,last_30,AA,21.5,Springfield Cardinals,Total,SPR,- - -,,,5,19,22,6,2,2,0,2,4,6,0,0,3,2,1,0,0,0,0,.316,0.0%,13.6%,.000,.364,.737,1.100,.421,,.267,,5.0,1.8,.460,155
Edwin Amparo,800348,last_30,AA,21.9,Chesapeake Baysox,Total,CHE,- - -,,,1,3,4,0,0,0,0,0,1,1,1,0,1,0,0,0,1,0,0,.000,25.0%,25.0%,1.000,.250,.000,.250,.000,,.000,,0.0,-0.5,.178,3
Fernando Peguero,800387,last_30,AAA,21.7,Norfolk Tides,Total,NOR,- - -,,,7,25,26,4,3,1,0,0,1,0,1,0,9,0,0,0,1,1,0,.160,3.8%,34.6%,.111,.192,.200,.392,.040,,.250,,0.2,-3.0,.182,7
Aron Estrada,800406,last_30,AAA,21.7,Norfolk Tides,Total,NOR,- - -,,,9,35,41,12,10,0,0,2,4,9,6,0,9,0,0,0,0,1,0,.343,14.6%,22.0%,.667,.439,.514,.953,.171,,.417,,8.3,2.9,.429,155
Thomas Sosa,800449,last_30,AA,21.7,Chesapeake Baysox,Total,CHE,- - -,,,2,8,8,1,1,0,0,0,0,0,0,0,4,0,0,0,0,0,0,.125,0.0%,50.0%,.000,.125,.125,.250,.000,,.250,,-0.4,-1.5,.114,-33
Jefferson Rojas,800473,last_30,AAA,21.4,Syracuse Mets,Total,SYR,- - -,,,9,39,43,11,5,3,0,3,11,7,2,0,13,1,1,0,0,2,1,.282,4.7%,30.2%,.154,.326,.590,.915,.308,,.333,,7.5,2.0,.394,136
Alberto Hernandez,800516,last_30,AA,22.6,Corpus Christi Hooks,Total,CC,- - -,,,4,14,15,2,1,1,0,0,1,0,0,0,4,1,0,0,1,0,0,.143,0.0%,26.7%,.000,.200,.214,.414,.071,,.200,,0.3,-1.9,.196,14
Josue De Paula,800543,last_30,AA,21.3,Tulsa Drillers,Total,TUL,- - -,,,2,7,10,2,0,1,0,1,3,3,3,0,3,0,0,0,0,1,0,.286,30.0%,30.0%,1.000,.500,.857,1.357,.571,,.333,,3.0,1.5,.554,206
Alberto Barriga,800569,last_30,AA,21.8,Amarillo Sod Poodles,Total,AMA,- - -,,,3,12,13,4,3,0,0,1,3,2,1,0,4,0,0,0,0,0,0,.333,7.7%,30.8%,.250,.385,.583,.968,.250,,.429,,2.6,0.7,.427,138
Eric Bitonti,800724,last_30,AA,20.8,Biloxi Shuckers,Total,BLX,- - -,,,6,24,28,3,1,2,0,0,2,5,1,0,11,0,3,0,0,0,0,.125,3.6%,39.3%,.091,.143,.208,.351,.083,,.188,,-0.4,-4.2,.150,-11
Chase Heath,800840,last_30,AA,23.2,Springfield Cardinals,Total,SPR,- - -,,,1,1,1,0,0,0,0,0,0,0,0,0,0,0,0,0,1,0,0,.000,0.0%,0.0%,,.000,.000,.000,.000,,.000,,-0.1,-0.3,.000,-91
Brendan Jones,800957,last_30,AAA,24.4,Jacksonville Jumbo Shrimp,Total,JAX,- - -,,,9,27,33,4,3,1,0,0,5,2,6,0,11,0,0,0,0,4,0,.148,18.2%,33.3%,.545,.303,.185,.488,.037,,.250,,2.1,-2.0,.251,51
Nick Goodwin,800959,last_30,AAA,25.0,Buffalo Bisons,Total,BUF,- - -,,,9,27,28,6,4,1,0,1,2,1,1,0,7,0,0,0,0,0,0,.222,3.6%,25.0%,.143,.250,.370,.620,.148,,.263,,2.3,-1.1,.277,67
Walker Janek,801075,last_30,AA,24.0,Corpus Christi Hooks,Total,CC,- - -,,,4,15,16,3,2,1,0,0,2,1,1,0,8,0,0,0,1,0,0,.200,6.2%,50.0%,.125,.250,.267,.517,.067,,.429,,0.9,-1.5,.239,37
Max Anderson,801194,last_30,AAA,24.6,Toledo Mud Hens,Total,TOL,- - -,,,10,41,44,12,9,2,0,1,5,5,3,0,6,0,0,0,2,1,0,.293,6.8%,13.6%,.500,.341,.415,.756,.122,,.324,,5.9,0.4,.341,108
Juan Matheus,801276,last_30,AAA,22.4,Jacksonville Jumbo Shrimp,Total,JAX,- - -,,,10,31,36,4,2,2,0,0,4,3,3,0,8,1,1,0,0,3,0,.129,8.3%,22.2%,.375,.222,.194,.416,.065,,.167,,0.9,-3.5,.202,20
Luis Hernandez,801346,last_30,AA,24.2,Wichita Wind Surge,Total,WCH,- - -,,,2,7,8,2,2,0,0,0,0,1,1,0,0,0,0,0,0,0,0,.286,12.5%,0.0%,,.375,.286,.661,.000,,.286,,0.9,-0.3,.316,78
Jared Dickey,801406,last_30,AAA,24.6,Las Vegas Aviators,Total,LV,- - -,,,9,24,27,4,3,1,0,0,3,1,3,0,4,0,0,0,1,0,0,.167,11.1%,14.8%,.750,.259,.208,.468,.042,,.200,,1.1,-2.3,.228,34
Chris Suero,801523,last_30,AA,22.6,Binghamton Rumble Ponies,Total,BNG,- - -,,,5,16,18,3,3,0,0,0,1,1,2,0,6,0,0,0,0,1,2,.188,11.1%,33.3%,.333,.278,.188,.465,.000,,.300,,0.8,-1.6,.231,33
Aaron Parker,801590,last_30,AA,23.7,New Hampshire Fisher Cats,Total,NH,- - -,,,4,16,17,2,2,0,0,0,1,0,1,0,8,0,0,0,0,0,0,.125,5.9%,47.1%,.125,.176,.125,.301,.000,,.250,,-0.3,-2.6,.149,-13
Zander Darby,801592,last_30,AA,23.8,Richmond Flying Squirrels,Total,RIC,- - -,,,4,12,13,4,4,0,0,0,1,1,1,0,4,0,0,0,1,0,0,.333,7.7%,30.8%,.250,.385,.333,.718,.000,,.500,,1.7,-0.1,.335,92
Cade McGee,801629,last_30,AA,23.7,Springfield Cardinals,Total,SPR,- - -,,,5,19,21,8,3,2,1,2,5,6,2,0,2,0,0,0,0,0,0,.421,9.5%,9.5%,1.000,.476,.947,1.424,.526,,.400,,7.1,4.0,.600,230
Mike Boeve,801670,last_30,AA,24.4,Biloxi Shuckers,Total,BLX,- - -,,,6,22,27,4,2,1,0,1,4,4,5,0,5,0,0,0,0,0,0,.182,18.5%,18.5%,1.000,.333,.364,.697,.182,,.188,,3.3,-0.4,.325,89
Kole Myers,801887,last_30,AA,25.7,Tulsa Drillers,Total,TUL,- - -,,,5,19,23,4,4,0,0,0,3,3,2,0,5,1,1,0,1,1,1,.211,8.7%,21.7%,.400,.304,.211,.515,.000,,.267,,1.5,-1.9,.252,44
Alex McCoy,801932,last_30,AA,24.6,San Antonio Missions,Total,SA,- - -,,,5,23,25,8,6,1,0,1,3,2,2,0,3,0,0,0,1,1,1,.348,8.0%,12.0%,.667,.400,.522,.922,.174,,.368,,4.7,1.1,.411,129
Avery Owusu-Asiedu,801938,last_30,AA,23.2,Amarillo Sod Poodles,Total,AMA,- - -,,,6,22,27,3,0,1,0,2,5,3,4,0,6,1,0,0,0,1,0,.136,14.8%,22.2%,.667,.296,.455,.751,.318,,.071,,3.5,-0.4,.337,89
Dub Gleed,801957,last_30,AA,24.0,New Hampshire Fisher Cats,Total,NH,- - -,,,4,15,17,5,5,0,0,0,1,0,1,0,2,1,0,0,0,0,0,.333,5.9%,11.8%,.500,.412,.333,.745,.000,,.385,,2.4,0.1,.353,103
Callan Moss,801978,last_30,AA,23.0,Altoona Curve,Total,ALT,- - -,,,5,18,19,6,3,1,1,1,5,7,1,0,5,0,0,0,0,2,0,.333,5.3%,26.3%,.200,.368,.667,1.035,.333,,.417,,4.1,1.5,.447,156
Ryan Burrowes,802018,last_30,AA,22.1,Birmingham Barons,Total,BIR,- - -,,,6,22,24,8,6,1,1,0,8,0,2,0,4,0,0,0,0,2,0,.364,8.3%,16.7%,.500,.417,.500,.917,.136,,.444,,4.5,1.2,.409,137
Patrick Clohisy,802117,last_30,AAA,24.8,Gwinnett Stripers,Total,GWN,- - -,,,4,13,14,2,1,1,0,0,3,0,1,0,4,0,0,0,1,3,1,.154,7.1%,28.6%,.250,.214,.231,.445,.077,,.222,,0.4,-1.3,.208,24
Dayne Leonard,802143,last_30,AAA,26.4,Louisville Bats,Total,LOU,- - -,,,2,6,8,1,1,0,0,0,1,1,0,0,2,0,1,1,0,0,0,.167,0.0%,25.0%,.000,.143,.167,.310,.000,,.200,,-0.3,-1.2,.130,-26
Woody Hadeen,802219,last_30,AA,24.2,Erie SeaWolves,Total,ERI,- - -,,,5,20,24,7,4,2,0,1,5,3,4,0,6,0,0,0,0,3,0,.350,16.7%,25.0%,.667,.458,.600,1.058,.250,,.462,,5.5,2.2,.466,167
Tanner Schobel,802355,last_30,AAA,25.3,St. Paul Saints,Total,STP,- - -,,,10,38,41,10,5,4,0,1,5,7,2,0,5,1,0,0,1,2,0,.263,4.9%,12.2%,.400,.317,.447,.764,.184,,.281,,5.5,0.4,.341,108
Cameron Leary,802474,last_30,AA,24.8,Midland RockHounds,Total,MID,- - -,,,6,18,25,8,5,3,0,0,2,10,7,0,6,0,0,0,0,4,1,.444,28.0%,24.0%,1.167,.600,.611,1.211,.167,,.667,,7.2,3.5,.536,196
Dylan O'Rae,802506,last_30,AA,22.6,Biloxi Shuckers,Total,BLX,- - -,,,3,12,17,3,3,0,0,0,3,1,4,0,2,0,0,1,1,4,0,.250,23.5%,11.8%,2.000,.438,.250,.688,.000,,.300,,2.4,0.1,.348,102
Agustin Acosta,802528,last_30,AA,22.0,Tulsa Drillers,Total,TUL,- - -,,,1,4,4,0,0,0,0,0,0,0,0,0,3,0,0,0,0,0,0,.000,0.0%,75.0%,.000,.000,.000,.000,.000,,.000,,-0.5,-1.1,.000,-91
Bryan Broecker,802541,last_30,AA,24.6,Montgomery Biscuits,Total,MTG,- - -,,,2,6,6,0,0,0,0,0,0,0,0,0,2,0,0,0,0,0,0,.000,0.0%,33.3%,.000,.000,.000,.000,.000,,.000,,-0.8,-1.6,.000,-96
Max Holy,802959,last_30,AA,24.2,Corpus Christi Hooks,Total,CC,- - -,,,3,11,12,3,3,0,0,0,2,3,1,0,4,0,0,0,0,0,0,.273,8.3%,33.3%,.250,.333,.273,.606,.000,,.429,,1.1,-0.7,.287,63
E.J. Exposito,802991,last_30,AA,25.4,Erie SeaWolves,Total,ERI,- - -,,,6,22,24,3,3,0,0,0,4,1,1,0,6,1,0,0,1,4,0,.136,4.2%,25.0%,.167,.208,.136,.345,.000,,.188,,0.0,-3.3,.174,1
Matthew Etzel,803033,last_30,AAA,24.4,Jacksonville Jumbo Shrimp,Total,JAX,- - -,,,8,28,35,4,1,1,0,2,7,3,7,0,9,0,0,0,1,4,0,.143,20.0%,25.7%,.778,.314,.393,.707,.250,,.118,,4.2,-0.1,.326,98
Griff O'Ferrall,803172,last_30,AA,23.6,Chesapeake Baysox,Total,CHE,- - -,,,5,20,24,10,8,1,0,1,4,2,3,0,6,1,0,0,0,3,0,.500,12.5%,25.0%,.500,.583,.700,1.283,.200,,.692,,7.4,4.1,.565,223
Ethan Anderson,803175,last_30,AAA,23.0,Norfolk Tides,Total,NOR,- - -,,,9,37,41,13,6,3,0,4,8,10,4,0,5,0,0,0,2,1,0,.351,9.8%,12.2%,.800,.415,.757,1.171,.405,,.321,,10.6,5.3,.503,199
Jay Harry,803385,last_30,AAA,24.2,Buffalo Bisons,Total,BUF,- - -,,,11,41,45,9,8,1,0,0,4,3,3,0,12,1,0,0,1,0,0,.220,6.7%,26.7%,.250,.289,.244,.533,.024,,.310,,2.9,-2.6,.254,53
Adrian Santana,803745,last_30,AA,21.2,Pensacola Blue Wahoos,Total,PNS,- - -,,,4,19,20,2,2,0,0,0,1,0,1,0,4,0,0,0,0,1,0,.105,5.0%,20.0%,.250,.150,.105,.255,.000,,.133,,-0.7,-3.4,.127,-24
Devin Fitz-Gerald,803849,last_30,AA,21.1,Harrisburg Senators,Total,HBG,- - -,,,3,14,16,4,1,0,0,3,5,4,2,0,4,0,0,0,0,0,0,.286,12.5%,25.0%,.500,.375,.929,1.304,.643,,.143,,4.6,2.4,.541,210
Aiva Arquette,804109,last_30,AA,22.9,Pensacola Blue Wahoos,Total,PNS,- - -,,,4,17,19,6,5,0,0,1,5,2,2,1,4,0,0,0,0,1,0,.353,10.5%,21.1%,.500,.421,.529,.950,.176,,.417,,3.6,1.0,.410,137
Luke Pelzer,804114,last_30,AA,23.7,Northwest Arkansas Naturals,Total,NWA,- - -,,,4,14,16,5,3,2,0,0,2,0,2,1,4,0,0,0,0,1,0,.357,12.5%,25.0%,.500,.438,.500,.938,.143,,.500,,2.9,0.6,.402,124
Bobby Boser,804119,last_30,AA,23.8,Midland RockHounds,Total,MID,- - -,,,5,15,21,5,3,1,0,1,4,3,5,0,4,1,0,0,0,2,0,.333,23.8%,19.0%,1.250,.524,.600,1.124,.267,,.400,,5.4,2.3,.497,175
Jacob Burke,804240,last_30,AA,25.5,Birmingham Barons,Total,BIR,- - -,,,5,20,20,4,4,0,0,0,1,4,0,0,2,0,0,0,2,0,0,.200,0.0%,10.0%,.000,.200,.200,.400,.000,,.222,,0.2,-2.5,.182,7
Zach Levenson,804241,last_30,AAA,24.5,Memphis Redbirds,Total,MEM,- - -,,,9,39,44,11,7,2,0,2,7,11,4,0,11,1,0,0,0,0,0,.282,9.1%,25.0%,.364,.364,.487,.851,.205,,.346,,7.2,1.8,.381,133
Eddie Micheletti Jr.,804446,last_30,AA,24.7,Rocket City Trash Pandas,Total,RCT,- - -,,,4,16,18,5,2,3,0,0,2,4,2,0,2,0,0,0,0,0,0,.312,11.1%,11.1%,1.000,.389,.500,.889,.188,,.357,,3.2,0.7,.396,129
Raudi Rodriguez,804558,last_30,AAA,23.2,Salt Lake Bees,Total,SL,- - -,,,12,45,53,15,13,1,0,1,8,8,8,0,10,0,0,0,0,4,0,.333,15.1%,18.9%,.800,.434,.422,.856,.089,,.412,,9.2,2.5,.395,137
Charles Davalan,804560,last_30,AA,22.7,Tulsa Drillers,Total,TUL,- - -,,,1,5,5,1,1,0,0,0,0,0,0,0,0,0,0,0,0,0,0,.200,0.0%,0.0%,,.200,.200,.400,.000,,.200,,0.0,-0.7,.182,6
Marco Vargas,804614,last_30,AA,21.3,Binghamton Rumble Ponies,Total,BNG,- - -,,,4,18,18,7,4,2,1,0,2,2,0,0,4,0,0,0,0,3,0,.389,0.0%,22.2%,.000,.389,.611,1.000,.222,,.500,,3.7,1.3,.437,151
Caden Connor,804645,last_30,AAA,26.1,Charlotte Knights,Total,CLT,- - -,,,8,25,30,4,3,1,0,0,1,2,4,0,6,0,1,0,1,1,0,.160,13.3%,20.0%,.667,.267,.200,.467,.040,,.200,,1.4,-2.3,.229,37
Bryan Rincon,804858,last_30,AA,22.6,Reading Fightin Phils,Total,REA,- - -,,,4,15,20,5,2,0,0,3,6,7,4,0,3,1,0,0,0,1,0,.333,20.0%,15.0%,1.333,.500,.933,1.433,.600,,.222,,6.5,3.7,.587,236
Henry Godbout,804995,last_30,AA,22.8,Portland Sea Dogs,Total,POR,- - -,,,3,13,13,6,4,2,0,0,2,2,0,0,3,0,0,0,0,1,0,.462,0.0%,23.1%,.000,.462,.615,1.077,.154,,.600,,3.1,1.3,.479,174
Jean Carlos Sió,805117,last_30,AA,22.4,Richmond Flying Squirrels,Total,RIC,- - -,,,3,7,8,1,1,0,0,0,1,0,1,0,3,0,0,0,0,0,0,.143,12.5%,37.5%,.333,.250,.143,.393,.000,,.250,,0.2,-0.9,.203,18
Charlie Szykowny,805126,last_30,AAA,26.2,Sacramento River Cats,Total,SAC,- - -,,,10,40,42,8,6,1,1,0,2,3,1,0,6,1,0,0,0,0,0,.200,2.4%,14.3%,.167,.238,.275,.513,.075,,.235,,2.0,-3.3,.234,38
Devin Taylor,805127,last_30,AAA,22.7,Las Vegas Aviators,Total,LV,- - -,,,10,35,39,7,4,2,0,1,3,2,4,0,18,0,0,0,1,0,0,.200,10.3%,46.2%,.222,.282,.343,.625,.143,,.375,,3.4,-1.5,.287,70
Alejandro Nuñez,805168,last_30,AA,22.0,Corpus Christi Hooks,Total,CC,- - -,,,5,17,19,3,2,0,0,1,2,4,2,0,3,0,0,0,0,1,2,.176,10.5%,15.8%,.667,.263,.353,.616,.176,,.154,,1.7,-1.1,.282,60
Caden Bodine,805207,last_30,AAA,22.8,Durham Bulls,Total,DUR,- - -,,,7,22,26,5,4,0,0,1,2,2,4,0,1,0,0,0,1,1,0,.227,15.4%,3.8%,4.000,.346,.364,.710,.136,,.200,,3.2,0.0,.331,101
Otto Kemp,805249,last_30,AAA,27.0,Lehigh Valley IronPigs,Total,LHV,- - -,,,12,49,56,11,7,1,0,3,7,7,4,0,14,2,1,0,0,1,2,.224,7.1%,25.0%,.286,.304,.429,.732,.204,,.242,,6.8,-0.1,.327,99
Peyton Williams,805268,last_30,AAA,26.0,Buffalo Bisons,Total,BUF,- - -,,,9,30,36,11,7,3,0,1,3,6,5,0,7,1,0,0,1,0,0,.367,13.9%,19.4%,.714,.472,.567,1.039,.200,,.455,,8.2,3.5,.463,176
Jordan Dissin,805301,last_30,AAA,24.3,Lehigh Valley IronPigs,Total,LHV,- - -,,,4,15,16,4,4,0,0,0,2,1,1,0,3,0,0,0,3,0,0,.267,6.2%,18.8%,.333,.312,.267,.579,.000,,.333,,1.3,-0.7,.272,64
Ben Ross,805346,last_30,AAA,25.3,St. Paul Saints,Total,STP,- - -,,,3,9,12,2,2,0,0,0,2,0,2,0,2,1,0,0,0,0,0,.222,16.7%,16.7%,1.000,.417,.222,.639,.000,,.286,,1.5,0.0,.332,102
Jim Jarvis,805347,last_30,AAA,25.9,Gwinnett Stripers,Total,GWN,- - -,,,12,47,56,11,8,1,2,0,7,6,8,0,10,0,1,0,0,4,2,.234,14.3%,17.9%,.800,.339,.340,.680,.106,,.289,,6.2,-0.7,.313,90
Isaiah Jackson,805365,last_30,AA,22.3,Portland Sea Dogs,Total,POR,- - -,,,4,13,16,3,2,1,0,0,1,1,3,0,3,0,0,0,0,2,0,.231,18.8%,18.8%,1.000,.375,.308,.683,.077,,.300,,2.0,-0.2,.328,89
Collin Price,805672,last_30,AAA,26.8,Sugar Land Space Cowboys,Total,SUG,- - -,,,10,37,43,4,3,0,0,1,4,4,5,0,12,0,1,0,0,0,1,.108,11.6%,27.9%,.417,.209,.189,.398,.081,,.120,,0.7,-4.7,.195,13
Ricson Gonzalez,805692,last_30,AA,21.2,Northwest Arkansas Naturals,Total,NWA,- - -,,,1,3,4,1,1,0,0,0,0,0,0,0,1,0,0,1,0,0,0,.333,0.0%,25.0%,.000,.333,.333,.667,.000,,.500,,0.4,-0.2,.303,71
Keaton Anthony,805704,last_30,AAA,25.2,Lehigh Valley IronPigs,Total,LHV,- - -,,,11,37,48,12,7,3,0,2,6,10,10,0,8,0,1,0,1,0,0,.324,20.8%,16.7%,1.250,.458,.568,1.026,.243,,.357,,10.5,4.5,.450,177
Aidan Miller,805795,last_30,AA,22.3,Reading Fightin Phils,Total,REA,- - -,,,3,10,11,3,1,2,0,0,2,2,1,0,0,0,0,0,1,1,1,.300,9.1%,0.0%,,.364,.500,.864,.200,,.300,,1.8,0.3,.383,120
Arjun Nimmala,805796,last_30,AA,20.9,Rocket City Trash Pandas,Total,RCT,- - -,,,5,24,25,10,2,4,0,4,7,6,0,0,5,1,0,0,0,0,0,.417,0.0%,20.0%,.000,.440,1.083,1.523,.667,,.400,,9.3,5.9,.647,272
Javier Vaz,805834,last_30,AAA,26.0,Omaha Storm Chasers,Total,OMA,- - -,,,8,26,33,5,5,0,0,0,4,1,5,0,5,2,0,0,0,5,0,.192,15.2%,15.2%,1.000,.364,.192,.556,.000,,.238,,3.1,-1.0,.291,76
Hyungchan Um,805870,last_30,AA,22.4,Northwest Arkansas Naturals,Total,NWA,- - -,,,3,10,12,2,2,0,0,0,1,0,2,0,3,0,0,0,1,0,1,.200,16.7%,25.0%,.667,.333,.200,.533,.000,,.286,,0.9,-0.8,.270,54
Taylor Young,805891,last_30,AA,28.1,Tulsa Drillers,Total,TUL,- - -,,,6,26,28,6,5,1,0,0,3,2,2,0,4,0,0,0,0,1,0,.231,7.1%,14.3%,.500,.286,.269,.555,.038,,.273,,2.0,-2.1,.260,48
Zach Cole,805904,last_30,AAA,26.1,Sugar Land Space Cowboys,Total,SUG,- - -,,,10,40,41,9,4,3,1,1,5,4,0,0,15,1,0,0,0,2,0,.225,0.0%,36.6%,.000,.244,.425,.669,.200,,.333,,3.8,-1.4,.293,74
Anthony Huezo,805953,last_30,AA,20.9,Corpus Christi Hooks,Total,CC,- - -,,,3,13,14,1,0,1,0,0,1,1,1,0,5,0,0,0,0,1,0,.077,7.1%,35.7%,.200,.143,.154,.297,.077,,.125,,-0.3,-2.3,.143,-14
Kai Roberts,805956,last_30,AA,25.5,San Antonio Missions,Total,SA,- - -,,,5,19,21,6,5,0,0,1,4,1,2,0,4,0,0,0,0,4,0,.316,9.5%,19.0%,.500,.381,.474,.855,.158,,.357,,3.5,0.5,.385,115
Caleb Farmer,805957,last_30,AA,27.0,Harrisburg Senators,Total,HBG,- - -,,,1,5,5,2,2,0,0,0,1,1,0,0,0,0,0,0,0,0,0,.400,0.0%,0.0%,,.400,.400,.800,.000,,.400,,0.8,0.1,.364,109
Ryan McCarty,806005,last_30,AA,27.4,Altoona Curve,Total,ALT,- - -,,,2,4,5,1,1,0,0,0,0,0,1,0,0,0,0,0,0,1,1,.250,20.0%,0.0%,,.400,.250,.650,.000,,.250,,0.6,-0.1,.324,87
Dean Curley,806053,last_30,AA,22.4,Akron RubberDucks,Total,AKR,- - -,,,5,18,21,3,1,1,0,1,4,2,3,0,4,0,0,0,0,0,0,.167,14.3%,19.0%,.750,.286,.389,.675,.222,,.154,,2.2,-0.7,.307,77
Jonny Farmelo,806071,last_30,AA,22.0,Arkansas Travelers,Total,ARK,- - -,,,5,19,22,4,2,0,0,2,4,8,2,0,9,1,0,0,0,1,0,.211,9.1%,40.9%,.222,.318,.526,.844,.316,,.250,,3.5,0.3,.373,109
Tai Peete,806191,last_30,AA,21.1,Springfield Cardinals,Total,SPR,- - -,,,3,14,14,4,3,1,0,0,3,1,0,0,4,0,0,0,1,0,0,.286,0.0%,28.6%,.000,.286,.357,.643,.071,,.400,,1.3,-0.8,.287,63
Alfonsin Rosario,806210,last_30,AAA,22.2,Columbus Clippers,Total,COL,- - -,,,9,28,32,4,3,0,0,1,2,1,4,0,12,0,0,0,1,0,1,.143,12.5%,37.5%,.333,.250,.250,.500,.107,,.200,,1.7,-2.2,.240,44
Ralphy Velazquez,806252,last_30,AAA,21.3,Columbus Clippers,Total,COL,- - -,,,4,16,17,5,1,4,0,0,3,3,1,0,2,0,0,0,0,0,0,.312,5.9%,11.8%,.500,.353,.562,.915,.250,,.357,,3.0,0.9,.400,145
Brandon Winokur,806263,last_30,AA,21.7,Wichita Wind Surge,Total,WCH,- - -,,,6,27,28,7,6,1,0,0,2,5,0,0,5,0,1,0,0,3,0,.259,0.0%,17.9%,.000,.250,.296,.546,.037,,.304,,1.6,-2.5,.241,38
Dayson Croes,806401,last_30,AA,26.9,Richmond Flying Squirrels,Total,RIC,- - -,,,5,19,21,7,3,4,0,0,3,4,2,0,3,0,0,0,2,0,0,.368,9.5%,14.3%,.667,.429,.579,1.008,.211,,.438,,4.5,1.6,.444,155
Connor Charping,806464,last_30,AA,27.4,Arkansas Travelers,Total,ARK,- - -,,,3,11,13,3,2,1,0,0,3,1,1,0,2,1,0,0,0,0,0,.273,7.7%,15.4%,.500,.385,.364,.748,.091,,.333,,1.8,-0.1,.351,97
Ben Gobbel,806534,last_30,AAA,26.9,Salt Lake Bees,Total,SL,- - -,,,12,46,53,11,9,2,0,0,4,6,6,0,13,1,0,0,0,0,0,.239,11.3%,24.5%,.462,.340,.283,.622,.043,,.333,,5.1,-1.5,.298,77
Jancel Villarroel,806611,last_30,AA,21.7,Richmond Flying Squirrels,Total,RIC,- - -,,,4,14,14,2,2,0,0,0,0,1,0,0,3,0,0,0,0,0,0,.143,0.0%,21.4%,.000,.143,.143,.286,.000,,.182,,-0.5,-2.4,.130,-24
Alfredo Duno,806957,last_30,AA,20.7,Chattanooga Lookouts,Total,CHA,- - -,,,5,22,23,8,5,2,1,0,2,2,1,0,3,0,0,0,1,1,0,.364,4.3%,13.0%,.333,.391,.545,.937,.182,,.421,,4.4,1.2,.413,139
Sebastian Walcott,806964,last_30,AAA,20.5,Round Rock Express,Total,RR,- - -,,,7,30,32,10,9,0,0,1,5,2,1,0,10,1,0,0,0,4,0,.333,3.1%,31.2%,.100,.375,.433,.808,.100,,.474,,4.9,0.4,.367,109
Angel Cepeda,806980,last_30,AA,20.9,Knoxville Smokies,Total,KNX,- - -,,,3,11,13,3,3,0,0,0,1,1,0,0,2,1,1,0,0,0,0,.273,0.0%,15.4%,.000,.308,.273,.580,.000,,.300,,1.0,-0.8,.267,56
Yoeilin Cespedes,806985,last_30,AA,21.0,Portland Sea Dogs,Total,POR,- - -,,,3,11,13,2,1,1,0,0,2,1,2,0,3,0,0,0,0,1,0,.182,15.4%,23.1%,.667,.308,.273,.580,.091,,.250,,1.1,-0.7,.279,61
Welbyn Francisca,806988,last_30,AA,20.3,Akron RubberDucks,Total,AKR,- - -,,,4,16,17,5,4,0,0,1,3,3,1,0,6,0,0,0,0,2,0,.312,5.9%,35.3%,.167,.353,.500,.853,.188,,.444,,2.8,0.4,.380,118
Eric Hartman,807080,last_30,AA,20.2,Columbus Clingstones,Total,COL,- - -,,,5,18,23,1,1,0,0,0,2,1,5,0,8,0,0,0,0,4,0,.056,21.7%,34.8%,.625,.261,.056,.316,.000,,.100,,0.5,-2.7,.194,14
Dante Nori,807276,last_30,AA,21.9,Reading Fightin Phils,Total,REA,- - -,,,5,22,24,7,4,2,1,0,4,2,2,0,2,0,0,0,0,0,0,.318,8.3%,8.3%,1.000,.375,.500,.875,.182,,.350,,4.0,0.7,.387,122
Nelly Taylor,807511,last_30,AA,23.6,Portland Sea Dogs,Total,POR,- - -,,,2,8,9,1,1,0,0,0,1,0,1,0,7,0,0,0,0,1,0,.125,11.1%,77.8%,.143,.222,.125,.347,.000,,1.000,,0.1,-1.2,.180,5
Carter Trice,807714,last_30,AA,24.1,Knoxville Smokies,Total,KNX,- - -,,,4,15,16,3,1,1,1,0,1,1,1,0,6,0,0,0,1,0,0,.200,6.2%,37.5%,.167,.250,.400,.650,.200,,.333,,1.4,-0.7,.285,66
Garret Forrester,807720,last_30,AAA,24.8,Jacksonville Jumbo Shrimp,Total,JAX,- - -,,,3,7,9,0,0,0,0,0,1,0,2,0,6,0,0,0,0,0,0,.000,22.2%,66.7%,.333,.222,.000,.222,.000,,.000,,-0.1,-1.2,.158,-8
Carter Graham,807728,last_30,AA,25.0,Chattanooga Lookouts,Total,CHA,- - -,,,5,20,24,5,2,1,1,1,3,3,4,0,7,0,0,0,2,2,0,.250,16.7%,29.2%,.571,.375,.550,.925,.300,,.333,,4.4,1.1,.404,134
Luke Shliger,807740,last_30,AA,25.0,Erie SeaWolves,Total,ERI,- - -,,,4,13,17,5,1,1,0,3,6,4,4,0,3,0,0,0,0,1,0,.385,23.5%,17.6%,1.333,.529,1.154,1.683,.769,,.286,,6.6,4.3,.669,282
Colton Ledbetter,807742,last_30,AAA,24.8,Memphis Redbirds,Total,MEM,- - -,,,11,49,53,12,8,2,0,2,10,4,4,0,9,0,0,0,2,1,1,.245,7.5%,17.0%,.444,.302,.408,.710,.163,,.263,,6.2,-0.4,.319,94
Rikuu Nishida,807747,last_30,AAA,25.4,Charlotte Knights,Total,CLT,- - -,,,10,32,43,10,10,0,0,0,11,3,10,0,7,0,0,1,0,2,3,.312,23.3%,16.3%,1.429,.476,.312,.789,.000,,.400,,7.2,1.9,.386,136
Ethan O'Donnell,807751,last_30,AA,24.5,Pensacola Blue Wahoos,Total,PNS,- - -,,,5,15,21,5,4,1,0,0,4,4,3,0,5,2,1,0,0,2,0,.333,14.3%,23.8%,.600,.476,.400,.876,.067,,.455,,3.9,1.0,.407,136
Carlos Virahonda,808024,last_30,AA,20.8,Amarillo Sod Poodles,Total,AMA,- - -,,,4,15,18,4,1,2,0,1,3,3,0,0,1,3,0,0,0,0,0,.267,0.0%,5.6%,.000,.389,.600,.989,.333,,.231,,3.7,1.1,.435,142
Juan Flores,808129,last_30,AA,20.6,Rocket City Trash Pandas,Total,RCT,- - -,,,4,18,19,1,1,0,0,0,2,1,0,0,3,1,0,0,1,0,0,.056,0.0%,15.8%,.000,.105,.056,.161,.000,,.067,,-1.2,-3.8,.087,-47
Eduardo Quintero,808234,last_30,AA,21.0,Tulsa Drillers,Total,TUL,- - -,,,1,5,5,1,0,0,0,1,1,2,0,0,3,0,0,0,0,0,0,.200,0.0%,60.0%,.000,.200,.800,1.000,.600,,.000,,1.0,0.3,.422,135
Franklin Arias,808265,last_30,AAA,20.8,Worcester Red Sox,Total,WOR,- - -,,,10,38,46,13,10,1,0,2,7,12,5,0,7,1,2,0,0,3,0,.342,10.9%,15.2%,.714,.413,.526,.939,.184,,.355,,8.6,3.0,.411,152
John Gil,808535,last_30,AA,20.3,Columbus Clingstones,Total,COL,- - -,,,5,22,23,6,5,1,0,0,1,3,1,0,3,0,0,0,0,3,1,.273,4.3%,13.0%,.333,.304,.318,.623,.045,,.316,,2.1,-1.1,.285,66
Angel Acosta,808665,last_30,AA,23.5,Northwest Arkansas Naturals,Total,NWA,- - -,,,4,14,15,7,4,1,0,2,2,4,1,0,2,0,0,0,0,1,0,.500,6.7%,13.3%,.500,.533,1.000,1.533,.500,,.500,,5.7,3.5,.658,261
Ben McLaughlin,808768,last_30,AA,24.3,Amarillo Sod Poodles,Total,AMA,- - -,,,5,21,22,9,3,2,1,3,8,7,1,0,3,0,0,0,1,1,0,.429,4.5%,13.6%,.333,.455,1.048,1.502,.619,,.400,,8.0,4.8,.636,250
Raider Tello,808864,last_30,AAA,25.6,Lehigh Valley IronPigs,Total,LHV,- - -,,,9,31,34,10,7,1,0,2,7,8,2,0,9,0,0,1,0,0,0,.323,5.9%,26.5%,.222,.364,.548,.912,.226,,.400,,6.1,1.6,.403,136
Hyeseong Kim,808975,last_30,AAA,27.6,Oklahoma City Comets,Total,OKC,- - -,,,5,21,23,3,2,1,0,0,3,2,2,0,6,0,0,0,0,1,0,.143,8.7%,26.1%,.333,.217,.190,.408,.048,,.200,,0.4,-2.5,.197,15
Murf Gray,809092,last_30,AA,22.7,Altoona Curve,Total,ALT,- - -,,,6,20,22,7,4,2,0,1,6,3,2,0,3,0,0,0,1,1,0,.350,9.1%,13.6%,.667,.409,.600,1.009,.250,,.375,,4.7,1.6,.444,154
Trevor Austin,809338,last_30,AAA,25.0,Sugar Land Space Cowboys,Total,SUG,- - -,,,7,21,25,5,2,2,0,1,2,3,3,0,5,1,0,0,0,0,0,.238,12.0%,20.0%,.600,.360,.476,.836,.238,,.267,,3.9,0.8,.376,125
Victor Figueroa,809372,last_30,AA,22.7,Chesapeake Baysox,Total,CHE,- - -,,,4,15,17,2,2,0,0,0,2,1,1,0,8,1,0,0,0,0,0,.133,5.9%,47.1%,.125,.235,.133,.369,.000,,.286,,0.3,-2.1,.193,12
Charlie Condon,809707,last_30,AAA,23.4,Albuquerque Isotopes,Total,ABQ,- - -,,,11,43,51,11,7,2,0,2,6,8,8,0,13,0,0,0,1,0,2,.256,15.7%,25.5%,.615,.373,.442,.814,.186,,.321,,7.8,1.4,.370,121
Elijah Hainline,809944,last_30,AA,23.7,Tulsa Drillers,Total,TUL,- - -,,,6,20,27,5,3,1,0,1,3,3,6,0,9,1,0,0,0,1,1,.250,22.2%,33.3%,.667,.444,.450,.894,.200,,.400,,5.1,1.2,.413,130
Ryan Jackson,810838,last_30,AA,24.8,San Antonio Missions,Total,SA,- - -,,,4,14,17,1,0,0,0,1,2,2,3,0,6,0,0,0,0,0,0,.071,17.6%,35.3%,.500,.235,.286,.521,.214,,.000,,1.1,-1.4,.250,43
Jay Beshears,810891,last_30,AA,24.4,Pensacola Blue Wahoos,Total,PNS,- - -,,,3,12,12,3,2,1,0,0,2,0,0,0,2,0,0,0,0,0,0,.250,0.0%,16.7%,.000,.250,.333,.583,.083,,.300,,0.8,-0.8,.260,52
Ben Williamson,810938,last_30,AAA,25.9,Durham Bulls,Total,DUR,- - -,,,3,9,9,1,0,1,0,0,0,0,0,0,4,0,0,0,1,0,0,.111,0.0%,44.4%,.000,.111,.222,.333,.111,,.200,,-0.2,-1.3,.144,-17
Connor Rasmussen,811278,last_30,AA,22.5,Northwest Arkansas Naturals,Total,NWA,- - -,,,4,13,14,1,0,1,0,0,1,0,1,0,7,0,0,0,0,0,0,.077,7.1%,50.0%,.143,.143,.154,.297,.077,,.167,,-0.3,-2.3,.143,-14
Carson Roccaforte,811287,last_30,AAA,24.5,Omaha Storm Chasers,Total,OMA,- - -,,,11,41,45,13,8,5,0,0,6,4,4,0,12,0,0,0,1,5,0,.317,8.9%,26.7%,.333,.378,.439,.817,.122,,.448,,7.0,1.4,.369,126
Spencer Nivens,811289,last_30,AA,24.8,Northwest Arkansas Naturals,Total,NWA,- - -,,,6,22,26,7,4,2,0,1,3,3,4,0,2,0,0,0,0,1,1,.318,15.4%,7.7%,2.000,.423,.545,.969,.227,,.316,,5.3,1.5,.430,139
Deniel Ortiz,811765,last_30,AA,22.1,Springfield Cardinals,Total,SPR,- - -,,,5,19,21,8,7,0,0,1,4,4,2,0,3,0,0,0,0,0,0,.421,9.5%,14.3%,.667,.476,.579,1.055,.158,,.467,,4.9,1.9,.472,162
Joshua Kuroda-Grauer,811965,last_30,AAA,23.6,Las Vegas Aviators,Total,LV,- - -,,,3,9,10,2,1,1,0,0,1,0,1,0,2,0,0,0,2,0,0,.222,10.0%,20.0%,.500,.300,.333,.633,.111,,.286,,0.9,-0.3,.291,73
Camden Janik,812518,last_30,AA,24.2,Altoona Curve,Total,ALT,- - -,,,2,6,6,1,1,0,0,0,0,0,0,0,2,0,0,0,0,0,0,.167,0.0%,33.3%,.000,.167,.167,.333,.000,,.250,,-0.1,-0.9,.152,-11
Justin Johnson,813386,last_30,AA,26.4,Northwest Arkansas Naturals,Total,NWA,- - -,,,6,21,25,5,4,1,0,0,0,3,2,0,5,1,1,0,0,0,2,.238,8.0%,20.0%,.400,.320,.286,.606,.048,,.294,,2.2,-1.4,.284,61
Justin DeCriscio,813664,last_30,AA,23.5,San Antonio Missions,Total,SA,- - -,,,5,18,22,5,3,1,0,1,3,2,1,0,2,3,0,0,2,1,0,.278,4.5%,9.1%,.500,.409,.500,.909,.222,,.267,,4.2,1.0,.412,130
Ariel Armas,813666,last_30,AA,23.8,Knoxville Smokies,Total,KNX,- - -,,,5,17,21,2,1,0,0,1,3,2,2,0,5,2,0,0,1,0,0,.118,9.5%,23.8%,.400,.286,.294,.580,.176,,.091,,1.9,-1.0,.282,65
Jack Gurevitch,813668,last_30,AA,22.5,Springfield Cardinals,Total,SPR,- - -,,,5,20,22,9,4,1,0,4,7,9,0,0,6,1,1,0,0,0,0,.450,0.0%,27.3%,.000,.455,1.100,1.555,.650,,.455,,8.1,4.9,.642,253
Khadim Diaw,813715,last_30,AA,23.1,Wichita Wind Surge,Total,WCH,- - -,,,4,13,18,3,1,1,0,1,4,2,1,0,3,2,1,0,1,0,1,.231,5.6%,16.7%,.333,.353,.538,.891,.308,,.200,,3.0,0.4,.383,114
Cole Conn,813833,last_30,AAA,25.2,Las Vegas Aviators,Total,LV,- - -,,,9,36,39,9,4,1,0,4,6,8,3,0,11,0,0,0,0,0,3,.250,7.7%,28.2%,.273,.308,.611,.919,.361,,.238,,6.8,1.9,.398,139
Chase Call,813842,last_30,AA,24.3,Corpus Christi Hooks,Total,CC,- - -,,,5,17,18,2,1,1,0,0,0,4,1,0,8,0,0,0,0,0,0,.118,5.6%,44.4%,.125,.167,.176,.343,.059,,.222,,-0.1,-2.7,.162,-4
Will Bush,813844,last_30,AA,22.5,Corpus Christi Hooks,Total,CC,- - -,,,6,19,26,3,2,0,0,1,3,3,6,0,8,1,0,0,0,2,0,.158,23.1%,30.8%,.750,.385,.316,.700,.158,,.200,,3.5,-0.3,.344,93
Colton Becker,813851,last_30,AAA,25.4,Omaha Storm Chasers,Total,OMA,- - -,,,7,15,18,3,3,0,0,0,3,1,3,0,7,0,0,0,0,2,0,.200,16.7%,38.9%,.429,.333,.200,.533,.000,,.375,,1.4,-0.8,.270,63
Trey Paige,813852,last_30,AAA,25.9,Memphis Redbirds,Total,MEM,- - -,,,9,35,40,11,8,0,2,1,6,9,4,0,8,1,0,0,0,1,0,.314,10.0%,20.0%,.500,.400,.514,.914,.200,,.385,,7.4,2.4,.406,149
Charlie Pagliarini,813860,last_30,AA,25.7,Arkansas Travelers,Total,ARK,- - -,,,5,19,22,4,1,1,0,2,4,4,3,0,8,0,0,0,0,0,1,.211,13.6%,36.4%,.375,.318,.579,.897,.368,,.222,,3.8,0.6,.389,117
Ryan Ignoffo,813883,last_30,AA,26.1,Pensacola Blue Wahoos,Total,PNS,- - -,,,3,11,13,2,2,0,0,0,3,1,2,0,3,0,0,0,0,0,0,.182,15.4%,23.1%,.667,.308,.182,.490,.000,,.250,,0.8,-1.0,.249,46
Scott Bandura,814154,last_30,AAA,25.1,Sacramento River Cats,Total,SAC,- - -,,,4,16,19,5,3,1,0,1,4,2,1,0,2,1,1,0,2,1,1,.312,5.3%,10.5%,.500,.368,.562,.931,.250,,.286,,3.4,1.0,.399,140
Quinn McDaniel,814194,last_30,AA,24.0,Wichita Wind Surge,Total,WCH,- - -,,,5,15,19,6,5,0,0,1,2,3,4,0,4,0,0,0,0,1,0,.400,21.1%,21.1%,1.000,.526,.600,1.126,.200,,.500,,4.9,2.1,.500,177
Pascanel Ferreras,814299,last_30,AAA,24.8,Sugar Land Space Cowboys,Total,SUG,- - -,,,11,44,49,10,7,3,0,0,2,5,3,0,13,2,0,0,1,1,0,.227,6.1%,26.5%,.231,.306,.295,.602,.068,,.323,,4.2,-2.0,.283,68
Zyhir Hope,814307,last_30,AA,21.6,Erie SeaWolves,Total,ERI,- - -,,,5,20,24,6,4,0,1,1,2,4,2,0,4,1,1,0,1,2,1,.300,8.3%,16.7%,.500,.375,.550,.925,.250,,.312,,4.2,0.9,.398,128
Seaver King,814409,last_30,AAA,23.4,Rochester Red Wings,Total,ROC,- - -,,,12,55,60,14,9,3,0,2,10,4,4,0,15,1,0,0,0,1,0,.255,6.7%,25.0%,.267,.317,.418,.735,.164,,.316,,7.5,0.1,.331,102
Jacob Humphrey,814410,last_30,AA,23.6,Hartford Yard Goats,Total,HFD,- - -,,,5,20,22,3,2,1,0,0,2,1,2,0,5,0,0,0,0,0,0,.150,9.1%,22.7%,.400,.227,.200,.427,.050,,.200,,0.6,-2.4,.206,20
Ian Petrutz,814413,last_30,AA,24.0,Springfield Cardinals,Total,SPR,- - -,,,5,19,19,7,4,1,1,1,3,7,0,0,4,0,0,0,0,0,0,.368,0.0%,21.1%,.000,.368,.684,1.053,.316,,.429,,4.3,1.5,.457,154
Kyle DeBarge,814414,last_30,AA,23.2,Wichita Wind Surge,Total,WCH,- - -,,,6,18,25,7,7,0,0,0,6,3,6,0,4,1,0,0,0,6,0,.389,24.0%,16.0%,1.500,.560,.389,.949,.000,,.500,,5.6,1.9,.455,153
Jackson Castillo,814431,last_30,AA,23.4,Somerset Patriots,Total,SOM,- - -,,,3,10,11,2,2,0,0,0,0,0,1,0,5,0,0,0,0,0,0,.200,9.1%,45.5%,.200,.273,.200,.473,.000,,.400,,0.5,-1.0,.230,33
Ryan Galanie,814436,last_30,AAA,26.3,Charlotte Knights,Total,CLT,- - -,,,8,29,29,6,4,2,0,0,3,1,0,0,8,0,0,0,0,1,0,.207,0.0%,27.6%,.000,.207,.276,.483,.069,,.286,,1.0,-2.6,.215,28
Ivan Brethowr,814442,last_30,AA,23.5,Altoona Curve,Total,ALT,- - -,,,3,10,10,1,1,0,0,0,0,2,0,0,5,0,0,0,1,0,0,.100,0.0%,50.0%,.000,.100,.100,.200,.000,,.200,,-0.6,-2.0,.091,-46
Will Turner,814444,last_30,AA,24.0,Portland Sea Dogs,Total,POR,- - -,,,4,13,16,3,0,0,0,3,3,5,3,0,3,0,0,0,0,0,1,.231,18.8%,18.8%,1.000,.375,.923,1.298,.692,,.000,,4.5,2.3,.529,203
Jared Sprague-Lott,814445,last_30,AA,24.9,Midland RockHounds,Total,MID,- - -,,,6,21,27,5,3,2,0,0,4,1,6,0,3,0,0,0,0,1,1,.238,22.2%,11.1%,2.000,.407,.333,.741,.095,,.278,,3.9,-0.0,.355,99
Wehiwa Aloy,814450,last_30,AA,22.6,Chesapeake Baysox,Total,CHE,- - -,,,4,17,18,6,5,0,0,1,3,3,1,0,5,0,0,0,0,2,0,.353,5.6%,27.8%,.200,.389,.529,.918,.176,,.455,,3.3,0.9,.410,135
Nick Mitchell,814455,last_30,AA,23.0,Harrisburg Senators,Total,HBG,- - -,,,3,11,13,4,3,0,0,1,1,2,1,0,3,1,0,0,0,0,0,.364,7.7%,23.1%,.333,.462,.636,1.098,.273,,.429,,3.2,1.4,.484,177
Caden Kendle,814522,last_30,AA,24.5,Wichita Wind Surge,Total,WCH,- - -,,,2,9,9,2,0,0,0,2,2,4,0,0,5,0,0,0,0,0,0,.222,0.0%,55.6%,.000,.222,.889,1.111,.667,,.000,,2.1,0.8,.469,160
Sam Kulasingam,814528,last_30,AA,25.2,Northwest Arkansas Naturals,Total,NWA,- - -,,,6,25,27,5,4,1,0,0,1,2,2,0,6,0,0,0,1,1,0,.200,7.4%,22.2%,.333,.259,.240,.499,.040,,.263,,1.4,-2.6,.235,35
Jonathan Hogart,814781,last_30,AAA,24.4,Lehigh Valley IronPigs,Total,LHV,- - -,,,1,2,2,0,0,0,0,0,0,0,0,0,2,0,0,0,0,0,0,.000,0.0%,100.0%,.000,.000,.000,.000,.000,,,,-0.3,-0.5,.000,-108
Derek Berg,815074,last_30,AAA,25.0,Indianapolis Indians,Total,IND,- - -,,,9,27,32,6,4,2,0,0,4,3,2,0,11,1,0,2,0,1,0,.222,6.2%,34.4%,.182,.300,.296,.596,.074,,.375,,2.7,-1.2,.280,69
Coby Morales,815089,last_30,AA,24.8,Somerset Patriots,Total,SOM,- - -,,,5,17,19,5,4,1,0,0,3,0,2,0,4,0,0,0,0,0,0,.294,10.5%,21.1%,.500,.368,.353,.721,.059,,.385,,2.4,-0.2,.335,92
Graysen Tarlow,815104,last_30,AAA,25.2,Memphis Redbirds,Total,MEM,- - -,,,5,17,20,8,7,1,0,0,4,5,2,0,2,1,0,0,0,1,0,.471,10.0%,10.0%,1.000,.550,.529,1.079,.059,,.533,,5.0,2.5,.491,203
Mac McCroskey,815151,last_30,AA,26.7,Rocket City Trash Pandas,Total,RCT,- - -,,,2,8,9,2,2,0,0,0,1,0,1,0,2,0,0,0,0,1,0,.250,11.1%,22.2%,.500,.333,.250,.583,.000,,.333,,0.8,-0.4,.281,64
Theo Hardy,815152,last_30,AAA,24.8,Round Rock Express,Total,RR,- - -,,,2,2,5,0,0,0,0,0,0,1,3,0,1,0,0,0,0,0,0,.000,60.0%,20.0%,3.000,.600,.000,.600,.000,,.000,,1.0,0.4,.427,157
Patrick Lee,815268,last_30,AA,26.9,Erie SeaWolves,Total,ERI,- - -,,,3,11,12,5,2,2,0,1,2,3,1,0,3,0,0,0,0,0,0,.455,8.3%,25.0%,.333,.500,.909,1.409,.455,,.571,,4.0,2.4,.602,244
Josh Adamczewski,815304,last_30,AA,21.3,Biloxi Shuckers,Total,BLX,- - -,,,5,15,23,5,2,2,0,1,4,3,7,0,5,1,0,0,0,0,0,.333,30.4%,21.7%,1.400,.565,.667,1.232,.333,,.444,,6.5,3.4,.532,207
Caleb Bonemer,815352,last_30,AA,20.9,Birmingham Barons,Total,BIR,- - -,,,6,22,26,8,5,2,0,1,3,1,4,0,7,0,0,0,0,0,0,.364,15.4%,26.9%,.571,.462,.591,1.052,.227,,.500,,6.0,2.4,.465,169
Theo Gillen,815394,last_30,AA,21.0,Montgomery Biscuits,Total,MTG,- - -,,,4,15,16,3,2,0,0,1,1,4,0,0,3,0,1,0,1,0,0,.200,0.0%,18.8%,.000,.188,.400,.588,.200,,.167,,1.0,-1.2,.246,44
Lisbel Diaz,815464,last_30,AA,21.2,Richmond Flying Squirrels,Total,RIC,- - -,,,5,19,19,3,2,1,0,0,0,1,0,0,3,0,0,0,1,1,1,.158,0.0%,15.8%,.000,.158,.211,.368,.053,,.188,,-0.1,-2.7,.164,-4
Braylon Payne,815520,last_30,AA,20.1,Biloxi Shuckers,Total,BLX,- - -,,,5,23,25,7,4,0,0,3,6,6,1,0,7,0,1,0,0,1,0,.304,4.0%,28.0%,.143,.320,.696,1.016,.391,,.286,,5.0,1.6,.427,147
Bo Davidson,815589,last_30,AAA,24.2,Sacramento River Cats,Total,SAC,- - -,,,7,24,27,11,7,2,1,1,6,4,2,1,6,1,0,0,0,1,0,.458,7.4%,22.2%,.333,.519,.750,1.269,.292,,.588,,7.8,4.4,.545,230
Arturo Disla,815697,last_30,AA,25.9,Frisco RoughRiders,Total,FRI,- - -,,,5,23,24,7,4,0,0,3,5,4,1,0,6,0,0,0,0,1,0,.304,4.2%,25.0%,.167,.333,.696,1.029,.391,,.286,,5.2,1.7,.445,147
Dylan Jasso,815734,last_30,AA,23.8,Pensacola Blue Wahoos,Total,PNS,- - -,,,3,13,13,6,2,4,0,0,1,5,0,0,4,0,0,0,0,0,0,.462,0.0%,30.8%,.000,.462,.769,1.231,.308,,.667,,3.8,2.0,.538,210
Josiah Hartshorn,815824,last_30,AA,19.6,Knoxville Smokies,Total,KNX,- - -,,,3,11,15,1,1,0,0,0,1,2,3,0,3,0,1,0,1,1,0,.091,20.0%,20.0%,1.000,.267,.091,.358,.000,,.111,,0.4,-1.7,.203,19
Jesús Made,815908,last_30,AA,19.4,Biloxi Shuckers,Total,BLX,- - -,,,3,12,14,4,2,0,1,1,3,3,1,0,2,0,1,0,1,1,0,.333,7.1%,14.3%,.500,.357,.750,1.107,.417,,.300,,3.1,1.1,.449,159
Eli Willits,816113,last_30,AA,18.8,Harrisburg Senators,Total,HBG,- - -,,,3,14,17,5,3,1,0,1,3,5,3,0,4,0,0,0,1,2,0,.357,17.6%,23.5%,.750,.471,.643,1.113,.286,,.444,,4.2,1.8,.486,179
Justin Gonzales,821100,last_30,AA,19.7,Portland Sea Dogs,Total,POR,- - -,,,4,14,17,2,2,0,0,0,2,0,3,0,4,0,0,0,0,0,0,.143,17.6%,23.5%,.750,.294,.143,.437,.000,,.200,,0.8,-1.5,.233,35
Connor McGinnis,821296,last_30,AAA,23.8,Scranton/Wilkes-Barre RailRiders,Total,SWB,- - -,,,6,19,23,8,5,3,0,0,2,7,2,0,6,1,1,0,0,1,0,.421,8.7%,26.1%,.333,.478,.579,1.057,.158,,.571,,5.2,2.1,.461,170
Jon Jon Gazdar,822501,last_30,AA,24.5,Springfield Cardinals,Total,SPR,- - -,,,3,9,12,2,2,0,0,0,1,1,2,0,0,0,1,0,0,1,0,.222,16.7%,0.0%,,.333,.222,.556,.000,,.200,,0.9,-0.8,.270,54
Brandon Butterworth,822578,last_30,AAA,24.1,Norfolk Tides,Total,NOR,- - -,,,10,36,44,10,8,1,0,1,5,2,7,0,8,0,0,1,1,5,0,.278,15.9%,18.2%,.875,.395,.389,.784,.111,,.333,,6.6,1.2,.364,123
Alex Lodise,822676,last_30,AA,22.5,Columbus Clingstones,Total,COL,- - -,,,5,17,21,3,3,0,0,0,0,1,4,0,2,0,0,0,1,1,0,.176,19.0%,9.5%,2.000,.333,.176,.510,.000,,.200,,1.6,-1.3,.265,55
John Taylor,822966,last_30,AAA,25.4,Round Rock Express,Total,RR,- - -,,,12,47,56,13,10,2,0,1,10,8,7,0,10,1,1,0,1,3,1,.277,12.5%,17.9%,.700,.375,.383,.758,.106,,.324,,7.6,0.6,.349,108
Matt King,823153,last_30,AA,24.1,Altoona Curve,Total,ALT,- - -,,,3,6,8,2,2,0,0,0,2,1,2,0,0,0,0,0,0,1,0,.333,25.0%,0.0%,,.500,.333,.833,.000,,.333,,1.5,0.4,.405,133
Zane Zielinski,823185,last_30,AA,25.1,Richmond Flying Squirrels,Total,RIC,- - -,,,4,10,12,1,0,1,0,0,0,0,2,0,2,0,0,0,0,0,0,.100,16.7%,16.7%,1.000,.250,.200,.450,.100,,.125,,0.5,-1.1,.226,32
Payton Eeles,823356,last_30,AAA,26.8,Norfolk Tides,Total,NOR,- - -,,,10,39,43,9,7,2,0,0,4,2,2,0,9,2,0,0,1,1,1,.231,4.7%,20.9%,.222,.302,.282,.584,.051,,.300,,3.5,-1.8,.276,67
Daniel Dickinson,823658,last_30,AA,22.8,Biloxi Shuckers,Total,BLX,- - -,,,4,16,19,5,4,1,0,0,4,3,2,0,3,1,0,0,0,1,1,.312,10.5%,15.8%,.667,.421,.375,.796,.062,,.385,,3.0,0.4,.374,117
Alex Madera,823702,last_30,AA,25.9,Knoxville Smokies,Total,KNX,- - -,,,6,16,25,4,4,0,0,0,4,0,9,0,5,0,0,0,0,3,0,.250,36.0%,20.0%,1.800,.520,.250,.770,.000,,.364,,4.5,1.1,.402,133
Anthony Donofrio,823703,last_30,AA,26.2,Arkansas Travelers,Total,ARK,- - -,,,2,8,8,2,2,0,0,0,0,0,0,0,4,0,0,0,0,0,0,.250,0.0%,50.0%,.000,.250,.250,.500,.000,,.500,,0.4,-0.8,.228,31
Rainiel Rodriguez,823787,last_30,AA,19.7,Springfield Cardinals,Total,SPR,- - -,,,5,21,23,11,7,1,0,3,7,5,1,0,4,1,0,0,0,1,0,.524,4.3%,17.4%,.250,.565,1.000,1.565,.476,,.571,,9.0,5.7,.672,269
Nick Rodriguez,823795,last_30,AA,23.9,Rocket City Trash Pandas,Total,RCT,- - -,,,5,22,24,6,3,2,0,1,4,4,0,0,8,1,0,1,0,0,0,.273,0.0%,33.3%,.000,.304,.500,.804,.227,,.385,,3.5,0.2,.355,106
Kane Kepley,823807,last_30,AA,22.6,Knoxville Smokies,Total,KNX,- - -,,,6,26,29,6,6,0,0,0,3,3,2,0,4,1,0,0,0,6,0,.231,6.9%,13.8%,.500,.310,.231,.541,.000,,.273,,2.1,-1.8,.263,54
Gage Miller,824028,last_30,AAA,23.6,Jacksonville Jumbo Shrimp,Total,JAX,- - -,,,7,23,27,2,2,0,0,0,1,1,4,0,8,0,0,0,1,1,1,.087,14.8%,29.6%,.500,.222,.087,.309,.000,,.133,,0.0,-3.3,.173,1
Connor Hujsak,824615,last_30,AA,24.6,Montgomery Biscuits,Total,MTG,- - -,,,5,16,19,2,2,0,0,0,1,1,0,0,7,2,1,0,0,2,0,.125,0.0%,36.8%,.000,.211,.125,.336,.000,,.200,,0.1,-2.5,.174,3
Ryan Cesarini,825761,last_30,AA,23.7,Akron RubberDucks,Total,AKR,- - -,,,5,19,23,5,4,1,0,0,1,2,2,0,3,0,2,0,0,1,1,.263,8.7%,13.0%,.667,.304,.316,.620,.053,,.278,,1.9,-1.3,.276,59
Rafe Perich,825927,last_30,AA,24.3,Frisco RoughRiders,Total,FRI,- - -,,,4,15,19,7,6,0,0,1,4,5,3,0,2,1,0,0,0,0,0,.467,15.8%,10.5%,1.500,.579,.667,1.246,.200,,.500,,5.6,2.9,.550,203
Carter Dorighi,826163,last_30,AA,23.3,Arkansas Travelers,Total,ARK,- - -,,,2,7,8,1,1,0,0,0,1,0,1,0,2,0,0,0,0,0,1,.143,12.5%,25.0%,.500,.250,.143,.393,.000,,.200,,0.2,-1.0,.203,17
Brendan Durfee,826545,last_30,AA,25.1,San Antonio Missions,Total,SA,- - -,,,3,12,12,2,1,0,0,1,1,2,0,0,4,0,0,0,1,0,0,.167,0.0%,33.3%,.000,.167,.417,.583,.250,,.143,,0.8,-1.0,.252,44
Owen Carey,826928,last_30,AA,20.1,Columbus Clingstones,Total,COL,- - -,,,5,21,21,0,0,0,0,0,0,1,0,0,7,0,0,0,1,0,1,.000,0.0%,33.3%,.000,.000,.000,.000,.000,,.000,,-2.8,-5.7,.000,-96
Edgar Alvarez,827294,last_30,AA,25.6,Knoxville Smokies,Total,KNX,- - -,,,4,14,16,3,3,0,0,0,1,1,1,0,3,0,1,0,1,0,1,.214,6.2%,18.8%,.333,.250,.214,.464,.000,,.250,,0.6,-1.6,.215,26
Hector Salas,827504,last_30,AA,22.5,Corpus Christi Hooks,Total,CC,- - -,,,4,14,16,4,4,0,0,0,3,0,2,0,4,0,0,0,0,1,0,.286,12.5%,25.0%,.500,.375,.286,.661,.000,,.400,,1.8,-0.5,.316,78
Austin Machado,827629,last_30,AA,25.3,Columbus Clingstones,Total,COL,- - -,,,1,3,3,0,0,0,0,0,0,0,0,0,0,0,0,0,0,0,0,.000,0.0%,0.0%,,.000,.000,.000,.000,,.000,,-0.4,-0.8,.000,-96
Trent Youngblood,827636,last_30,AAA,25.0,Reno Aces,Total,RNO,- - -,,,10,37,42,11,7,2,2,0,6,3,4,0,8,1,0,0,1,0,0,.297,9.5%,19.0%,.500,.381,.459,.840,.162,,.379,,6.7,1.0,.377,118
Dalton McIntyre,827637,last_30,AA,23.2,Columbus Clingstones,Total,COL,- - -,,,2,5,7,1,1,0,0,0,2,1,2,0,0,0,0,0,0,1,0,.200,28.6%,0.0%,,.429,.200,.629,.000,,.200,,0.9,-0.1,.333,94
Dillon Lewis,827665,last_30,AA,23.3,Pensacola Blue Wahoos,Total,PNS,- - -,,,5,21,22,7,5,1,0,1,2,2,1,0,5,0,0,0,0,1,1,.333,4.5%,22.7%,.200,.364,.524,.887,.190,,.400,,3.9,0.8,.394,128
Jake Munroe,827719,last_30,AA,23.0,Rocket City Trash Pandas,Total,RCT,- - -,,,5,19,24,6,3,1,1,1,9,3,3,0,3,1,1,0,1,0,0,.316,12.5%,12.5%,1.000,.417,.632,1.048,.316,,.312,,5.2,1.9,.444,157
Titus Dumitru,828335,last_30,AA,23.3,Altoona Curve,Total,ALT,- - -,,,5,16,19,3,3,0,0,0,3,2,2,0,3,1,0,0,1,1,1,.188,10.5%,15.8%,.667,.316,.188,.503,.000,,.231,,1.3,-1.3,.258,49
Jason Schiavone,828395,last_30,AAA,23.5,Sugar Land Space Cowboys,Total,SUG,- - -,,,9,26,33,7,3,3,0,1,4,4,6,0,9,1,0,0,1,3,1,.269,18.2%,27.3%,.667,.424,.500,.924,.231,,.375,,6.2,2.1,.416,150
Lucas Spence,828599,last_30,AAA,23.6,Sugar Land Space Cowboys,Total,SUG,- - -,,,11,41,47,10,3,2,1,4,6,8,6,0,7,0,0,0,1,2,0,.244,12.8%,14.9%,.857,.340,.634,.975,.390,,.200,,9.0,3.1,.418,151
Josiah Ragsdale,828824,last_30,AA,22.7,Springfield Cardinals,Total,SPR,- - -,,,5,21,22,2,2,0,0,0,3,1,1,0,9,0,0,0,2,1,0,.095,4.5%,40.9%,.111,.136,.095,.232,.000,,.167,,-0.9,-4.2,.115,-30
Aaron Walton,830239,last_30,AA,22.3,Akron RubberDucks,Total,AKR,- - -,,,5,18,20,7,3,4,0,0,4,2,2,0,5,0,0,0,1,2,0,.389,10.0%,25.0%,.400,.450,.611,1.061,.222,,.538,,4.6,1.9,.466,167
Renyel Campos,830412,last_30,AA,19.3,New Hampshire Fisher Cats,Total,NH,- - -,,,1,1,1,0,0,0,0,0,0,0,0,0,1,0,0,0,0,0,0,.000,0.0%,100.0%,.000,.000,.000,.000,.000,,,,-0.1,-0.3,.000,-97
Zach Daudet,836055,last_30,AA,23.3,Corpus Christi Hooks,Total,CC,- - -,,,4,10,14,2,2,0,0,0,3,0,4,0,4,0,0,0,0,1,0,.200,28.6%,28.6%,1.000,.429,.200,.629,.000,,.333,,1.8,-0.3,.333,87
Graham Brown,842249,last_30,AA,25.1,Wichita Wind Surge,Total,WCH,- - -,,,5,17,18,7,4,2,0,1,4,5,1,0,2,0,0,0,0,0,1,.412,5.6%,11.1%,.500,.444,.706,1.150,.294,,.429,,4.7,2.1,.503,178
Tommy Pham,502054,last_45,AAA,38.5,Lehigh Valley IronPigs,Total,LHV,- - -,,,6,22,24,1,1,0,0,0,1,0,2,0,6,0,0,0,0,0,0,.045,8.3%,25.0%,.333,.125,.045,.170,.000,,.062,,-1.4,-4.5,.097,-47
Christian Bethancourt,542194,last_45,AAA,35.0,Indianapolis Indians,Total,IND,- - -,,,5,17,17,2,2,0,0,0,0,1,0,0,9,0,0,0,0,0,0,.118,0.0%,52.9%,.000,.118,.118,.235,.000,,.250,,-0.9,-3.0,.107,-40
Carlos Pérez,542208,last_45,AAA,35.9,Toledo Mud Hens,Total,TOL,- - -,,,7,22,25,5,2,1,0,2,3,6,3,1,6,0,0,0,1,0,0,.227,12.0%,24.0%,.500,.320,.545,.865,.318,,.214,,3.8,0.6,.365,118
Kyle Higashioka,543309,last_45,AAA,36.4,Round Rock Express,Total,RR,- - -,,,11,46,52,11,7,2,0,2,8,5,6,0,9,0,0,0,3,1,0,.239,11.5%,17.3%,.667,.327,.413,.740,.174,,.257,,6.5,-0.2,.335,97
Yolmer Sánchez,570560,last_45,AAA,34.2,Salt Lake Bees,Total,SL,- - -,,,25,90,108,22,16,4,1,1,9,16,15,0,24,1,1,1,2,6,1,.244,13.9%,22.2%,.625,.355,.344,.700,.100,,.318,,12.8,-1.2,.326,91
Kyle Farmer,571657,last_45,AAA,36.0,Gwinnett Stripers,Total,GWN,- - -,,,4,17,19,5,5,0,0,0,1,0,2,0,0,0,0,0,1,0,0,.294,10.5%,0.0%,,.368,.294,.663,.000,,.294,,2.1,-0.3,.314,87
Willson Contreras,575929,last_45,AA,34.3,Portland Sea Dogs,Total,POR,- - -,,,2,7,7,2,2,0,0,0,1,2,0,0,3,0,0,0,0,0,0,.286,0.0%,42.9%,.000,.286,.286,.571,.000,,.500,,0.5,-0.5,.260,53
Brandon Drury,592273,last_45,AAA,34.0,Omaha Storm Chasers,Total,OMA,- - -,,,6,17,23,4,4,0,0,0,1,1,6,1,8,0,0,0,0,0,0,.235,26.1%,34.8%,.750,.435,.235,.670,.000,,.444,,2.8,-0.1,.327,95
Jorge Alfaro,595751,last_45,AAA,33.3,Omaha Storm Chasers,Total,OMA,- - -,,,10,39,41,11,5,3,0,3,4,9,1,0,14,1,0,0,0,0,1,.282,2.4%,34.1%,.071,.317,.590,.907,.308,,.364,,7.1,1.6,.396,129
Jake Cave,595909,last_45,AAA,33.8,Charlotte Knights,Total,CLT,- - -,,,14,50,54,9,2,4,0,3,7,7,4,0,17,0,0,0,0,0,0,.180,7.4%,31.5%,.235,.241,.440,.681,.260,,.200,,5.3,-1.5,.299,78
Austin Slater,596103,last_45,AAA,33.8,Durham Bulls,Total,DUR,- - -,,,11,42,48,9,9,0,0,0,6,3,6,0,15,0,0,0,1,1,1,.214,12.5%,31.2%,.400,.312,.214,.527,.000,,.333,,3.3,-2.8,.260,53
Trevor Story,596115,last_45,AAA,33.8,Worcester Red Sox,Total,WOR,- - -,,,5,18,20,2,1,1,0,0,0,2,1,0,7,0,1,0,0,0,0,.111,5.0%,35.0%,.143,.150,.167,.317,.056,,.167,,-0.4,-3.0,.146,-17
Jeimer Candelario,600869,last_45,AAA,32.8,Salt Lake Bees,Total,SL,- - -,,,12,46,50,17,11,2,0,4,9,10,4,0,14,0,0,0,0,0,1,.370,8.0%,28.0%,.286,.420,.674,1.094,.304,,.464,,11.9,5.3,.478,182
Aramis Garcia,605244,last_45,AAA,33.7,Reno Aces,Total,RNO,- - -,,,14,50,57,9,6,2,0,1,3,5,5,0,20,1,0,1,3,0,0,.180,8.8%,35.1%,.250,.268,.280,.548,.100,,.276,,3.7,-3.7,.258,50
Vimael Machín,605353,last_45,AAA,33.0,Albuquerque Isotopes,Total,ABQ,- - -,,,14,56,62,16,14,1,1,0,5,9,5,1,14,1,0,0,1,0,0,.286,8.1%,22.6%,.357,.355,.339,.694,.054,,.381,,6.9,-1.2,.316,85
Orlando Arcia,606115,last_45,AAA,32.1,Louisville Bats,Total,LOU,- - -,,,16,57,62,14,10,2,0,2,3,11,4,0,10,0,1,0,0,0,0,.246,6.5%,16.1%,.400,.290,.386,.676,.140,,.261,,6.3,-1.6,.302,80
Joey Meneses,608841,last_45,AAA,34.4,Las Vegas Aviators,Total,LV,- - -,,,21,82,91,17,12,3,0,2,10,8,8,0,8,1,0,0,2,0,0,.207,8.8%,8.8%,1.000,.286,.317,.603,.110,,.208,,7.5,-4.3,.280,63
Miguel Andujar,609280,last_45,AAA,31.6,El Paso Chihuahuas,Total,ELP,- - -,,,9,36,38,11,6,5,0,0,3,5,1,0,4,0,1,0,0,0,0,.306,2.6%,10.5%,.250,.316,.444,.760,.139,,.333,,4.7,-0.2,.333,95
Tomás Nido,621512,last_45,AAA,32.4,Worcester Red Sox,Total,WOR,- - -,,,10,38,41,6,5,1,0,0,0,2,2,0,15,0,0,1,3,0,0,.158,4.9%,36.6%,.133,.200,.184,.384,.026,,.261,,0.3,-4.9,.182,6
Patrick Wisdom,621550,last_45,AAA,35.1,Tacoma Rainiers,Total,TAC,- - -,,,12,45,49,7,2,2,0,3,4,6,4,1,17,0,0,0,0,1,0,.156,8.2%,34.7%,.235,.224,.400,.624,.244,,.160,,3.6,-2.8,.268,56
Pablo Reyes,622569,last_45,AAA,33.0,Salt Lake Bees,Total,SL,- - -,,,16,60,73,20,18,1,0,1,13,10,7,0,9,2,2,2,0,3,2,.333,9.6%,12.3%,.778,.408,.400,.808,.067,,.365,,11.1,1.7,.370,117
Anthony Santander,623993,last_45,AAA,31.9,Buffalo Bisons,Total,BUF,- - -,,,5,17,21,4,3,1,0,0,2,1,4,0,4,0,0,0,0,0,0,.235,19.0%,19.0%,1.000,.381,.294,.675,.059,,.308,,2.5,-0.1,.327,95
Cavan Biggio,624415,last_45,AAA,31.4,Sugar Land Space Cowboys,Total,SUG,- - -,,,21,68,89,14,8,4,0,2,15,6,19,0,20,1,1,0,1,3,0,.206,21.3%,22.5%,.950,.382,.353,.735,.147,,.255,,12.0,0.5,.348,104
Dom Nuñez,624513,last_45,AAA,31.7,Columbus Clippers,Total,COL,- - -,,,8,24,31,8,5,2,0,1,5,7,6,0,8,0,1,0,0,2,0,.333,19.4%,25.8%,.750,.452,.542,.993,.208,,.438,,6.4,2.4,.436,162
Riley Unroe,624523,last_45,AAA,31.1,Charlotte Knights,Total,CLT,- - -,,,19,54,68,13,8,0,2,3,12,12,13,0,20,1,0,0,0,2,0,.241,19.1%,29.4%,.650,.397,.481,.879,.241,,.323,,11.8,3.2,.395,137
Andy Ibáñez,628451,last_45,AAA,33.5,Tacoma Rainiers,Total,TAC,- - -,,,24,95,102,27,22,3,0,2,11,14,7,0,14,0,0,0,1,3,0,.284,6.9%,13.7%,.500,.333,.379,.712,.095,,.316,,12.0,-1.3,.325,90
José Azócar,640492,last_45,AAA,30.4,Gwinnett Stripers,Total,GWN,- - -,,,23,84,91,18,13,3,0,2,9,7,5,0,15,1,1,0,2,2,2,.214,5.5%,16.5%,.333,.264,.321,.585,.107,,.235,,6.7,-4.9,.266,58
J.P. Crawford,641487,last_45,AAA,31.6,Tacoma Rainiers,Total,TAC,- - -,,,2,8,8,4,3,0,0,1,2,3,0,0,1,0,0,0,0,0,0,.500,0.0%,12.5%,.000,.500,.875,1.375,.375,,.500,,2.7,1.7,.605,259
J.C. Escarra,641555,last_45,AAA,31.4,Scranton/Wilkes-Barre RailRiders,Total,SWB,- - -,,,24,94,106,32,26,3,0,3,13,15,10,0,20,1,1,0,1,0,0,.340,9.4%,18.9%,.500,.406,.468,.874,.128,,.403,,18.3,4.8,.394,136
Jake Fraley,641584,last_45,AAA,31.3,Durham Bulls,Total,DUR,- - -,,,10,33,38,6,5,0,0,1,6,3,3,0,9,2,0,0,1,1,1,.182,7.9%,23.7%,.333,.289,.273,.562,.091,,.217,,2.9,-1.9,.271,60
Mitch Garver,641598,last_45,AAA,35.6,Scranton/Wilkes-Barre RailRiders,Total,SWB,- - -,,,3,11,13,2,2,0,0,0,2,0,2,0,3,0,0,0,1,0,0,.182,15.4%,23.1%,.667,.308,.182,.490,.000,,.250,,0.8,-0.9,.249,47
Garrett Hampson,641658,last_45,AAA,31.9,Louisville Bats,Total,LOU,- - -,,,13,42,48,13,10,3,0,0,6,3,3,0,9,1,0,2,0,0,0,.310,6.2%,18.8%,.333,.370,.381,.751,.071,,.394,,6.5,0.4,.345,106
Ryan McMahon,641857,last_45,AA,31.7,Somerset Patriots,Total,SOM,- - -,,,1,3,3,0,0,0,0,0,0,0,0,0,2,0,0,0,1,0,0,.000,0.0%,66.7%,.000,.000,.000,.000,.000,,.000,,-0.4,-0.8,.000,-93
Joshua Palacios,641943,last_45,AAA,31.1,Indianapolis Indians,Total,IND,- - -,,,12,41,45,8,8,0,0,0,2,1,4,0,12,0,0,0,1,1,0,.195,8.9%,26.7%,.333,.267,.195,.462,.000,,.276,,1.8,-3.9,.225,32
Chuckie Robinson,642020,last_45,AAA,31.8,Gwinnett Stripers,Total,GWN,- - -,,,12,38,47,10,7,2,0,1,4,7,5,0,9,2,2,0,2,0,0,.263,10.6%,19.1%,.556,.362,.395,.756,.132,,.300,,6.2,0.3,.343,105
Rowdy Tellez,642133,last_45,AAA,31.5,Gwinnett Stripers,Total,GWN,- - -,,,21,74,81,22,14,6,0,2,9,15,7,0,20,0,0,0,1,0,1,.297,8.6%,24.7%,.350,.358,.459,.817,.162,,.385,,12.3,2.0,.367,119
Matt Thaiss,642136,last_45,AAA,31.3,Sugar Land Space Cowboys,Total,SUG,- - -,,,3,12,12,2,0,2,0,0,1,0,0,0,4,0,0,0,1,0,0,.167,0.0%,33.3%,.000,.167,.333,.500,.167,,.250,,0.4,-1.2,.216,25
Austin Wynns,642851,last_45,AAA,35.8,Iowa Cubs,Total,IOW,- - -,,,12,35,44,5,3,1,0,1,5,2,6,0,7,2,1,0,0,1,0,.143,13.6%,15.9%,.857,.295,.257,.553,.114,,.143,,3.3,-2.2,.270,60
Isiah Kiner-Falefa,643396,last_45,AAA,31.4,Worcester Red Sox,Total,WOR,- - -,,,6,20,24,6,5,1,0,0,4,3,4,0,4,0,0,0,0,3,0,.300,16.7%,16.7%,1.000,.417,.350,.767,.050,,.375,,3.5,0.5,.362,117
Chadwick Tromp,644433,last_45,AAA,31.5,Oklahoma City Comets,Total,OKC,- - -,,,15,34,45,7,4,2,0,1,6,5,10,0,11,0,1,0,1,1,0,.206,22.2%,24.4%,.909,.378,.353,.731,.147,,.261,,5.9,0.1,.343,102
Abraham Toro,647351,last_45,AAA,29.7,Omaha Storm Chasers,Total,OMA,- - -,,,19,66,78,15,11,3,1,0,7,1,12,0,16,0,0,0,2,1,0,.227,15.4%,20.5%,.750,.346,.303,.649,.076,,.300,,8.3,-1.6,.308,84
Andy Yerzy,647378,last_45,AAA,28.2,Memphis Redbirds,Total,MEM,- - -,,,9,29,35,6,5,0,0,1,5,7,5,0,9,0,1,0,1,0,0,.207,14.3%,25.7%,.556,.314,.310,.625,.103,,.250,,3.3,-1.2,.292,73
Riley Adams,656180,last_45,AAA,30.2,Rochester Red Wings,Total,ROC,- - -,,,17,61,73,15,9,4,0,2,11,9,12,0,17,0,0,0,0,0,0,.246,16.4%,23.3%,.706,.370,.410,.780,.164,,.310,,10.6,1.3,.358,114
Michael Chavis,656308,last_45,AAA,31.1,Louisville Bats,Total,LOU,- - -,,,25,90,101,20,15,2,0,3,11,8,7,0,27,3,1,0,1,1,0,.222,6.9%,26.7%,.259,.297,.344,.641,.122,,.279,,9.6,-3.2,.295,75
Stuart Fairchild,656413,last_45,AAA,30.5,Tacoma Rainiers,Total,TAC,- - -,,,17,61,71,16,10,3,0,3,9,10,5,1,16,2,1,2,0,5,2,.262,7.0%,22.5%,.312,.333,.459,.792,.197,,.302,,9.6,0.4,.348,104
Tristan Gray,656484,last_45,AAA,30.5,St. Paul Saints,Total,STP,- - -,,,17,58,66,12,9,2,1,0,5,2,5,1,13,2,1,0,0,1,1,.207,7.6%,19.7%,.385,.288,.276,.564,.069,,.261,,4.4,-4.0,.258,52
Connor Joe,656582,last_45,AAA,34.1,Tacoma Rainiers,Total,TAC,- - -,,,19,65,77,16,8,4,0,4,13,10,12,1,15,0,0,0,1,0,2,.246,15.6%,19.5%,.800,.364,.492,.856,.246,,.261,,12.2,2.2,.378,122
Ryan O'Hearn,656811,last_45,AAA,33.1,Indianapolis Indians,Total,IND,- - -,,,2,6,7,1,0,1,0,0,1,0,1,0,2,0,0,0,0,0,0,.167,14.3%,28.6%,.500,.286,.333,.619,.167,,.250,,0.6,-0.3,.286,70
Pavin Smith,656976,last_45,AAA,30.6,Reno Aces,Total,RNO,- - -,,,14,51,63,16,9,2,1,4,12,10,12,1,17,0,0,0,1,0,0,.314,19.0%,27.0%,.706,.444,.627,1.072,.314,,.400,,14.2,6.0,.463,173
Rudy Martin Jr.,657675,last_45,AAA,30.6,Buffalo Bisons,Total,BUF,- - -,,,7,22,28,6,2,0,1,3,8,6,5,0,4,1,0,0,0,1,0,.273,17.9%,14.3%,1.250,.429,.773,1.201,.500,,.200,,7.2,3.7,.503,203
Diego Castillo,660636,last_45,AAA,28.9,Round Rock Express,Total,RR,- - -,,,12,40,45,12,11,1,0,0,8,9,4,0,4,0,1,0,1,2,0,.300,8.9%,8.9%,1.000,.356,.325,.681,.025,,.324,,4.9,-0.9,.314,84
Vidal Bruján,660644,last_45,AAA,28.6,Syracuse Mets,Total,SYR,- - -,,,15,54,66,20,13,4,0,3,11,14,10,0,11,0,1,1,3,5,1,.370,15.2%,16.7%,.909,.462,.611,1.073,.241,,.415,,15.2,6.9,.468,182
Rodolfo Durán,660710,last_45,AAA,28.6,El Paso Chihuahuas,Total,ELP,- - -,,,13,44,51,10,6,3,0,1,6,4,5,0,15,1,0,1,1,1,0,.227,9.8%,29.4%,.333,.320,.364,.684,.136,,.321,,5.6,-1.0,.315,85
Leo Rivas,660844,last_45,AAA,28.9,Tacoma Rainiers,Total,TAC,- - -,,,20,72,94,20,17,2,0,1,12,8,19,1,25,2,0,1,3,4,1,.278,20.2%,26.6%,.760,.441,.347,.788,.069,,.413,,14.7,2.5,.374,120
Max Burt,661733,last_45,AAA,30.1,Toledo Mud Hens,Total,TOL,- - -,,,18,62,68,14,8,4,0,2,10,8,5,0,27,1,0,0,0,4,1,.226,7.4%,39.7%,.185,.294,.387,.681,.161,,.364,,7.2,-1.4,.308,84
Blake Perkins,663368,last_45,AAA,30.0,Columbus Clippers,Total,COL,- - -,,,18,60,79,16,11,3,1,1,10,8,15,0,18,1,3,0,2,8,0,.267,19.0%,22.8%,.833,.405,.400,.805,.133,,.341,,12.0,2.0,.368,120
Elih Marrero,663503,last_45,AAA,29.2,Omaha Storm Chasers,Total,OMA,- - -,,,4,15,16,2,0,2,0,0,1,3,1,0,2,0,0,0,0,0,0,.133,6.2%,12.5%,.500,.188,.267,.454,.133,,.154,,0.4,-1.6,.206,21
Hayden Senger,663584,last_45,AAA,29.5,Syracuse Mets,Total,SYR,- - -,,,17,53,60,17,13,1,1,2,8,7,2,0,11,1,0,2,2,1,0,.321,3.3%,18.3%,.182,.357,.491,.848,.170,,.375,,9.6,2.0,.378,126
Brandon Lockridge,663604,last_45,AAA,29.5,Nashville Sounds,Total,NAS,- - -,,,20,78,90,20,14,5,0,1,8,14,10,0,22,1,0,0,1,0,0,.256,11.1%,24.4%,.455,.348,.359,.707,.103,,.345,,10.9,-0.5,.328,96
Nick Madrigal,663611,last_45,AAA,29.5,Durham Bulls,Total,DUR,- - -,,,12,50,53,14,11,2,0,1,5,6,1,0,9,1,1,0,3,0,1,.280,1.9%,17.0%,.111,.302,.380,.682,.100,,.317,,5.5,-1.2,.305,81
Daz Cameron,663662,last_45,AAA,29.7,Buffalo Bisons,Total,BUF,- - -,,,8,34,38,8,5,2,1,0,3,8,3,0,10,0,1,0,2,0,0,.235,7.9%,26.3%,.300,.289,.353,.642,.118,,.320,,3.4,-1.4,.287,70
Romy Gonzalez,663853,last_45,AAA,30.0,Worcester Red Sox,Total,WOR,- - -,,,14,49,57,19,11,6,0,2,8,13,7,0,7,0,1,0,2,1,0,.388,12.3%,12.3%,1.000,.456,.633,1.089,.245,,.415,,13.4,6.2,.473,185
Luke Williams,663897,last_45,AAA,30.1,Gwinnett Stripers,Total,GWN,- - -,,,13,41,48,8,4,2,0,2,8,8,6,1,14,0,1,0,0,6,0,.195,12.5%,29.2%,.429,.292,.390,.682,.195,,.231,,4.7,-1.4,.298,77
César Salazar,663967,last_45,AAA,30.5,Sugar Land Space Cowboys,Total,SUG,- - -,,,13,42,49,9,7,2,0,0,8,3,7,0,8,0,0,0,0,0,1,.214,14.3%,16.3%,.875,.327,.262,.588,.048,,.265,,4.2,-2.2,.284,66
Dylan Moore,664238,last_45,AAA,34.1,Lehigh Valley IronPigs,Total,LHV,- - -,,,16,52,58,6,5,1,0,0,3,3,5,0,21,0,1,0,2,2,0,.115,8.6%,36.2%,.238,.190,.135,.324,.019,,.188,,-0.5,-7.8,.162,-7
Alejo Lopez,664670,last_45,AAA,30.4,Omaha Storm Chasers,Total,OMA,- - -,,,19,70,77,18,15,1,0,2,10,8,7,0,9,0,0,0,2,3,2,.257,9.1%,11.7%,.778,.325,.357,.682,.100,,.271,,8.5,-1.3,.314,87
P.J. Higgins,664731,last_45,AAA,33.4,Louisville Bats,Total,LOU,- - -,,,16,62,63,17,14,3,0,0,5,3,0,0,9,1,0,0,2,1,0,.274,0.0%,14.3%,.000,.286,.323,.608,.048,,.321,,5.1,-2.9,.276,63
Seby Zavala,664874,last_45,AAA,33.1,Toledo Mud Hens,Total,TOL,- - -,,,14,53,59,11,9,1,0,1,4,6,3,0,19,1,0,2,1,0,0,.208,5.1%,32.2%,.158,.263,.283,.546,.075,,.303,,3.7,-3.7,.254,50
Rafael Marchán,665561,last_45,AAA,27.5,Lehigh Valley IronPigs,Total,LHV,- - -,,,6,21,23,3,3,0,0,0,1,1,1,0,6,0,1,0,0,0,0,.143,4.3%,26.1%,.167,.174,.143,.317,.000,,.188,,-0.4,-3.3,.150,-14
Oswaldo Cabrera,665828,last_45,AAA,27.5,Scranton/Wilkes-Barre RailRiders,Total,SWB,- - -,,,18,69,76,20,15,1,0,4,10,15,7,0,21,0,0,0,4,4,0,.290,9.2%,27.6%,.333,.355,.478,.834,.188,,.364,,11.9,2.3,.373,123
Enmanuel Valdez,665839,last_45,AAA,27.7,Indianapolis Indians,Total,IND,- - -,,,22,83,96,24,14,6,1,3,13,12,11,0,17,0,1,0,1,1,0,.289,11.5%,17.7%,.647,.368,.494,.862,.205,,.328,,15.7,3.5,.382,129
Sebastián Rivero,665861,last_45,AAA,27.8,Salt Lake Bees,Total,SL,- - -,,,14,56,63,17,14,2,0,1,5,6,6,0,10,1,0,0,2,0,1,.304,9.5%,15.9%,.600,.381,.393,.774,.089,,.356,,9.0,0.8,.356,109
Ismael Munguia,665998,last_45,AAA,27.9,Buffalo Bisons,Total,BUF,- - -,,,10,33,37,10,7,3,0,0,1,6,4,0,6,0,0,0,0,0,0,.303,10.8%,16.2%,.667,.378,.394,.772,.091,,.370,,5.2,0.5,.354,112
Nolan Jones,666134,last_45,AAA,28.4,Tacoma Rainiers,Total,TAC,- - -,,,25,96,110,26,16,4,1,5,11,20,12,1,32,0,2,0,1,3,1,.271,10.9%,29.1%,.375,.345,.490,.835,.219,,.344,,16.4,2.1,.365,114
Dominic Fletcher,666150,last_45,AAA,29.0,Louisville Bats,Total,LOU,- - -,,,14,47,54,7,7,0,0,0,5,3,5,0,16,1,1,0,1,0,1,.149,9.3%,29.6%,.312,.241,.149,.390,.000,,.219,,1.0,-5.8,.198,15
Ben Rortvedt,666163,last_45,AAA,29.0,Oklahoma City Comets,Total,OKC,- - -,,,6,22,22,6,6,0,0,0,4,0,0,0,10,0,0,0,0,1,0,.273,0.0%,45.5%,.000,.273,.273,.545,.000,,.500,,1.3,-1.6,.248,44
Blake Sabol,666165,last_45,AAA,28.7,Durham Bulls,Total,DUR,- - -,,,7,22,24,2,2,0,0,0,1,2,1,0,9,0,0,1,0,0,0,.091,4.2%,37.5%,.111,.130,.091,.221,.000,,.154,,-1.2,-4.2,.110,-39
Will Benson,666181,last_45,AAA,28.3,Louisville Bats,Total,LOU,- - -,,,23,75,85,17,10,5,0,2,8,3,10,0,19,0,0,0,1,2,0,.227,11.8%,22.4%,.526,.318,.373,.691,.147,,.278,,9.5,-1.2,.316,89
Cooper Johnson,666194,last_45,AAA,28.4,Round Rock Express,Total,RR,- - -,,,14,48,56,7,5,1,0,1,6,5,7,0,14,0,1,0,1,0,0,.146,12.5%,25.0%,.500,.250,.229,.479,.083,,.176,,2.5,-4.8,.231,34
Grae Kessinger,666197,last_45,AAA,29.1,Indianapolis Indians,Total,IND,- - -,,,10,29,32,3,2,1,0,0,1,0,2,0,12,0,0,1,1,0,0,.103,6.2%,37.5%,.167,.161,.138,.299,.034,,.176,,-0.7,-4.7,.146,-16
Carter Kieboom,666198,last_45,AAA,29.0,Lehigh Valley IronPigs,Total,LHV,- - -,,,21,67,81,14,10,4,0,0,4,7,11,0,13,1,2,0,4,1,0,.209,13.6%,16.0%,.846,.321,.269,.590,.060,,.250,,6.9,-3.4,.282,67
Bo Naylor,666310,last_45,AAA,26.5,Nashville Sounds,Total,NAS,- - -,,,4,20,22,6,2,3,0,1,3,7,1,0,3,0,1,0,0,0,0,.300,4.5%,13.6%,.333,.318,.600,.918,.300,,.294,,3.7,0.9,.387,132
Archer Brookman,666386,last_45,AA,27.7,Columbus Clingstones,Total,COL,- - -,,,12,39,48,6,4,1,0,1,7,3,9,0,11,0,0,0,2,0,0,.154,18.8%,22.9%,.818,.312,.256,.569,.103,,.185,,4.2,-2.2,.280,66
Edouard Julien,666397,last_45,AAA,27.4,Albuquerque Isotopes,Total,ABQ,- - -,,,15,57,70,16,9,7,0,0,10,13,12,0,16,0,1,0,3,0,2,.281,17.1%,22.9%,.750,.400,.404,.804,.123,,.381,,10.6,1.5,.368,117
Mitch Neunborn,666748,last_45,AAA,29.2,Lehigh Valley IronPigs,Total,LHV,- - -,,,1,2,2,0,0,0,0,0,0,0,0,0,2,0,0,0,0,0,0,.000,0.0%,100.0%,.000,.000,.000,.000,.000,,,,-0.3,-0.5,.000,-106
Jared Oliva,666931,last_45,AAA,30.8,Durham Bulls,Total,DUR,- - -,,,6,10,14,5,4,0,0,1,5,3,2,0,2,1,0,1,0,4,1,.500,14.3%,14.3%,1.000,.615,.800,1.415,.300,,.571,,4.8,3.0,.609,269
Lourdes Gurriel Jr.,666971,last_45,AAA,32.9,Reno Aces,Total,RNO,- - -,,,5,18,21,2,2,0,0,0,1,2,2,0,2,0,1,0,1,0,0,.111,9.5%,9.5%,1.000,.190,.111,.302,.000,,.118,,-0.3,-3.1,.154,-12
Jason Matthews,667240,last_45,AAA,29.4,Charlotte Knights,Total,CLT,- - -,,,7,16,17,3,2,1,0,0,0,1,1,0,9,0,0,0,0,0,0,.188,5.9%,52.9%,.111,.235,.250,.485,.062,,.429,,0.7,-1.5,.225,32
Corey Julks,667452,last_45,AAA,30.6,Toledo Mud Hens,Total,TOL,- - -,,,16,62,69,13,7,2,1,3,10,8,7,0,18,0,0,0,1,0,1,.210,10.1%,26.1%,.389,.290,.419,.709,.210,,.244,,7.8,-0.9,.317,89
C.J. Stubbs,667690,last_45,AAA,29.9,Buffalo Bisons,Total,BUF,- - -,,,12,35,40,6,5,0,0,1,4,5,4,0,14,1,0,0,0,1,0,.171,10.0%,35.0%,.286,.275,.257,.532,.086,,.250,,2.6,-2.5,.256,51
Ernesto Martinez Jr.,667803,last_45,AAA,27.2,Scranton/Wilkes-Barre RailRiders,Total,SWB,- - -,,,14,45,52,10,4,5,0,1,6,4,7,0,12,0,0,0,0,3,0,.222,13.5%,23.1%,.583,.327,.400,.727,.178,,.281,,6.4,-0.2,.331,97
Nick Pratto,668472,last_45,AAA,28.0,El Paso Chihuahuas,Total,ELP,- - -,,,23,84,99,29,16,10,1,2,15,13,12,0,18,1,2,0,3,2,1,.345,12.1%,18.2%,.667,.424,.560,.984,.214,,.409,,19.8,7.0,.431,154
Payton Henry,668721,last_45,AAA,29.2,Lehigh Valley IronPigs,Total,LHV,- - -,,,7,22,26,7,5,0,0,2,6,3,2,0,10,2,0,0,0,0,0,.318,7.7%,38.5%,.200,.423,.591,1.014,.273,,.500,,5.6,2.3,.449,170
Akil Baddoo,668731,last_45,AAA,28.1,Nashville Sounds,Total,NAS,- - -,,,21,79,88,24,14,5,2,3,14,14,8,0,15,0,1,0,1,2,0,.304,9.1%,17.0%,.533,.364,.532,.895,.228,,.339,,15.1,3.9,.392,135
Duke Ellis,668752,last_45,AAA,28.7,Scranton/Wilkes-Barre RailRiders,Total,SWB,- - -,,,10,31,37,16,13,2,0,1,7,5,5,0,6,0,0,1,0,12,2,.516,13.5%,16.2%,.833,.583,.677,1.261,.161,,.625,,11.1,6.4,.558,237
Devin Ortiz,668776,last_45,AA,27.6,Harrisburg Senators,Total,HBG,- - -,,,4,15,17,3,3,0,0,0,3,0,1,0,3,1,0,0,1,0,0,.200,5.9%,17.6%,.333,.294,.200,.494,.000,,.250,,1.1,-1.3,.246,45
Conner Capel,668843,last_45,AAA,29.3,Albuquerque Isotopes,Total,ABQ,- - -,,,18,69,76,15,8,4,0,3,8,12,5,0,8,0,1,1,0,1,0,.217,6.6%,10.5%,.625,.267,.406,.672,.188,,.203,,7.3,-2.5,.298,74
Zach Humphreys,668876,last_45,AAA,28.9,Salt Lake Bees,Total,SL,- - -,,,7,23,29,3,3,0,0,0,4,4,3,0,9,1,2,0,1,0,0,.130,10.3%,31.0%,.333,.241,.130,.372,.000,,.188,,0.4,-3.3,.193,11
Austin Martin,668885,last_45,AAA,27.5,St. Paul Saints,Total,STP,- - -,,,2,8,8,3,2,0,1,0,1,3,0,0,1,0,0,0,0,0,0,.375,0.0%,12.5%,.000,.375,.625,1.000,.250,,.429,,1.6,0.6,.432,160
Mark Vientos,668901,last_45,AAA,26.7,Syracuse Mets,Total,SYR,- - -,,,6,21,22,9,4,0,0,5,8,8,1,0,4,0,0,0,2,0,0,.429,4.5%,18.2%,.250,.455,1.143,1.597,.714,,.333,,8.7,5.9,.677,307
Josh Rojas,668942,last_45,AAA,32.2,Omaha Storm Chasers,Total,OMA,- - -,,,3,11,12,2,1,0,0,1,1,1,1,0,3,0,0,0,0,0,0,.182,8.3%,25.0%,.333,.250,.455,.705,.273,,.143,,1.3,-0.2,.311,85
Freddy Zamora,668965,last_45,AAA,27.9,Nashville Sounds,Total,NAS,- - -,,,1,0,1,0,0,0,0,0,0,0,1,0,0,0,0,0,0,0,0,,100.0%,0.0%,,1.000,,1.000,.000,,,,0.4,0.3,.711,332
Maverick Handley,668974,last_45,AAA,28.5,Gwinnett Stripers,Total,GWN,- - -,,,13,35,50,6,3,2,0,1,6,6,12,0,8,3,0,0,1,2,0,.171,24.0%,16.0%,1.500,.420,.314,.734,.143,,.192,,7.5,1.1,.364,118
Connor Scott,669002,last_45,AA,26.9,Northwest Arkansas Naturals,Total,NWA,- - -,,,18,72,77,24,13,6,3,2,9,12,4,0,13,0,1,0,0,2,1,.333,5.2%,16.9%,.308,.364,.583,.947,.250,,.379,,14.2,2.9,.410,125
MJ Melendez,669004,last_45,AAA,27.8,Syracuse Mets,Total,SYR,- - -,,,23,83,97,28,10,11,0,7,17,18,14,1,23,0,0,0,0,0,1,.337,14.4%,23.7%,.609,.433,.723,1.156,.386,,.396,,24.3,12.0,.493,197
Sam Huff,669087,last_45,AAA,28.7,Norfolk Tides,Total,NOR,- - -,,,13,51,52,12,7,2,0,3,6,10,1,0,12,0,0,0,1,0,0,.235,1.9%,23.1%,.083,.250,.451,.701,.216,,.250,,5.5,-1.1,.308,83
Shea Langeliers,669127,last_45,AAA,28.8,Las Vegas Aviators,Total,LV,- - -,,,2,5,5,3,1,2,0,0,2,1,0,0,0,0,0,0,0,0,0,.600,0.0%,0.0%,,.600,1.000,1.600,.400,,.600,,2.1,1.4,.700,316
Mason McCoy,669200,last_45,AAA,31.5,El Paso Chihuahuas,Total,ELP,- - -,,,21,83,95,29,23,4,1,1,15,13,9,0,20,0,2,1,0,10,1,.349,9.5%,21.1%,.450,.404,.458,.862,.108,,.438,,15.7,3.3,.386,127
Ryan Bliss,669208,last_45,AAA,26.8,Tacoma Rainiers,Total,TAC,- - -,,,24,96,114,20,14,2,2,2,17,11,14,0,13,0,3,1,0,6,4,.208,12.3%,11.4%,1.077,.301,.333,.634,.125,,.214,,10.3,-4.5,.290,70
Justyn-Henry Malloy,669234,last_45,AA,26.6,Montgomery Biscuits,Total,MTG,- - -,,,12,40,53,10,4,2,0,4,8,11,11,0,11,2,0,0,1,2,2,.250,20.8%,20.8%,1.000,.434,.600,1.034,.350,,.240,,11.8,4.7,.452,167
Jeremiah Jackson,669236,last_45,AAA,26.5,Norfolk Tides,Total,NOR,- - -,,,13,55,56,12,7,1,0,4,6,14,0,0,16,1,0,0,0,1,0,.218,0.0%,28.6%,.000,.232,.455,.687,.236,,.229,,5.6,-1.5,.301,79
Nick Solak,669256,last_45,AAA,31.7,El Paso Chihuahuas,Total,ELP,- - -,,,25,98,108,31,21,7,0,3,13,14,10,1,16,0,0,0,1,0,0,.316,9.3%,14.8%,.625,.380,.480,.859,.163,,.354,,17.5,3.5,.382,125
Will Smith,669257,last_45,AAA,31.4,Oklahoma City Comets,Total,OKC,- - -,,,5,16,16,4,1,2,0,1,1,2,0,0,4,0,0,0,0,0,0,.250,0.0%,25.0%,.000,.250,.562,.812,.312,,.273,,2.2,0.1,.350,106
Jack Suwinski,669261,last_45,AAA,28.1,Durham Bulls,Total,DUR,- - -,,,22,77,84,19,14,4,0,1,8,8,6,0,22,0,0,1,0,3,0,.247,7.1%,26.2%,.273,.301,.338,.639,.091,,.333,,7.9,-2.8,.293,74
Santiago Espinal,669289,last_45,AAA,31.9,Reno Aces,Total,RNO,- - -,,,21,79,93,22,14,5,1,2,12,9,13,0,14,0,0,1,3,3,0,.278,14.0%,15.1%,.929,.380,.443,.823,.165,,.317,,14.4,2.3,.373,119
Bryce Teodosio,669326,last_45,AAA,27.2,Salt Lake Bees,Total,SL,- - -,,,17,66,72,12,8,2,1,1,6,6,4,0,20,1,0,1,3,6,1,.182,5.6%,27.8%,.200,.239,.288,.527,.106,,.244,,3.8,-5.5,.242,41
Nolan Gorman,669357,last_45,AAA,26.3,Memphis Redbirds,Total,MEM,- - -,,,1,4,4,1,1,0,0,0,0,0,0,0,2,0,0,0,0,0,0,.250,0.0%,50.0%,.000,.250,.250,.500,.000,,.500,,0.2,-0.3,.228,34
Trei Cruz,669360,last_45,AAA,28.2,Toledo Mud Hens,Total,TOL,- - -,,,22,84,100,29,19,8,0,2,17,11,15,0,16,0,0,1,1,1,2,.345,15.0%,16.0%,.938,.444,.512,.956,.167,,.409,,20.1,7.4,.430,158
Bryce Johnson,669369,last_45,AAA,30.9,El Paso Chihuahuas,Total,ELP,- - -,,,19,58,74,20,13,6,0,1,11,8,11,0,18,1,1,3,1,7,1,.345,14.9%,24.3%,.611,.451,.500,.951,.155,,.475,,14.6,4.9,.426,151
Raynel Delgado,669384,last_45,AAA,26.5,Sugar Land Space Cowboys,Total,SUG,- - -,,,21,74,86,11,8,2,0,1,9,6,10,0,16,1,0,1,0,2,0,.149,11.6%,18.6%,.625,.259,.216,.475,.068,,.175,,4.0,-7.2,.233,35
Trevor Hauver,669386,last_45,AAA,27.8,Round Rock Express,Total,RR,- - -,,,21,75,82,19,16,2,0,1,12,10,6,0,19,0,1,0,0,2,0,.253,7.3%,23.2%,.316,.305,.320,.625,.067,,.321,,7.2,-3.4,.287,68
Samad Taylor,669392,last_45,AAA,28.1,El Paso Chihuahuas,Total,ELP,- - -,,,6,18,23,4,3,1,0,0,2,2,3,0,10,1,0,1,0,0,1,.222,13.0%,43.5%,.300,.364,.278,.641,.056,,.500,,2.5,-0.5,.314,84
Gage Workman,669398,last_45,AAA,26.9,El Paso Chihuahuas,Total,ELP,- - -,,,25,98,105,24,20,4,0,0,6,13,4,0,36,0,1,2,2,5,1,.245,3.8%,34.3%,.111,.272,.286,.558,.041,,.381,,6.6,-7.1,.255,48
Frainyer Chavez,669413,last_45,AAA,27.3,Round Rock Express,Total,RR,- - -,,,15,52,62,14,12,2,0,0,7,7,8,0,10,0,2,0,0,3,0,.269,12.9%,16.1%,.800,.355,.308,.663,.038,,.318,,6.6,-1.7,.310,80
Drew Swift,669439,last_45,AAA,27.6,Las Vegas Aviators,Total,LV,- - -,,,12,38,49,7,5,1,0,1,7,7,6,0,11,2,1,2,0,2,2,.184,12.2%,22.4%,.545,.319,.289,.609,.105,,.222,,4.5,-1.9,.292,71
Braden Shewmake,669699,last_45,AAA,28.8,Sugar Land Space Cowboys,Total,SUG,- - -,,,1,3,4,0,0,0,0,0,0,0,1,0,2,0,0,0,0,0,0,.000,25.0%,50.0%,.500,.250,.000,.250,.000,,.000,,0.0,-0.5,.178,2
Josh Smith,669701,last_45,AAA,29.1,Buffalo Bisons,Total,BUF,- - -,,,3,11,14,1,1,0,0,0,2,2,3,0,1,0,0,0,0,0,0,.091,21.4%,7.1%,3.000,.286,.091,.377,.000,,.100,,0.5,-1.3,.217,28
Logan Davidson,669722,last_45,AAA,28.7,Durham Bulls,Total,DUR,- - -,,,16,50,53,7,1,2,0,4,6,9,3,0,19,0,0,0,0,0,0,.140,5.7%,35.8%,.158,.189,.420,.609,.280,,.111,,3.8,-2.9,.265,57
Ryan Ward,669899,last_45,AAA,28.6,Oklahoma City Comets,Total,OKC,- - -,,,21,77,86,13,10,1,1,1,10,9,7,0,19,0,2,0,3,1,1,.169,8.1%,22.1%,.368,.233,.247,.479,.078,,.203,,3.2,-8.0,.222,29
Trenton Brooks,670092,last_45,AAA,31.2,Sugar Land Space Cowboys,Total,SUG,- - -,,,9,31,39,5,4,1,0,0,3,5,7,0,5,0,1,0,1,1,2,.161,17.9%,12.8%,1.400,.308,.194,.501,.032,,.185,,2.4,-2.6,.254,48
Zack Short,670097,last_45,AAA,31.3,Syracuse Mets,Total,SYR,- - -,,,13,37,46,10,3,6,0,1,6,9,9,0,7,0,0,0,0,0,0,.270,19.6%,15.2%,1.286,.413,.514,.927,.243,,.310,,8.6,2.8,.413,148
Miles Mastrobuoni,670156,last_45,AAA,30.9,Tacoma Rainiers,Total,TAC,- - -,,,18,67,74,19,15,3,0,1,11,9,7,0,15,0,0,0,2,1,0,.284,9.5%,20.3%,.467,.351,.373,.724,.090,,.353,,9.2,-0.5,.333,95
Kameron Misner,670224,last_45,AAA,28.7,Lehigh Valley IronPigs,Total,LHV,- - -,,,20,71,81,18,12,2,0,4,12,12,10,0,23,0,0,0,0,4,0,.254,12.3%,28.4%,.435,.346,.451,.796,.197,,.318,,11.8,1.5,.359,115
Ramón Rodríguez,670232,last_45,AAA,27.9,Nashville Sounds,Total,NAS,- - -,,,15,56,57,9,6,3,0,0,4,5,0,0,9,0,1,0,0,0,0,.161,0.0%,15.8%,.000,.158,.214,.372,.054,,.188,,-0.4,-7.6,.164,-5
Matt Wallner,670242,last_45,AAA,28.8,St. Paul Saints,Total,STP,- - -,,,20,70,86,15,8,5,0,2,9,10,13,0,27,2,1,0,2,3,1,.214,15.1%,31.4%,.481,.349,.371,.720,.157,,.310,,10.8,-0.1,.334,99
Cal Stevenson,670276,last_45,AAA,30.0,Toledo Mud Hens,Total,TOL,- - -,,,18,56,70,16,10,2,2,2,13,6,13,0,22,0,0,1,1,4,0,.286,18.6%,31.4%,.591,.420,.500,.920,.214,,.438,,13.1,4.2,.412,147
Abrahan Gutierrez,670868,last_45,AAA,26.9,Scranton/Wilkes-Barre RailRiders,Total,SWB,- - -,,,4,11,12,5,3,1,0,1,3,1,1,0,1,0,0,0,1,0,0,.455,8.3%,8.3%,1.000,.500,.818,1.318,.364,,.444,,3.7,2.2,.570,245
Buddy Kennedy,671083,last_45,AAA,27.9,Rochester Red Wings,Total,ROC,- - -,,,12,46,55,8,5,2,0,1,8,7,6,0,11,2,1,0,1,1,0,.174,10.9%,20.0%,.545,.291,.283,.574,.109,,.200,,4.3,-2.7,.273,62
Darren Baker,671117,last_45,AAA,27.6,Sacramento River Cats,Total,SAC,- - -,,,13,50,53,12,12,0,0,0,4,3,2,0,13,0,1,0,0,5,0,.240,3.8%,24.5%,.154,.264,.240,.504,.000,,.316,,2.4,-4.5,.233,35
Ivan Johnson,671155,last_45,AAA,27.9,Louisville Bats,Total,LOU,- - -,,,2,7,7,0,0,0,0,0,0,0,0,0,3,0,0,0,0,0,0,.000,0.0%,42.9%,.000,.000,.000,.000,.000,,.000,,-0.9,-1.8,.000,-106
Drew Waters,671221,last_45,AAA,27.7,Omaha Storm Chasers,Total,OMA,- - -,,,15,52,62,17,9,4,1,3,11,6,10,0,16,0,0,0,0,8,1,.327,16.1%,25.8%,.625,.435,.615,1.051,.288,,.424,,13.9,6.0,.459,176
David García,671272,last_45,AA,26.6,Biloxi Shuckers,Total,BLX,- - -,,,1,4,4,0,0,0,0,0,0,0,0,0,1,0,0,0,0,0,0,.000,0.0%,25.0%,.000,.000,.000,.000,.000,,.000,,-0.5,-1.1,.000,-99
Tim Elko,671284,last_45,AAA,27.7,Charlotte Knights,Total,CLT,- - -,,,15,50,53,15,10,2,1,2,8,7,2,0,20,0,1,0,1,0,0,.300,3.8%,37.7%,.100,.321,.500,.821,.200,,.448,,7.7,0.9,.358,114
Johnathan Rodríguez,671286,last_45,AAA,26.9,Las Vegas Aviators,Total,LV,- - -,,,23,87,102,22,11,7,0,4,14,11,12,0,26,3,0,0,1,0,0,.253,11.8%,25.5%,.462,.363,.471,.834,.218,,.316,,16.0,2.7,.375,121
Tyler Freeman,671289,last_45,AAA,27.3,Albuquerque Isotopes,Total,ABQ,- - -,,,21,78,94,23,13,9,0,1,17,12,10,0,7,4,1,1,1,3,1,.295,10.6%,7.4%,1.429,.398,.449,.847,.154,,.310,,15.4,3.1,.384,126
George Valera,671655,last_45,AAA,25.8,Columbus Clippers,Total,COL,- - -,,,13,50,58,21,10,6,0,5,10,12,7,0,8,1,0,0,1,0,1,.420,12.1%,13.8%,.875,.500,.840,1.340,.420,,.432,,18.1,10.7,.571,245
Casey Yamauchi,671748,last_45,AA,26.1,Midland RockHounds,Total,MID,- - -,,,19,80,89,18,14,4,0,0,13,4,2,0,11,5,0,2,6,8,2,.225,2.2%,12.4%,.182,.287,.275,.562,.050,,.261,,6.3,-6.8,.265,48
Tyler Black,672012,last_45,AAA,26.2,Nashville Sounds,Total,NAS,- - -,,,22,76,89,24,13,9,1,1,12,8,12,0,18,1,0,0,2,3,1,.316,13.5%,20.2%,.667,.416,.500,.916,.184,,.404,,16.5,5.2,.410,146
Denzel Clarke,672016,last_45,AAA,26.3,Las Vegas Aviators,Total,LV,- - -,,,7,23,30,6,3,0,1,2,3,5,7,0,10,0,0,0,0,0,0,.261,23.3%,33.3%,.700,.433,.609,1.042,.348,,.364,,6.5,2.6,.452,167
Michael Siani,672279,last_45,AAA,27.2,Toledo Mud Hens,Total,TOL,- - -,,,15,47,53,6,2,2,0,2,5,4,4,0,14,0,0,2,1,2,1,.128,7.5%,26.4%,.286,.196,.298,.494,.170,,.129,,2.2,-4.6,.225,32
Jarred Kelenic,672284,last_45,AAA,27.2,Scranton/Wilkes-Barre RailRiders,Total,SWB,- - -,,,19,85,92,17,13,1,1,2,7,10,6,0,27,0,1,0,0,4,1,.200,6.5%,29.3%,.222,.250,.306,.556,.106,,.263,,5.8,-5.9,.253,49
Tirso Ornelas,672359,last_45,AA,26.5,San Antonio Missions,Total,SA,- - -,,,12,47,53,16,7,5,0,4,8,10,4,0,4,1,0,0,2,0,0,.340,7.5%,7.5%,1.000,.404,.702,1.106,.362,,.308,,12.6,4.8,.478,162
Maikel Garcia,672580,last_45,AAA,26.5,Omaha Storm Chasers,Total,OMA,- - -,,,3,13,13,4,3,1,0,0,1,2,0,0,4,0,0,0,0,1,0,.308,0.0%,30.8%,.000,.308,.385,.692,.077,,.444,,1.4,-0.3,.310,84
Eliezer Alfonzo,672613,last_45,AAA,27.0,Oklahoma City Comets,Total,OKC,- - -,,,9,29,32,9,7,1,0,1,1,5,3,0,1,0,0,0,0,0,0,.310,9.4%,3.1%,3.000,.375,.448,.823,.138,,.296,,4.9,0.8,.372,119
Steward Berroa,672642,last_45,AAA,27.3,Lehigh Valley IronPigs,Total,LHV,- - -,,,3,11,11,0,0,0,0,0,0,0,0,0,5,0,0,0,1,0,0,.000,0.0%,45.5%,.000,.000,.000,.000,.000,,.000,,-1.5,-2.9,.000,-106
Lenyn Sosa,672820,last_45,AAA,26.6,Buffalo Bisons,Total,BUF,- - -,,,17,63,68,16,11,3,0,2,9,8,5,0,17,0,0,0,6,0,2,.254,7.4%,25.0%,.294,.309,.397,.706,.143,,.318,,7.8,-0.9,.319,90
Josh Jung,673962,last_45,AAA,28.6,Round Rock Express,Total,RR,- - -,,,4,15,17,3,1,1,0,1,1,2,0,0,1,2,0,0,0,0,0,.200,0.0%,5.9%,.000,.294,.467,.761,.267,,.154,,2.2,0.0,.341,100
Jacob Hurtubise,674441,last_45,AAA,28.8,Nashville Sounds,Total,NAS,- - -,,,13,37,48,10,9,1,0,0,11,0,10,0,10,1,0,0,0,5,1,.270,20.8%,20.8%,1.000,.438,.297,.735,.027,,.370,,7.1,1.0,.361,116
Griffin Lockwood-Powell,674976,last_45,AA,28.6,Tulsa Drillers,Total,TUL,- - -,,,11,44,53,9,7,1,0,1,5,7,7,0,13,0,2,0,3,0,0,.205,13.2%,24.5%,.538,.302,.295,.597,.091,,.250,,4.3,-3.5,.278,55
Jonathon Long,675085,last_45,AAA,24.7,Jacksonville Jumbo Shrimp,Total,JAX,- - -,,,20,76,89,19,10,5,0,4,12,17,10,1,18,0,3,0,2,0,0,.250,11.2%,20.2%,.556,.326,.474,.800,.224,,.263,,12.0,0.7,.346,106
Andrew Sojka,675382,last_45,A+,25.3,West Michigan Whitecaps,Total,WM,- - -,,,11,37,43,7,7,0,0,0,4,5,3,0,8,3,0,0,1,4,0,.189,7.0%,18.6%,.375,.302,.189,.492,.000,,.241,,3.0,-3.1,.250,50
Johnny Olmstead,675394,last_45,AAA,26.2,Jacksonville Jumbo Shrimp,Total,JAX,- - -,,,16,49,57,10,7,1,1,1,6,3,4,0,14,0,2,2,0,2,0,.204,7.0%,24.6%,.286,.255,.327,.581,.122,,.250,,3.9,-3.4,.259,53
CJ Rodriguez,675430,last_45,AA,26.2,Midland RockHounds,Total,MID,- - -,,,11,41,45,15,14,1,0,0,5,4,4,0,5,0,0,0,1,0,0,.366,8.9%,11.1%,.800,.422,.390,.812,.024,,.417,,7.0,0.4,.375,107
Blake Hunt,675448,last_45,AAA,27.8,El Paso Chihuahuas,Total,ELP,- - -,,,7,22,25,7,5,0,1,1,6,4,3,0,6,0,0,0,2,0,0,.318,12.0%,24.0%,.500,.400,.545,.945,.227,,.400,,4.7,1.5,.417,146
Milan Tolentino,675455,last_45,AAA,24.8,Columbus Clippers,Total,COL,- - -,,,23,84,93,14,7,2,1,4,12,9,8,0,35,0,0,1,1,5,0,.167,8.6%,37.6%,.229,.239,.357,.596,.190,,.222,,7.0,-4.8,.269,59
Greg Jones,675659,last_45,AAA,28.5,Iowa Cubs,Total,IOW,- - -,,,9,34,39,7,6,1,0,0,4,1,5,0,11,0,0,0,0,3,0,.206,12.8%,28.2%,.455,.308,.235,.543,.029,,.304,,2.8,-2.2,.264,56
David Bañuelos,675915,last_45,AAA,30.0,St. Paul Saints,Total,STP,- - -,,,12,39,45,7,4,1,0,2,5,4,5,0,15,1,0,0,2,0,0,.179,11.1%,33.3%,.333,.289,.359,.648,.179,,.227,,4.4,-1.3,.299,78
Skyler Messinger,676038,last_45,AA,27.9,Hartford Yard Goats,Total,HFD,- - -,,,5,15,17,4,3,1,0,0,0,1,0,0,7,0,1,1,0,2,0,.267,0.0%,41.2%,.000,.250,.333,.583,.067,,.444,,1.1,-1.2,.252,48
Ryan Noda,676116,last_45,AAA,30.5,Norfolk Tides,Total,NOR,- - -,,,15,45,57,8,3,2,0,3,7,7,11,0,22,1,0,0,0,0,0,.178,19.3%,38.6%,.500,.351,.422,.773,.244,,.250,,8.1,0.9,.355,112
Marcos Castañon,676203,last_45,AAA,27.5,El Paso Chihuahuas,Total,ELP,- - -,,,25,93,104,22,13,7,0,2,20,11,9,0,15,1,0,1,3,0,0,.237,8.7%,14.4%,.600,.311,.376,.687,.140,,.263,,11.3,-2.2,.313,83
Tyler Hardman,676205,last_45,AAA,27.6,Scranton/Wilkes-Barre RailRiders,Total,SWB,- - -,,,20,75,82,13,8,1,0,4,9,13,6,0,24,0,1,0,4,1,0,.173,7.3%,29.3%,.250,.232,.347,.578,.173,,.188,,5.6,-4.8,.260,53
Hayden Cantrelle,676463,last_45,AAA,27.8,Iowa Cubs,Total,IOW,- - -,,,6,18,24,2,0,2,0,0,1,2,5,0,9,0,0,1,0,2,0,.111,20.8%,37.5%,.556,.304,.222,.527,.111,,.222,,1.8,-1.3,.267,58
Jack Winkler,676466,last_45,AAA,27.9,Las Vegas Aviators,Total,LV,- - -,,,22,82,94,20,13,5,0,2,12,9,11,0,17,1,0,0,2,1,2,.244,11.7%,18.1%,.647,.340,.378,.718,.134,,.286,,11.5,-0.7,.331,94
José Barrero,676480,last_45,AAA,28.4,Norfolk Tides,Total,NOR,- - -,,,18,65,72,13,6,3,0,4,13,8,5,0,25,2,0,0,1,3,2,.200,6.9%,34.7%,.200,.278,.431,.709,.231,,.250,,8.1,-1.0,.317,89
Hemmanuel Rosario,676560,last_45,A+,26.0,Asheville Tourists,Total,ASH,- - -,,,1,3,3,0,0,0,0,0,0,0,0,0,2,0,0,0,0,0,0,.000,0.0%,66.7%,.000,.000,.000,.000,.000,,.000,,-0.4,-0.8,.000,-88
Shawn Ross,676566,last_45,AAA,27.0,Buffalo Bisons,Total,BUF,- - -,,,11,34,41,5,2,1,1,1,6,4,6,0,15,1,0,0,0,0,0,.147,14.6%,36.6%,.400,.293,.324,.616,.176,,.222,,3.7,-1.5,.290,72
Eric Wagaman,676572,last_45,AAA,29.1,Syracuse Mets,Total,SYR,- - -,,,15,55,60,12,8,3,0,1,4,6,5,1,10,0,0,0,3,1,1,.218,8.3%,16.7%,.500,.283,.327,.611,.109,,.250,,4.7,-2.9,.273,62
Bligh Madris,676632,last_45,AAA,30.6,Memphis Redbirds,Total,MEM,- - -,,,19,72,84,12,7,3,0,2,9,9,9,0,17,0,1,0,1,1,0,.167,10.7%,20.2%,.529,.256,.292,.548,.125,,.185,,5.4,-5.3,.255,50
Luis Vázquez,676679,last_45,AAA,26.9,Norfolk Tides,Total,NOR,- - -,,,3,11,11,2,0,1,1,0,1,1,0,0,5,0,0,0,1,1,1,.182,0.0%,45.5%,.000,.182,.455,.636,.273,,.333,,0.8,-0.6,.267,58
Jake Meyers,676694,last_45,AAA,30.2,Sugar Land Space Cowboys,Total,SUG,- - -,,,7,24,27,7,3,3,1,0,4,4,3,0,3,0,0,0,0,0,0,.292,11.1%,11.1%,1.000,.370,.500,.870,.208,,.333,,4.4,0.9,.385,126
Chas McCormick,676801,last_45,AAA,31.4,Iowa Cubs,Total,IOW,- - -,,,20,74,85,29,19,7,0,3,14,17,10,0,14,1,0,0,1,6,1,.392,11.8%,16.5%,.714,.471,.608,1.079,.216,,.456,,20.2,9.4,.477,187
Davis Schneider,676914,last_45,AAA,27.6,Buffalo Bisons,Total,BUF,- - -,,,15,45,61,10,4,2,0,4,10,8,14,0,12,1,1,0,0,0,0,.222,23.0%,19.7%,1.167,.410,.533,.943,.311,,.200,,11.6,3.8,.416,150
Heston Kjerstad,677008,last_45,AAA,27.5,Norfolk Tides,Total,NOR,- - -,,,5,17,18,6,4,2,0,0,0,0,1,0,6,0,0,0,0,0,0,.353,5.6%,33.3%,.167,.389,.471,.859,.118,,.545,,3.0,0.7,.386,131
Chad Stevens,677060,last_45,AAA,27.6,Albuquerque Isotopes,Total,ABQ,- - -,,,15,55,66,18,12,4,1,1,10,8,8,0,19,2,1,0,0,1,1,.327,12.1%,28.8%,.421,.424,.491,.915,.164,,.472,,12.1,3.5,.409,141
Cameron Barstad,677319,last_45,AAA,25.8,Indianapolis Indians,Total,IND,- - -,,,5,13,17,1,0,0,0,1,1,1,1,0,3,3,0,0,0,0,0,.077,5.9%,17.6%,.333,.294,.308,.602,.231,,.000,,1.7,-0.5,.297,77
GJ Hill,677338,last_45,AA,26.0,Hartford Yard Goats,Total,HFD,- - -,,,14,49,58,6,4,2,0,0,5,2,5,0,17,0,0,4,1,2,0,.122,8.6%,29.3%,.294,.204,.163,.367,.041,,.188,,0.7,-7.4,.181,9
Brock Jones,677342,last_45,AA,25.5,Montgomery Biscuits,Total,MTG,- - -,,,8,26,29,3,1,0,0,2,3,3,3,0,16,0,0,0,0,1,0,.115,10.3%,55.2%,.188,.207,.346,.553,.231,,.125,,1.9,-2.0,.250,48
Kyren Paris,677347,last_45,AAA,24.8,Salt Lake Bees,Total,SL,- - -,,,7,28,35,10,7,3,0,0,4,3,6,0,10,0,1,0,0,3,0,.357,17.1%,28.6%,.600,.457,.464,.921,.107,,.526,,6.6,2.0,.415,145
Kristian Robinson,677565,last_45,AAA,25.8,Reno Aces,Total,RNO,- - -,,,16,59,68,13,5,5,0,3,11,9,6,0,25,0,1,1,0,3,1,.220,8.8%,36.8%,.240,.288,.458,.746,.237,,.312,,8.1,-0.7,.328,92
Carlos Rodríguez,677578,last_45,AAA,25.8,El Paso Chihuahuas,Total,ELP,- - -,,,24,90,106,30,26,2,2,0,8,11,13,1,15,1,1,1,2,7,4,.333,12.3%,14.2%,.867,.419,.400,.819,.067,,.395,,16.5,2.7,.373,119
Everson Pereira,677592,last_45,AAA,25.4,Memphis Redbirds,Total,MEM,- - -,,,3,9,11,3,3,0,0,0,1,1,2,0,4,0,0,0,0,0,0,.333,18.2%,36.4%,.500,.455,.333,.788,.000,,.600,,1.8,0.4,.377,126
Ronny Mauricio,677595,last_45,AAA,25.5,Syracuse Mets,Total,SYR,- - -,,,21,88,92,18,11,4,0,3,11,11,3,1,21,1,0,0,3,0,2,.205,3.3%,22.8%,.143,.239,.352,.591,.148,,.234,,6.3,-5.4,.260,54
Keyber Rodriguez,677601,last_45,AAA,25.9,Round Rock Express,Total,RR,- - -,,,24,93,100,23,12,7,2,2,17,14,6,0,19,0,1,0,0,7,0,.247,6.0%,19.0%,.316,.290,.430,.720,.183,,.288,,11.2,-1.8,.317,86
Luis Verdugo,677605,last_45,AA,25.9,San Antonio Missions,Total,SA,- - -,,,13,43,51,15,13,0,0,2,12,5,7,0,8,1,0,0,2,3,0,.349,13.7%,15.7%,.875,.451,.488,.939,.140,,.394,,10.0,2.6,.427,134
Blaze Alexander,677942,last_45,AAA,27.2,Norfolk Tides,Total,NOR,- - -,,,2,7,8,2,1,1,0,0,1,1,1,0,3,0,0,0,0,0,0,.286,12.5%,37.5%,.333,.375,.429,.804,.143,,.500,,1.2,0.2,.364,118
Alek Thomas,677950,last_45,AAA,26.4,Oklahoma City Comets,Total,OKC,- - -,,,13,49,60,17,8,3,2,4,13,11,8,0,9,1,0,2,1,4,0,.347,13.3%,15.0%,.889,.448,.735,1.183,.388,,.361,,15.5,7.7,.505,199
Jordan Groshans,677954,last_45,AAA,26.9,Gwinnett Stripers,Total,GWN,- - -,,,21,79,87,23,10,4,2,7,14,16,7,0,10,0,1,0,4,2,0,.291,8.0%,11.5%,.700,.345,.658,1.003,.367,,.254,,17.5,6.3,.429,156
Rece Hinds,677956,last_45,AAA,26.0,Norfolk Tides,Total,NOR,- - -,,,6,21,24,6,5,0,0,1,4,3,2,0,5,1,0,0,0,2,0,.286,8.3%,20.8%,.400,.375,.429,.804,.143,,.333,,3.7,0.6,.368,120
Anthony Seigler,678011,last_45,AAA,27.2,Worcester Red Sox,Total,WOR,- - -,,,7,30,35,5,2,2,1,0,3,4,4,0,5,0,1,0,2,0,0,.167,11.4%,14.3%,.800,.257,.300,.557,.133,,.192,,2.2,-2.2,.254,50
Gavin Logan,678099,last_45,AAA,26.6,Reno Aces,Total,RNO,- - -,,,5,18,21,6,3,2,0,1,3,4,2,0,4,1,0,0,0,0,0,.333,9.5%,19.0%,.500,.429,.611,1.040,.278,,.385,,4.6,1.6,.457,153
David McCabe,678173,last_45,AAA,26.5,Gwinnett Stripers,Total,GWN,- - -,,,23,87,100,27,19,5,0,3,9,18,8,0,27,1,4,0,3,0,0,.310,8.0%,27.0%,.296,.360,.471,.831,.161,,.393,,15.0,2.4,.365,119
Jihwan Bae,678225,last_45,AAA,27.1,Nashville Sounds,Total,NAS,- - -,,,1,3,3,2,1,0,0,1,1,3,0,0,0,0,0,0,0,0,0,.667,0.0%,0.0%,,.667,1.667,2.333,1.000,,.500,,2.0,1.6,1.007,514
Jesus Valdez,678232,last_45,AAA,28.7,Reno Aces,Total,RNO,- - -,,,3,10,11,3,3,0,0,0,3,1,1,0,3,0,0,0,0,0,0,.300,9.1%,27.3%,.333,.364,.300,.664,.000,,.429,,1.2,-0.2,.313,83
Junior Perez,678577,last_45,AAA,25.2,Charlotte Knights,Total,CLT,- - -,,,16,55,63,11,4,3,0,4,10,9,7,0,22,0,0,1,1,4,0,.200,11.1%,34.9%,.318,.290,.473,.763,.273,,.241,,8.1,0.1,.338,102
Orlando Martinez,678636,last_45,AAA,28.6,Round Rock Express,Total,RR,- - -,,,22,72,81,17,13,3,1,0,1,10,8,0,11,0,1,0,1,5,3,.236,9.9%,13.6%,.727,.309,.306,.614,.069,,.274,,7.0,-3.6,.284,66
Eddys Leonard,678760,last_45,AAA,25.9,Sacramento River Cats,Total,SAC,- - -,,,20,74,80,16,12,2,0,2,8,10,6,0,15,0,0,0,1,0,0,.216,7.5%,18.8%,.400,.275,.324,.599,.108,,.246,,6.3,-4.1,.275,60
Viandel Pena,678854,last_45,AA,25.8,Erie SeaWolves,Total,ERI,- - -,,,9,33,37,9,7,2,0,0,5,4,3,0,10,0,1,0,2,1,0,.273,8.1%,27.0%,.300,.324,.333,.658,.061,,.375,,3.9,-1.3,.300,75
Liover Peguero,678894,last_45,AAA,25.7,Rochester Red Wings,Total,ROC,- - -,,,24,81,94,20,13,4,0,3,13,13,13,0,24,0,0,0,1,3,1,.247,13.8%,25.5%,.542,.351,.407,.758,.160,,.315,,12.8,0.8,.347,107
Daniel Vellojin,678962,last_45,AA,26.5,Montgomery Biscuits,Total,MTG,- - -,,,4,14,16,4,4,0,0,0,2,0,2,0,2,0,0,0,1,0,0,.286,12.5%,12.5%,1.000,.375,.286,.661,.000,,.333,,1.9,-0.3,.316,87
Julio Carreras,679734,last_45,AA,26.7,Chattanooga Lookouts,Total,CHA,- - -,,,12,40,47,4,3,1,0,0,3,4,4,0,17,2,0,1,0,2,0,.100,8.5%,36.2%,.235,.217,.125,.342,.025,,.174,,0.5,-5.8,.182,8
Alberto Rodriguez,679754,last_45,AA,25.9,Northwest Arkansas Naturals,Total,NWA,- - -,,,15,48,59,9,7,0,1,1,7,7,5,0,19,3,2,1,0,1,0,.188,8.5%,32.2%,.263,.293,.292,.585,.104,,.267,,4.6,-4.1,.274,53
Arturo De Freitas,679972,last_45,A+,25.3,Hub City Spartanburgers,Total,HCS,- - -,,,7,24,28,8,3,2,0,3,7,9,4,0,11,0,0,0,0,0,0,.333,14.3%,39.3%,.364,.429,.792,1.220,.458,,.500,,7.9,4.0,.518,201
Chris Meyers,680273,last_45,AAA,27.4,Toledo Mud Hens,Total,TOL,- - -,,,12,43,52,7,4,1,0,2,4,4,8,1,20,1,0,0,1,0,0,.163,15.4%,38.5%,.400,.308,.326,.633,.163,,.238,,4.8,-2.0,.292,70
Max Schuemann,680474,last_45,AAA,29.3,Scranton/Wilkes-Barre RailRiders,Total,SWB,- - -,,,17,69,76,19,10,4,2,3,14,6,4,0,14,2,0,1,3,1,0,.275,5.3%,18.4%,.286,.333,.522,.855,.246,,.308,,12.1,2.4,.376,125
Mario Camilletti,680519,last_45,AAA,27.4,Charlotte Knights,Total,CLT,- - -,,,15,49,58,9,8,0,0,1,8,5,8,0,7,1,0,0,1,0,0,.184,13.8%,12.1%,1.143,.310,.245,.555,.061,,.195,,4.5,-2.8,.273,62
DaShawn Keirsey Jr.,680577,last_45,AAA,29.3,Gwinnett Stripers,Total,GWN,- - -,,,13,48,51,14,9,3,1,1,5,7,2,0,13,1,0,0,0,3,0,.292,3.9%,25.5%,.154,.333,.458,.792,.167,,.382,,7.2,0.7,.353,111
Ramon Mendoza,680636,last_45,AAA,26.1,Memphis Redbirds,Total,MEM,- - -,,,22,77,93,22,18,4,0,0,15,4,13,0,14,3,0,0,1,0,0,.286,14.0%,15.1%,.929,.409,.338,.746,.052,,.349,,13.3,1.5,.355,112
Luke Waddell,680672,last_45,AA,28.2,Columbus Clingstones,Total,COL,- - -,,,15,51,57,19,14,4,0,1,7,8,3,0,9,1,2,0,0,0,0,.373,5.3%,15.8%,.333,.404,.510,.913,.137,,.419,,10.4,2.8,.402,137
Jonathan Ornelas,680716,last_45,AAA,26.3,Nashville Sounds,Total,NAS,- - -,,,14,47,57,10,7,1,0,2,8,7,7,0,15,1,0,2,3,1,0,.213,12.3%,26.3%,.467,.327,.362,.689,.149,,.267,,6.6,-0.7,.320,91
Adrian Del Castillo,680728,last_45,AAA,27.0,Reno Aces,Total,RNO,- - -,,,13,51,60,12,5,3,0,4,9,11,8,0,11,0,0,1,1,0,0,.235,13.3%,18.3%,.727,.339,.529,.868,.294,,.222,,9.8,2.0,.382,125
Michael Helman,680737,last_45,AAA,30.3,Round Rock Express,Total,RR,- - -,,,5,19,21,5,3,1,0,1,4,2,2,0,5,0,0,0,0,0,1,.263,9.5%,23.8%,.400,.333,.474,.807,.211,,.308,,3.0,0.3,.360,111
CJ Alexander,680769,last_45,AAA,30.2,Sugar Land Space Cowboys,Total,SUG,- - -,,,2,8,9,0,0,0,0,0,0,0,1,0,3,0,0,0,0,0,0,.000,11.1%,33.3%,.333,.111,.000,.111,.000,,.000,,-0.7,-1.8,.079,-57
Ryan Fitzgerald,680837,last_45,AAA,32.3,Oklahoma City Comets,Total,OKC,- - -,,,25,96,108,33,18,9,1,5,19,26,7,2,15,1,4,0,2,4,0,.344,6.5%,13.9%,.467,.380,.615,.994,.271,,.350,,20.7,6.7,.420,148
Pablo Aliendo,680846,last_45,AA,25.3,Chattanooga Lookouts,Total,CHA,- - -,,,8,25,32,4,2,2,0,0,3,2,3,0,11,4,0,0,0,0,0,.160,9.4%,34.4%,.273,.344,.240,.584,.080,,.286,,3.2,-1.0,.297,76
Willie MacIver,680862,last_45,AAA,29.9,Tacoma Rainiers,Total,TAC,- - -,,,14,50,57,12,8,2,0,2,7,3,6,0,12,0,1,0,1,0,0,.240,10.5%,21.1%,.500,.316,.400,.716,.160,,.270,,6.6,-0.8,.322,89
Owen Miller,680911,last_45,AAA,29.8,Iowa Cubs,Total,IOW,- - -,,,17,70,73,20,15,4,1,0,13,4,3,0,7,0,0,0,1,2,1,.286,4.1%,9.6%,.429,.315,.371,.686,.086,,.317,,7.8,-1.5,.310,84
Caleb Bartolero,680960,last_45,AA,26.9,Rocket City Trash Pandas,Total,RCT,- - -,,,19,79,83,30,20,7,0,3,16,21,4,0,13,0,0,0,1,1,0,.380,4.8%,15.7%,.308,.410,.582,.992,.203,,.429,,17.5,6.5,.439,159
Nick Biddison,680994,last_45,AAA,26.1,Lehigh Valley IronPigs,Total,LHV,- - -,,,10,31,38,5,4,0,0,1,3,6,4,0,9,2,0,1,0,1,0,.161,10.5%,23.7%,.444,.297,.258,.555,.097,,.190,,3.0,-1.9,.272,61
Luke Mann,680996,last_45,AAA,26.4,Las Vegas Aviators,Total,LV,- - -,,,20,68,77,20,13,3,0,4,13,7,9,0,17,0,0,0,1,0,0,.294,11.7%,22.1%,.529,.377,.515,.891,.221,,.340,,13.4,3.4,.397,134
Branden Boissiere,680998,last_45,AA,26.5,Harrisburg Senators,Total,HBG,- - -,,,17,68,77,17,9,6,0,2,6,12,8,0,25,0,1,0,1,0,0,.250,10.4%,32.5%,.320,.325,.426,.751,.176,,.357,,10.2,-0.5,.336,95
Anthony Vilar,681036,last_45,AAA,27.5,El Paso Chihuahuas,Total,ELP,- - -,,,14,33,47,10,7,2,0,1,7,5,11,0,10,1,0,2,1,2,0,.303,23.4%,21.3%,1.100,.489,.455,.943,.152,,.409,,9.8,3.3,.436,151
Christian Franklin,681047,last_45,AAA,26.8,Norfolk Tides,Total,NOR,- - -,,,4,12,17,3,2,0,0,1,3,2,5,0,2,0,0,0,0,3,0,.250,29.4%,11.8%,2.500,.471,.500,.971,.250,,.222,,3.6,1.4,.440,165
Caleb Ricketts,681080,last_45,AA,26.3,Reading Fightin Phils,Total,REA,- - -,,,14,46,54,16,13,1,0,2,7,7,6,0,6,2,0,0,2,1,0,.348,11.1%,11.1%,1.000,.444,.500,.944,.152,,.368,,11.1,3.5,.428,147
Bill Knight,681098,last_45,AA,27.1,Arkansas Travelers,Total,ARK,- - -,,,11,34,40,8,8,0,0,0,8,0,3,0,7,3,0,0,0,3,1,.235,7.5%,17.5%,.429,.350,.235,.585,.000,,.296,,3.6,-2.2,.291,62
Michael Trautwein,681114,last_45,AAA,27.0,Louisville Bats,Total,LOU,- - -,,,8,27,35,7,6,0,0,1,7,2,7,0,10,1,0,0,0,0,0,.259,20.0%,28.6%,.700,.429,.370,.799,.111,,.375,,5.7,1.2,.380,125
Luca Tresh,681123,last_45,AAA,26.7,Omaha Storm Chasers,Total,OMA,- - -,,,11,39,44,8,5,2,0,1,4,3,3,0,13,0,1,1,1,0,0,.205,6.8%,29.5%,.231,.256,.333,.589,.128,,.269,,3.2,-2.4,.265,57
Max Ferguson,681132,last_45,AAA,27.1,Worcester Red Sox,Total,WOR,- - -,,,18,61,69,14,9,2,0,3,15,8,6,0,20,1,0,1,0,1,0,.230,8.7%,29.0%,.300,.309,.410,.719,.180,,.289,,8.5,-0.8,.325,91
Jonah Bride,681146,last_45,AAA,30.7,Round Rock Express,Total,RR,- - -,,,22,74,90,20,17,2,1,0,14,16,15,0,13,0,1,0,1,0,1,.270,16.7%,14.4%,1.154,.389,.324,.713,.054,,.323,,11.5,-0.2,.337,98
BJ Murray Jr.,681230,last_45,AAA,26.7,Iowa Cubs,Total,IOW,- - -,,,10,39,45,13,7,1,2,3,7,12,6,0,10,0,0,0,0,0,0,.333,13.3%,22.2%,.600,.422,.692,1.115,.359,,.385,,10.8,5.0,.479,188
Alex Binelas,681323,last_45,AAA,26.3,Lehigh Valley IronPigs,Total,LHV,- - -,,,9,28,32,5,3,1,0,1,3,6,4,0,12,0,0,0,1,2,0,.179,12.5%,37.5%,.333,.281,.321,.603,.143,,.267,,2.8,-1.5,.281,65
Dru Baker,681333,last_45,AAA,26.5,Charlotte Knights,Total,CLT,- - -,,,13,43,45,8,7,1,0,0,3,4,1,0,12,0,1,0,1,3,0,.186,2.2%,26.7%,.083,.200,.209,.409,.023,,.250,,0.5,-5.2,.186,8
Logan O'Hoppe,681351,last_45,AAA,26.6,Round Rock Express,Total,RR,- - -,,,6,17,21,2,1,1,0,0,1,4,3,0,3,0,1,0,0,0,0,.118,14.3%,14.3%,1.000,.238,.176,.415,.059,,.133,,0.5,-2.2,.207,19
Andrew Cossetti,681355,last_45,AA,26.6,Wichita Wind Surge,Total,WCH,- - -,,,17,60,72,10,5,3,0,2,6,6,8,0,19,3,1,0,3,0,1,.167,11.1%,26.4%,.421,.292,.317,.608,.150,,.200,,6.2,-4.3,.286,59
Cody Morissette,681357,last_45,AAA,26.7,St. Paul Saints,Total,STP,- - -,,,21,80,91,21,12,3,0,6,9,16,10,0,19,1,0,0,3,2,1,.263,11.0%,20.9%,.526,.352,.525,.877,.263,,.273,,15.3,3.8,.388,133
Dom Keegan,681371,last_45,AA,26.1,Chesapeake Baysox,Total,CHE,- - -,,,13,40,52,6,5,0,0,1,5,1,10,0,11,2,0,0,2,0,0,.150,19.2%,21.2%,.909,.346,.225,.571,.075,,.179,,5.2,-2.1,.293,72
Josh Hood,681377,last_45,AA,26.1,Arkansas Travelers,Total,ARK,- - -,,,17,62,69,12,7,0,0,5,13,11,6,0,28,1,0,0,2,1,1,.194,8.7%,40.6%,.214,.275,.435,.711,.242,,.241,,7.7,-2.4,.318,76
Danny Serretti,681400,last_45,AA,26.4,Amarillo Sod Poodles,Total,AMA,- - -,,,18,65,78,18,13,1,0,4,11,17,9,0,20,2,2,0,0,1,0,.277,11.5%,25.6%,.450,.372,.477,.849,.200,,.326,,12.4,0.9,.378,108
Noah Cardenas,681433,last_45,AAA,27.0,St. Paul Saints,Total,STP,- - -,,,10,31,34,9,8,0,0,1,3,2,2,0,9,1,0,0,0,1,0,.290,5.9%,26.5%,.222,.353,.387,.740,.097,,.381,,4.4,0.1,.340,103
Zach Morgan,681439,last_45,AAA,26.5,Sacramento River Cats,Total,SAC,- - -,,,11,31,34,7,4,2,0,1,4,8,3,0,6,0,0,0,3,0,0,.226,8.8%,17.6%,.500,.294,.387,.681,.161,,.250,,3.6,-0.9,.308,80
Bryan Lavastida,681526,last_45,AAA,27.8,Las Vegas Aviators,Total,LV,- - -,,,10,37,39,13,10,2,0,1,5,4,2,0,7,0,0,0,1,0,1,.351,5.1%,17.9%,.286,.385,.486,.871,.135,,.414,,6.6,1.5,.390,130
James Outman,681546,last_45,AAA,29.4,Toledo Mud Hens,Total,TOL,- - -,,,18,60,73,13,6,4,0,3,10,12,8,0,24,4,1,0,2,1,1,.217,11.0%,32.9%,.333,.342,.433,.776,.217,,.294,,10.2,0.9,.351,110
Andy Weber,681581,last_45,AAA,29.2,Charlotte Knights,Total,CLT,- - -,,,21,66,73,15,6,6,0,3,12,9,6,0,21,1,0,0,1,2,1,.227,8.2%,28.8%,.286,.301,.455,.756,.227,,.286,,9.3,0.1,.336,101
Justin Dean,681909,last_45,AAA,29.8,Iowa Cubs,Total,IOW,- - -,,,19,73,79,12,10,2,0,0,6,6,4,0,16,0,1,1,0,6,1,.164,5.1%,20.3%,.250,.205,.192,.397,.027,,.207,,0.8,-9.2,.186,8
Vinny Capra,681962,last_45,AAA,30.2,Worcester Red Sox,Total,WOR,- - -,,,16,62,70,15,12,0,0,3,11,5,6,0,18,2,0,0,0,2,0,.242,8.6%,25.7%,.333,.329,.387,.716,.145,,.293,,8.5,-0.4,.329,96
Nate Eaton,681987,last_45,AAA,29.7,Worcester Red Sox,Total,WOR,- - -,,,9,31,35,5,4,1,0,0,6,2,3,0,9,0,1,0,0,3,0,.161,8.6%,25.7%,.333,.229,.194,.422,.032,,.217,,0.8,-3.6,.202,18
Daniel Schneemann,682177,last_45,AAA,29.6,Columbus Clippers,Total,COL,- - -,,,6,22,27,10,4,5,0,1,11,2,5,0,3,0,0,0,0,1,0,.455,18.5%,11.1%,1.667,.556,.818,1.374,.364,,.500,,8.7,5.3,.584,253
Drew Avans,682183,last_45,AAA,30.3,Albuquerque Isotopes,Total,ABQ,- - -,,,21,82,94,23,15,5,1,2,15,10,10,0,28,0,0,2,0,6,2,.280,10.6%,29.8%,.357,.359,.439,.798,.159,,.404,,13.6,1.4,.360,111
Paul McIntosh,682192,last_45,AAA,28.8,Lehigh Valley IronPigs,Total,LHV,- - -,,,13,36,45,3,1,1,0,1,3,2,7,0,12,2,0,0,1,0,0,.083,15.6%,26.7%,.583,.267,.194,.461,.111,,.087,,2.3,-3.4,.239,41
Luke Ritter,682239,last_45,AA,29.5,Reading Fightin Phils,Total,REA,- - -,,,1,2,4,0,0,0,0,0,1,0,2,0,2,0,0,0,0,0,0,.000,50.0%,50.0%,1.000,.500,.000,.500,.000,,,,0.6,0.0,.355,106
Jose Cordova,682276,last_45,AAA,26.7,Albuquerque Isotopes,Total,ABQ,- - -,,,8,29,33,4,3,0,0,1,1,2,2,0,10,1,1,0,3,0,0,.138,6.1%,30.3%,.200,.212,.241,.454,.103,,.158,,1.0,-3.3,.212,23
Logan Porter,682515,last_45,AAA,31.2,Salt Lake Bees,Total,SL,- - -,,,10,31,38,7,6,0,0,1,4,3,7,0,5,0,0,0,2,0,0,.226,18.4%,13.2%,1.400,.368,.323,.691,.097,,.240,,4.6,-0.3,.330,94
Marco Luciano,682617,last_45,AAA,25.0,Scranton/Wilkes-Barre RailRiders,Total,SWB,- - -,,,23,82,101,25,16,2,0,7,20,23,16,0,25,1,2,0,1,1,0,.305,15.8%,24.8%,.640,.416,.585,1.001,.280,,.346,,20.8,8.0,.436,162
Noelvi Marte,682622,last_45,AAA,24.9,Louisville Bats,Total,LOU,- - -,,,24,91,95,23,16,5,1,1,5,13,2,0,18,1,1,0,5,1,0,.253,2.1%,18.9%,.111,.274,.363,.636,.110,,.301,,8.2,-3.8,.284,68
Eduardo Garcia,682633,last_45,AAA,24.2,Nashville Sounds,Total,NAS,- - -,,,18,58,65,14,11,0,0,3,9,7,4,0,21,3,0,0,0,4,0,.241,6.2%,32.3%,.190,.323,.397,.720,.155,,.324,,8.0,-0.3,.329,97
Kevin Alcántara,682634,last_45,AAA,24.2,Iowa Cubs,Total,IOW,- - -,,,13,49,54,10,8,1,0,1,4,9,5,0,17,0,0,0,1,1,0,.204,9.3%,31.5%,.294,.278,.286,.563,.082,,.290,,3.8,-3.0,.264,56
Victor Bericoto,682674,last_45,AAA,24.8,Sacramento River Cats,Total,SAC,- - -,,,7,27,28,9,7,2,0,0,4,2,1,0,5,0,0,0,3,0,0,.333,3.6%,17.9%,.200,.357,.407,.765,.074,,.409,,3.7,0.1,.345,103
Dayan Frias,682679,last_45,AAA,24.2,Columbus Clippers,Total,COL,- - -,,,24,83,93,15,6,4,1,4,12,10,9,0,18,0,1,0,1,5,1,.181,9.7%,19.4%,.500,.258,.398,.656,.217,,.177,,8.6,-3.2,.292,73
Miguel Palma,682692,last_45,AA,24.7,Somerset Patriots,Total,SOM,- - -,,,3,9,12,1,1,0,0,0,2,2,3,0,2,0,0,0,0,0,0,.111,25.0%,16.7%,1.500,.333,.111,.444,.000,,.143,,0.8,-0.8,.254,49
Andrick Nava,682774,last_45,AAA,25.0,Nashville Sounds,Total,NAS,- - -,,,6,21,22,5,4,1,0,0,3,1,0,0,2,0,0,1,2,0,0,.238,0.0%,9.1%,.000,.238,.286,.524,.048,,.263,,1.1,-1.7,.235,38
Kervin Pichardo,682775,last_45,AA,24.9,Harrisburg Senators,Total,HBG,- - -,,,10,34,40,5,4,0,0,1,5,1,6,0,15,0,0,0,1,0,0,.147,15.0%,37.5%,.400,.275,.235,.510,.088,,.222,,2.6,-2.9,.250,47
Eddinson Paulino,682796,last_45,A+,24.2,Brooklyn Cyclones,Total,BRK,- - -,,,10,23,35,5,3,0,0,2,4,8,10,0,8,0,1,1,0,2,1,.217,28.6%,22.9%,1.250,.441,.478,.919,.261,,.214,,6.9,2.0,.414,141
Yohendrick Piñango,682818,last_45,AAA,24.4,Buffalo Bisons,Total,BUF,- - -,,,22,82,94,21,12,5,0,4,10,13,12,1,23,0,0,0,2,1,0,.256,12.8%,24.5%,.522,.351,.463,.814,.207,,.309,,13.9,2.0,.362,116
Bryan Ramos,682868,last_45,AAA,24.5,Norfolk Tides,Total,NOR,- - -,,,12,42,46,12,5,4,0,3,9,7,3,0,9,0,0,0,2,2,1,.286,6.5%,19.6%,.333,.333,.595,.929,.310,,.300,,8.3,2.5,.404,143
Juan Brito,682877,last_45,AAA,24.9,Louisville Bats,Total,LOU,- - -,,,7,27,30,7,6,1,0,0,3,4,3,0,6,0,0,0,0,0,1,.259,10.0%,20.0%,.500,.333,.296,.630,.037,,.333,,2.9,-0.9,.296,76
Ronny Simon,682927,last_45,AAA,26.4,Indianapolis Indians,Total,IND,- - -,,,12,47,54,17,10,7,0,0,5,6,6,0,10,0,1,0,1,1,1,.362,11.1%,18.5%,.600,.426,.511,.937,.149,,.447,,10.2,3.4,.415,149
Jose Ramos,682947,last_45,AAA,25.7,Syracuse Mets,Total,SYR,- - -,,,18,65,74,19,16,1,0,2,15,10,5,1,17,4,0,0,3,2,1,.292,6.8%,23.0%,.294,.378,.400,.778,.108,,.370,,10.5,1.1,.355,112
Jud Fabian,682983,last_45,AAA,26.0,Norfolk Tides,Total,NOR,- - -,,,22,77,90,12,6,3,0,3,13,8,11,0,33,1,0,1,1,0,0,.156,12.2%,36.7%,.333,.270,.312,.581,.156,,.220,,7.0,-4.4,.272,61
Riley Greene,682985,last_45,AAA,25.9,Toledo Mud Hens,Total,TOL,- - -,,,2,6,8,1,1,0,0,0,0,0,2,0,1,0,0,0,0,0,0,.167,25.0%,12.5%,2.000,.375,.167,.542,.000,,.200,,0.7,-0.3,.291,73
Tyler Locklear,682988,last_45,AAA,25.8,Reno Aces,Total,RNO,- - -,,,11,38,47,9,5,2,0,2,9,8,6,0,9,3,0,0,2,0,1,.237,12.8%,19.1%,.667,.383,.447,.830,.211,,.259,,7.5,1.4,.380,124
Tyler Callihan,682997,last_45,AAA,26.2,Indianapolis Indians,Total,IND,- - -,,,22,78,88,23,14,3,1,5,19,15,6,0,19,1,1,2,0,6,0,.295,6.8%,21.6%,.316,.349,.551,.900,.256,,.327,,15.2,4.0,.393,136
Ethan Hearn,683001,last_45,AAA,26.1,Iowa Cubs,Total,IOW,- - -,,,8,30,31,4,2,2,0,0,1,4,0,0,14,1,0,0,0,0,1,.133,0.0%,45.2%,.000,.161,.200,.361,.067,,.250,,-0.2,-4.1,.166,-4
Chris Newell,683006,last_45,AAA,25.4,Oklahoma City Comets,Total,OKC,- - -,,,23,81,96,24,13,5,0,6,14,20,15,0,33,0,0,0,0,8,1,.296,15.6%,34.4%,.455,.406,.580,.986,.284,,.429,,19.4,6.1,.434,146
Anthony Volpe,683011,last_45,AAA,25.4,Scranton/Wilkes-Barre RailRiders,Total,SWB,- - -,,,14,52,64,19,9,4,0,6,14,10,9,0,12,2,0,0,0,8,3,.365,14.1%,18.8%,.750,.476,.788,1.265,.423,,.382,,18.3,10.2,.538,225
Omar Martinez,683079,last_45,AAA,25.2,Salt Lake Bees,Total,SL,- - -,,,6,23,26,4,4,0,0,0,2,2,3,0,11,0,0,0,0,0,0,.174,11.5%,42.3%,.273,.269,.174,.443,.000,,.333,,1.0,-2.4,.222,29
Matthew Lugo,683090,last_45,AAA,25.4,Omaha Storm Chasers,Total,OMA,- - -,,,5,17,19,3,1,1,0,1,3,3,2,0,5,0,0,0,0,0,1,.176,10.5%,26.3%,.400,.263,.412,.675,.235,,.182,,1.9,-0.5,.302,80
Cade Doughty,683103,last_45,A+,25.4,Rome Emperors,Total,ROM,- - -,,,8,30,33,7,5,2,0,0,5,2,3,0,11,0,0,0,0,0,0,.233,9.1%,33.3%,.273,.303,.300,.603,.067,,.368,,3.2,-1.4,.281,69
Julian Brock,683149,last_45,AAA,25.3,Round Rock Express,Total,RR,- - -,,,8,27,32,3,2,0,0,1,3,3,4,0,7,1,0,0,0,1,1,.111,12.5%,21.9%,.571,.250,.222,.472,.111,,.105,,1.5,-2.6,.235,36
Sean McLain,683169,last_45,AA,25.5,Tulsa Drillers,Total,TUL,- - -,,,6,20,24,7,4,1,0,2,6,4,3,0,5,1,0,0,0,1,1,.350,12.5%,20.8%,.600,.458,.700,1.158,.350,,.385,,6.1,2.6,.501,174
Nate Rombach,683176,last_45,A+,25.8,Wilmington Blue Rocks,Total,WIL,- - -,,,7,23,27,8,5,1,0,2,7,8,3,0,4,1,0,0,0,0,0,.348,11.1%,14.8%,.750,.444,.652,1.097,.304,,.353,,6.8,3.0,.479,180
Connor Dykstra,683270,last_45,A,25.5,Inland Empire 66ers,Total,IE,- - -,,,6,17,22,7,5,1,0,1,7,1,3,0,4,2,0,0,0,0,0,.412,13.6%,18.2%,.750,.545,.647,1.193,.235,,.500,,6.2,2.9,.526,187
David Calabrese,683341,last_45,A+,23.9,Vancouver Canadians,Total,VAN,- - -,,,11,47,50,19,13,3,0,3,11,10,3,0,6,0,0,0,0,6,0,.404,6.0%,12.0%,.500,.440,.660,1.100,.255,,.421,,12.6,4.9,.484,164
Homer Bush Jr.,683344,last_45,AAA,24.9,Durham Bulls,Total,DUR,- - -,,,17,46,50,11,7,4,0,0,4,2,3,0,13,0,0,0,0,4,2,.239,6.0%,26.0%,.231,.286,.326,.612,.087,,.333,,4.2,-2.2,.279,66
Connor Caskenette,683353,last_45,AA,24.2,Pensacola Blue Wahoos,Total,PNS,- - -,,,10,32,36,5,4,0,0,1,2,2,4,0,14,0,0,0,1,1,0,.156,11.1%,38.9%,.286,.250,.250,.500,.094,,.235,,2.0,-2.8,.239,41
Omar Hernandez,683427,last_45,AAA,24.8,Omaha Storm Chasers,Total,OMA,- - -,,,13,51,53,10,9,0,0,1,5,1,1,0,11,0,0,1,2,0,1,.196,1.9%,20.8%,.091,.212,.255,.466,.059,,.231,,1.6,-5.3,.212,24
Brayan Buelvas,683454,last_45,AAA,24.3,Las Vegas Aviators,Total,LV,- - -,,,25,99,112,26,15,7,0,4,13,20,12,0,27,0,1,0,3,3,0,.263,10.7%,24.1%,.444,.339,.455,.794,.192,,.319,,15.8,1.2,.354,108
Euribiel Angeles,683494,last_45,AA,24.3,Midland RockHounds,Total,MID,- - -,,,17,69,76,19,15,4,0,0,12,6,4,0,10,1,1,1,1,5,2,.275,5.3%,13.2%,.400,.320,.333,.653,.058,,.317,,7.4,-3.8,.299,66
Albert Fabian,683546,last_45,AA,24.7,San Antonio Missions,Total,SA,- - -,,,17,67,75,17,8,5,1,3,5,8,7,0,14,1,0,0,2,3,0,.254,9.3%,18.7%,.500,.333,.493,.826,.239,,.280,,11.2,0.2,.366,102
Jose Colmenares,683569,last_45,AA,24.4,Birmingham Barons,Total,BIR,- - -,,,11,34,38,6,2,2,0,2,4,7,1,0,12,1,1,1,1,0,0,.176,2.6%,31.6%,.083,.216,.412,.628,.235,,.190,,3.1,-2.0,.272,61
Victor Duarte,683609,last_45,AAA,25.6,El Paso Chihuahuas,Total,ELP,- - -,,,5,15,18,2,2,0,0,0,1,1,1,0,9,0,1,1,1,0,0,.133,5.6%,50.0%,.111,.176,.133,.310,.000,,.286,,-0.4,-2.7,.149,-15
Leandro Pineda,683610,last_45,AAA,24.3,Rochester Red Wings,Total,ROC,- - -,,,24,80,98,28,16,6,0,6,17,15,14,0,18,4,0,0,1,0,2,.350,14.3%,18.4%,.778,.469,.650,1.119,.300,,.393,,24.2,11.8,.489,195
Jesus Rodriguez,683679,last_45,AAA,24.3,Sacramento River Cats,Total,SAC,- - -,,,1,4,4,0,0,0,0,0,0,0,0,0,1,0,0,0,0,0,0,.000,0.0%,25.0%,.000,.000,.000,.000,.000,,.000,,-0.5,-1.1,.000,-105
Victor Mesa Jr.,683748,last_45,AAA,25.0,Durham Bulls,Total,DUR,- - -,,,5,18,20,4,1,1,0,2,4,5,2,0,7,0,0,0,1,0,0,.222,10.0%,35.0%,.286,.300,.611,.911,.389,,.222,,3.4,0.9,.392,135
Frank Rodriguez,684491,last_45,AA,25.0,Tulsa Drillers,Total,TUL,- - -,,,10,37,43,6,3,3,0,0,3,6,3,0,8,2,1,0,0,0,0,.162,7.0%,18.6%,.375,.256,.243,.499,.081,,.200,,2.1,-4.2,.238,34
Nic Kent,684715,last_45,AAA,26.4,Albuquerque Isotopes,Total,ABQ,- - -,,,20,72,83,22,16,4,0,2,16,12,9,0,22,2,0,0,0,0,2,.306,10.8%,26.5%,.409,.398,.444,.842,.139,,.417,,13.6,2.8,.384,126
Johnathon Thomas,684976,last_45,AAA,26.5,Rochester Red Wings,Total,ROC,- - -,,,6,17,20,2,2,0,0,0,2,1,2,0,5,0,0,1,0,2,0,.118,10.0%,25.0%,.400,.211,.118,.328,.000,,.167,,-0.0,-2.6,.171,-1
Jordan Nwogu,685087,last_45,AAA,27.5,Iowa Cubs,Total,IOW,- - -,,,18,58,63,22,13,6,1,2,9,13,3,0,14,0,2,0,0,2,0,.379,4.8%,22.2%,.214,.397,.621,1.018,.241,,.455,,13.1,5.1,.438,163
Wade Meckler,685133,last_45,A,26.4,Rancho Cucamonga Quakes,Total,RC,- - -,,,2,7,9,3,1,1,0,1,2,1,2,0,1,0,0,0,0,0,0,.429,22.2%,11.1%,2.000,.556,1.000,1.556,.571,,.400,,3.3,2.0,.637,244
Braiden Ward,685274,last_45,AAA,27.7,Worcester Red Sox,Total,WOR,- - -,,,18,72,83,22,13,5,1,3,19,8,7,0,17,2,0,2,0,8,2,.306,8.4%,20.5%,.412,.383,.528,.910,.222,,.365,,15.0,4.5,.404,143
Matt Gorski,685301,last_45,AAA,28.7,Oklahoma City Comets,Total,OKC,- - -,,,22,85,92,18,10,5,0,3,10,12,6,0,31,0,1,0,1,0,0,.212,6.5%,33.7%,.194,.261,.376,.637,.165,,.288,,7.9,-4.0,.284,66
Carlos Mendoza,685332,last_45,AAA,26.7,Buffalo Bisons,Total,BUF,- - -,,,7,19,24,5,4,1,0,0,2,1,4,0,4,1,0,0,1,0,1,.263,16.7%,16.7%,1.000,.417,.316,.732,.053,,.333,,3.4,0.4,.355,112
Andrew Navigato,685382,last_45,AAA,28.3,Toledo Mud Hens,Total,TOL,- - -,,,10,30,36,9,5,3,0,1,3,4,5,0,3,1,0,0,0,2,0,.300,13.9%,8.3%,1.667,.417,.500,.917,.200,,.308,,6.7,2.2,.412,148
Kenedy Corona,685744,last_45,AAA,26.5,Scranton/Wilkes-Barre RailRiders,Total,SWB,- - -,,,14,46,54,12,5,4,0,3,11,11,6,0,13,1,0,1,0,7,0,.261,11.1%,24.1%,.462,.358,.543,.902,.283,,.300,,9.5,2.6,.397,138
Peter Burns,686196,last_45,A+,26.9,Tri-City Dust Devils,Total,TRI,- - -,,,6,21,24,2,1,0,0,1,2,3,2,0,5,0,1,0,0,0,0,.095,8.3%,20.8%,.400,.167,.238,.405,.143,,.062,,0.4,-3.2,.185,12
Wuilfredo Antunez,686404,last_45,AAA,24.3,Lehigh Valley IronPigs,Total,LHV,- - -,,,15,48,53,16,12,0,2,2,9,8,4,0,12,0,0,0,1,6,1,.333,7.5%,22.6%,.333,.385,.542,.926,.208,,.412,,10.1,3.0,.409,143
Sammy Siani,686445,last_45,AA,25.7,Arkansas Travelers,Total,ARK,- - -,,,15,57,60,24,16,3,0,5,13,16,2,0,7,0,1,0,1,2,1,.421,3.3%,11.7%,.286,.433,.737,1.170,.316,,.413,,15.6,6.8,.507,177
Logan Driscoll,686482,last_45,AAA,28.9,Jacksonville Jumbo Shrimp,Total,JAX,- - -,,,13,48,53,16,9,4,0,3,7,6,5,0,8,0,0,0,3,0,0,.333,9.4%,15.1%,.625,.396,.604,1.000,.271,,.351,,11.0,4.3,.439,164
Clark Elliott,686499,last_45,AA,26.0,Midland RockHounds,Total,MID,- - -,,,16,56,75,13,11,1,0,1,9,5,16,0,19,2,1,0,0,3,1,.232,21.3%,25.3%,.842,.413,.304,.717,.071,,.324,,10.3,-0.7,.350,94
Peyton Wilson,686523,last_45,AAA,26.9,Omaha Storm Chasers,Total,OMA,- - -,,,18,62,76,18,9,6,0,3,7,8,11,0,15,3,0,0,1,6,2,.290,14.5%,19.7%,.733,.421,.532,.953,.242,,.341,,15.0,5.4,.425,156
Christian Cairo,686551,last_45,AAA,25.3,Syracuse Mets,Total,SYR,- - -,,,18,59,71,12,11,0,0,1,2,3,11,0,7,1,0,0,2,1,2,.203,15.5%,9.9%,1.571,.338,.254,.592,.051,,.216,,6.6,-2.4,.291,73
Oliver Dunn,686554,last_45,AAA,29.0,Durham Bulls,Total,DUR,- - -,,,16,57,61,12,9,2,0,1,6,5,2,0,22,2,0,0,1,4,0,.211,3.3%,36.1%,.091,.262,.298,.561,.088,,.324,,4.1,-3.6,.259,53
Hunter Fitz-Gerald,686638,last_45,AA,25.8,Arkansas Travelers,Total,ARK,- - -,,,19,75,85,26,18,5,1,2,12,11,7,0,22,0,3,0,1,1,1,.347,8.2%,25.9%,.318,.388,.520,.908,.173,,.444,,14.7,2.3,.396,118
Korey Lee,686676,last_45,AAA,28.2,Charlotte Knights,Total,CLT,- - -,,,14,46,48,8,7,0,0,1,3,4,2,0,15,0,0,0,2,3,1,.174,4.2%,31.2%,.133,.208,.239,.447,.065,,.233,,1.3,-4.8,.206,21
Tevin Tucker,686683,last_45,AA,26.6,Hartford Yard Goats,Total,HFD,- - -,,,4,14,16,1,1,0,0,0,1,2,1,0,8,0,0,1,0,1,0,.071,6.2%,50.0%,.125,.133,.071,.205,.000,,.167,,-0.7,-3.0,.108,-32
William Simoneit,686766,last_45,AAA,29.9,Buffalo Bisons,Total,BUF,- - -,,,6,21,21,3,2,1,0,0,1,1,0,0,6,0,0,0,1,0,0,.143,0.0%,28.6%,.000,.143,.190,.333,.048,,.200,,-0.4,-3.1,.148,-15
J.T. Arruda,686793,last_45,AA,28.9,Montgomery Biscuits,Total,MTG,- - -,,,14,48,63,12,9,2,0,1,11,7,11,0,13,1,1,2,0,0,1,.250,17.5%,20.6%,.846,.393,.354,.748,.104,,.314,,9.0,0.6,.352,108
Brennan Milone,686810,last_45,AA,25.4,Midland RockHounds,Total,MID,- - -,,,12,44,53,12,5,5,0,2,8,6,8,0,14,1,0,0,0,0,1,.273,15.1%,26.4%,.571,.396,.523,.919,.250,,.357,,9.7,1.9,.409,125
Will Brennan,686823,last_45,AAA,28.6,Sacramento River Cats,Total,SAC,- - -,,,21,86,90,22,9,5,2,6,10,17,3,0,11,0,1,0,2,1,0,.256,3.3%,12.2%,.273,.278,.570,.848,.314,,.229,,13.3,1.6,.364,114
Joey Wiemer,686894,last_45,AAA,27.6,Charlotte Knights,Total,CLT,- - -,,,12,43,43,13,9,1,0,3,5,7,0,0,8,0,0,0,1,2,0,.302,0.0%,18.6%,.000,.302,.535,.837,.233,,.312,,6.6,1.1,.368,120
Maxwell Romero Jr.,686912,last_45,AAA,25.4,Rochester Red Wings,Total,ROC,- - -,,,16,59,66,13,9,1,0,3,7,6,6,0,28,0,1,0,0,0,0,.220,9.1%,42.4%,.214,.288,.390,.678,.169,,.345,,6.8,-1.6,.304,81
Grant Magill,686944,last_45,AA,25.8,Birmingham Barons,Total,BIR,- - -,,,8,26,29,1,0,1,0,0,0,0,2,0,13,1,0,0,0,0,0,.038,6.9%,44.8%,.154,.138,.077,.215,.038,,.077,,-1.1,-5.0,.119,-29
Nate Baez,686960,last_45,AAA,25.3,Worcester Red Sox,Total,WOR,- - -,,,12,43,48,8,6,2,0,0,2,5,3,0,10,1,1,0,0,0,0,.186,6.2%,20.8%,.300,.250,.233,.483,.047,,.235,,2.1,-4.0,.228,34
Silas Ardoin,686976,last_45,AAA,26.0,Norfolk Tides,Total,NOR,- - -,,,14,36,48,7,3,3,1,0,5,2,12,0,13,0,0,0,0,0,0,.194,25.0%,27.1%,.923,.396,.333,.729,.139,,.304,,6.6,0.5,.350,109
Marcus Lee Sang,686984,last_45,AA,25.7,Frisco RoughRiders,Total,FRI,- - -,,,17,65,72,23,18,2,0,3,13,16,6,0,20,1,0,0,1,3,0,.354,8.3%,27.8%,.300,.417,.523,.940,.169,,.476,,13.9,3.3,.421,131
Josh Rivera,687069,last_45,A,25.9,Dunedin Blue Jays,Total,DUN,- - -,,,9,32,35,7,5,0,0,2,4,3,2,0,14,1,0,0,2,0,0,.219,5.7%,40.0%,.143,.286,.406,.692,.188,,.312,,4.0,-0.8,.312,82
Jamari Baylor,687072,last_45,A+,26.0,Brooklyn Cyclones,Total,BRK,- - -,,,14,37,47,8,5,1,1,1,10,4,7,0,11,2,1,0,1,2,0,.216,14.9%,23.4%,.636,.362,.378,.740,.162,,.269,,6.5,-0.1,.342,99
Corey Joyce,687144,last_45,AA,28.0,Frisco RoughRiders,Total,FRI,- - -,,,6,18,23,3,3,0,0,0,4,1,4,0,5,0,0,0,1,2,0,.167,17.4%,21.7%,.800,.318,.167,.485,.000,,.231,,1.4,-2.0,.253,42
Darrien Miller,687152,last_45,AA,25.5,Biloxi Shuckers,Total,BLX,- - -,,,10,31,39,4,2,0,1,1,4,1,8,0,8,0,0,0,0,0,0,.129,20.5%,20.5%,1.000,.308,.290,.598,.161,,.136,,3.7,-1.5,.289,71
Cade Hunter,687192,last_45,AA,25.8,Chattanooga Lookouts,Total,CHA,- - -,,,15,53,60,13,8,3,0,2,12,10,4,0,19,3,0,0,1,1,1,.245,6.7%,31.7%,.211,.333,.415,.748,.170,,.344,,8.1,0.1,.341,101
Kevin Kilpatrick Jr.,687201,last_45,AAA,25.8,Gwinnett Stripers,Total,GWN,- - -,,,10,33,35,4,4,0,0,0,2,1,1,0,11,0,0,1,2,4,0,.121,2.9%,31.4%,.091,.147,.121,.268,.000,,.182,,-1.2,-5.7,.128,-26
Nathan Hickey,687208,last_45,AAA,26.8,Worcester Red Sox,Total,WOR,- - -,,,13,50,54,10,4,3,1,2,8,11,4,0,13,0,0,0,0,0,0,.200,7.4%,24.1%,.308,.259,.420,.679,.220,,.229,,5.4,-1.5,.300,79
Darell Hernaiz,687231,last_45,AAA,25.1,Las Vegas Aviators,Total,LV,- - -,,,4,14,17,1,1,0,0,0,1,0,2,0,3,1,0,0,0,0,0,.071,11.8%,17.6%,.667,.235,.071,.307,.000,,.091,,0.1,-2.1,.181,4
Jorge Corona,687262,last_45,AA,26.0,Birmingham Barons,Total,BIR,- - -,,,9,30,35,8,3,0,2,3,6,5,3,0,11,1,1,0,2,0,1,.267,8.6%,31.4%,.273,.343,.700,1.043,.433,,.294,,7.3,2.6,.435,156
Tucker Flint,687272,last_45,AA,25.4,Rocket City Trash Pandas,Total,RCT,- - -,,,15,51,64,11,7,1,0,3,12,7,11,1,22,2,0,0,0,2,1,.216,17.2%,34.4%,.500,.375,.412,.787,.196,,.308,,9.5,1.0,.359,112
Gabriel Rincones Jr.,687282,last_45,AAA,25.5,Lehigh Valley IronPigs,Total,LHV,- - -,,,25,86,97,21,11,5,0,5,9,8,6,0,24,5,0,0,1,0,0,.244,6.2%,24.7%,.250,.330,.477,.807,.233,,.281,,14.3,2.0,.361,116
Thomas Gavello,687284,last_45,AAA,25.3,Sacramento River Cats,Total,SAC,- - -,,,16,51,60,10,9,0,0,1,5,4,4,0,13,4,1,0,0,0,1,.196,6.7%,21.7%,.308,.300,.255,.555,.059,,.237,,4.4,-3.4,.269,57
Will Simpson,687310,last_45,AA,25.0,Montgomery Biscuits,Total,MTG,- - -,,,16,60,73,13,6,4,0,3,9,11,11,0,18,2,0,0,1,1,1,.217,15.1%,24.7%,.611,.356,.433,.789,.217,,.256,,10.9,1.2,.360,113
Jack Scanlon,687357,last_45,A,25.3,Bradenton Marauders,Total,BRD,- - -,,,6,15,23,2,1,1,0,0,0,4,5,0,8,3,0,0,0,0,1,.133,21.7%,34.8%,.625,.435,.200,.635,.067,,.286,,3.3,-0.0,.347,99
Victor Scott II,687363,last_45,AAA,25.5,Memphis Redbirds,Total,MEM,- - -,,,6,25,26,4,4,0,0,0,4,0,1,0,6,0,0,0,1,4,0,.160,3.8%,23.1%,.167,.192,.160,.352,.000,,.211,,-0.1,-3.4,.167,-3
Jack Brannigan,687394,last_45,AAA,25.5,Indianapolis Indians,Total,IND,- - -,,,17,56,70,13,9,3,1,0,10,4,12,0,16,1,1,0,1,3,0,.232,17.1%,22.9%,.750,.371,.321,.693,.089,,.317,,8.5,-0.4,.328,96
Colby Thomas,687515,last_45,AAA,25.6,Lehigh Valley IronPigs,Total,LHV,- - -,,,18,64,70,8,3,4,0,1,4,6,4,1,23,1,0,1,1,1,0,.125,5.7%,32.9%,.174,.188,.234,.423,.109,,.175,,0.9,-8.0,.190,10
Eric Brown Jr.,687521,last_45,AAA,25.7,Nashville Sounds,Total,NAS,- - -,,,3,7,8,2,2,0,0,0,1,0,1,0,0,0,0,0,0,1,0,.286,12.5%,0.0%,,.375,.286,.661,.000,,.286,,0.9,-0.1,.316,88
Grant McCray,687529,last_45,AAA,25.7,Sacramento River Cats,Total,SAC,- - -,,,2,8,10,1,1,0,0,0,0,2,2,0,3,0,0,0,0,1,0,.125,20.0%,30.0%,.667,.300,.125,.425,.000,,.200,,0.5,-0.8,.233,35
Andrew Jenkins,687543,last_45,AA,25.9,Erie SeaWolves,Total,ERI,- - -,,,4,12,12,3,2,0,0,1,1,1,0,0,1,0,0,0,0,0,0,.250,0.0%,8.3%,.000,.250,.500,.750,.250,,.200,,1.5,-0.2,.327,91
Kamren James,687553,last_45,AA,26.3,Montgomery Biscuits,Total,MTG,- - -,,,10,36,42,7,5,1,1,0,4,5,5,0,9,0,0,1,0,1,1,.194,11.9%,21.4%,.556,.293,.278,.570,.083,,.259,,3.3,-2.3,.269,59
DJ Gladney,687554,last_45,AA,25.2,Somerset Patriots,Total,SOM,- - -,,,19,65,75,13,10,2,0,1,9,4,7,0,31,2,1,0,1,4,1,.200,9.3%,41.3%,.226,.293,.277,.570,.077,,.353,,6.1,-4.3,.270,59
Andrew Pinckney,687605,last_45,AAA,25.8,Rochester Red Wings,Total,ROC,- - -,,,8,27,32,7,4,0,0,3,5,5,5,0,7,0,0,0,1,2,0,.259,15.6%,21.9%,.714,.375,.593,.968,.333,,.235,,6.2,2.2,.423,154
Jimmy Obertop,687616,last_45,AA,26.3,Hartford Yard Goats,Total,HFD,- - -,,,10,33,40,9,8,0,0,1,5,8,4,0,14,2,0,1,0,4,0,.273,10.0%,35.0%,.286,.385,.364,.748,.091,,.444,,5.8,0.2,.352,104
Kai Murphy,687625,last_45,AAA,26.0,El Paso Chihuahuas,Total,ELP,- - -,,,2,6,7,0,0,0,0,0,0,0,1,0,2,0,0,0,0,0,0,.000,14.3%,28.6%,.500,.143,.000,.143,.000,,.000,,-0.4,-1.3,.102,-44
Kody Huff,687627,last_45,AAA,25.8,Columbus Clippers,Total,COL,- - -,,,23,85,97,27,15,7,1,4,10,14,9,1,15,2,1,0,3,1,2,.318,9.3%,15.5%,.600,.392,.565,.956,.247,,.343,,18.5,6.2,.416,150
Jackson Cluff,687714,last_45,AAA,29.8,Iowa Cubs,Total,IOW,- - -,,,15,45,58,7,3,2,1,1,9,4,9,0,19,3,0,1,0,4,1,.156,15.5%,32.8%,.474,.333,.311,.644,.156,,.240,,6.2,-1.1,.310,85
Caleb Cali,687730,last_45,AA,26.1,Arkansas Travelers,Total,ARK,- - -,,,17,61,66,10,7,2,0,1,6,7,4,0,26,1,0,0,0,0,0,.164,6.1%,39.4%,.154,.227,.246,.473,.082,,.265,,2.4,-7.2,.222,25
Cortland Lawson,687751,last_45,AAA,26.4,Rochester Red Wings,Total,ROC,- - -,,,17,55,65,13,7,4,1,1,11,3,10,0,21,0,0,0,0,1,0,.236,15.4%,32.3%,.476,.354,.400,.754,.164,,.364,,9.0,0.2,.345,102
Miguel Useche,687766,last_45,AA,25.6,Knoxville Smokies,Total,KNX,- - -,,,18,70,75,22,16,4,0,2,9,10,5,0,16,0,0,0,2,2,0,.314,6.7%,21.3%,.312,.360,.457,.817,.143,,.385,,11.6,1.7,.367,117
Matthew Wood,687783,last_45,AA,25.5,Biloxi Shuckers,Total,BLX,- - -,,,10,32,43,9,5,1,0,3,9,9,11,0,9,0,0,0,0,0,0,.281,25.6%,20.9%,1.222,.465,.594,1.059,.312,,.300,,10.0,4.2,.465,174
Cade Marlowe,687799,last_45,AAA,29.2,Salt Lake Bees,Total,SL,- - -,,,17,69,76,23,15,7,0,1,13,9,7,0,21,0,0,0,0,5,0,.333,9.2%,27.6%,.333,.395,.478,.873,.145,,.468,,12.9,3.0,.392,131
Clay Dungan,687867,last_45,AAA,30.3,El Paso Chihuahuas,Total,ELP,- - -,,,10,30,36,5,4,1,0,0,3,5,5,0,12,0,1,0,0,1,0,.167,13.9%,33.3%,.417,.278,.200,.478,.033,,.263,,1.7,-3.0,.236,37
Braylen Wimmer,687918,last_45,AA,25.7,Hartford Yard Goats,Total,HFD,- - -,,,14,48,60,12,10,2,0,0,13,4,10,0,16,2,0,0,1,6,0,.250,16.7%,26.7%,.625,.400,.292,.692,.042,,.375,,8.1,-0.3,.338,97
Tyresse Turner,687930,last_45,AAA,26.7,Columbus Clippers,Total,COL,- - -,,,8,22,30,3,3,0,0,0,5,1,7,0,5,1,0,0,1,5,0,.136,23.3%,16.7%,1.400,.367,.136,.503,.000,,.176,,2.6,-1.3,.282,66
Dustin Harris,687957,last_45,AAA,27.1,El Paso Chihuahuas,Total,ELP,- - -,,,1,4,5,1,0,0,1,0,1,3,1,0,0,0,0,0,0,0,0,.250,20.0%,0.0%,,.400,.750,1.150,.500,,.250,,1.2,0.5,.470,178
Francisco Urbaez,688005,last_45,AAA,28.9,Louisville Bats,Total,LOU,- - -,,,18,66,71,13,8,3,0,2,6,7,4,0,11,1,0,0,1,1,0,.197,5.6%,15.5%,.364,.254,.333,.587,.136,,.208,,5.2,-3.8,.267,58
Graham Pauley,688363,last_45,AAA,25.9,Jacksonville Jumbo Shrimp,Total,JAX,- - -,,,6,23,25,4,3,0,0,1,1,2,2,0,5,0,0,0,0,0,0,.174,8.0%,20.0%,.400,.240,.304,.544,.130,,.176,,1.5,-1.7,.250,48
Jordan Sprinkle,688394,last_45,AA,25.5,Birmingham Barons,Total,BIR,- - -,,,10,36,37,7,5,0,2,0,3,6,1,0,11,0,0,0,0,5,1,.194,2.7%,29.7%,.091,.216,.306,.522,.111,,.280,,1.8,-3.1,.231,37
Gavin Cross,688457,last_45,AAA,25.6,Omaha Storm Chasers,Total,OMA,- - -,,,17,74,76,16,8,4,0,4,10,8,2,0,36,0,0,0,1,2,0,.216,2.6%,47.4%,.056,.237,.432,.669,.216,,.353,,7.2,-2.5,.294,74
Josh Kasevich,688460,last_45,AAA,25.7,Buffalo Bisons,Total,BUF,- - -,,,17,63,73,14,12,2,0,0,7,3,10,0,10,0,0,0,3,1,1,.222,13.7%,13.7%,1.000,.329,.254,.583,.032,,.264,,6.3,-3.0,.282,68
Ryan Cermak,688714,last_45,A+,25.3,Bowling Green Hot Rods,Total,BG,- - -,,,11,42,50,14,6,1,0,7,14,17,6,1,16,2,0,0,0,5,0,.333,12.0%,32.0%,.375,.440,.857,1.297,.524,,.368,,15.0,8.0,.542,215
Jacob Hinderleider,688871,last_45,A+,25.3,Spokane Indians,Total,SPO,- - -,,,9,32,37,11,10,0,0,1,4,5,3,0,6,0,2,0,1,2,1,.344,8.1%,16.2%,.500,.378,.438,.816,.094,,.370,,5.8,0.1,.361,102
Trace Willhoite,688875,last_45,A+,25.8,Brooklyn Cyclones,Total,BRK,- - -,,,1,1,3,0,0,0,0,0,0,0,2,0,0,0,0,0,0,0,0,.000,66.7%,0.0%,,.667,.000,.667,.000,,.000,,0.7,0.3,.474,177
Rhylan Thomas,689041,last_45,A,26.4,Dunedin Blue Jays,Total,DUN,- - -,,,18,67,75,24,19,5,0,0,9,8,7,0,5,0,0,1,2,2,2,.358,9.3%,6.7%,1.400,.419,.433,.852,.075,,.387,,12.7,3.0,.388,131
Jordan Williams,689052,last_45,A,26.2,Fredericksburg Nationals,Total,FBG,- - -,,,12,42,47,13,10,0,3,0,14,6,3,0,14,1,1,0,0,7,1,.310,6.4%,29.8%,.214,.362,.452,.814,.143,,.448,,7.4,1.1,.359,118
Brett Wisely,689172,last_45,AAA,27.4,Gwinnett Stripers,Total,GWN,- - -,,,20,65,79,19,8,8,0,3,17,9,11,1,13,2,0,1,1,9,1,.292,13.9%,16.5%,.846,.410,.554,.964,.262,,.327,,15.4,5.4,.423,154
Owen Ayers,689196,last_45,AAA,25.3,Iowa Cubs,Total,IOW,- - -,,,20,74,89,16,9,6,0,1,10,8,13,0,21,1,1,0,1,1,0,.216,14.6%,23.6%,.619,.337,.338,.675,.122,,.283,,9.9,-1.4,.315,88
Jacob Melton,689200,last_45,AAA,26.0,Durham Bulls,Total,DUR,- - -,,,9,35,38,5,3,0,0,2,2,3,2,0,17,1,0,0,2,3,1,.143,5.3%,44.7%,.118,.211,.314,.525,.171,,.188,,2.0,-2.8,.240,41
Karson Simas,689302,last_45,AA,25.3,Knoxville Smokies,Total,KNX,- - -,,,15,56,62,9,6,2,1,0,4,6,5,0,15,1,0,0,1,6,0,.161,8.1%,24.2%,.333,.242,.232,.474,.071,,.220,,2.8,-5.5,.226,34
Charlie Muniz,689425,last_45,A+,24.9,Eugene Emeralds,Total,EUG,- - -,,,4,15,17,1,0,0,0,1,2,3,2,0,8,0,0,0,1,0,0,.067,11.8%,47.1%,.250,.176,.267,.443,.200,,.000,,0.6,-2.0,.208,24
Austin Murr,689456,last_45,A+,27.6,Jersey Shore BlueClaws,Total,JS,- - -,,,12,39,42,6,4,1,1,0,5,2,3,0,6,0,0,0,1,0,0,.154,7.1%,14.3%,.500,.214,.231,.445,.077,,.182,,1.4,-4.5,.207,24
Brett Squires,689531,last_45,AAA,26.6,Omaha Storm Chasers,Total,OMA,- - -,,,22,82,92,20,9,7,0,4,11,13,8,0,21,1,1,0,3,6,0,.244,8.7%,22.8%,.381,.315,.476,.791,.232,,.276,,12.7,1.0,.349,109
Colin Burgess,689878,last_45,A+,25.8,Rome Emperors,Total,ROM,- - -,,,4,12,13,3,2,0,0,1,2,4,1,0,3,0,0,0,0,0,0,.250,7.7%,23.1%,.333,.308,.500,.808,.250,,.250,,2.0,0.2,.357,111
Peyton Graham,689931,last_45,AA,25.6,Erie SeaWolves,Total,ERI,- - -,,,15,63,73,19,15,3,1,0,15,8,8,0,17,1,1,0,0,8,1,.302,11.0%,23.3%,.471,.384,.381,.765,.079,,.404,,10.6,0.4,.351,104
Ryan Ritter,690022,last_45,AAA,25.9,Albuquerque Isotopes,Total,ABQ,- - -,,,9,35,46,11,7,2,0,2,14,4,7,0,10,3,0,1,0,3,1,.314,15.2%,21.7%,.700,.467,.543,1.010,.229,,.391,,10.0,4.0,.453,167
Jace Jung,690291,last_45,AAA,26.0,Toledo Mud Hens,Total,TOL,- - -,,,23,86,102,19,10,6,0,3,12,23,12,0,18,1,3,0,0,0,1,.221,11.8%,17.6%,.667,.314,.395,.709,.174,,.235,,11.6,-1.3,.318,90
Mike Antico,690443,last_45,AA,28.6,Hartford Yard Goats,Total,HFD,- - -,,,5,14,18,0,0,0,0,0,1,0,0,0,7,4,0,0,0,1,0,.000,0.0%,38.9%,.000,.222,.000,.222,.000,,.000,,-0.0,-2.5,.165,0
Mike Jarvis,690448,last_45,A,28.3,Bradenton Marauders,Total,BRD,- - -,,,11,30,38,6,4,2,0,0,6,2,6,0,11,1,0,1,0,1,0,.200,15.8%,28.9%,.545,.351,.267,.618,.067,,.316,,4.0,-1.1,.304,78
Kyle Hayes,690469,last_45,AAA,28.9,Rochester Red Wings,Total,ROC,- - -,,,2,7,7,2,1,0,0,1,1,4,0,0,3,0,0,0,0,0,0,.286,0.0%,42.9%,.000,.286,.714,1.000,.429,,.333,,1.4,0.5,.431,159
Daunte Stuart,690715,last_45,A+,25.3,Jersey Shore BlueClaws,Total,JS,- - -,,,9,25,30,7,7,0,0,0,1,2,5,0,6,0,0,0,0,3,0,.280,16.7%,20.0%,.833,.400,.280,.680,.000,,.368,,4.1,-0.1,.331,97
Ryan Nicholson,690804,last_45,A+,26.0,Tri-City Dust Devils,Total,TRI,- - -,,,9,40,41,2,2,0,0,0,1,1,1,0,16,0,0,0,1,0,0,.050,2.4%,39.0%,.062,.073,.050,.123,.000,,.083,,-3.2,-9.5,.062,-51
Matt O'Neill,690841,last_45,AAA,29.1,Reno Aces,Total,RNO,- - -,,,11,36,43,10,6,4,0,0,4,8,7,0,11,0,0,0,0,0,0,.278,16.3%,25.6%,.636,.395,.389,.784,.111,,.400,,6.3,0.4,.363,107
Brody Moore,690914,last_45,AAA,26.2,Memphis Redbirds,Total,MEM,- - -,,,22,74,88,30,26,4,0,0,10,11,6,0,12,2,3,3,4,4,2,.405,6.8%,13.6%,.500,.447,.459,.907,.054,,.462,,16.1,4.9,.407,144
Braxton Fulford,690924,last_45,AAA,27.8,Albuquerque Isotopes,Total,ABQ,- - -,,,13,49,53,10,5,2,0,3,6,6,2,0,17,2,0,0,0,3,0,.204,3.8%,32.1%,.118,.264,.429,.693,.224,,.241,,5.6,-1.3,.309,81
Drew Bowser,690958,last_45,AA,24.9,Knoxville Smokies,Total,KNX,- - -,,,7,22,25,2,2,0,0,0,2,2,2,0,8,1,0,0,1,1,0,.091,8.0%,32.0%,.250,.200,.091,.291,.000,,.143,,-0.2,-3.5,.159,-5
Enrique Bradfield Jr.,690961,last_45,AAA,24.8,Norfolk Tides,Total,NOR,- - -,,,21,86,95,23,14,5,2,2,16,10,7,0,24,0,0,2,2,10,1,.267,7.4%,25.3%,.292,.323,.442,.764,.174,,.350,,12.5,0.4,.341,103
Michael Brooks,690962,last_45,A,24.5,Stockton Ports,Total,STK,- - -,,,12,53,63,14,9,2,2,1,9,10,9,0,10,0,1,0,0,1,0,.264,14.3%,15.9%,.900,.365,.434,.799,.170,,.302,,9.5,-0.0,.358,100
Corey Collins,690970,last_45,A+,24.9,Brooklyn Cyclones,Total,BRK,- - -,,,17,59,64,14,5,4,0,5,11,12,4,0,23,1,0,0,1,0,0,.237,6.2%,35.9%,.174,.297,.559,.856,.322,,.290,,10.4,1.5,.373,116
Chase Davis,690971,last_45,AAA,24.8,Memphis Redbirds,Total,MEM,- - -,,,22,77,89,17,10,4,0,3,8,18,11,0,23,0,1,0,1,3,0,.221,12.4%,25.8%,.478,.315,.390,.704,.169,,.269,,10.2,-1.1,.319,90
Alex Freeland,690976,last_45,AAA,25.0,Oklahoma City Comets,Total,OKC,- - -,,,9,36,38,10,7,3,0,0,1,3,2,0,8,0,0,0,1,2,1,.278,5.3%,21.1%,.250,.316,.361,.677,.083,,.357,,3.9,-1.0,.307,80
Colby Halter,690985,last_45,AAA,25.1,Las Vegas Aviators,Total,LV,- - -,,,19,57,62,14,11,0,0,3,11,12,4,0,22,1,0,0,0,5,0,.246,6.5%,35.5%,.182,.306,.404,.710,.158,,.344,,7.1,-0.9,.321,88
Robert Hassell III,690987,last_45,AAA,25.1,Indianapolis Indians,Total,IND,- - -,,,21,79,85,24,17,6,1,0,13,8,6,0,19,0,0,0,1,4,1,.304,7.1%,22.4%,.316,.353,.405,.758,.101,,.400,,11.3,0.5,.343,105
Austin Hendrick,690988,last_45,AA,25.2,Chattanooga Lookouts,Total,CHA,- - -,,,19,70,76,15,8,2,0,5,10,20,6,0,21,0,0,0,0,1,1,.214,7.9%,27.6%,.286,.276,.457,.733,.243,,.227,,9.3,-0.8,.325,92
Mac Horvath,690991,last_45,AA,25.1,Montgomery Biscuits,Total,MTG,- - -,,,17,70,81,21,16,3,1,1,16,5,9,0,11,0,0,2,2,7,0,.300,11.1%,13.6%,.818,.380,.414,.794,.114,,.345,,12.2,1.5,.362,114
Ed Howard,690992,last_45,AAA,24.6,Iowa Cubs,Total,IOW,- - -,,,1,3,4,0,0,0,0,0,1,0,1,0,2,0,0,0,0,0,0,.000,25.0%,50.0%,.500,.250,.000,.250,.000,,.000,,0.0,-0.5,.178,3
Robert Moore,691001,last_45,AAA,24.5,Lehigh Valley IronPigs,Total,LHV,- - -,,,10,30,35,7,1,2,1,3,6,6,4,0,6,1,0,0,0,0,0,.233,11.4%,17.1%,.667,.343,.667,1.010,.433,,.190,,7.0,2.6,.430,159
Yohandy Morales,691002,last_45,AAA,24.9,Rochester Red Wings,Total,ROC,- - -,,,7,29,30,8,6,0,0,2,6,6,1,0,8,0,0,0,1,1,0,.276,3.3%,26.7%,.125,.300,.483,.783,.207,,.316,,4.1,0.3,.346,107
Tre' Morgan,691003,last_45,AAA,24.2,Durham Bulls,Total,DUR,- - -,,,14,54,58,16,11,5,0,0,4,3,1,0,16,1,0,2,1,1,0,.296,1.7%,27.6%,.062,.321,.389,.710,.093,,.421,,6.7,-0.7,.320,91
Kevin Parada,691006,last_45,AAA,25.1,Syracuse Mets,Total,SYR,- - -,,,11,34,37,13,10,2,0,1,4,4,2,0,9,1,0,0,0,0,0,.382,5.4%,24.3%,.222,.432,.529,.962,.147,,.500,,7.6,2.7,.431,154
Kyle Teel,691019,last_45,AAA,24.5,Charlotte Knights,Total,CLT,- - -,,,6,22,24,7,5,1,0,1,2,3,1,0,6,1,0,0,0,0,0,.318,4.2%,25.0%,.167,.375,.500,.875,.182,,.400,,4.1,1.1,.392,135
A.J. Vukovich,691021,last_45,AAA,25.2,Reno Aces,Total,RNO,- - -,,,20,71,76,16,11,5,0,0,5,6,5,0,23,0,0,0,3,0,0,.225,6.6%,30.3%,.217,.276,.296,.572,.070,,.333,,5.3,-4.6,.264,54
Cayden Wallace,691024,last_45,AAA,25.1,Rochester Red Wings,Total,ROC,- - -,,,25,93,107,34,19,9,0,6,20,28,11,0,16,2,1,0,2,7,4,.366,10.3%,15.0%,.688,.439,.656,1.095,.290,,.389,,25.3,11.8,.476,187
Jasson Domínguez,691176,last_45,AAA,23.6,Scranton/Wilkes-Barre RailRiders,Total,SWB,- - -,,,16,64,74,22,15,4,0,3,17,11,8,0,14,2,0,0,1,5,0,.344,10.8%,18.9%,.571,.432,.547,.979,.203,,.404,,15.3,5.9,.437,163
Emmanuel Rodriguez,691181,last_45,AAA,23.5,St. Paul Saints,Total,STP,- - -,,,15,60,72,18,13,2,1,2,13,7,11,0,16,1,0,0,0,2,1,.300,15.3%,22.2%,.688,.417,.467,.883,.167,,.381,,12.8,3.7,.401,140
Adael Amador,691182,last_45,AAA,23.4,Albuquerque Isotopes,Total,ABQ,- - -,,,7,33,36,9,7,1,1,0,6,4,3,0,3,0,0,0,2,0,0,.273,8.3%,8.3%,1.000,.333,.364,.697,.091,,.300,,4.0,-0.6,.318,86
Kevin Made,691183,last_45,A,24.0,Fredericksburg Nationals,Total,FBG,- - -,,,11,39,46,13,11,2,0,0,3,9,6,0,9,0,1,0,0,0,1,.333,13.0%,19.6%,.667,.413,.385,.798,.051,,.419,,7.3,1.1,.367,117
Maximo Acosta,691185,last_45,AAA,23.9,Jacksonville Jumbo Shrimp,Total,JAX,- - -,,,7,22,26,2,1,0,0,1,4,3,4,0,6,0,0,0,0,1,1,.091,15.4%,23.1%,.667,.231,.227,.458,.136,,.067,,1.1,-2.2,.226,33
Arol Vera,691186,last_45,AAA,24.0,Salt Lake Bees,Total,SL,- - -,,,14,42,47,12,8,4,0,0,9,0,5,0,13,0,0,0,2,0,0,.286,10.6%,27.7%,.385,.362,.381,.743,.095,,.414,,6.1,-0.0,.341,100
Jose Salas,691191,last_45,A+,23.4,Cedar Rapids Kernels,Total,CR,- - -,,,8,36,37,9,6,1,1,1,7,5,1,0,12,0,0,0,1,2,0,.250,2.7%,32.4%,.083,.270,.417,.687,.167,,.348,,4.2,-1.1,.303,79
Jhon Diaz,691252,last_45,A+,23.9,Bowling Green Hot Rods,Total,BG,- - -,,,10,39,42,10,6,0,0,4,5,9,3,0,10,0,0,0,0,1,0,.256,7.1%,23.8%,.300,.310,.564,.874,.308,,.240,,7.4,1.5,.382,125
Reginald Preciado,691262,last_45,A+,23.3,South Bend Cubs,Total,SB,- - -,,,8,30,33,7,5,2,0,0,7,4,2,0,10,1,0,0,1,1,0,.233,6.1%,30.3%,.200,.303,.300,.603,.067,,.350,,3.2,-1.5,.282,68
Alex Ramírez,691267,last_45,AA,23.7,Knoxville Smokies,Total,KNX,- - -,,,17,71,82,22,16,4,0,2,9,13,10,0,9,1,0,0,1,9,2,.310,12.2%,11.0%,1.111,.402,.451,.853,.141,,.333,,14.1,3.2,.388,129
Adrian Placencia,691269,last_45,A+,23.3,Tri-City Dust Devils,Total,TRI,- - -,,,5,16,22,4,1,1,0,2,5,5,5,0,5,1,0,0,0,0,0,.250,22.7%,22.7%,1.000,.455,.688,1.142,.438,,.222,,5.6,2.2,.487,166
Luis Caicuto,691276,last_45,AAA,23.5,Lehigh Valley IronPigs,Total,LHV,- - -,,,8,24,27,9,6,2,0,1,7,6,2,0,5,0,0,1,0,0,0,.375,7.4%,18.5%,.400,.423,.583,1.006,.208,,.444,,5.9,2.2,.445,158
Deyvison De Los Santos,691277,last_45,AAA,23.2,Jacksonville Jumbo Shrimp,Total,JAX,- - -,,,5,19,21,4,1,0,0,3,3,5,2,0,4,0,0,0,2,0,0,.211,9.5%,19.0%,.500,.286,.684,.970,.474,,.083,,3.9,1.3,.412,148
Moises Alcala,691278,last_45,A,23.5,Visalia Rawhide,Total,VIS,- - -,,,2,2,2,1,0,1,0,0,1,0,0,0,0,0,0,0,0,0,0,.500,0.0%,0.0%,,.500,1.000,1.500,.500,,.500,,0.8,0.5,.647,249
Junior Franco,691285,last_45,AA,24.0,Amarillo Sod Poodles,Total,AMA,- - -,,,12,43,49,10,9,0,0,1,5,3,3,0,9,1,1,1,0,2,1,.233,6.1%,18.4%,.333,.292,.302,.594,.070,,.265,,3.8,-3.4,.275,53
Angel Ortiz,691292,last_45,AA,23.9,Amarillo Sod Poodles,Total,AMA,- - -,,,19,72,87,25,13,4,0,8,24,23,13,0,14,0,2,0,0,3,1,.347,14.9%,16.1%,.929,.437,.736,1.173,.389,,.327,,21.8,9.1,.496,171
Allan Castro,691369,last_45,AAA,23.3,Worcester Red Sox,Total,WOR,- - -,,,19,71,83,20,11,3,0,6,11,20,10,0,13,0,2,0,2,1,1,.282,12.0%,15.7%,.769,.361,.577,.939,.296,,.259,,15.1,4.6,.406,143
Jhostynxon Garcia,691373,last_45,AAA,23.8,Indianapolis Indians,Total,IND,- - -,,,12,47,50,12,9,0,0,3,6,7,3,0,14,0,0,0,1,0,0,.255,6.0%,28.0%,.214,.300,.447,.747,.191,,.300,,6.4,-0.1,.333,99
Ronald Rosario,691385,last_45,AA,23.7,Portland Sea Dogs,Total,POR,- - -,,,14,50,55,13,3,5,0,5,12,11,4,0,10,1,0,0,0,0,0,.260,7.3%,18.2%,.400,.327,.660,.987,.400,,.229,,11.1,3.4,.424,145
Johnny Ascanio,691392,last_45,A+,23.2,Dayton Dragons,Total,DAY,- - -,,,9,35,39,11,10,1,0,0,4,4,2,0,11,0,1,1,0,1,0,.314,5.1%,28.2%,.182,.342,.343,.685,.029,,.440,,4.5,-0.8,.311,84
Yerlin Confidan,691398,last_45,AA,23.7,Chattanooga Lookouts,Total,CHA,- - -,,,12,43,47,10,6,2,0,2,8,7,3,0,12,1,0,0,3,1,0,.233,6.4%,25.5%,.250,.298,.419,.716,.186,,.276,,5.6,-0.6,.322,90
Juan Benjamin,691405,last_45,A+,23.4,Lake County Captains,Total,LC,- - -,,,10,34,40,9,5,3,0,1,3,7,6,0,10,0,0,0,0,1,1,.265,15.0%,25.0%,.600,.375,.441,.816,.176,,.348,,6.6,0.9,.370,116
Maick Collado,691408,last_45,AA,23.7,Akron RubberDucks,Total,AKR,- - -,,,3,9,11,1,1,0,0,0,0,3,0,0,1,0,2,0,0,0,0,.111,0.0%,9.1%,.000,.091,.111,.202,.000,,.100,,-0.7,-2.2,.083,-47
Luis Durango,691411,last_45,AA,23.4,Somerset Patriots,Total,SOM,- - -,,,7,21,24,2,2,0,0,0,2,0,1,0,5,0,0,2,1,2,0,.095,4.2%,20.8%,.200,.136,.095,.232,.000,,.125,,-1.0,-4.3,.115,-28
Kevin Rivas,691422,last_45,AA,23.4,Akron RubberDucks,Total,AKR,- - -,,,3,9,9,1,1,0,0,0,1,0,0,0,3,0,0,0,0,0,0,.111,0.0%,33.3%,.000,.111,.111,.222,.000,,.167,,-0.5,-1.7,.101,-36
Juan Castillo,691435,last_45,A+,23.6,Spokane Indians,Total,SPO,- - -,,,4,12,15,3,3,0,0,0,1,1,1,0,5,0,1,1,0,0,0,.250,6.7%,33.3%,.200,.286,.250,.536,.000,,.375,,1.0,-1.3,.246,43
Adrian Pinto,691437,last_45,AA,24.0,New Hampshire Fisher Cats,Total,NH,- - -,,,9,31,39,9,8,1,0,0,4,3,8,0,7,0,0,0,1,0,0,.290,20.5%,17.9%,1.143,.436,.323,.758,.032,,.375,,6.1,0.7,.366,112
Roberto Campos,691449,last_45,AA,23.2,Erie SeaWolves,Total,ERI,- - -,,,11,39,48,11,5,3,1,2,7,7,9,0,12,0,0,0,1,0,0,.282,18.8%,25.0%,.750,.417,.564,.981,.282,,.360,,9.9,3.3,.431,149
Ricardo Hurtado,691452,last_45,A+,23.3,West Michigan Whitecaps,Total,WM,- - -,,,9,36,42,3,1,0,0,2,4,3,3,0,12,3,0,0,1,0,0,.083,7.1%,28.6%,.250,.214,.250,.464,.167,,.045,,2.2,-3.8,.226,37
Jose Meza,691561,last_45,A+,23.4,Great Lakes Loons,Total,GL,- - -,,,6,16,23,2,2,0,0,0,4,1,5,0,7,2,0,0,0,0,0,.125,21.7%,30.4%,.714,.391,.125,.516,.000,,.222,,2.5,-0.8,.298,77
Ian Lewis Jr.,691588,last_45,AA,23.6,Pensacola Blue Wahoos,Total,PNS,- - -,,,1,4,4,0,0,0,0,0,0,0,0,0,1,0,0,0,0,0,0,.000,0.0%,25.0%,.000,.000,.000,.000,.000,,.000,,-0.5,-1.1,.000,-99
Blayberg Diaz,691600,last_45,A+,23.6,Wisconsin Timber Rattlers,Total,WIS,- - -,,,4,11,15,0,0,0,0,0,2,0,2,0,5,2,0,0,0,0,0,.000,13.3%,33.3%,.400,.267,.000,.267,.000,,.000,,0.4,-1.7,.194,19
Jeferson Quero,691620,last_45,AAA,24.0,Nashville Sounds,Total,NAS,- - -,,,19,67,73,12,7,2,0,3,4,11,3,0,18,2,1,0,2,0,0,.179,4.1%,24.7%,.167,.233,.343,.576,.164,,.191,,4.9,-4.3,.259,53
Jheremy Vargas,691621,last_45,AA,23.3,Biloxi Shuckers,Total,BLX,- - -,,,11,32,37,6,5,1,0,0,1,2,2,0,8,1,0,2,0,0,1,.188,5.4%,21.6%,.250,.257,.219,.476,.031,,.250,,1.7,-3.2,.229,36
Junior Tilien,691708,last_45,A,24.0,Augusta GreenJackets,Total,AUG,- - -,,,7,19,24,6,4,2,0,0,6,4,5,0,4,0,0,0,1,0,0,.316,20.8%,16.7%,1.250,.458,.421,.879,.105,,.400,,4.7,1.5,.408,147
Vincent Perozo,691710,last_45,AA,23.5,Binghamton Rumble Ponies,Total,BNG,- - -,,,6,15,18,1,1,0,0,0,0,0,3,0,10,0,0,0,0,0,0,.067,16.7%,55.6%,.300,.222,.067,.289,.000,,.200,,0.0,-2.5,.169,2
Kyle Karros,691720,last_45,AA,24.1,Hartford Yard Goats,Total,HFD,- - -,,,4,15,17,6,4,1,0,1,2,3,2,0,3,0,0,0,1,1,0,.400,11.8%,17.6%,.667,.471,.667,1.137,.267,,.455,,4.4,2.0,.498,186
Ryan Clifford,691775,last_45,AAA,23.2,Syracuse Mets,Total,SYR,- - -,,,11,32,39,8,2,3,1,2,8,5,6,0,10,1,0,0,0,0,1,.250,15.4%,25.6%,.600,.385,.594,.978,.344,,.300,,7.7,2.7,.425,155
Izaac Pacheco,691789,last_45,AA,23.8,Erie SeaWolves,Total,ERI,- - -,,,18,61,77,15,8,2,0,5,11,11,13,1,20,1,2,0,0,1,0,.246,16.9%,26.0%,.650,.377,.525,.901,.279,,.263,,13.5,2.8,.391,126
Roc Riggio,691792,last_45,AAA,24.3,Albuquerque Isotopes,Total,ABQ,- - -,,,16,64,71,21,13,3,0,5,10,14,7,0,19,0,0,0,1,0,0,.328,9.9%,26.8%,.368,.394,.609,1.004,.281,,.400,,14.7,5.5,.440,160
Cody Schrier,691794,last_45,A+,23.5,Beloit Sky Carp,Total,BEL,- - -,,,8,35,36,11,5,2,0,4,8,11,1,0,12,0,0,0,0,4,0,.314,2.8%,33.3%,.083,.333,.714,1.048,.400,,.368,,8.2,3.1,.452,162
Ryan Spikes,691797,last_45,AA,23.5,Montgomery Biscuits,Total,MTG,- - -,,,10,37,38,7,6,1,0,0,2,1,1,0,16,0,0,0,2,1,0,.189,2.6%,42.1%,.062,.211,.216,.427,.027,,.333,,0.8,-4.2,.196,16
Jared Serna,691858,last_45,AAA,24.2,Jacksonville Jumbo Shrimp,Total,JAX,- - -,,,5,20,20,5,2,1,0,2,4,4,0,0,8,0,0,0,1,0,0,.250,0.0%,40.0%,.000,.250,.600,.850,.350,,.300,,3.0,0.5,.367,119
Tsung-Che Cheng,691907,last_45,AAA,25.1,Worcester Red Sox,Total,WOR,- - -,,,12,44,50,12,9,1,1,1,10,6,6,0,11,0,0,0,0,0,0,.273,12.0%,22.0%,.545,.360,.409,.769,.136,,.344,,6.9,0.6,.350,109
Jesus Castillo,691913,last_45,AAA,23.2,Indianapolis Indians,Total,IND,- - -,,,22,78,88,16,12,1,0,3,12,8,4,0,22,3,1,2,2,3,0,.205,4.5%,25.0%,.182,.267,.333,.601,.128,,.241,,7.4,-4.6,.275,61
Javier Rivas,691922,last_45,AA,24.0,Altoona Curve,Total,ALT,- - -,,,12,47,47,10,7,2,0,1,2,4,0,0,15,0,0,0,0,0,0,.213,0.0%,31.9%,.000,.213,.319,.532,.106,,.290,,2.6,-4.0,.235,39
Calvin Harris,691941,last_45,AA,24.8,Birmingham Barons,Total,BIR,- - -,,,3,10,12,3,3,0,0,0,1,1,2,0,2,0,0,0,0,1,0,.300,16.7%,16.7%,1.000,.417,.300,.717,.000,,.375,,1.7,0.1,.346,104
Jack O'Dowd,691942,last_45,AA,25.3,Hartford Yard Goats,Total,HFD,- - -,,,15,55,63,14,10,2,0,2,6,9,5,0,21,2,1,0,1,2,0,.255,7.9%,33.3%,.238,.333,.400,.733,.145,,.364,,8.2,-0.6,.333,94
Mac Guscette,691944,last_45,A+,24.6,Rome Emperors,Total,ROM,- - -,,,5,14,17,5,4,1,0,0,3,3,3,0,3,0,0,0,1,0,0,.357,17.6%,17.6%,1.000,.471,.429,.899,.071,,.455,,3.4,1.0,.416,144
Oswaldo Linares,692021,last_45,AAA,23.4,El Paso Chihuahuas,Total,ELP,- - -,,,9,26,29,6,2,3,0,1,4,3,3,0,8,0,0,0,0,0,0,.231,10.3%,27.6%,.375,.310,.462,.772,.231,,.294,,3.8,-0.3,.343,92
Carlos Rodriguez,692025,last_45,A+,23.3,Fort Wayne TinCaps,Total,FW,- - -,,,6,18,21,6,5,0,0,1,3,5,3,0,8,0,0,0,0,0,0,.333,14.3%,38.1%,.375,.429,.500,.929,.167,,.556,,4.3,1.3,.419,143
Carlos Jimenez,692039,last_45,A+,23.5,Everett AquaSox,Total,EVE,- - -,,,8,32,39,10,6,2,1,1,6,6,7,0,11,0,0,0,0,1,3,.312,17.9%,28.2%,.636,.436,.531,.967,.219,,.450,,8.2,2.2,.430,137
Luis Suisbel,692044,last_45,A+,23.3,Everett AquaSox,Total,EVE,- - -,,,12,51,56,21,9,9,0,3,12,10,5,0,7,0,0,0,2,1,0,.412,8.9%,12.5%,.714,.464,.765,1.229,.353,,.439,,16.2,7.6,.531,188
Axel Sanchez,692046,last_45,A+,23.7,Everett AquaSox,Total,EVE,- - -,,,12,46,49,11,8,1,0,2,10,7,2,0,10,1,0,0,0,1,0,.239,4.1%,20.4%,.200,.286,.391,.677,.152,,.265,,5.2,-1.6,.305,76
Core Jackson,692110,last_45,AA,22.9,Somerset Patriots,Total,SOM,- - -,,,18,76,81,20,13,5,0,2,12,10,4,0,11,1,0,0,1,5,2,.263,4.9%,13.6%,.364,.309,.408,.717,.145,,.286,,9.9,-1.4,.322,88
Émilien Pitre,692150,last_45,AAA,23.9,Syracuse Mets,Total,SYR,- - -,,,15,53,63,14,10,2,1,1,7,4,7,0,12,2,0,1,3,2,1,.264,11.1%,19.0%,.583,.371,.396,.767,.132,,.325,,8.9,0.9,.353,111
Jonny McGill,692169,last_45,A+,24.2,Tri-City Dust Devils,Total,TRI,- - -,,,9,35,40,7,3,2,1,1,5,4,4,0,11,1,0,0,2,1,0,.200,10.0%,27.5%,.364,.300,.400,.700,.200,,.261,,4.9,-1.3,.316,79
Jose Izarra,692222,last_45,AA,24.5,Tulsa Drillers,Total,TUL,- - -,,,13,48,55,10,6,4,0,0,7,4,7,0,10,0,0,0,3,3,0,.208,12.7%,18.2%,.700,.309,.292,.601,.083,,.263,,4.7,-3.4,.284,58
Kristian Campbell,692225,last_45,AAA,24.2,Worcester Red Sox,Total,WOR,- - -,,,10,35,41,12,7,2,0,3,6,11,5,0,7,0,1,0,0,2,0,.343,12.2%,17.1%,.714,.415,.657,1.072,.314,,.346,,9.2,4.0,.460,177
Fernando Gonzalez,692232,last_45,AAA,24.8,Sacramento River Cats,Total,SAC,- - -,,,13,35,46,8,6,0,1,1,5,3,8,0,13,1,0,2,3,1,0,.229,17.4%,28.3%,.615,.386,.371,.758,.143,,.333,,6.7,0.5,.355,107
Parks Harber,692238,last_45,AAA,25.0,Sacramento River Cats,Total,SAC,- - -,,,25,100,114,21,15,4,1,1,10,12,13,0,30,0,1,0,2,1,0,.210,11.4%,26.3%,.433,.298,.300,.598,.090,,.286,,9.3,-5.5,.279,63
Aeverson Arteaga,692348,last_45,AAA,23.5,Sacramento River Cats,Total,SAC,- - -,,,23,82,85,23,16,4,2,1,9,7,1,0,26,1,0,1,1,1,0,.280,1.2%,30.6%,.038,.298,.415,.712,.134,,.400,,9.4,-1.6,.316,85
Cesar Quintas,692364,last_45,A+,23.5,Everett AquaSox,Total,EVE,- - -,,,11,39,49,13,8,5,0,0,9,10,7,0,12,2,1,0,1,0,0,.333,14.3%,24.5%,.583,.449,.462,.911,.128,,.464,,9.6,2.1,.413,128
Onil Perez,692366,last_45,A+,24.0,Eugene Emeralds,Total,EUG,- - -,,,5,18,20,3,2,1,0,0,1,3,2,0,2,0,0,0,0,1,0,.167,10.0%,10.0%,1.000,.250,.222,.472,.056,,.188,,1.0,-2.0,.227,34
Adrián Sugastey,692368,last_45,AAA,23.9,Sacramento River Cats,Total,SAC,- - -,,,5,15,19,3,1,2,0,0,3,2,3,0,1,0,0,1,0,0,0,.200,15.8%,5.3%,3.000,.333,.333,.667,.133,,.214,,2.1,-0.4,.313,83
Lizandro Espinoza,692371,last_45,AAA,23.8,Gwinnett Stripers,Total,GWN,- - -,,,24,86,105,17,13,3,0,1,12,9,16,0,25,1,1,1,1,11,3,.198,15.2%,23.8%,.640,.327,.267,.594,.070,,.262,,9.5,-3.9,.288,71
Jose Ramos,692374,last_45,A+,23.9,Eugene Emeralds,Total,EUG,- - -,,,10,35,39,10,7,2,0,1,4,5,4,0,9,0,0,0,1,3,0,.286,10.3%,23.1%,.444,.359,.429,.788,.143,,.360,,6.0,-0.0,.357,100
Christian Cerda,692416,last_45,AAA,23.7,Reno Aces,Total,RNO,- - -,,,7,23,27,2,1,1,0,0,2,0,4,0,8,0,0,0,1,0,0,.087,14.8%,29.6%,.500,.222,.130,.353,.043,,.133,,0.3,-3.2,.187,8
Victor Arias,692478,last_45,AA,23.1,New Hampshire Fisher Cats,Total,NH,- - -,,,13,51,53,8,8,0,0,0,3,2,2,0,13,0,0,0,2,1,3,.157,3.8%,24.5%,.154,.189,.157,.346,.000,,.211,,-0.1,-7.4,.164,-1
Alexis Hernandez,692562,last_45,AA,23.9,New Hampshire Fisher Cats,Total,NH,- - -,,,12,40,47,14,9,4,0,1,4,3,5,0,5,1,0,1,0,2,1,.350,10.6%,10.6%,1.000,.435,.525,.960,.175,,.382,,9.7,3.1,.430,148
Yanquiel Fernández,692585,last_45,AAA,23.7,Scranton/Wilkes-Barre RailRiders,Total,SWB,- - -,,,21,76,85,19,10,3,0,6,13,16,9,0,18,0,0,0,1,0,0,.250,10.6%,21.2%,.500,.329,.526,.856,.276,,.250,,13.6,2.8,.377,126
Manuel Palencia,692633,last_45,AA,24.0,Somerset Patriots,Total,SOM,- - -,,,14,54,59,13,9,1,0,3,9,10,4,0,8,0,1,0,3,0,0,.241,6.8%,13.6%,.500,.288,.426,.714,.185,,.227,,6.9,-1.3,.316,84
Omar Alfonzo,692657,last_45,AA,23.1,Somerset Patriots,Total,SOM,- - -,,,9,34,38,4,4,0,0,0,1,4,3,0,16,1,0,0,1,0,0,.118,7.9%,42.1%,.188,.211,.118,.328,.000,,.222,,0.2,-5.1,.171,3
Clayton Campbell,693073,last_45,AA,23.0,Erie SeaWolves,Total,ERI,- - -,,,9,36,38,10,8,1,0,1,5,4,1,0,8,0,1,0,2,1,0,.278,2.6%,21.1%,.125,.289,.389,.678,.111,,.321,,4.0,-1.3,.300,75
Aaron Sabato,693306,last_45,AAA,27.3,St. Paul Saints,Total,STP,- - -,,,20,81,87,20,14,2,0,4,10,11,4,0,26,2,0,0,2,1,0,.247,4.6%,29.9%,.154,.299,.420,.719,.173,,.314,,10.2,-0.8,.323,93
César Prieto,693409,last_45,AAA,27.4,Memphis Redbirds,Total,MEM,- - -,,,10,42,43,15,12,3,0,0,2,6,0,0,6,1,0,0,1,0,1,.357,0.0%,14.0%,.000,.372,.429,.801,.071,,.417,,6.3,0.9,.362,116
Tre Richardson III,693832,last_45,AA,24.8,Springfield Cardinals,Total,SPR,- - -,,,16,59,67,17,12,5,0,0,12,3,8,0,15,0,0,0,1,5,1,.288,11.9%,22.4%,.533,.373,.373,.746,.085,,.386,,8.9,-0.9,.344,90
Kala'i Rosario,693850,last_45,AAA,24.2,St. Paul Saints,Total,STP,- - -,,,20,81,82,26,14,4,0,8,15,14,1,0,25,0,0,0,1,1,0,.321,1.2%,30.5%,.040,.329,.667,.996,.346,,.375,,16.7,6.3,.433,160
Dyan Jorge,694170,last_45,AA,23.5,Hartford Yard Goats,Total,HFD,- - -,,,18,69,76,18,16,0,1,1,8,12,5,0,13,0,1,1,0,9,1,.261,6.6%,17.1%,.385,.307,.333,.640,.072,,.304,,7.5,-3.1,.292,71
Pedro León,694175,last_45,AA,28.3,Reading Fightin Phils,Total,REA,- - -,,,16,62,70,16,11,1,1,3,11,8,7,0,21,1,0,0,1,4,1,.258,10.0%,30.0%,.333,.343,.452,.794,.194,,.342,,10.5,0.7,.357,107
Carlos Colmenarez,694181,last_45,A+,22.8,Bowling Green Hot Rods,Total,BG,- - -,,,11,35,43,6,4,2,0,0,2,4,5,0,16,2,0,1,1,3,0,.171,11.6%,37.2%,.312,.310,.229,.538,.057,,.316,,3.7,-2.3,.268,62
Cristian Hernández,694183,last_45,AA,22.8,Pensacola Blue Wahoos,Total,PNS,- - -,,,15,53,62,15,10,3,0,2,8,4,9,0,19,0,0,0,0,6,2,.283,14.5%,30.6%,.474,.387,.453,.840,.170,,.406,,10.3,2.0,.381,125
Cristian Santana,694184,last_45,A+,22.8,West Michigan Whitecaps,Total,WM,- - -,,,11,39,49,11,5,2,0,4,10,14,6,0,14,4,0,0,2,0,0,.282,12.2%,28.6%,.429,.429,.641,1.070,.359,,.333,,11.7,4.8,.466,169
Danny De Andrade,694185,last_45,A+,22.4,Cedar Rapids Kernels,Total,CR,- - -,,,14,51,61,17,12,2,0,3,13,9,8,0,20,2,0,0,1,0,0,.333,13.1%,32.8%,.400,.443,.549,.992,.216,,.500,,13.2,4.4,.443,150
Shalin Polanco,694186,last_45,A+,22.6,Greensboro Grasshoppers,Total,GBO,- - -,,,10,28,40,6,4,1,0,1,7,2,10,0,8,0,0,2,1,0,0,.214,25.0%,20.0%,1.250,.421,.357,.778,.143,,.263,,6.7,1.1,.372,120
Daniel Vazquez,694187,last_45,AA,22.7,Northwest Arkansas Naturals,Total,NWA,- - -,,,16,64,72,16,8,7,0,1,10,9,5,0,17,0,2,0,3,2,0,.250,6.9%,23.6%,.294,.296,.406,.702,.156,,.312,,7.6,-2.9,.310,72
Pedro Pineda,694191,last_45,A+,23.0,Lansing Lugnuts,Total,LAN,- - -,,,13,53,59,11,10,1,0,0,2,2,3,0,17,2,0,1,3,5,0,.208,5.1%,28.8%,.176,.276,.226,.502,.019,,.306,,3.5,-5.1,.242,41
Miguel Bleis,694194,last_45,AA,22.5,Portland Sea Dogs,Total,POR,- - -,,,2,7,8,2,1,0,0,1,3,1,0,0,1,1,0,0,0,1,0,.286,0.0%,12.5%,.000,.375,.714,1.089,.429,,.200,,1.9,0.8,.470,171
Diego Velasquez,694196,last_45,AAA,23.0,Sacramento River Cats,Total,SAC,- - -,,,23,78,92,23,17,6,0,0,12,2,12,0,18,1,0,1,3,0,1,.295,13.0%,19.6%,.667,.396,.372,.767,.077,,.383,,13.2,1.2,.357,110
Daniel Guilarte,694206,last_45,AAA,22.9,Nashville Sounds,Total,NAS,- - -,,,10,28,31,6,6,0,0,0,3,1,3,0,12,0,0,0,0,3,1,.214,9.7%,38.7%,.250,.290,.214,.505,.000,,.375,,1.8,-2.2,.245,45
Manuel Pena,694211,last_45,AAA,22.7,Reno Aces,Total,RNO,- - -,,,5,15,19,9,9,0,0,0,3,0,3,0,1,1,0,0,1,0,0,.600,15.8%,5.3%,3.000,.684,.600,1.284,.000,,.643,,6.1,3.6,.582,245
Samuel Zavala,694214,last_45,AA,22.2,Birmingham Barons,Total,BIR,- - -,,,16,36,61,12,7,3,0,2,16,8,24,0,9,1,0,0,0,1,1,.333,39.3%,14.8%,2.667,.607,.583,1.190,.250,,.400,,17.2,9.1,.529,212
Hans Montero,694215,last_45,A+,22.7,Hudson Valley Renegades,Total,HV,- - -,,,8,24,31,7,6,1,0,0,2,2,6,0,8,1,0,0,2,4,0,.292,19.4%,25.8%,.750,.452,.333,.785,.042,,.438,,5.4,1.0,.379,124
Yeison Morrobel,694218,last_45,AA,22.8,Frisco RoughRiders,Total,FRI,- - -,,,16,70,74,26,22,4,0,0,11,9,4,0,10,0,0,0,1,2,1,.371,5.4%,13.5%,.400,.405,.429,.834,.057,,.433,,11.8,1.0,.379,109
Ambioris Tavarez,694222,last_45,AA,22.8,Columbus Clingstones,Total,COL,- - -,,,5,14,18,2,2,0,0,0,2,0,2,0,8,2,0,0,0,2,1,.143,11.1%,44.4%,.250,.333,.143,.476,.000,,.333,,1.3,-1.1,.263,55
Starlin Aguilar,694223,last_45,A,22.6,Inland Empire 66ers,Total,IE,- - -,,,6,23,25,6,4,1,0,1,3,7,2,0,7,0,0,0,1,0,0,.261,8.0%,28.0%,.286,.320,.435,.755,.174,,.333,,3.4,-0.4,.339,90
Gabriel Gonzalez,694224,last_45,AAA,22.7,St. Paul Saints,Total,STP,- - -,,,13,49,56,14,12,1,0,1,7,5,4,0,7,3,0,0,2,0,0,.286,7.1%,12.5%,.571,.375,.367,.742,.082,,.317,,7.6,0.5,.346,107
Hendry Mendez,694230,last_45,AAA,22.9,St. Paul Saints,Total,STP,- - -,,,15,55,64,16,12,3,0,1,7,5,8,0,8,0,1,0,2,1,0,.291,12.5%,12.5%,1.000,.375,.400,.775,.109,,.319,,9.0,0.9,.353,111
D'Andre Smith,694266,last_45,AAA,25.4,Syracuse Mets,Total,SYR,- - -,,,23,84,99,23,15,3,0,5,15,17,12,0,19,2,0,1,2,10,1,.274,12.1%,19.2%,.632,.378,.488,.866,.214,,.300,,16.7,4.2,.389,133
Cole Fontenelle,694304,last_45,AA,24.5,Rocket City Trash Pandas,Total,RCT,- - -,,,12,37,42,11,7,1,0,3,8,11,5,0,8,0,0,0,1,4,0,.297,11.9%,19.0%,.625,.381,.568,.949,.270,,.308,,8.2,2.6,.418,147
Bryson Ware,694310,last_45,AA,25.7,Reading Fightin Phils,Total,REA,- - -,,,14,46,57,11,5,2,1,3,7,12,8,0,17,1,2,0,1,1,1,.239,14.0%,29.8%,.471,.351,.522,.873,.283,,.286,,9.4,1.5,.378,119
Austin St. Laurent,694318,last_45,A+,24.1,Everett AquaSox,Total,EVE,- - -,,,13,45,53,16,11,5,0,0,10,8,6,0,12,1,1,0,0,2,0,.356,11.3%,22.6%,.500,.434,.467,.901,.111,,.471,,9.9,1.9,.405,124
Jack Costello,694320,last_45,AA,25.3,San Antonio Missions,Total,SA,- - -,,,13,51,55,13,10,2,0,1,4,2,3,0,9,1,0,0,1,0,0,.255,5.5%,16.4%,.333,.309,.353,.662,.098,,.293,,5.5,-2.5,.303,68
Jacob Berry,694351,last_45,AAA,25.4,Omaha Storm Chasers,Total,OMA,- - -,,,19,74,77,19,9,5,0,5,9,13,2,0,11,0,1,0,0,1,0,.257,2.6%,14.3%,.182,.273,.527,.800,.270,,.237,,10.4,0.6,.346,107
Niko Kavadas,694359,last_45,AAA,27.9,Salt Lake Bees,Total,SL,- - -,,,19,74,86,24,12,5,0,7,15,18,11,1,21,1,0,0,1,0,0,.324,12.8%,24.4%,.524,.419,.676,1.094,.351,,.370,,19.9,8.7,.471,178
Tommy Troy,694371,last_45,AAA,24.7,Reno Aces,Total,RNO,- - -,,,12,45,56,15,10,3,0,2,9,3,10,0,10,1,0,0,0,3,1,.333,17.9%,17.9%,1.000,.464,.533,.998,.200,,.394,,12.0,4.7,.447,164
Shay Whitcomb,694376,last_45,AAA,27.9,Sacramento River Cats,Total,SAC,- - -,,,2,9,9,2,1,0,0,1,1,2,0,0,0,0,0,0,0,0,0,.222,0.0%,0.0%,,.222,.556,.778,.333,,.125,,1.1,-0.0,.336,97
Nick Yorke,694377,last_45,AAA,24.5,Indianapolis Indians,Total,IND,- - -,,,6,20,23,5,3,1,0,1,1,7,3,0,2,0,0,0,1,1,0,.250,13.0%,8.7%,1.500,.348,.450,.798,.200,,.235,,3.4,0.4,.359,115
Jack Moss,694380,last_45,A+,24.9,Asheville Tourists,Total,ASH,- - -,,,18,60,71,15,9,6,0,0,8,8,10,0,13,0,1,0,2,2,0,.250,14.1%,18.3%,.769,.352,.350,.702,.100,,.312,,8.9,-1.2,.325,88
Nolan Schanuel,694384,last_45,AAA,24.6,Salt Lake Bees,Total,SL,- - -,,,1,3,4,0,0,0,0,0,0,1,0,0,1,0,1,0,0,0,0,.000,0.0%,25.0%,.000,.000,.000,.000,.000,,.000,,-0.5,-1.1,.000,-105
Brock Wilken,694385,last_45,AAA,24.3,Nashville Sounds,Total,NAS,- - -,,,22,85,96,19,13,2,0,4,10,13,6,0,26,2,3,0,1,0,0,.224,6.2%,27.1%,.231,.281,.388,.669,.165,,.259,,9.4,-2.8,.298,77
Christian Knapczyk,694387,last_45,AA,24.7,Akron RubberDucks,Total,AKR,- - -,,,4,7,12,1,1,0,0,0,2,2,3,0,1,1,1,0,0,0,0,.143,25.0%,8.3%,3.000,.417,.143,.560,.000,,.143,,1.4,-0.3,.316,84
Joey Loperfido,694388,last_45,AAA,27.4,Sugar Land Space Cowboys,Total,SUG,- - -,,,21,82,91,25,20,5,0,0,8,9,8,0,22,1,0,0,2,1,2,.305,8.8%,24.2%,.364,.374,.366,.739,.061,,.417,,11.9,0.1,.342,101
Elijah Nunez,694399,last_45,A+,24.8,Wilmington Blue Rocks,Total,WIL,- - -,,,8,25,28,5,5,0,0,0,3,0,3,0,12,0,0,0,0,2,1,.200,10.7%,42.9%,.250,.286,.200,.486,.000,,.385,,1.8,-2.1,.239,45
LuJames Groover,694410,last_45,AAA,24.4,Reno Aces,Total,RNO,- - -,,,7,25,28,11,9,2,0,0,8,4,3,0,2,0,0,0,0,1,0,.440,10.7%,7.1%,1.500,.500,.520,1.020,.080,,.478,,6.3,2.6,.461,172
Tatem Levins,694420,last_45,AAA,27.3,Durham Bulls,Total,DUR,- - -,,,15,47,63,8,3,2,0,3,12,5,15,0,14,1,0,0,3,1,0,.170,23.8%,22.2%,1.071,.381,.404,.785,.234,,.167,,9.5,1.5,.366,119
Justice Bigbie,694425,last_45,AAA,27.7,Toledo Mud Hens,Total,TOL,- - -,,,16,56,65,14,11,3,0,0,5,6,8,0,8,0,0,1,2,0,0,.250,12.3%,12.3%,1.000,.344,.304,.647,.054,,.292,,6.8,-1.5,.306,82
Tavian Josenberger,694444,last_45,AAA,24.9,Norfolk Tides,Total,NOR,- - -,,,18,58,62,16,14,2,0,0,6,3,4,0,15,0,0,0,0,6,1,.276,6.5%,24.2%,.267,.323,.310,.633,.034,,.372,,6.0,-2.3,.293,72
Bryce Eblin,694469,last_45,A+,24.9,Winston-Salem Dash,Total,WS,- - -,,,3,8,9,0,0,0,0,0,2,0,1,0,2,0,0,0,0,0,0,.000,11.1%,22.2%,.500,.111,.000,.111,.000,,.000,,-0.6,-1.8,.079,-44
Michael Turner,694478,last_45,AAA,28.1,Charlotte Knights,Total,CLT,- - -,,,14,50,54,9,6,3,0,0,3,5,2,0,13,0,2,0,1,0,0,.180,3.7%,24.1%,.154,.204,.240,.444,.060,,.231,,1.1,-5.7,.199,16
Max Wagner,694484,last_45,AA,25.1,Frisco RoughRiders,Total,FRI,- - -,,,17,67,74,17,9,5,0,3,8,8,7,0,26,0,0,0,1,0,0,.254,9.5%,35.1%,.269,.324,.463,.787,.209,,.368,,10.2,-0.7,.351,94
Sterlin Thompson,694514,last_45,AAA,25.2,Albuquerque Isotopes,Total,ABQ,- - -,,,24,89,115,33,19,8,0,6,26,20,22,0,11,4,0,0,3,7,0,.371,19.1%,9.6%,2.000,.513,.663,1.176,.292,,.375,,30.4,15.4,.512,203
Alan Espinal,694541,last_45,A+,24.6,Spokane Indians,Total,SPO,- - -,,,8,35,37,12,7,3,1,1,6,6,2,0,11,0,0,0,0,3,1,.343,5.4%,29.7%,.182,.378,.571,.950,.229,,.478,,7.4,1.7,.417,130
Jack Payton,694552,last_45,AA,25.1,Richmond Flying Squirrels,Total,RIC,- - -,,,9,26,30,5,3,2,0,0,1,2,4,1,8,0,0,0,1,0,1,.192,13.3%,26.7%,.500,.300,.269,.569,.077,,.278,,2.1,-2.0,.257,51
Harold Coll,694563,last_45,A+,25.1,Tri-City Dust Devils,Total,TRI,- - -,,,13,45,57,13,11,1,0,1,11,5,12,0,9,0,0,0,0,0,1,.289,21.1%,15.8%,1.333,.439,.378,.816,.089,,.343,,10.0,1.2,.385,114
Kemp Alderman,694580,last_45,AAA,24.1,Jacksonville Jumbo Shrimp,Total,JAX,- - -,,,19,73,79,15,13,1,0,1,5,10,5,0,30,0,1,0,0,0,1,.205,6.3%,38.0%,.167,.253,.260,.513,.055,,.326,,4.0,-6.0,.238,40
Dominic Pitelli,694689,last_45,AAA,24.7,Louisville Bats,Total,LOU,- - -,,,16,41,51,10,8,1,0,1,8,7,7,0,15,1,1,1,1,2,1,.244,13.7%,29.4%,.467,.360,.341,.701,.098,,.346,,6.2,-0.3,.328,96
Brice Matthews,694728,last_45,AAA,24.5,Sugar Land Space Cowboys,Total,SUG,- - -,,,7,24,29,1,1,0,0,0,0,2,3,0,12,0,2,0,0,1,0,.042,10.3%,41.4%,.250,.138,.042,.180,.000,,.071,,-1.6,-5.3,.105,-42
Clayton Gray,694732,last_45,A+,24.9,Spokane Indians,Total,SPO,- - -,,,9,28,32,6,4,1,0,1,3,5,4,0,8,0,0,0,0,2,0,.214,12.5%,25.0%,.500,.312,.357,.670,.143,,.263,,3.7,-1.2,.309,75
Josh Moylan,694742,last_45,AA,24.2,Somerset Patriots,Total,SOM,- - -,,,19,60,67,18,9,2,0,7,14,17,6,0,15,1,0,0,1,0,0,.300,9.0%,22.4%,.400,.373,.683,1.056,.383,,.289,,15.2,5.9,.456,163
Dylan Campbell,694749,last_45,AA,24.2,Birmingham Barons,Total,BIR,- - -,,,19,72,85,17,12,3,0,2,9,8,11,0,17,0,1,1,1,10,0,.236,12.9%,20.0%,.647,.333,.361,.694,.125,,.278,,10.0,-1.3,.320,89
Sabin Ceballos,694754,last_45,AA,24.1,Richmond Flying Squirrels,Total,RIC,- - -,,,16,55,66,16,10,3,0,3,11,9,9,0,9,1,1,0,3,3,0,.291,13.6%,13.6%,1.000,.394,.509,.903,.218,,.295,,12.1,2.9,.401,132
Maui Ahuna,694757,last_45,AA,24.5,Richmond Flying Squirrels,Total,RIC,- - -,,,17,62,71,14,14,0,0,0,6,9,7,0,15,0,1,1,0,7,1,.226,9.9%,21.1%,.467,.300,.226,.526,.000,,.292,,4.8,-5.0,.253,49
Brandon Eike,694806,last_45,A+,24.9,Everett AquaSox,Total,EVE,- - -,,,13,57,61,20,13,7,0,0,10,5,2,0,16,2,0,0,2,1,1,.351,3.3%,26.2%,.125,.393,.474,.867,.123,,.488,,10.9,1.6,.390,117
Zach Kokoska,694808,last_45,AA,27.9,Hartford Yard Goats,Total,HFD,- - -,,,12,43,47,12,6,5,0,1,7,9,4,0,10,0,0,0,1,4,1,.279,8.5%,21.3%,.400,.340,.465,.806,.186,,.344,,7.1,0.6,.359,108
Tyler McDonough,694812,last_45,AAA,27.5,Worcester Red Sox,Total,WOR,- - -,,,20,77,88,22,14,4,0,4,13,15,9,0,21,2,0,0,1,3,2,.286,10.2%,23.9%,.429,.375,.494,.869,.208,,.346,,15.2,3.4,.389,129
Joe Vetrano,694838,last_45,AA,24.3,Tulsa Drillers,Total,TUL,- - -,,,14,52,55,12,6,2,0,4,7,9,2,0,22,1,0,0,3,1,0,.231,3.6%,40.0%,.091,.273,.500,.773,.269,,.308,,7.1,-1.0,.339,88
JT Benson,694842,last_45,A+,24.4,Brooklyn Cyclones,Total,BRK,- - -,,,15,46,54,7,5,1,0,1,5,2,5,0,16,2,0,1,3,4,0,.152,9.3%,29.6%,.312,.264,.239,.503,.087,,.207,,3.4,-4.1,.245,45
Sam Brown,694848,last_45,AA,25.0,Harrisburg Senators,Total,HBG,- - -,,,10,35,43,12,7,2,0,3,6,8,8,0,10,0,0,0,0,0,0,.343,18.6%,23.3%,.800,.465,.657,1.122,.314,,.409,,10.8,4.8,.488,181
Cooper Ingle,694876,last_45,AAA,24.6,Columbus Clippers,Total,COL,- - -,,,21,80,96,21,12,7,0,2,17,8,16,0,23,0,0,0,1,0,1,.263,16.7%,24.0%,.696,.385,.425,.810,.162,,.345,,14.8,2.7,.371,122
Caden Rose,694896,last_45,AA,24.9,Portland Sea Dogs,Total,POR,- - -,,,12,36,46,7,5,1,0,1,8,7,9,0,13,1,0,0,0,1,0,.194,19.6%,28.3%,.692,.370,.306,.675,.111,,.273,,5.8,-0.6,.328,91
Carson Taylor,694930,last_45,AA,27.3,Columbus Clingstones,Total,COL,- - -,,,12,42,47,5,3,0,0,2,4,5,5,0,18,0,0,0,0,0,0,.119,10.6%,38.3%,.278,.213,.262,.475,.143,,.136,,2.0,-4.2,.224,32
Marcus Brown,694939,last_45,AA,25.0,Corpus Christi Hooks,Total,CC,- - -,,,11,32,39,5,3,2,0,0,4,2,5,0,14,2,0,0,1,1,0,.156,12.8%,35.9%,.357,.308,.219,.526,.062,,.278,,2.8,-2.9,.266,48
C.J. Pittaro,694953,last_45,A+,24.9,Lansing Lugnuts,Total,LAN,- - -,,,10,32,37,7,7,0,0,0,3,6,4,0,7,1,0,0,0,0,0,.219,10.8%,18.9%,.571,.324,.219,.543,.000,,.280,,3.1,-2.2,.269,58
Brayden Taylor,694966,last_45,AAA,24.3,Jacksonville Jumbo Shrimp,Total,JAX,- - -,,,19,61,77,16,7,4,2,3,12,9,13,0,20,1,2,0,1,4,0,.262,16.9%,26.0%,.650,.390,.541,.931,.279,,.325,,13.9,4.2,.404,143
Colby Shade,694974,last_45,AA,25.1,Pensacola Blue Wahoos,Total,PNS,- - -,,,13,43,48,10,5,2,0,3,7,8,5,0,14,0,0,0,2,5,0,.233,10.4%,29.2%,.357,.312,.488,.801,.256,,.269,,7.0,0.6,.355,109
Nate Nankil,694977,last_45,AA,23.9,Midland RockHounds,Total,MID,- - -,,,13,53,61,14,10,3,0,1,8,7,6,0,13,1,1,0,2,1,0,.264,9.8%,21.3%,.462,.344,.377,.722,.113,,.325,,7.4,-1.6,.330,83
Mitch Jebb,694991,last_45,AAA,24.4,Indianapolis Indians,Total,IND,- - -,,,24,97,114,28,18,4,2,4,21,15,14,0,13,0,3,0,2,5,2,.289,12.3%,11.4%,1.077,.368,.495,.863,.206,,.289,,18.4,3.9,.379,127
Poncho Ruiz,695000,last_45,A,24.5,Fort Myers Mighty Mussels,Total,FTM,- - -,,,5,16,18,3,3,0,0,0,3,1,2,0,6,0,0,0,0,0,0,.188,11.1%,33.3%,.333,.278,.188,.465,.000,,.300,,0.9,-1.7,.231,33
Garret Guillemette,695048,last_45,AAA,25.0,Sugar Land Space Cowboys,Total,SUG,- - -,,,3,10,11,3,1,1,0,1,1,1,1,0,4,0,0,0,0,0,0,.300,9.1%,36.4%,.250,.364,.700,1.064,.400,,.400,,2.4,1.0,.457,170
Keith Jones II,695069,last_45,AA,24.4,Frisco RoughRiders,Total,FRI,- - -,,,8,28,34,8,6,2,0,0,3,2,6,0,9,0,0,0,0,1,1,.286,17.6%,26.5%,.667,.412,.357,.769,.071,,.421,,5.0,-0.0,.362,100
Jean Walters,695078,last_45,AA,25.1,Amarillo Sod Poodles,Total,AMA,- - -,,,15,54,63,18,12,3,1,2,12,12,7,0,12,1,0,1,0,1,0,.333,11.1%,19.0%,.583,.419,.537,.956,.204,,.400,,12.3,3.1,.425,134
Will Wagner,695238,last_45,AAA,28.1,El Paso Chihuahuas,Total,ELP,- - -,,,8,24,30,8,7,0,0,1,5,5,6,0,3,0,0,0,0,0,0,.333,20.0%,10.0%,2.000,.467,.458,.925,.125,,.350,,5.9,2.0,.425,151
Ryland Zaborowski,695301,last_45,A+,24.3,Tri-City Dust Devils,Total,TRI,- - -,,,6,23,26,6,3,2,0,1,3,3,3,0,11,0,0,0,0,0,0,.261,11.5%,42.3%,.273,.346,.478,.824,.217,,.455,,4.2,0.2,.368,105
Thomas Saggese,695336,last_45,AAA,24.4,Memphis Redbirds,Total,MEM,- - -,,,3,9,12,2,2,0,0,0,1,0,2,0,1,1,0,0,0,0,0,.222,16.7%,8.3%,2.000,.417,.222,.639,.000,,.250,,1.5,-0.0,.332,98
Jake Gelof,695372,last_45,AA,24.5,Tulsa Drillers,Total,TUL,- - -,,,20,72,91,28,13,6,0,9,20,29,16,1,13,1,2,0,0,2,0,.389,17.6%,14.3%,1.231,.495,.847,1.342,.458,,.365,,27.1,13.7,.555,203
Brett Harris,695391,last_45,AAA,28.2,Worcester Red Sox,Total,WOR,- - -,,,7,24,27,3,2,1,0,0,3,3,3,0,6,0,0,0,3,0,0,.125,11.1%,22.2%,.500,.222,.167,.389,.042,,.167,,0.4,-3.0,.194,13
Cal Conley,695462,last_45,AAA,27.2,Gwinnett Stripers,Total,GWN,- - -,,,16,50,55,7,5,2,0,0,6,1,3,0,14,1,0,1,2,3,0,.140,5.5%,25.5%,.214,.204,.180,.384,.040,,.194,,0.5,-6.4,.185,8
Juan Montero,695467,last_45,AAA,24.3,Worcester Red Sox,Total,WOR,- - -,,,2,3,4,1,1,0,0,0,1,0,0,0,1,1,0,0,0,0,0,.333,0.0%,25.0%,.000,.500,.333,.833,.000,,.500,,0.8,0.2,.413,148
Slate Alford,695477,last_45,A+,24.0,Tri-City Dust Devils,Total,TRI,- - -,,,6,21,25,6,4,2,0,0,5,1,4,0,9,0,0,0,0,0,0,.286,16.0%,36.0%,.444,.400,.381,.781,.095,,.500,,3.9,0.1,.363,103
Jay Allen II,695481,last_45,AAA,23.8,Louisville Bats,Total,LOU,- - -,,,15,49,59,11,10,1,0,0,8,3,5,0,22,5,0,0,1,5,0,.224,8.5%,37.3%,.227,.356,.245,.601,.020,,.407,,5.8,-1.6,.299,78
Anson Aroz,695484,last_45,A+,23.8,Great Lakes Loons,Total,GL,- - -,,,7,17,22,4,2,1,0,1,3,2,3,0,9,2,0,0,0,0,0,.235,13.6%,40.9%,.333,.409,.471,.880,.235,,.429,,4.2,1.1,.402,134
Edwin Arroyo,695490,last_45,AAA,23.1,Louisville Bats,Total,LOU,- - -,,,9,33,38,5,4,1,0,0,2,0,4,0,11,0,0,1,0,0,0,.152,10.5%,28.9%,.364,.243,.182,.425,.030,,.227,,1.1,-3.7,.210,23
Teo Banks,695493,last_45,A+,23.2,Wilmington Blue Rocks,Total,WIL,- - -,,,13,39,43,9,8,1,0,0,5,4,3,0,10,1,0,0,0,7,0,.231,7.0%,23.3%,.300,.302,.256,.559,.026,,.310,,3.6,-2.4,.266,61
Kevin Bazzell,695494,last_45,AA,23.5,Harrisburg Senators,Total,HBG,- - -,,,9,36,38,10,5,3,0,2,7,3,2,0,5,0,0,0,2,0,1,.278,5.3%,13.2%,.400,.316,.528,.844,.250,,.276,,6.1,0.8,.370,115
Blake Burke,695501,last_45,AAA,23.3,Nashville Sounds,Total,NAS,- - -,,,21,79,91,15,8,3,1,3,13,6,10,0,27,2,0,0,1,1,0,.190,11.0%,29.7%,.370,.297,.367,.664,.177,,.245,,9.4,-2.2,.305,81
Cam Cauley,695508,last_45,AAA,23.6,Round Rock Express,Total,RR,- - -,,,14,57,64,18,7,6,0,5,14,14,5,0,10,0,1,1,1,7,1,.316,7.8%,15.6%,.500,.365,.684,1.049,.368,,.302,,13.7,5.4,.448,165
Casey Cook,695517,last_45,A+,23.9,Hub City Spartanburgers,Total,HCS,- - -,,,11,40,47,2,2,0,0,0,3,1,6,0,16,1,0,0,1,0,0,.050,12.8%,34.0%,.375,.191,.050,.241,.000,,.083,,-0.5,-7.0,.145,-7
Gavin Conticello,695521,last_45,AAA,23.3,Reno Aces,Total,RNO,- - -,,,19,77,83,22,13,7,1,1,9,14,4,0,21,1,1,0,1,0,0,.286,4.8%,25.3%,.190,.325,.442,.767,.156,,.375,,10.8,-0.0,.340,100
Jacob Cozart,695524,last_45,AA,23.7,Rocket City Trash Pandas,Total,RCT,- - -,,,14,54,64,12,7,2,0,3,8,12,9,0,13,1,0,0,3,0,0,.222,14.1%,20.3%,.692,.344,.426,.770,.204,,.237,,9.1,0.6,.350,107
Ian Daugherty,695527,last_45,AAA,24.0,St. Paul Saints,Total,STP,- - -,,,6,18,23,3,3,0,0,0,1,4,3,0,10,1,0,1,1,0,0,.167,13.0%,43.5%,.300,.318,.167,.485,.000,,.375,,1.5,-1.4,.255,51
Gio Cueto,695530,last_45,A+,23.1,Great Lakes Loons,Total,GL,- - -,,,8,27,34,8,6,1,0,1,3,7,5,0,8,0,1,1,0,0,0,.296,14.7%,23.5%,.625,.394,.444,.838,.148,,.368,,5.8,0.9,.376,120
Randal Diaz,695538,last_45,A+,23.3,Frederick Keys,Total,FRE,- - -,,,10,41,46,10,8,1,0,1,6,5,4,0,11,1,0,0,1,3,1,.244,8.7%,23.9%,.364,.326,.341,.668,.098,,.310,,5.5,-1.0,.310,85
Tayden Hall,695554,last_45,A+,23.6,Wisconsin Timber Rattlers,Total,WIS,- - -,,,9,30,38,9,6,2,0,1,4,1,7,0,6,1,0,0,0,2,1,.300,18.4%,15.8%,1.167,.447,.467,.914,.167,,.348,,7.7,2.3,.418,143
Cole Mathis,695573,last_45,A+,23.1,Brooklyn Cyclones,Total,BRK,- - -,,,4,13,16,1,1,0,0,0,0,0,3,0,5,0,0,0,1,1,0,.077,18.8%,31.2%,.600,.250,.077,.327,.000,,.125,,0.4,-1.8,.190,18
James Wood,695578,last_45,AA,24.0,Harrisburg Senators,Total,HBG,- - -,,,2,6,7,2,1,0,0,1,2,1,1,1,2,0,0,0,1,0,0,.333,14.3%,28.6%,.500,.429,.833,1.262,.500,,.333,,1.8,0.9,.503,189
Trevor Haskins,695579,last_45,A,23.5,Palm Beach Cardinals,Total,PMB,- - -,,,6,21,23,4,2,2,0,0,5,1,1,0,12,1,0,0,0,2,0,.190,4.3%,52.2%,.083,.261,.286,.547,.095,,.444,,1.6,-1.7,.255,49
Nick Raposo,695596,last_45,AAA,28.3,Tacoma Rainiers,Total,TAC,- - -,,,15,51,62,11,7,2,0,2,8,8,10,1,12,0,1,0,4,0,1,.216,16.1%,19.4%,.833,.339,.373,.711,.157,,.237,,7.1,-1.0,.321,88
Chris Katz,695601,last_45,A+,23.6,Hillsboro Hops,Total,HIL,- - -,,,10,38,44,11,7,3,0,1,6,5,4,0,9,2,0,0,0,0,0,.289,9.1%,20.5%,.444,.386,.447,.834,.158,,.357,,7.5,0.8,.379,111
T.J. White,695604,last_45,AA,23.1,Harrisburg Senators,Total,HBG,- - -,,,13,45,53,13,7,4,0,2,9,5,8,0,15,0,0,0,1,0,0,.289,15.1%,28.3%,.533,.396,.511,.907,.222,,.393,,9.9,2.5,.405,134
Nick McLain,695607,last_45,A+,23.7,Winston-Salem Dash,Total,WS,- - -,,,10,35,44,15,6,5,0,4,10,9,8,0,10,0,1,0,1,0,0,.429,18.2%,22.7%,.800,.523,.914,1.437,.486,,.500,,14.9,8.8,.592,243
Alex Mooney,695612,last_45,AAA,24.2,Columbus Clippers,Total,COL,- - -,,,19,63,73,12,6,4,1,1,12,9,7,0,9,1,1,0,2,5,1,.190,9.6%,12.3%,.778,.278,.333,.611,.143,,.204,,6.4,-3.5,.279,65
Jaime Ferrer,695634,last_45,AA,23.7,Wichita Wind Surge,Total,WCH,- - -,,,18,61,71,15,10,4,0,1,7,9,3,0,14,7,0,0,0,1,1,.246,4.2%,19.7%,.214,.352,.361,.713,.115,,.304,,8.8,-1.6,.334,85
Eddie King Jr.,695652,last_45,A,23.6,Bradenton Marauders,Total,BRD,- - -,,,10,28,47,10,8,1,0,1,11,5,17,1,6,2,0,0,0,3,0,.357,36.2%,12.8%,2.833,.617,.500,1.117,.143,,.429,,12.9,6.3,.512,195
Noah Miller,695653,last_45,AAA,23.9,Oklahoma City Comets,Total,OKC,- - -,,,26,91,101,22,15,5,0,2,11,7,8,0,19,0,1,1,1,2,0,.242,7.9%,18.8%,.421,.300,.363,.663,.121,,.282,,9.9,-3.2,.300,76
Tanner Smith,695659,last_45,A+,23.9,Rome Emperors,Total,ROM,- - -,,,8,27,32,3,1,0,0,2,6,3,5,0,20,0,0,0,0,0,0,.111,15.6%,62.5%,.250,.250,.333,.583,.222,,.200,,2.8,-1.6,.271,64
Cooper Kinney,695692,last_45,AA,23.6,Montgomery Biscuits,Total,MTG,- - -,,,15,62,70,15,10,2,0,3,10,8,6,0,14,1,1,0,1,1,1,.242,8.6%,20.0%,.429,.314,.419,.734,.177,,.261,,8.8,-0.5,.329,94
Boston Smith,695722,last_45,AA,23.8,Arkansas Travelers,Total,ARK,- - -,,,17,68,81,12,8,3,0,1,13,9,12,0,26,1,0,0,1,1,1,.176,14.8%,32.1%,.462,.309,.265,.573,.088,,.268,,6.6,-5.3,.278,55
Dylan King,695732,last_45,A,24.2,Daytona Tortugas,Total,DBT,- - -,,,1,2,2,0,0,0,0,0,0,0,0,0,1,0,0,0,0,0,0,.000,0.0%,50.0%,.000,.000,.000,.000,.000,,.000,,-0.3,-0.5,.000,-90
Creed Willems,695735,last_45,AAA,23.3,Norfolk Tides,Total,NOR,- - -,,,20,69,83,17,13,1,0,3,11,12,8,0,17,2,4,0,0,0,0,.246,9.6%,20.5%,.471,.325,.391,.717,.145,,.264,,9.6,-0.9,.321,91
Hudson White,695742,last_45,AA,24.1,Portland Sea Dogs,Total,POR,- - -,,,3,6,6,1,0,1,0,0,0,0,0,0,3,0,0,0,1,0,0,.167,0.0%,50.0%,.000,.167,.333,.500,.167,,.333,,0.2,-0.6,.216,28
Ian Moller,695744,last_45,AA,23.9,Frisco RoughRiders,Total,FRI,- - -,,,10,34,45,7,6,1,0,0,5,6,11,0,11,0,0,0,0,1,1,.206,24.4%,24.4%,1.000,.400,.235,.635,.029,,.304,,5.2,-1.4,.324,80
Sam Petersen,695763,last_45,AAA,23.7,Rochester Red Wings,Total,ROC,- - -,,,21,73,84,21,15,4,1,1,10,13,6,0,23,4,0,1,1,5,0,.288,7.1%,27.4%,.261,.373,.411,.784,.123,,.408,,12.2,1.6,.359,115
Wes Kath,695770,last_45,A+,24.1,Winston-Salem Dash,Total,WS,- - -,,,5,16,20,3,1,2,0,0,4,1,3,0,10,1,0,0,2,0,0,.188,15.0%,50.0%,.300,.350,.312,.662,.125,,.500,,2.5,-0.3,.319,90
Jake Fox,695780,last_45,AA,23.6,Akron RubberDucks,Total,AKR,- - -,,,8,29,33,15,9,3,2,1,9,8,4,0,1,0,0,0,0,0,0,.517,12.1%,3.0%,4.000,.576,.862,1.438,.345,,.519,,11.6,7.0,.615,252
Frederick Bencosme,695930,last_45,AA,23.7,Chesapeake Baysox,Total,CHE,- - -,,,13,47,53,10,6,1,1,2,6,7,6,0,11,0,0,0,0,0,0,.213,11.3%,20.8%,.545,.302,.404,.706,.191,,.235,,6.3,-1.1,.318,86
Alejandro Osuna,696030,last_45,AAA,23.9,Round Rock Express,Total,RR,- - -,,,17,63,76,18,14,4,0,0,9,6,8,0,10,3,1,1,0,2,2,.286,10.5%,13.2%,.800,.387,.349,.736,.063,,.333,,10.1,0.2,.344,102
Leonel Espinoza,696083,last_45,A+,23.4,South Bend Cubs,Total,SB,- - -,,,11,38,42,7,6,1,0,0,9,2,4,0,7,0,0,0,4,2,0,.184,9.5%,16.7%,.571,.262,.211,.472,.026,,.226,,2.3,-3.7,.229,38
Kahlil Watson,696135,last_45,AAA,23.4,Columbus Clippers,Total,COL,- - -,,,20,81,91,19,12,4,0,3,11,10,8,0,23,2,0,0,2,3,3,.235,8.8%,25.3%,.348,.319,.395,.714,.160,,.291,,10.8,-0.7,.325,94
Ethan Murray,696140,last_45,AAA,26.4,Nashville Sounds,Total,NAS,- - -,,,22,79,90,16,11,4,0,1,8,11,7,0,19,2,1,1,2,2,1,.203,7.8%,21.1%,.368,.281,.291,.572,.089,,.250,,6.6,-4.8,.267,58
Will Taylor,696142,last_45,AA,23.7,Altoona Curve,Total,ALT,- - -,,,15,53,57,13,8,2,0,3,9,9,2,0,17,1,0,1,1,1,0,.245,3.5%,29.8%,.118,.286,.453,.739,.208,,.303,,7.2,-0.7,.328,91
Lonnie White Jr.,696145,last_45,AA,23.7,Altoona Curve,Total,ALT,- - -,,,14,48,56,8,5,2,0,1,5,6,6,0,18,1,1,0,1,1,1,.167,10.7%,32.1%,.333,.268,.271,.539,.104,,.233,,3.9,-3.9,.255,50
Jake Rucker,696160,last_45,AAA,27.0,St. Paul Saints,Total,STP,- - -,,,20,70,84,18,10,4,0,4,17,11,14,0,24,0,0,0,0,2,1,.257,16.7%,28.6%,.583,.381,.486,.867,.229,,.333,,14.1,2.8,.389,125
Tyler Whitaker,696264,last_45,AA,24.1,Corpus Christi Hooks,Total,CC,- - -,,,18,64,74,13,9,2,0,2,7,7,7,0,25,2,1,0,3,0,3,.203,9.5%,33.8%,.280,.297,.328,.625,.125,,.289,,6.7,-4.2,.290,61
Lorenzo Carrier,696273,last_45,A+,23.3,Spokane Indians,Total,SPO,- - -,,,3,11,11,6,3,3,0,0,1,0,0,0,0,0,0,0,0,0,0,.545,0.0%,0.0%,,.545,.818,1.364,.273,,.545,,3.8,2.1,.601,224
Davis Diaz,696286,last_45,AAA,23.6,Las Vegas Aviators,Total,LV,- - -,,,19,69,76,14,11,1,0,2,10,13,7,0,20,0,0,0,2,2,1,.203,9.2%,26.3%,.350,.276,.304,.581,.101,,.255,,5.7,-4.2,.270,57
James Tibbs III,696486,last_45,AAA,24.0,Oklahoma City Comets,Total,OKC,- - -,,,25,92,115,19,10,6,0,3,15,14,21,1,33,0,2,0,2,3,0,.207,18.3%,28.7%,.636,.348,.370,.717,.163,,.276,,13.8,-1.1,.328,92
Mark Coley II,696501,last_45,AA,25.8,Biloxi Shuckers,Total,BLX,- - -,,,12,36,42,7,3,2,1,1,5,8,4,0,15,2,0,0,1,3,2,.194,9.5%,35.7%,.267,.310,.389,.698,.194,,.300,,4.9,-0.6,.319,88
Peyton Stovall,696510,last_45,AA,23.6,Chattanooga Lookouts,Total,CHA,- - -,,,16,58,65,13,6,3,0,4,7,11,6,0,18,1,0,0,0,1,0,.224,9.2%,27.7%,.333,.308,.483,.790,.259,,.250,,9.3,0.6,.351,107
Andy Garriola,696513,last_45,AA,26.7,Knoxville Smokies,Total,KNX,- - -,,,17,72,77,18,15,2,0,1,6,7,2,0,18,1,1,0,1,0,0,.250,2.6%,23.4%,.111,.276,.319,.596,.069,,.315,,6.1,-4.1,.270,60
Garrett Spain,696521,last_45,AA,26.0,Wichita Wind Surge,Total,WCH,- - -,,,16,58,71,14,11,3,0,0,2,7,12,0,18,0,1,0,2,7,0,.241,16.9%,25.4%,.667,.366,.293,.659,.052,,.341,,7.8,-2.6,.316,75
Rosman Verdugo,698916,last_45,A+,21.6,Fort Wayne TinCaps,Total,FW,- - -,,,17,62,73,15,11,3,0,1,9,6,10,1,22,1,0,0,0,0,0,.242,13.7%,30.1%,.455,.356,.339,.695,.097,,.359,,9.0,-1.1,.321,89
Edward Duran,698927,last_45,AA,22.3,New Hampshire Fisher Cats,Total,NH,- - -,,,10,37,41,7,5,1,0,1,4,4,2,0,10,1,1,0,2,1,0,.189,4.9%,24.4%,.200,.244,.297,.541,.108,,.222,,2.6,-3.1,.247,45
Jesus Hernandez,698929,last_45,A+,22.5,Beloit Sky Carp,Total,BEL,- - -,,,9,31,40,5,4,1,0,0,4,2,9,0,8,0,0,0,1,5,1,.161,22.5%,20.0%,1.125,.350,.194,.544,.032,,.217,,3.9,-1.8,.283,68
Ronald Hernandez,698933,last_45,A+,22.9,Brooklyn Cyclones,Total,BRK,- - -,,,10,35,43,5,3,0,0,2,6,8,7,0,12,1,0,0,1,2,0,.143,16.3%,27.9%,.583,.302,.314,.617,.171,,.143,,4.6,-1.4,.295,76
Yasmil Bucce,698935,last_45,A+,22.1,Frederick Keys,Total,FRE,- - -,,,10,27,38,7,5,0,0,2,5,9,11,0,11,0,0,0,0,1,0,.259,28.9%,28.9%,1.000,.474,.481,.955,.222,,.357,,8.3,3.0,.437,156
Anderson De Los Santos,698945,last_45,AA,22.7,Chesapeake Baysox,Total,CHE,- - -,,,14,42,54,7,4,2,0,1,4,5,11,0,8,0,0,1,1,1,0,.167,20.4%,14.8%,1.375,.340,.286,.625,.119,,.182,,5.9,-1.7,.305,78
Jose Astudillo,698973,last_45,AA,22.5,Richmond Flying Squirrels,Total,RIC,- - -,,,10,36,40,6,4,2,0,0,3,2,4,0,6,0,0,0,1,2,2,.167,10.0%,15.0%,.667,.250,.222,.472,.056,,.200,,1.9,-3.7,.227,34
Leo Bernal,699024,last_45,AAA,22.5,Memphis Redbirds,Total,MEM,- - -,,,6,18,21,4,4,0,0,0,1,0,3,0,2,0,0,0,2,0,0,.222,14.3%,9.5%,1.500,.333,.222,.556,.000,,.250,,1.7,-1.0,.275,63
José Suárez,699027,last_45,A+,22.1,Peoria Chiefs,Total,PEO,- - -,,,8,27,29,7,6,1,0,0,2,1,2,0,4,0,0,0,0,4,1,.259,6.9%,13.8%,.500,.310,.296,.607,.037,,.304,,2.8,-1.3,.282,68
Anyelo Encarnación,699031,last_45,A+,22.7,Peoria Chiefs,Total,PEO,- - -,,,10,37,40,9,7,1,0,1,4,6,3,0,10,0,0,0,2,1,2,.243,7.5%,25.0%,.300,.300,.351,.651,.108,,.308,,4.3,-1.3,.298,76
Thayron Liranzo,699073,last_45,AA,23.2,Erie SeaWolves,Total,ERI,- - -,,,15,59,67,12,3,4,0,5,10,18,5,0,16,1,2,0,1,0,0,.203,7.5%,23.9%,.312,.269,.525,.794,.322,,.175,,9.1,-0.2,.340,97
Jose Perez,699077,last_45,A+,22.5,Bowling Green Hot Rods,Total,BG,- - -,,,4,13,16,1,1,0,0,0,1,0,3,0,6,0,0,0,1,0,0,.077,18.8%,37.5%,.500,.250,.077,.327,.000,,.143,,0.4,-1.8,.190,18
Leo Balcazar,699114,last_45,AAA,22.3,Louisville Bats,Total,LOU,- - -,,,22,75,87,18,11,5,0,2,7,11,12,0,13,0,0,0,2,1,1,.240,13.8%,14.9%,.923,.345,.387,.731,.147,,.267,,11.1,0.1,.336,101
Carlos Jorge,699115,last_45,AAA,22.9,Louisville Bats,Total,LOU,- - -,,,6,24,29,6,4,1,1,0,3,2,4,0,5,1,0,0,0,2,0,.250,13.8%,17.2%,.800,.379,.375,.754,.125,,.316,,4.0,0.3,.350,109
Gregory Barrios,699126,last_45,AA,22.4,Montgomery Biscuits,Total,MTG,- - -,,,16,66,68,17,15,1,1,0,6,8,1,0,6,0,0,0,2,5,3,.258,1.5%,8.8%,.167,.269,.303,.572,.045,,.283,,4.8,-4.3,.258,53
Luis Castillo,699127,last_45,A+,22.9,Wisconsin Timber Rattlers,Total,WIS,- - -,,,13,40,57,7,1,2,0,4,9,13,16,0,13,0,1,0,0,1,0,.175,28.1%,22.8%,1.231,.404,.525,.929,.350,,.125,,11.1,3.0,.409,138
Jadher Areinamo,699130,last_45,AAA,22.8,Durham Bulls,Total,DUR,- - -,,,13,47,49,7,5,2,0,0,3,3,1,0,2,0,1,0,1,1,0,.149,2.0%,4.1%,.500,.163,.191,.355,.043,,.152,,-0.4,-6.7,.160,-7
Ahbram Liendo,699157,last_45,AA,22.6,Portland Sea Dogs,Total,POR,- - -,,,11,36,43,10,7,1,0,2,8,7,6,0,12,1,0,0,0,4,2,.278,14.0%,27.9%,.500,.395,.472,.868,.194,,.364,,7.6,1.6,.393,127
Edgardo Ordonez,699166,last_45,A+,23.0,Wisconsin Timber Rattlers,Total,WIS,- - -,,,5,19,20,4,2,1,0,1,2,3,0,0,7,0,1,0,0,0,0,.211,0.0%,35.0%,.000,.200,.421,.621,.211,,.250,,1.6,-1.2,.261,56
Samuel Escudero,699167,last_45,AA,22.5,Altoona Curve,Total,ALT,- - -,,,1,4,4,0,0,0,0,0,0,0,0,0,2,0,0,0,0,0,0,.000,0.0%,50.0%,.000,.000,.000,.000,.000,,.000,,-0.5,-1.1,.000,-93
Gleider Figuereo,699213,last_45,A+,22.2,Hub City Spartanburgers,Total,HCS,- - -,,,15,61,70,15,10,3,0,2,10,13,7,0,16,1,1,0,3,1,0,.246,10.0%,22.9%,.438,.329,.393,.722,.148,,.295,,8.8,-1.3,.327,87
Jakey Josepha,699228,last_45,A+,22.3,Hillsboro Hops,Total,HIL,- - -,,,12,52,57,14,12,1,1,0,9,5,5,0,14,0,0,0,0,8,3,.269,8.8%,24.6%,.357,.333,.327,.660,.058,,.368,,6.4,-2.3,.305,74
Anderdson Rojas,699232,last_45,AAA,22.5,Reno Aces,Total,RNO,- - -,,,21,80,84,19,18,1,0,0,2,6,2,0,17,0,0,2,2,4,1,.237,2.4%,20.2%,.118,.256,.250,.506,.013,,.302,,3.8,-7.1,.233,35
Jimmy Crooks,699625,last_45,AAA,25.2,Memphis Redbirds,Total,MEM,- - -,,,13,49,59,20,15,3,0,2,11,9,9,0,15,0,1,0,1,1,0,.408,15.3%,25.4%,.600,.492,.592,1.083,.184,,.545,,14.0,6.5,.477,187
Ricardo Cova,699698,last_45,A+,22.3,Everett AquaSox,Total,EVE,- - -,,,2,8,8,1,1,0,0,0,1,0,0,0,3,0,0,0,1,1,0,.125,0.0%,37.5%,.000,.125,.125,.250,.000,,.200,,-0.3,-1.5,.114,-24
Raylin Heredia,699712,last_45,AA,22.8,Reading Fightin Phils,Total,REA,- - -,,,18,70,75,17,12,3,0,2,10,6,3,0,20,2,0,0,0,3,1,.243,4.0%,26.7%,.150,.293,.371,.665,.129,,.312,,8.0,-2.5,.302,76
Jose Fernandez,699912,last_45,AAA,23.0,Reno Aces,Total,RNO,- - -,,,10,35,39,5,4,1,0,0,5,5,4,0,7,0,0,0,0,1,0,.143,10.3%,17.9%,.571,.231,.171,.402,.029,,.179,,0.8,-4.3,.199,15
Victor Labrada,700032,last_45,AAA,26.7,Tacoma Rainiers,Total,TAC,- - -,,,17,64,74,18,13,2,0,3,9,8,8,0,13,2,0,0,0,4,2,.281,10.8%,17.6%,.615,.378,.453,.832,.172,,.312,,11.7,2.1,.377,122
Jake Thompson,700081,last_45,AA,28.5,Rocket City Trash Pandas,Total,RCT,- - -,,,11,36,42,12,6,4,0,2,5,12,6,0,5,0,0,0,1,0,0,.333,14.3%,11.9%,1.200,.429,.611,1.040,.278,,.345,,9.4,3.8,.455,169
John Bay,700083,last_45,AA,25.3,Binghamton Rumble Ponies,Total,BNG,- - -,,,16,51,59,10,6,1,0,3,8,5,7,0,20,1,0,0,0,5,2,.196,11.9%,33.9%,.350,.305,.392,.697,.196,,.250,,7.1,-1.2,.319,86
Bryant Betancourt,700164,last_45,AAA,22.9,Albuquerque Isotopes,Total,ABQ,- - -,,,14,54,60,19,11,8,0,0,9,13,5,0,5,0,1,0,0,0,0,.352,8.3%,8.3%,1.000,.400,.500,.900,.148,,.380,,10.5,2.7,.399,135
Ryan McCoy,700178,last_45,A+,24.3,Bowling Green Hot Rods,Total,BG,- - -,,,12,48,52,17,13,3,0,1,8,9,3,0,17,1,0,0,0,3,1,.354,5.8%,32.7%,.176,.404,.479,.883,.125,,.533,,9.8,2.5,.398,134
Payton Green,700243,last_45,AA,23.7,Pensacola Blue Wahoos,Total,PNS,- - -,,,7,24,28,6,3,1,0,2,5,4,3,0,10,1,0,0,0,5,0,.250,10.7%,35.7%,.300,.357,.542,.899,.292,,.333,,5.0,1.3,.397,134
Carson Williams,700246,last_45,AAA,23.2,Durham Bulls,Total,DUR,- - -,,,22,72,85,18,15,0,2,1,8,9,11,0,29,1,1,0,0,4,1,.250,12.9%,34.1%,.379,.353,.347,.700,.097,,.395,,10.1,-0.7,.325,94
Derlin Figueroa,700283,last_45,A+,23.0,Quad Cities River Bandits,Total,QC,- - -,,,8,35,36,6,3,2,1,0,3,2,1,0,10,0,0,0,1,3,0,.171,2.8%,27.8%,.100,.194,.286,.480,.114,,.240,,1.5,-3.6,.213,30
Andy Perez,700321,last_45,AA,22.3,Hartford Yard Goats,Total,HFD,- - -,,,16,71,76,14,8,6,0,0,9,5,3,1,18,2,0,0,1,3,0,.197,3.9%,23.7%,.167,.250,.282,.532,.085,,.264,,4.4,-6.2,.239,41
Edgar Quero,700337,last_45,AAA,23.5,Charlotte Knights,Total,CLT,- - -,,,9,33,39,6,6,0,0,0,1,2,6,0,7,0,0,0,0,0,0,.182,15.4%,17.9%,.857,.308,.182,.490,.000,,.231,,2.3,-2.6,.249,47
Kenny Castillo,700341,last_45,A+,22.3,Hillsboro Hops,Total,HIL,- - -,,,6,19,22,5,1,1,1,2,6,6,1,0,7,1,1,0,1,0,0,.263,4.5%,31.8%,.143,.318,.737,1.055,.474,,.273,,4.7,1.3,.433,138
Adrian De Leon,700369,last_45,A+,22.6,Hillsboro Hops,Total,HIL,- - -,,,3,8,11,0,0,0,0,0,0,2,2,0,3,0,0,1,0,0,0,.000,18.2%,27.3%,.667,.200,.000,.200,.000,,.000,,-0.2,-1.8,.142,-10
Gabriel Silva,700385,last_45,A,22.7,Columbia Fireflies,Total,COL,- - -,,,4,12,12,1,0,1,0,0,0,0,0,0,3,0,0,0,0,0,0,.083,0.0%,25.0%,.000,.083,.167,.250,.083,,.111,,-0.5,-2.1,.108,-30
Kenny Piper,700652,last_45,AAA,28.2,Durham Bulls,Total,DUR,- - -,,,2,8,8,1,1,0,0,0,1,0,0,0,2,0,0,0,0,1,0,.125,0.0%,25.0%,.000,.125,.125,.250,.000,,.167,,-0.4,-1.4,.114,-36
Nick Lorusso,700681,last_45,AAA,26.0,Syracuse Mets,Total,SYR,- - -,,,14,46,50,10,9,1,0,0,7,3,3,0,10,1,0,0,1,3,0,.217,6.0%,20.0%,.300,.280,.239,.519,.022,,.278,,2.9,-3.4,.247,46
Luis Pino,700720,last_45,AA,22.6,Springfield Cardinals,Total,SPR,- - -,,,6,20,24,2,2,0,0,0,4,2,4,0,7,0,0,0,0,0,0,.100,16.7%,29.2%,.571,.250,.100,.350,.000,,.154,,0.4,-3.1,.194,10
Keiner Delgado,700731,last_45,AA,22.7,Altoona Curve,Total,ALT,- - -,,,15,57,67,16,9,4,0,3,10,11,6,0,18,1,2,1,1,4,2,.281,9.0%,26.9%,.333,.348,.509,.857,.228,,.342,,10.9,1.6,.374,117
Mathieu Vallee,700795,last_45,AA,26.1,New Hampshire Fisher Cats,Total,NH,- - -,,,10,33,36,11,9,2,0,0,1,4,3,0,6,0,0,0,0,6,0,.333,8.3%,16.7%,.500,.389,.394,.783,.061,,.407,,5.4,0.4,.359,108
Matthew Ellis,700815,last_45,A+,26.1,Everett AquaSox,Total,EVE,- - -,,,12,46,58,11,8,2,0,1,9,9,11,0,14,1,0,0,1,0,1,.239,19.0%,24.1%,.786,.397,.348,.744,.109,,.323,,8.7,-0.1,.354,98
Adam Zebrowski,700845,last_45,AA,26.0,Columbus Clingstones,Total,COL,- - -,,,17,54,62,12,5,1,1,5,8,10,7,0,24,1,0,0,0,0,0,.222,11.3%,38.7%,.292,.323,.556,.878,.333,,.280,,10.4,2.2,.383,126
Seth Stephenson,700931,last_45,AA,25.7,Erie SeaWolves,Total,ERI,- - -,,,15,58,61,18,11,5,1,1,11,8,3,0,7,0,0,0,1,11,1,.310,4.9%,11.5%,.429,.344,.483,.827,.172,,.340,,9.6,1.1,.367,113
Kyle Manzardo,700932,last_45,AAA,26.2,Columbus Clippers,Total,COL,- - -,,,24,96,107,28,18,9,0,1,10,21,10,0,24,0,1,0,1,1,0,.292,9.3%,22.4%,.417,.355,.417,.772,.125,,.375,,14.7,1.1,.348,108
Bennett Lee,700939,last_45,AAA,24.4,Toledo Mud Hens,Total,TOL,- - -,,,8,22,26,5,5,0,0,0,3,1,2,0,10,2,0,0,0,0,0,.227,7.7%,38.5%,.200,.346,.227,.573,.000,,.417,,2.3,-1.0,.287,70
Alec Briley,701062,last_45,AA,26.0,Birmingham Barons,Total,BIR,- - -,,,19,73,81,14,7,2,1,4,7,13,5,0,18,0,3,0,2,2,1,.192,6.2%,22.2%,.278,.235,.411,.646,.219,,.185,,7.0,-3.8,.279,65
Kerrington Cross,701136,last_45,A+,24.4,Fort Wayne TinCaps,Total,FW,- - -,,,18,71,81,20,10,7,0,3,11,10,10,0,19,0,0,0,2,2,3,.282,12.3%,23.5%,.526,.370,.507,.877,.225,,.347,,14.3,2.8,.390,124
Nick Cimillo,701177,last_45,AAA,26.6,Indianapolis Indians,Total,IND,- - -,,,20,71,81,22,8,7,1,6,14,25,7,0,15,1,2,0,2,1,0,.310,8.6%,18.5%,.467,.370,.690,1.061,.380,,.308,,17.5,7.2,.449,170
Willy Montero,701206,last_45,A+,22.1,Hudson Valley Renegades,Total,HV,- - -,,,5,17,20,6,6,0,0,0,2,2,2,0,6,1,0,0,0,3,0,.353,10.0%,30.0%,.333,.450,.353,.803,.000,,.545,,3.5,0.7,.381,125
Carter Mathison,701296,last_45,A+,23.6,Jersey Shore BlueClaws,Total,JS,- - -,,,5,13,15,3,2,0,0,1,2,1,2,0,3,0,0,0,0,1,0,.231,13.3%,20.0%,.667,.333,.462,.795,.231,,.222,,2.3,0.2,.357,111
Phillip Glasser,701298,last_45,AAA,26.8,Rochester Red Wings,Total,ROC,- - -,,,10,34,42,7,5,1,0,1,5,4,6,0,9,0,0,2,1,0,0,.206,14.3%,21.4%,.667,.325,.324,.649,.118,,.250,,4.4,-1.0,.305,82
Zach Dezenzo,701305,last_45,AAA,26.4,Sugar Land Space Cowboys,Total,SUG,- - -,,,23,76,93,15,10,3,0,2,8,8,15,0,19,2,0,0,1,2,1,.197,16.1%,20.4%,.789,.344,.316,.660,.118,,.236,,10.3,-1.8,.316,85
Luke Heyman,701326,last_45,A+,23.2,Greenville Drive,Total,GVL,- - -,,,8,33,35,6,2,1,0,3,4,10,2,0,13,0,0,0,0,0,0,.182,5.7%,37.1%,.154,.229,.485,.713,.303,,.176,,4.2,-0.7,.310,85
Elijah Green,701327,last_45,AA,22.8,Harrisburg Senators,Total,HBG,- - -,,,15,57,63,10,6,3,1,0,6,2,6,0,26,0,0,0,3,0,0,.175,9.5%,41.3%,.231,.254,.263,.517,.088,,.323,,3.8,-5.0,.242,43
Brody Donay,701330,last_45,A,22.9,Charleston RiverDogs,Total,CHS,- - -,,,3,6,9,0,0,0,0,0,1,0,2,0,3,0,0,1,0,2,0,.000,22.2%,33.3%,.667,.250,.000,.250,.000,,.000,,0.1,-1.1,.178,11
Blake Cyr,701331,last_45,A,22.8,Tampa Tarpons,Total,TAM,- - -,,,1,5,5,2,1,1,0,0,0,2,0,0,2,0,0,0,0,0,0,.400,0.0%,40.0%,.000,.400,.600,1.000,.200,,.667,,1.1,0.4,.441,151
Colby Shelton,701333,last_45,AA,23.8,Birmingham Barons,Total,BIR,- - -,,,16,54,62,11,5,2,1,3,8,6,6,0,16,1,1,0,2,2,1,.204,9.7%,25.8%,.375,.290,.444,.735,.241,,.222,,7.6,-0.7,.324,92
Ethan Petry,701337,last_45,AA,22.2,Harrisburg Senators,Total,HBG,- - -,,,15,64,66,14,8,4,0,2,4,4,2,0,26,0,0,0,0,0,0,.219,3.0%,39.4%,.077,.242,.375,.617,.156,,.333,,5.6,-3.6,.274,61
Marek Houston,701339,last_45,AA,22.4,Wichita Wind Surge,Total,WCH,- - -,,,15,62,70,20,17,2,0,1,13,9,7,0,13,1,0,0,1,1,1,.323,10.0%,18.6%,.538,.400,.403,.803,.081,,.396,,10.7,0.4,.370,104
Kendrey Maduro,701342,last_45,A+,22.4,Tri-City Dust Devils,Total,TRI,- - -,,,13,55,59,22,12,7,2,1,10,8,3,0,15,1,0,0,0,0,0,.400,5.1%,25.4%,.200,.441,.655,1.095,.255,,.538,,14.6,5.6,.479,162
Roman Anthony,701350,last_45,AAA,22.3,Worcester Red Sox,Total,WOR,- - -,,,5,17,19,4,2,1,0,1,2,4,2,0,5,0,0,0,1,0,0,.235,10.5%,26.3%,.400,.316,.471,.786,.235,,.273,,2.6,0.2,.350,108
Isaiah Barkett,701373,last_45,A+,22.8,Eugene Emeralds,Total,EUG,- - -,,,1,4,5,1,1,0,0,0,1,0,1,0,1,0,0,0,1,0,0,.250,20.0%,20.0%,1.000,.400,.250,.650,.000,,.333,,0.6,-0.1,.324,83
Zach Ehrhard,701394,last_45,AAA,23.7,Oklahoma City Comets,Total,OKC,- - -,,,26,108,120,30,20,6,1,3,23,14,11,0,29,1,0,0,1,5,2,.278,9.2%,24.2%,.379,.350,.435,.785,.157,,.355,,16.9,1.3,.354,108
Canyon Brown,701401,last_45,AA,23.1,Northwest Arkansas Naturals,Total,NWA,- - -,,,12,42,48,5,5,0,0,0,4,3,4,0,13,1,1,0,0,3,0,.119,8.3%,27.1%,.308,.208,.119,.327,.000,,.167,,-0.2,-7.2,.170,-3
Broedy Poppell,701435,last_45,A,24.2,San Jose Giants,Total,SJ,- - -,,,13,43,53,11,8,2,1,0,8,4,8,0,12,1,0,0,0,2,1,.256,15.1%,22.6%,.667,.385,.349,.733,.093,,.355,,7.5,-0.6,.345,93
Ryan Campos,701481,last_45,AA,23.9,Springfield Cardinals,Total,SPR,- - -,,,15,53,66,13,12,1,0,0,12,3,13,0,14,0,0,0,2,2,0,.245,19.7%,21.2%,.929,.394,.264,.658,.019,,.333,,7.8,-1.9,.325,80
Hunter Dobbins,701493,last_45,A,23.9,Lakeland Flying Tigers,Total,LAK,- - -,,,6,22,25,6,3,1,0,2,5,6,3,0,11,0,0,0,0,0,0,.273,12.0%,44.0%,.273,.360,.591,.951,.318,,.444,,4.9,1.3,.415,137
Ben Cowles,701496,last_45,AAA,26.6,Iowa Cubs,Total,IOW,- - -,,,18,67,72,14,10,3,0,1,3,9,3,0,18,0,1,1,0,1,0,.209,4.2%,25.0%,.167,.239,.299,.538,.090,,.265,,3.9,-5.2,.243,43
Bobby Blandford,701520,last_45,A,23.7,Stockton Ports,Total,STK,- - -,,,13,43,61,10,7,0,0,3,8,9,13,0,16,4,1,0,0,4,1,.233,21.3%,26.2%,.812,.443,.442,.884,.209,,.280,,11.6,2.4,.408,126
Mike Sirota,701527,last_45,AAA,23.3,Oklahoma City Comets,Total,OKC,- - -,,,10,36,46,8,6,2,0,0,7,0,9,0,14,1,0,0,1,0,0,.222,19.6%,30.4%,.643,.391,.278,.669,.056,,.364,,5.6,-1.0,.330,85
J.R. Freethy,701540,last_45,AA,23.7,New Hampshire Fisher Cats,Total,NH,- - -,,,13,39,44,9,7,2,0,0,3,0,4,0,8,1,0,0,0,0,1,.231,9.1%,18.2%,.500,.318,.282,.600,.051,,.290,,4.1,-2.0,.285,67
Duce Gourson,701546,last_45,AAA,24.0,Indianapolis Indians,Total,IND,- - -,,,19,74,85,22,11,5,2,4,14,13,8,0,21,2,0,1,0,2,2,.297,9.4%,24.7%,.381,.381,.581,.962,.284,,.367,,16.5,5.7,.421,153
Ali Camarillo,701548,last_45,AA,23.3,Midland RockHounds,Total,MID,- - -,,,20,79,90,29,21,8,0,0,8,15,11,0,14,0,0,0,5,1,1,.367,12.2%,15.6%,.786,.444,.468,.913,.101,,.446,,16.8,3.7,.414,128
Rodney Green Jr.,701587,last_45,A+,23.4,Lansing Lugnuts,Total,LAN,- - -,,,11,41,48,9,7,2,0,0,1,4,7,0,17,0,0,0,0,2,0,.220,14.6%,35.4%,.412,.333,.268,.602,.049,,.375,,4.9,-1.9,.290,72
Luke Davis,701592,last_45,A,23.6,Clearwater Threshers,Total,CLR,- - -,,,1,3,4,0,0,0,0,0,0,0,1,0,3,0,0,0,0,0,0,.000,25.0%,75.0%,.333,.250,.000,.250,.000,,,,0.0,-0.5,.178,7
Chris Brito,701594,last_45,A+,26.9,Quad Cities River Bandits,Total,QC,- - -,,,4,12,17,3,2,1,0,0,4,1,4,0,4,1,0,0,0,0,0,.250,23.5%,23.5%,1.000,.471,.333,.804,.083,,.375,,3.1,0.7,.394,130
Caleb Lomavita,701616,last_45,AA,23.8,Harrisburg Senators,Total,HBG,- - -,,,6,25,26,6,4,0,0,2,3,5,1,0,6,0,0,0,0,0,0,.240,3.8%,23.1%,.167,.269,.480,.749,.240,,.235,,3.3,-0.3,.330,92
Damon Keith,701618,last_45,AA,26.3,Biloxi Shuckers,Total,BLX,- - -,,,14,50,56,16,12,1,0,3,6,13,4,0,13,0,2,0,1,0,1,.320,7.1%,23.2%,.308,.357,.520,.877,.200,,.361,,9.3,1.9,.382,125
Aaron Zavala,701648,last_45,AAA,26.2,Round Rock Express,Total,RR,- - -,,,22,79,89,20,11,7,1,1,14,9,8,0,31,2,0,0,1,1,2,.253,9.0%,34.8%,.258,.337,.405,.742,.152,,.404,,11.3,-0.3,.337,98
James Triantos,701649,last_45,AAA,23.6,Iowa Cubs,Total,IOW,- - -,,,21,75,86,21,16,4,0,1,12,3,10,1,11,1,0,0,0,5,4,.280,11.6%,12.8%,.909,.372,.373,.745,.093,,.317,,11.3,0.4,.341,104
Mason Guerra,701653,last_45,A+,24.0,Rome Emperors,Total,ROM,- - -,,,8,30,36,6,3,2,0,1,4,3,5,0,10,1,0,0,0,3,1,.200,13.9%,27.8%,.500,.333,.367,.700,.167,,.263,,4.7,-0.3,.326,94
Braedon Karpathios,701682,last_45,AAA,23.3,El Paso Chihuahuas,Total,ELP,- - -,,,22,82,90,24,16,5,0,3,11,15,7,0,29,0,0,1,0,0,1,.293,7.8%,32.2%,.241,.348,.463,.812,.171,,.420,,13.1,0.5,.363,104
Vance Honeycutt,701689,last_45,AA,23.3,Chesapeake Baysox,Total,CHE,- - -,,,17,63,72,18,6,6,1,5,13,11,8,0,19,1,0,0,0,7,1,.286,11.1%,26.4%,.421,.375,.651,1.026,.365,,.333,,15.6,5.5,.442,155
Ryan Stafford,701696,last_45,A+,23.6,Frederick Keys,Total,FRE,- - -,,,7,17,21,3,2,1,0,0,3,0,3,0,3,1,0,0,0,1,0,.176,14.3%,14.3%,1.000,.333,.235,.569,.059,,.214,,2.1,-0.8,.285,71
Bryan Arendt,701699,last_45,A+,23.4,Lansing Lugnuts,Total,LAN,- - -,,,10,36,43,6,4,1,0,1,4,3,7,0,13,0,0,0,0,2,1,.167,16.3%,30.2%,.538,.302,.278,.580,.111,,.227,,4.0,-2.1,.280,66
Quincy Scott,701701,last_45,A+,23.6,Hub City Spartanburgers,Total,HCS,- - -,,,11,40,47,12,6,1,1,4,10,11,5,0,12,1,1,0,1,1,0,.300,10.6%,25.5%,.417,.383,.675,1.058,.375,,.320,,10.7,4.1,.450,163
Bryce Martin-Grudzielanek,701727,last_45,A+,23.3,Hudson Valley Renegades,Total,HV,- - -,,,12,39,44,8,6,1,0,1,5,6,2,0,9,1,2,0,2,2,2,.205,4.5%,20.5%,.222,.250,.308,.558,.103,,.226,,3.2,-3.0,.251,52
Ryan McCrystal,701734,last_45,A+,23.9,Dayton Dragons,Total,DAY,- - -,,,12,49,54,14,8,5,0,1,4,7,4,0,6,1,0,0,1,0,0,.286,7.4%,11.1%,.667,.352,.449,.801,.163,,.310,,8.5,0.8,.360,111
Bennett Thompson,701750,last_45,AA,23.7,Akron RubberDucks,Total,AKR,- - -,,,15,54,65,18,13,5,0,0,12,9,8,0,9,1,1,1,2,0,0,.333,12.3%,13.8%,.889,.422,.426,.848,.093,,.391,,11.2,2.1,.386,124
Billy Amick,701771,last_45,AAA,23.9,Syracuse Mets,Total,SYR,- - -,,,20,75,82,16,5,4,0,7,12,12,5,0,27,0,1,1,0,0,0,.213,6.1%,32.9%,.185,.259,.547,.806,.333,,.214,,11.1,0.7,.346,107
Wilson Weber,701777,last_45,A+,24.3,Beloit Sky Carp,Total,BEL,- - -,,,7,26,27,3,2,0,0,1,4,2,1,0,9,0,0,0,0,1,0,.115,3.7%,33.3%,.111,.148,.231,.379,.115,,.125,,0.3,-3.6,.172,7
Jace Avina,701778,last_45,AA,23.3,Somerset Patriots,Total,SOM,- - -,,,19,79,88,24,18,4,0,2,12,12,6,0,17,2,1,0,0,2,4,.304,6.8%,19.3%,.353,.364,.430,.794,.127,,.361,,13.2,1.0,.358,108
Cole Messina,701783,last_45,AA,23.3,Hartford Yard Goats,Total,HFD,- - -,,,12,43,49,13,8,4,0,1,3,6,6,0,15,0,0,0,1,5,1,.302,12.2%,30.6%,.400,.388,.465,.853,.163,,.444,,8.4,1.5,.384,123
Cam Clayton,701784,last_45,A+,24.2,Beloit Sky Carp,Total,BEL,- - -,,,10,33,37,9,4,5,0,0,4,1,3,0,2,1,0,0,0,2,2,.273,8.1%,5.4%,1.500,.351,.424,.776,.152,,.290,,5.5,0.3,.351,106
Josh Caron,701805,last_45,AA,23.1,Arkansas Travelers,Total,ARK,- - -,,,13,50,56,12,4,5,1,2,8,7,6,0,20,0,0,0,1,3,0,.240,10.7%,35.7%,.300,.321,.500,.821,.260,,.357,,8.2,-0.0,.361,99
John Spikerman,701811,last_45,A+,23.4,Brooklyn Cyclones,Total,BRK,- - -,,,10,30,41,7,4,2,0,1,10,7,9,0,7,0,2,0,1,9,1,.233,22.0%,17.1%,1.286,.390,.400,.790,.167,,.250,,6.5,0.7,.359,113
Jacob Friend,701820,last_45,A+,23.5,Dayton Dragons,Total,DAY,- - -,,,8,24,28,4,1,0,0,3,6,3,3,1,12,0,0,1,1,0,0,.167,10.7%,42.9%,.250,.259,.542,.801,.375,,.111,,3.8,-0.2,.333,96
Carson DeMartini,701831,last_45,AA,23.7,Reading Fightin Phils,Total,REA,- - -,,,19,59,79,21,9,7,2,3,19,16,18,0,17,1,1,0,0,5,2,.356,22.8%,21.5%,1.059,.506,.695,1.201,.339,,.450,,21.3,10.3,.511,194
Carter Cunningham,701860,last_45,AA,25.8,New Hampshire Fisher Cats,Total,NH,- - -,,,16,57,64,14,5,4,1,4,10,13,7,0,15,0,0,0,1,1,0,.246,10.9%,23.4%,.467,.328,.561,.890,.316,,.263,,11.1,2.2,.387,124
Jacob Walsh,701862,last_45,A+,23.5,Wilmington Blue Rocks,Total,WIL,- - -,,,12,41,45,13,5,4,0,4,9,17,4,0,17,0,0,0,0,1,0,.317,8.9%,37.8%,.235,.378,.707,1.085,.390,,.450,,10.9,4.6,.467,173
Trevor Cohen,701906,last_45,AA,22.9,Richmond Flying Squirrels,Total,RIC,- - -,,,17,73,80,23,20,2,0,1,14,8,7,0,8,0,0,0,2,7,0,.315,8.8%,10.0%,.875,.375,.384,.759,.068,,.344,,11.4,0.3,.348,102
Nestor Rios,701980,last_45,A+,21.7,Beloit Sky Carp,Total,BEL,- - -,,,1,2,4,0,0,0,0,0,1,0,1,0,1,1,0,0,0,1,0,.000,25.0%,25.0%,1.000,.500,.000,.500,.000,,.000,,0.6,0.1,.363,113
Cole Gabrielson,702068,last_45,AA,26.2,Somerset Patriots,Total,SOM,- - -,,,11,35,40,12,5,4,0,3,8,9,3,0,6,2,0,0,1,2,0,.343,7.5%,15.0%,.500,.425,.714,1.139,.371,,.346,,10.2,4.6,.492,183
John Michael Faile,702114,last_45,A+,26.3,Dayton Dragons,Total,DAY,- - -,,,12,50,57,17,6,6,1,4,9,12,5,0,8,2,0,0,0,0,0,.340,8.8%,14.0%,.625,.421,.740,1.161,.400,,.342,,15.1,7.0,.497,186
Ruben Ibarra,702140,last_45,AA,27.4,Chattanooga Lookouts,Total,CHA,- - -,,,9,31,40,9,2,2,0,5,12,8,8,0,9,1,0,0,0,0,0,.290,20.0%,22.5%,.889,.450,.839,1.289,.548,,.235,,11.4,6.1,.535,215
Alan Roden,702176,last_45,AAA,26.7,St. Paul Saints,Total,STP,- - -,,,15,66,74,19,15,3,0,1,10,8,6,1,9,2,0,0,2,2,0,.288,8.1%,12.2%,.667,.365,.379,.744,.091,,.321,,9.6,0.2,.338,102
Colin Tuft,702239,last_45,A+,23.6,Frederick Keys,Total,FRE,- - -,,,13,27,34,4,1,1,0,2,2,6,6,0,13,1,0,0,0,1,1,.148,17.6%,38.2%,.462,.324,.407,.731,.259,,.167,,4.5,-0.2,.336,96
Cam Collier,702253,last_45,AA,21.8,Chattanooga Lookouts,Total,CHA,- - -,,,19,75,83,17,10,5,0,2,9,8,6,0,17,1,1,0,1,0,0,.227,7.2%,20.5%,.353,.289,.373,.662,.147,,.263,,8.5,-2.6,.299,77
Druw Jones,702258,last_45,AA,22.8,Amarillo Sod Poodles,Total,AMA,- - -,,,18,72,80,22,15,4,1,2,19,8,7,0,19,0,0,1,3,11,1,.306,8.8%,23.8%,.368,.367,.472,.839,.167,,.392,,12.6,0.8,.375,107
Jared Jones,702262,last_45,A+,23.1,Greensboro Grasshoppers,Total,GBO,- - -,,,5,18,20,7,1,0,0,6,9,9,2,0,4,0,0,0,0,0,0,.389,10.0%,20.0%,.500,.450,1.389,1.839,1.000,,.125,,9.2,6.5,.750,331
Gavin Kilen,702264,last_45,AA,22.5,Richmond Flying Squirrels,Total,RIC,- - -,,,2,8,8,1,0,0,0,1,1,1,0,0,3,0,0,0,1,0,0,.125,0.0%,37.5%,.000,.125,.500,.625,.375,,.000,,0.6,-0.5,.264,55
Paxton Kling,702265,last_45,A+,23.3,Hub City Spartanburgers,Total,HCS,- - -,,,18,64,83,17,15,2,0,0,12,7,14,0,17,4,0,1,0,11,3,.266,16.9%,20.5%,.824,.427,.297,.724,.031,,.362,,12.5,0.7,.356,106
Malcolm Moore,702270,last_45,AA,23.1,Frisco RoughRiders,Total,FRI,- - -,,,10,36,44,10,3,5,0,2,5,7,5,0,7,3,0,0,0,0,1,.278,11.4%,15.9%,.714,.409,.583,.992,.306,,.296,,9.0,2.5,.436,139
Carsten Sabathia III,702276,last_45,A,23.0,Wilson Warbirds,Total,WIL,- - -,,,12,38,46,7,4,1,0,2,4,5,8,0,17,0,0,0,1,1,0,.184,17.4%,37.0%,.471,.326,.368,.695,.184,,.263,,5.9,-0.2,.323,96
Nolan Schubart,702278,last_45,AA,22.3,Akron RubberDucks,Total,AKR,- - -,,,17,62,73,10,1,1,0,8,9,17,11,2,27,0,0,0,0,1,0,.161,15.1%,37.0%,.407,.288,.565,.852,.403,,.074,,11.0,0.8,.359,108
Tucker Toman,702283,last_45,AA,22.8,New Hampshire Fisher Cats,Total,NH,- - -,,,14,47,53,9,8,1,0,0,5,4,6,0,11,0,0,0,1,1,1,.191,11.3%,20.8%,.545,.283,.213,.496,.021,,.250,,3.2,-4.2,.242,43
RJ Schreck,702302,last_45,A,26.1,Dunedin Blue Jays,Total,DUN,- - -,,,14,39,49,7,3,1,0,3,7,4,10,0,8,0,0,0,0,0,0,.179,20.4%,16.3%,1.250,.347,.436,.783,.256,,.143,,7.1,0.6,.356,110
Hunter Hines,702309,last_45,A,23.8,Fredericksburg Nationals,Total,FBG,- - -,,,10,40,47,13,8,1,0,4,14,15,6,0,7,1,0,0,0,0,0,.325,12.8%,14.9%,.857,.426,.650,1.076,.325,,.310,,11.4,5.1,.469,182
Bennett Hostetler,702315,last_45,AAA,29.0,Jacksonville Jumbo Shrimp,Total,JAX,- - -,,,6,21,23,6,0,2,1,3,4,9,0,0,8,1,1,0,1,0,0,.286,0.0%,34.8%,.000,.304,.905,1.209,.619,,.273,,5.7,2.8,.491,196
Noah Mendlinger,702331,last_45,AAA,26.1,Memphis Redbirds,Total,MEM,- - -,,,20,71,87,20,17,2,0,1,11,5,12,0,7,2,1,1,2,1,0,.282,13.8%,8.0%,1.714,.395,.352,.747,.070,,.297,,12.1,1.1,.351,110
Trey Lipscomb,702358,last_45,AAA,26.3,Rochester Red Wings,Total,ROC,- - -,,,25,105,114,25,13,7,0,5,19,14,7,0,32,1,0,0,1,4,1,.238,6.1%,28.1%,.219,.292,.448,.740,.210,,.294,,13.9,-0.6,.329,96
Jorge Ruiz,702409,last_45,A+,22.2,Tri-City Dust Devils,Total,TRI,- - -,,,13,58,60,19,13,2,2,2,8,10,2,0,8,0,0,0,0,2,0,.328,3.3%,13.3%,.250,.350,.534,.884,.207,,.354,,10.7,1.5,.389,116
Jhosmmel Zue,702435,last_45,A,22.6,Columbia Fireflies,Total,COL,- - -,,,7,24,26,6,3,2,1,0,4,2,0,0,9,0,1,1,0,1,0,.250,0.0%,34.6%,.000,.240,.417,.657,.167,,.375,,2.4,-1.0,.278,70
Jaxson West,702486,last_45,A+,23.1,Vancouver Canadians,Total,VAN,- - -,,,7,25,31,10,9,0,0,1,4,9,5,0,3,0,1,0,1,1,0,.400,16.1%,9.7%,1.667,.484,.520,1.004,.120,,.409,,6.9,2.2,.447,146
Logan Wagner,702488,last_45,AA,22.5,Tulsa Drillers,Total,TUL,- - -,,,18,60,76,12,6,1,0,5,9,13,15,0,27,1,0,0,1,1,0,.200,19.7%,35.5%,.556,.368,.467,.835,.267,,.250,,12.1,0.9,.378,108
Mitch Voit,702491,last_45,A+,21.9,Brooklyn Cyclones,Total,BRK,- - -,,,13,54,58,13,10,2,0,1,6,10,2,0,11,1,1,0,0,3,1,.241,3.4%,19.0%,.182,.276,.333,.609,.093,,.279,,5.0,-3.1,.275,62
Josh Tate,702495,last_45,A+,23.0,Greensboro Grasshoppers,Total,GBO,- - -,,,7,28,31,8,7,1,0,0,3,4,3,0,9,0,0,0,0,3,0,.286,9.7%,29.0%,.333,.355,.321,.676,.036,,.421,,3.8,-0.5,.316,88
Eli Serrano III,702501,last_45,AA,23.4,Binghamton Rumble Ponies,Total,BNG,- - -,,,14,50,56,9,4,2,0,3,6,6,6,0,15,0,0,0,1,2,0,.180,10.7%,26.8%,.400,.268,.400,.668,.220,,.188,,5.9,-1.9,.300,76
Gavin Turley,702504,last_45,A,22.8,Stockton Ports,Total,STK,- - -,,,11,46,53,15,9,3,0,3,6,17,5,0,18,0,2,0,1,0,1,.326,9.4%,34.0%,.278,.377,.587,.964,.261,,.444,,10.4,2.3,.414,129
Mason White,702517,last_45,AA,23.0,Portland Sea Dogs,Total,POR,- - -,,,9,25,35,5,2,2,0,1,5,2,10,0,11,0,0,0,0,2,0,.200,28.6%,31.4%,.909,.429,.400,.829,.200,,.308,,6.1,1.2,.389,125
Justin Thomas Jr.,702520,last_45,AA,23.0,Corpus Christi Hooks,Total,CC,- - -,,,16,55,73,15,11,2,0,2,13,7,13,0,19,4,1,0,1,6,0,.273,17.8%,26.0%,.684,.438,.418,.857,.145,,.371,,12.7,2.0,.398,119
Aiden Taurek,702522,last_45,A+,22.9,Everett AquaSox,Total,EVE,- - -,,,8,30,38,8,4,1,1,2,7,9,7,0,5,0,1,0,0,0,0,.267,18.4%,13.2%,1.400,.395,.567,.961,.300,,.250,,7.5,1.7,.415,129
Logan Sauve,702524,last_45,AA,23.2,Midland RockHounds,Total,MID,- - -,,,9,28,36,6,4,2,0,0,2,2,7,0,11,0,0,1,1,2,0,.214,19.4%,30.6%,.636,.371,.286,.657,.071,,.353,,4.1,-1.2,.320,78
Eric Snow,702526,last_45,AA,22.5,New Hampshire Fisher Cats,Total,NH,- - -,,,13,46,52,9,5,4,0,0,4,3,5,1,11,1,0,0,1,3,0,.196,9.6%,21.2%,.455,.288,.283,.571,.087,,.257,,3.9,-3.4,.261,53
Mikey Romero,702540,last_45,AAA,22.7,Worcester Red Sox,Total,WOR,- - -,,,18,71,77,19,15,4,0,0,9,5,5,0,20,1,0,0,0,0,0,.268,6.5%,26.0%,.250,.325,.324,.649,.056,,.373,,7.7,-2.1,.300,79
Jacob Reimer,702544,last_45,AA,22.6,Binghamton Rumble Ponies,Total,BNG,- - -,,,17,63,73,14,8,5,0,1,5,7,10,0,21,0,0,0,2,0,2,.222,13.7%,28.8%,.476,.329,.349,.678,.127,,.317,,8.5,-1.7,.315,83
Caden Powell,702547,last_45,A+,22.9,Asheville Tourists,Total,ASH,- - -,,,10,41,44,11,8,1,0,2,4,7,2,0,13,1,0,0,1,2,2,.268,4.5%,29.5%,.154,.318,.439,.757,.171,,.346,,6.3,0.1,.340,102
Chandler Pollard,702550,last_45,A+,22.3,Hub City Spartanburgers,Total,HCS,- - -,,,5,14,19,3,3,0,0,0,3,1,4,0,7,1,0,0,0,5,0,.214,21.1%,36.8%,.571,.421,.214,.635,.000,,.429,,2.6,-0.1,.332,98
Cannon Peebles,702555,last_45,A+,22.6,Lake County Captains,Total,LC,- - -,,,10,31,47,9,3,4,0,2,9,5,14,0,13,2,0,0,0,0,0,.290,29.8%,27.7%,1.077,.532,.613,1.145,.323,,.438,,12.6,5.9,.501,189
David Mershon,702574,last_45,A+,23.3,Tri-City Dust Devils,Total,TRI,- - -,,,4,16,18,3,2,0,1,0,2,4,0,0,4,1,1,0,0,1,0,.188,0.0%,22.2%,.000,.222,.312,.535,.125,,.231,,1.0,-1.7,.233,37
Dallas Macias,702582,last_45,A,22.9,Augusta GreenJackets,Total,AUG,- - -,,,8,29,33,5,3,2,0,0,2,3,3,0,5,1,0,0,0,1,0,.172,9.1%,15.2%,.600,.273,.241,.514,.069,,.208,,2.3,-2.1,.248,52
Jace LaViolette,702593,last_45,AA,22.8,Akron RubberDucks,Total,AKR,- - -,,,18,74,81,14,6,1,1,6,13,15,6,0,34,0,1,0,0,2,0,.189,7.4%,42.0%,.176,.247,.473,.720,.284,,.229,,9.3,-2.0,.313,82
Jack Lausch,702594,last_45,A+,22.6,Dayton Dragons,Total,DAY,- - -,,,4,13,14,2,1,1,0,0,0,1,0,0,7,1,0,0,0,0,0,.154,0.0%,50.0%,.000,.214,.231,.445,.077,,.333,,0.6,-1.4,.210,28
Dom Krupinski,702597,last_45,AA,22.5,Knoxville Smokies,Total,KNX,- - -,,,7,20,28,3,1,2,0,0,3,3,5,0,9,3,0,0,0,3,0,.150,17.9%,32.1%,.556,.393,.250,.643,.100,,.273,,3.6,-0.2,.332,96
Lamar King Jr.,702601,last_45,A+,22.7,Fort Wayne TinCaps,Total,FW,- - -,,,8,31,33,10,6,3,1,0,3,7,1,0,6,1,0,0,0,1,0,.323,3.0%,18.2%,.167,.364,.484,.848,.161,,.400,,5.6,0.9,.377,120
Dakota Jordan,702607,last_45,AA,23.3,Richmond Flying Squirrels,Total,RIC,- - -,,,12,44,50,10,7,2,0,1,7,3,6,1,19,0,0,0,2,1,0,.227,12.0%,38.0%,.316,.320,.341,.661,.114,,.375,,5.2,-1.8,.298,74
Ike Irish,702610,last_45,A+,22.8,Frederick Keys,Total,FRE,- - -,,,1,3,4,0,0,0,0,0,0,0,1,0,2,0,0,0,0,0,0,.000,25.0%,50.0%,.500,.250,.000,.250,.000,,.000,,0.1,-0.5,.178,11
Luke Hill,702619,last_45,AA,22.4,Akron RubberDucks,Total,AKR,- - -,,,16,55,63,14,10,2,0,2,10,10,6,0,14,1,1,0,2,1,1,.255,9.5%,22.2%,.429,.333,.400,.733,.145,,.300,,8.2,-0.6,.332,93
Luke Hanson,702630,last_45,AA,23.0,Frisco RoughRiders,Total,FRI,- - -,,,17,58,67,7,6,0,0,1,5,10,5,0,13,1,0,3,3,0,0,.121,7.5%,19.4%,.385,.203,.172,.376,.052,,.136,,0.6,-9.3,.185,6
Adonys Guzman,702631,last_45,A,22.8,Salem RidgeYaks,Total,SAL,- - -,,,7,23,28,7,3,2,0,2,4,7,5,0,8,0,0,0,2,0,0,.304,17.9%,28.6%,.625,.429,.652,1.081,.348,,.385,,6.7,3.0,.468,182
Michael Gupton,702632,last_45,A+,22.9,South Bend Cubs,Total,SB,- - -,,,4,13,14,4,2,0,2,0,2,1,1,0,4,0,0,0,0,2,0,.308,7.1%,28.6%,.250,.357,.615,.973,.308,,.444,,2.8,0.8,.415,142
Andrew Fischer,702652,last_45,AA,22.3,Biloxi Shuckers,Total,BLX,- - -,,,18,57,79,19,9,0,0,10,18,22,20,2,21,0,2,0,0,0,0,.333,25.3%,26.6%,.952,.494,.860,1.353,.526,,.321,,23.3,12.8,.547,222
Dylan Dreiling,702662,last_45,AA,23.4,Frisco RoughRiders,Total,FRI,- - -,,,17,78,84,25,18,6,0,1,14,11,5,0,13,0,1,0,1,3,1,.321,6.0%,15.5%,.385,.357,.436,.793,.115,,.369,,11.8,-0.5,.355,96
Korbyn Dickerson,702668,last_45,A+,22.8,Everett AquaSox,Total,EVE,- - -,,,7,26,30,5,3,2,0,0,3,3,4,0,11,0,0,0,0,1,0,.192,13.3%,36.7%,.364,.300,.269,.569,.077,,.333,,2.6,-2.0,.272,57
Demetrio Crisantes,702679,last_45,AAA,22.0,Reno Aces,Total,RNO,- - -,,,24,82,96,25,15,7,1,2,15,11,13,0,10,0,0,1,0,0,0,.305,13.5%,10.4%,1.300,.400,.488,.888,.183,,.329,,16.8,4.3,.398,134
Cutter Coffey,702690,last_45,AA,22.3,New Hampshire Fisher Cats,Total,NH,- - -,,,12,40,48,6,3,1,1,1,6,5,6,0,15,1,1,0,0,1,1,.150,12.5%,31.2%,.400,.271,.300,.571,.150,,.200,,3.8,-2.9,.266,56
Cade Climie,702691,last_45,A,22.9,Clearwater Threshers,Total,CLR,- - -,,,8,28,32,10,8,1,0,1,7,12,3,0,7,0,1,0,0,0,0,.357,9.4%,21.9%,.429,.406,.500,.906,.143,,.429,,5.9,1.3,.401,129
Jaison Chourio,702693,last_45,AA,21.3,Akron RubberDucks,Total,AKR,- - -,,,17,67,78,22,17,4,1,0,13,11,10,0,20,0,1,0,2,10,1,.328,12.8%,25.6%,.500,.410,.418,.828,.090,,.458,,12.9,2.0,.377,118
Easton Carmichael,702695,last_45,AA,22.9,Altoona Curve,Total,ALT,- - -,,,16,57,68,15,7,6,1,1,11,14,7,0,8,3,1,0,0,2,1,.263,10.3%,11.8%,.875,.368,.456,.824,.193,,.286,,10.8,1.3,.369,114
Parker Brosius,702701,last_45,A,23.1,Augusta GreenJackets,Total,AUG,- - -,,,13,42,57,4,0,2,0,2,6,2,13,0,10,1,0,0,0,5,2,.095,22.8%,17.5%,1.300,.321,.286,.607,.190,,.067,,6.3,-1.3,.300,83
Kolby Branch,702705,last_45,A,23.6,Hickory Crawdads,Total,HIC,- - -,,,5,11,21,1,0,0,0,1,5,3,7,0,4,0,1,1,0,2,0,.091,33.3%,19.0%,1.750,.421,.364,.785,.273,,.000,,3.5,0.7,.373,126
Emaarion Boyd,702708,last_45,AA,23.1,Pensacola Blue Wahoos,Total,PNS,- - -,,,5,17,19,2,1,0,1,0,1,1,0,0,6,2,0,0,0,0,0,.118,0.0%,31.6%,.000,.211,.235,.446,.118,,.182,,0.7,-1.9,.212,26
RJ Austin,702720,last_45,A+,22.7,Frederick Keys,Total,FRE,- - -,,,2,8,8,2,1,1,0,0,1,0,0,0,2,0,0,0,1,0,0,.250,0.0%,25.0%,.000,.250,.375,.625,.125,,.333,,0.7,-0.4,.276,66
Luke Adams,702726,last_45,AAA,22.3,Nashville Sounds,Total,NAS,- - -,,,3,9,15,4,3,0,1,0,3,1,5,0,2,1,0,0,0,0,0,.444,33.3%,13.3%,2.500,.667,.667,1.333,.222,,.571,,4.7,2.8,.578,249
Austin Gauthier,702789,last_45,AAA,27.4,Oklahoma City Comets,Total,OKC,- - -,,,17,56,67,10,8,1,0,1,9,6,9,0,18,0,1,1,2,0,0,.179,13.4%,26.9%,.500,.288,.250,.538,.071,,.237,,4.4,-4.3,.259,51
Andy Lugo,702889,last_45,A+,22.5,Cedar Rapids Kernels,Total,CR,- - -,,,7,28,30,4,0,1,1,2,6,4,2,0,8,0,0,0,0,0,0,.143,6.7%,26.7%,.250,.200,.464,.664,.321,,.111,,3.0,-1.3,.286,70
Geuri Lubo,702895,last_45,A+,22.9,South Bend Cubs,Total,SB,- - -,,,2,7,8,3,3,0,0,0,1,1,0,0,2,0,1,0,0,0,0,.429,0.0%,25.0%,.000,.375,.429,.804,.000,,.500,,1.1,0.0,.341,100
Dillon Head,702977,last_45,A+,21.9,Beloit Sky Carp,Total,BEL,- - -,,,11,52,53,14,11,2,0,1,7,4,1,0,12,0,0,0,0,1,1,.269,1.9%,22.6%,.083,.283,.365,.648,.096,,.333,,5.5,-2.1,.291,73
Antonio Anderson,702995,last_45,A+,21.2,Greenville Drive,Total,GVL,- - -,,,11,40,47,9,7,0,1,1,7,5,7,0,12,0,0,0,1,0,0,.225,14.9%,25.5%,.583,.340,.350,.690,.125,,.296,,6.0,-0.6,.321,91
Alejandro Urias,703060,last_45,A+,24.2,Brooklyn Cyclones,Total,BRK,- - -,,,3,12,13,5,4,0,0,1,2,6,1,0,2,0,0,0,0,0,0,.417,7.7%,15.4%,.500,.462,.667,1.128,.250,,.444,,3.4,1.6,.497,190
Cristhian Vaquero,703143,last_45,A,22.0,Fredericksburg Nationals,Total,FBG,- - -,,,9,33,42,5,3,1,1,0,7,3,8,0,18,0,0,0,1,2,0,.152,19.0%,42.9%,.444,.317,.242,.559,.091,,.333,,3.9,-1.7,.277,69
Roderick Arias,703149,last_45,AA,22.0,Somerset Patriots,Total,SOM,- - -,,,18,69,79,16,12,1,0,3,15,11,8,0,24,1,1,0,2,5,1,.232,10.1%,30.4%,.333,.316,.377,.693,.145,,.302,,9.3,-1.7,.316,84
Samuel Munoz,703153,last_45,A+,22.0,Great Lakes Loons,Total,GL,- - -,,,8,26,29,5,4,0,0,1,3,3,3,0,8,0,0,0,0,0,0,.192,10.3%,27.6%,.375,.276,.308,.584,.115,,.235,,2.6,-1.6,.272,62
Yordany De Los Santos,703154,last_45,A+,21.5,Greensboro Grasshoppers,Total,GBO,- - -,,,11,47,54,13,8,2,0,3,10,7,5,0,17,2,0,0,0,1,2,.277,9.3%,31.5%,.294,.370,.511,.881,.234,,.370,,9.9,2.4,.393,132
Lazaro Montes,703155,last_45,AAA,21.9,Tacoma Rainiers,Total,TAC,- - -,,,8,27,36,7,4,1,0,2,6,4,9,1,11,0,0,0,1,2,0,.259,25.0%,30.6%,.818,.444,.519,.963,.259,,.357,,7.0,2.3,.424,150
Tony Blanco Jr.,703156,last_45,A+,21.3,Greensboro Grasshoppers,Total,GBO,- - -,,,11,45,49,11,6,1,0,4,6,10,3,0,16,1,0,0,2,0,0,.244,6.1%,32.7%,.188,.306,.533,.839,.289,,.280,,8.1,1.2,.369,118
Javier Osorio,703157,last_45,A,21.4,Lakeland Flying Tigers,Total,LAK,- - -,,,5,19,21,6,2,2,0,2,5,6,1,0,5,0,1,0,0,1,0,.316,4.8%,23.8%,.200,.333,.737,1.070,.421,,.308,,4.6,1.6,.445,153
Yasser Mercedes,703160,last_45,A+,21.8,Cedar Rapids Kernels,Total,CR,- - -,,,12,51,60,13,5,3,1,4,7,7,7,0,17,2,0,0,0,6,1,.255,11.7%,28.3%,.412,.367,.588,.955,.333,,.300,,12.0,3.5,.416,142
Alexis Hernandez,703161,last_45,A,21.7,Myrtle Beach Pelicans,Total,MB,- - -,,,9,30,36,9,4,3,0,2,7,7,6,0,11,0,0,0,0,1,0,.300,16.7%,30.6%,.545,.417,.600,1.017,.300,,.412,,8.0,3.3,.445,168
Jhonny Severino,703177,last_45,A+,21.8,Greensboro Grasshoppers,Total,GBO,- - -,,,11,42,48,10,8,0,0,2,7,9,6,0,11,0,0,0,2,0,1,.238,12.5%,22.9%,.545,.333,.381,.714,.143,,.276,,6.4,-0.3,.328,95
Braylin Tavera,703178,last_45,A+,21.5,Frederick Keys,Total,FRE,- - -,,,11,36,45,10,7,3,0,0,8,7,8,0,7,1,0,0,2,5,1,.278,17.8%,15.6%,1.143,.422,.361,.783,.083,,.345,,7.5,1.2,.371,119
Nelson Rada,703185,last_45,AAA,21.1,Salt Lake Bees,Total,SL,- - -,,,22,85,102,22,17,5,0,0,12,10,12,0,23,1,1,3,3,10,1,.259,11.8%,22.5%,.522,.354,.318,.671,.059,,.349,,11.2,-2.0,.315,85
Johanfran Garcia,703190,last_45,AA,21.8,Portland Sea Dogs,Total,POR,- - -,,,13,51,59,16,9,3,0,4,11,12,7,0,18,1,0,0,0,1,0,.314,11.9%,30.5%,.389,.407,.608,1.015,.294,,.414,,12.9,4.6,.445,156
Yilber Herrera,703191,last_45,A+,21.6,Cedar Rapids Kernels,Total,CR,- - -,,,4,12,16,3,2,0,1,0,2,2,2,0,5,1,1,0,0,0,1,.250,12.5%,31.2%,.400,.375,.417,.792,.167,,.375,,2.4,0.1,.352,106
Abdias De La Cruz,703192,last_45,A+,21.8,Hillsboro Hops,Total,HIL,- - -,,,12,38,45,11,3,4,0,4,12,9,7,0,8,0,0,0,0,0,0,.289,15.6%,17.8%,.875,.400,.711,1.111,.421,,.269,,11.0,4.1,.474,159
Randy De Jesus,703194,last_45,AA,21.6,Rocket City Trash Pandas,Total,RCT,- - -,,,7,22,24,6,3,2,0,1,3,4,2,0,10,0,0,0,1,0,0,.273,8.3%,41.7%,.200,.333,.500,.833,.227,,.455,,3.8,0.6,.369,118
Bryan Acuña,703195,last_45,A,21.1,Fort Myers Mighty Mussels,Total,FTM,- - -,,,6,16,20,3,3,0,0,0,2,0,4,0,4,0,0,0,0,1,1,.188,20.0%,20.0%,1.000,.350,.188,.537,.000,,.250,,1.8,-1.1,.279,62
Victor Izturis,703196,last_45,A+,21.5,Lake County Captains,Total,LC,- - -,,,4,13,16,2,2,0,0,0,3,0,3,0,7,0,0,0,0,0,0,.154,18.8%,43.8%,.429,.312,.154,.466,.000,,.333,,1.1,-1.2,.247,48
Michael Arroyo,703197,last_45,AAA,21.8,Tacoma Rainiers,Total,TAC,- - -,,,13,53,63,15,9,2,3,1,9,11,5,0,9,3,2,0,0,2,1,.283,7.9%,14.3%,.556,.365,.491,.856,.208,,.311,,9.9,1.7,.374,120
Kenni Gomez,703198,last_45,A+,21.3,Asheville Tourists,Total,ASH,- - -,,,8,30,30,5,4,1,0,0,3,1,0,0,9,0,0,0,0,2,0,.167,0.0%,30.0%,.000,.167,.200,.367,.033,,.238,,0.2,-4.0,.164,4
Yoffry Solano,703200,last_45,A,21.8,Jupiter Hammerheads,Total,JUP,- - -,,,8,23,24,2,2,0,0,0,0,2,1,0,6,0,0,0,2,0,0,.087,4.2%,25.0%,.167,.125,.087,.212,.000,,.118,,-1.1,-4.6,.105,-33
Henry Ramos,703201,last_45,A,22.0,Columbia Fireflies,Total,COL,- - -,,,8,32,37,6,5,1,0,0,4,3,4,0,7,1,0,0,1,2,0,.188,10.8%,18.9%,.571,.297,.219,.516,.031,,.240,,2.8,-2.1,.255,56
Leandro Arias,703202,last_45,A+,21.6,Frederick Keys,Total,FRE,- - -,,,11,32,41,6,4,1,0,1,2,6,5,0,4,2,1,1,1,0,3,.188,12.2%,9.8%,1.250,.325,.312,.637,.125,,.179,,4.6,-1.1,.302,81
Esmith Pineda,703204,last_45,A+,21.8,Dayton Dragons,Total,DAY,- - -,,,4,14,16,1,0,0,0,1,3,1,1,0,6,1,0,0,0,0,0,.071,6.2%,37.5%,.167,.188,.286,.473,.214,,.000,,0.8,-1.5,.223,35
Anthony Scull,703430,last_45,AA,22.6,Rocket City Trash Pandas,Total,RCT,- - -,,,16,67,72,17,11,3,1,2,12,7,4,0,15,0,1,0,0,0,0,.254,5.6%,20.8%,.267,.292,.418,.710,.164,,.294,,8.2,-1.4,.314,85
Jacob Jarrell,703447,last_45,A,23.8,Augusta GreenJackets,Total,AUG,- - -,,,6,18,24,3,0,3,0,0,3,0,5,0,8,1,0,0,0,1,0,.167,20.8%,33.3%,.625,.375,.333,.708,.167,,.300,,3.4,0.2,.341,106
Cam Cannarella,703448,last_45,AAA,23.0,Jacksonville Jumbo Shrimp,Total,JAX,- - -,,,20,83,95,25,14,9,0,2,15,8,12,0,22,0,0,0,1,3,3,.301,12.6%,23.2%,.545,.389,.482,.871,.181,,.390,,16.2,4.1,.391,134
Nathan Hall,703449,last_45,A,23.0,Visalia Rawhide,Total,VIS,- - -,,,8,30,32,11,7,3,0,1,7,4,2,0,8,0,0,0,2,1,1,.367,6.2%,25.0%,.250,.406,.567,.973,.200,,.476,,6.7,1.8,.431,137
Skylar King,703455,last_45,A+,22.8,Greenville Drive,Total,GVL,- - -,,,9,34,35,7,3,4,0,0,4,3,0,0,10,1,0,0,1,2,0,.206,0.0%,28.6%,.000,.229,.324,.552,.118,,.292,,2.4,-2.5,.247,50
Brooks Brannon,703477,last_45,AA,22.4,Portland Sea Dogs,Total,POR,- - -,,,13,54,57,14,8,3,0,3,8,9,3,0,12,0,0,0,3,0,0,.259,5.3%,21.1%,.250,.298,.481,.780,.222,,.282,,8.0,0.0,.344,100
Dixon Williams,703483,last_45,A+,22.7,Rome Emperors,Total,ROM,- - -,,,18,67,75,13,5,3,1,4,10,8,5,0,25,3,0,0,0,6,2,.194,6.7%,33.3%,.200,.280,.448,.728,.254,,.237,,9.4,-0.8,.324,92
Nick Morabito,703492,last_45,AAA,23.3,Syracuse Mets,Total,SYR,- - -,,,6,23,27,6,5,0,0,1,5,2,2,0,2,0,0,1,1,2,0,.261,7.4%,7.4%,1.000,.320,.391,.711,.130,,.250,,3.2,-0.2,.323,93
PJ Morlando,703563,last_45,A,21.3,Jupiter Hammerheads,Total,JUP,- - -,,,6,24,26,8,3,4,0,1,4,2,1,0,11,1,0,0,0,3,0,.333,3.8%,42.3%,.091,.385,.625,1.010,.292,,.583,,5.6,1.9,.441,151
Brandon Crabtree,703569,last_45,A,22.6,Hickory Crawdads,Total,HIC,- - -,,,11,43,48,10,8,2,0,0,3,6,4,0,5,1,0,0,1,0,0,.233,8.3%,10.4%,.800,.312,.279,.592,.047,,.263,,4.6,-1.9,.280,71
Jalin Flores,703602,last_45,A+,23.1,Peoria Chiefs,Total,PEO,- - -,,,11,44,46,11,8,3,0,0,4,3,2,0,14,0,0,0,0,0,0,.250,4.3%,30.4%,.143,.283,.318,.601,.068,,.367,,4.1,-2.4,.274,63
Grant Jay,703603,last_45,A,23.0,Inland Empire 66ers,Total,IE,- - -,,,8,27,35,4,4,0,0,0,2,1,6,0,15,2,0,0,1,1,0,.148,17.1%,42.9%,.400,.343,.148,.491,.000,,.333,,2.8,-2.5,.268,54
Jared Thomas,703606,last_45,AA,23.2,Hartford Yard Goats,Total,HFD,- - -,,,17,67,76,17,12,2,0,3,15,10,5,0,26,3,0,1,0,8,2,.254,6.6%,34.2%,.192,.333,.418,.751,.164,,.368,,10.4,-0.1,.342,99
Maximus Martin,703611,last_45,A+,22.9,Greenville Drive,Total,GVL,- - -,,,7,26,28,2,0,2,0,0,1,2,1,0,16,0,1,0,0,0,0,.077,3.6%,57.1%,.062,.107,.154,.261,.077,,.182,,-0.9,-4.8,.118,-22
Max Williams,703637,last_45,A+,22.0,Beloit Sky Carp,Total,BEL,- - -,,,15,60,68,17,8,2,0,7,13,15,6,0,8,0,2,0,2,2,0,.283,8.8%,11.8%,.750,.338,.667,1.005,.383,,.213,,13.8,4.6,.425,149
Nico Perez,703639,last_45,A+,22.0,Great Lakes Loons,Total,GL,- - -,,,12,44,53,10,9,1,0,0,8,8,8,0,11,0,1,0,0,4,0,.227,15.1%,20.8%,.727,.340,.250,.590,.023,,.294,,5.3,-2.2,.286,70
Adrian Rodriguez,703641,last_45,A+,22.9,Hillsboro Hops,Total,HIL,- - -,,,4,12,18,2,1,1,0,0,3,3,3,0,3,0,2,1,1,0,1,.167,16.7%,16.7%,1.000,.294,.250,.544,.083,,.182,,1.3,-1.4,.255,48
Kasen Wells,703673,last_45,A+,23.1,Fort Wayne TinCaps,Total,FW,- - -,,,13,56,64,11,7,3,0,1,9,3,6,0,11,0,0,2,1,3,2,.196,9.4%,17.2%,.545,.274,.304,.578,.107,,.227,,5.5,-3.6,.268,60
Brandon Compton,703680,last_45,AAA,22.9,Jacksonville Jumbo Shrimp,Total,JAX,- - -,,,23,86,102,21,10,5,0,6,16,16,15,1,39,0,0,0,1,9,0,.244,14.7%,38.2%,.385,.356,.512,.868,.267,,.366,,16.8,3.6,.382,128
Wyatt Hoffman,703715,last_45,AA,27.5,San Antonio Missions,Total,SA,- - -,,,10,37,41,5,5,0,0,0,5,1,3,0,12,1,0,0,1,1,2,.135,7.3%,29.3%,.250,.220,.135,.355,.000,,.200,,0.2,-5.8,.181,3
Dakota Harris,703766,last_45,AAA,24.6,Memphis Redbirds,Total,MEM,- - -,,,18,59,67,15,7,6,0,2,9,8,5,1,14,1,1,1,3,2,1,.254,7.5%,20.9%,.357,.318,.458,.776,.203,,.295,,8.6,0.0,.338,100
Romeo Sanabria,703804,last_45,AA,24.4,San Antonio Missions,Total,SA,- - -,,,18,67,80,28,21,5,0,2,10,15,9,0,14,1,3,0,1,1,0,.418,11.2%,17.5%,.643,.475,.582,1.057,.164,,.481,,17.9,6.2,.462,153
Victor Ortega,703861,last_45,A+,22.6,Beloit Sky Carp,Total,BEL,- - -,,,8,26,35,8,5,3,0,0,5,5,8,0,10,0,1,0,0,0,1,.308,22.9%,28.6%,.800,.457,.423,.880,.115,,.471,,6.7,1.7,.403,135
Modeifi Marte,800029,last_45,A+,24.1,Hillsboro Hops,Total,HIL,- - -,,,5,20,21,5,4,1,0,0,2,3,1,0,6,0,0,0,0,0,0,.250,4.8%,28.6%,.167,.286,.300,.586,.050,,.357,,1.8,-1.5,.269,55
Austin Charles,800051,last_45,A+,22.8,Quad Cities River Bandits,Total,QC,- - -,,,11,42,46,12,7,2,0,3,6,5,2,0,6,1,0,1,0,2,1,.286,4.3%,13.0%,.333,.333,.548,.881,.262,,.273,,8.2,1.7,.388,126
Xavier Isaac,800060,last_45,AAA,22.8,Durham Bulls,Total,DUR,- - -,,,19,62,79,16,8,5,0,3,11,8,15,0,24,1,1,0,3,2,0,.258,19.0%,30.4%,.625,.405,.484,.889,.226,,.361,,14.0,3.9,.399,139
Ronny Ugarte,800164,last_45,A,21.7,Fresno Grizzlies,Total,FRE,- - -,,,12,42,47,12,9,2,0,1,6,3,5,0,8,0,0,0,1,0,1,.286,10.6%,17.0%,.625,.362,.405,.766,.119,,.333,,6.8,-0.3,.350,96
Aroon Escobar,800169,last_45,AA,21.7,Reading Fightin Phils,Total,REA,- - -,,,18,63,72,19,9,6,0,4,14,12,7,0,10,2,0,0,1,2,0,.302,9.7%,13.9%,.700,.389,.587,.976,.286,,.306,,14.8,4.8,.429,147
Angel Mata,800171,last_45,A+,21.7,Jersey Shore BlueClaws,Total,JS,- - -,,,6,19,20,5,4,1,0,0,0,0,1,0,6,0,0,0,0,0,0,.263,5.0%,30.0%,.167,.300,.316,.616,.053,,.385,,1.9,-0.9,.282,70
Carlos Sanchez,800176,last_45,AA,21.7,Chattanooga Lookouts,Total,CHA,- - -,,,16,61,70,12,6,2,1,3,9,6,9,0,27,0,0,0,2,1,0,.197,12.9%,38.6%,.333,.300,.410,.710,.213,,.290,,8.3,-1.0,.320,89
Nolan Beltran,800179,last_45,A,21.6,Clearwater Threshers,Total,CLR,- - -,,,8,30,36,11,5,6,0,0,8,8,4,0,6,1,1,0,1,0,0,.367,11.1%,16.7%,.667,.444,.567,1.011,.200,,.440,,7.8,2.6,.442,151
Bryan Andrade,800182,last_45,A,21.6,Stockton Ports,Total,STK,- - -,,,14,53,62,14,12,2,0,0,8,8,5,0,13,1,3,0,1,3,1,.264,8.1%,21.0%,.385,.323,.302,.624,.038,,.326,,6.0,-3.4,.287,63
Dario Laverde,800188,last_45,A+,21.5,Tri-City Dust Devils,Total,TRI,- - -,,,1,3,4,0,0,0,0,0,0,0,1,0,1,0,0,0,0,0,0,.000,25.0%,25.0%,1.000,.250,.000,.250,.000,,.000,,0.1,-0.6,.178,8
Kelvin Hidalgo,800193,last_45,A+,21.5,Spokane Indians,Total,SPO,- - -,,,11,38,45,9,9,0,0,0,2,4,6,0,16,0,0,1,1,1,2,.237,13.3%,35.6%,.375,.341,.237,.578,.000,,.409,,4.3,-2.6,.283,62
Capri Ortiz,800194,last_45,A+,21.4,Tri-City Dust Devils,Total,TRI,- - -,,,9,36,37,10,5,4,1,0,5,7,1,0,6,0,0,0,0,3,0,.278,2.7%,16.2%,.167,.297,.444,.742,.167,,.333,,4.8,-0.9,.326,84
Jorgelys Mota,800195,last_45,A+,21.2,Wilmington Blue Rocks,Total,WIL,- - -,,,2,6,7,0,0,0,0,0,1,0,1,0,3,0,0,0,0,1,0,.000,14.3%,42.9%,.333,.143,.000,.143,.000,,.000,,-0.3,-1.3,.102,-31
Richard Ramirez,800197,last_45,A+,21.2,Greensboro Grasshoppers,Total,GBO,- - -,,,8,33,34,7,5,1,0,1,2,2,1,0,7,0,0,0,2,0,0,.212,2.9%,20.6%,.143,.235,.333,.569,.121,,.240,,2.6,-2.2,.255,54
Cristofer Torin,800198,last_45,AA,21.3,Amarillo Sod Poodles,Total,AMA,- - -,,,18,81,89,31,21,6,0,4,19,17,7,0,9,0,1,0,1,1,0,.383,7.9%,10.1%,.778,.427,.605,1.032,.222,,.391,,19.3,6.3,.453,148
Jonathan Linares,800200,last_45,A,21.4,Rancho Cucamonga Quakes,Total,RC,- - -,,,7,24,32,11,5,3,1,2,6,8,5,0,6,3,0,0,1,0,0,.458,15.6%,18.8%,.833,.594,.917,1.510,.458,,.562,,11.6,6.7,.627,239
Rafael Ramirez Jr.,800201,last_45,A,21.1,Fredericksburg Nationals,Total,FBG,- - -,,,9,33,41,12,5,5,1,1,14,7,7,0,7,1,0,0,0,1,1,.364,17.1%,17.1%,1.000,.488,.667,1.154,.303,,.440,,10.9,5.5,.500,201
Kevyn Castillo,800203,last_45,A+,21.2,Tri-City Dust Devils,Total,TRI,- - -,,,12,46,53,14,8,3,0,3,9,11,6,0,11,1,0,0,1,1,0,.304,11.3%,20.8%,.545,.396,.565,.961,.261,,.344,,10.9,2.8,.425,134
Derek Bernard,800204,last_45,A+,21.1,Spokane Indians,Total,SPO,- - -,,,7,25,30,9,6,2,0,1,6,3,5,0,7,0,0,0,0,1,0,.360,16.7%,23.3%,.714,.467,.560,1.027,.200,,.471,,6.9,2.3,.457,151
Yerald Nin,800206,last_45,A+,21.1,Hillsboro Hops,Total,HIL,- - -,,,11,31,40,9,8,0,0,1,5,6,7,0,4,0,2,0,0,3,2,.290,17.5%,10.0%,1.750,.400,.387,.787,.097,,.286,,6.2,0.1,.359,101
Axiel Plaz,800208,last_45,A+,21.1,Greensboro Grasshoppers,Total,GBO,- - -,,,9,36,44,16,9,3,0,4,9,10,6,0,4,2,0,0,1,0,1,.444,13.6%,9.1%,1.500,.545,.861,1.407,.417,,.429,,15.1,8.9,.597,245
Won-Bin Cho,800231,last_45,AA,23.1,Springfield Cardinals,Total,SPR,- - -,,,10,36,44,10,4,5,0,1,6,7,7,0,9,0,1,0,0,2,2,.278,15.9%,20.5%,.778,.386,.500,.886,.222,,.333,,7.4,1.0,.391,115
Jeffrey Mercedes,800253,last_45,A+,21.9,Lake County Captains,Total,LC,- - -,,,6,23,27,6,5,1,0,0,4,3,4,0,3,0,0,0,1,0,0,.261,14.8%,11.1%,1.333,.370,.304,.675,.043,,.300,,3.4,-0.4,.322,90
Abrahan Ramirez,800254,last_45,A+,21.9,Beloit Sky Carp,Total,BEL,- - -,,,6,19,22,5,5,0,0,0,2,1,2,0,1,1,0,0,0,3,1,.263,9.1%,4.5%,2.000,.364,.263,.627,.000,,.278,,2.5,-0.6,.305,81
Yonatan Henriquez,800257,last_45,A+,21.9,Brooklyn Cyclones,Total,BRK,- - -,,,13,51,57,17,9,4,1,3,8,7,5,0,12,0,1,0,0,6,1,.333,8.8%,21.1%,.417,.386,.627,1.013,.294,,.378,,12.4,4.4,.437,156
Yordalin Peña,800266,last_45,A+,22.0,Peoria Chiefs,Total,PEO,- - -,,,7,28,28,7,4,1,0,2,4,3,0,0,13,0,0,0,0,0,0,.250,0.0%,46.4%,.000,.250,.500,.750,.250,,.385,,3.7,-0.3,.327,92
Juan Villavicencio,800276,last_45,A+,21.8,Jersey Shore BlueClaws,Total,JS,- - -,,,12,40,49,9,7,2,0,0,5,3,9,0,13,0,0,0,0,4,1,.225,18.4%,26.5%,.692,.367,.275,.642,.050,,.333,,6.0,-0.9,.313,87
Roynier Hernandez,800281,last_45,A+,21.7,Spokane Indians,Total,SPO,- - -,,,15,55,62,16,14,2,0,0,4,7,4,0,12,0,2,1,2,0,0,.291,6.5%,19.4%,.333,.328,.327,.655,.036,,.356,,6.4,-2.3,.298,74
Enmanuel Tejeda,800285,last_45,A+,21.7,Hudson Valley Renegades,Total,HV,- - -,,,12,40,45,9,7,1,0,1,3,1,5,0,8,0,0,0,2,4,2,.225,11.1%,17.8%,.625,.311,.325,.636,.100,,.258,,4.9,-1.4,.296,77
Waner Luciano,800294,last_45,A,21.6,Fayetteville Woodpeckers,Total,FAY,- - -,,,11,39,44,6,3,2,0,1,3,2,5,0,10,0,0,0,2,1,1,.154,11.4%,22.7%,.500,.250,.282,.532,.128,,.179,,3.1,-2.7,.250,53
Diomedes Hernandez,800299,last_45,A+,21.6,Hudson Valley Renegades,Total,HV,- - -,,,1,3,3,0,0,0,0,0,0,0,0,0,0,0,0,0,0,0,0,.000,0.0%,0.0%,,.000,.000,.000,.000,,.000,,-0.4,-0.8,.000,-88
Mairo Martinus,800302,last_45,A+,21.6,Great Lakes Loons,Total,GL,- - -,,,12,48,51,12,9,1,0,2,7,6,3,0,14,0,0,0,0,1,2,.250,5.9%,27.5%,.214,.294,.396,.690,.146,,.312,,6.0,-1.2,.311,83
Jesús  Báez,800305,last_45,AA,21.5,Springfield Cardinals,Total,SPR,- - -,,,17,68,75,28,15,5,0,8,17,23,3,0,11,3,1,0,1,2,0,.412,4.0%,14.7%,.273,.453,.838,1.292,.426,,.400,,22.1,11.1,.551,201
Jansel Luis,800306,last_45,AA,21.5,Amarillo Sod Poodles,Total,AMA,- - -,,,3,12,12,5,5,0,0,0,3,2,0,0,2,0,0,0,0,1,0,.417,0.0%,16.7%,.000,.417,.417,.833,.000,,.500,,1.9,0.2,.379,109
Alexander Albertus,800316,last_45,A,21.9,Kannapolis Cannon Ballers,Total,KAN,- - -,,,11,42,49,18,13,3,0,2,11,11,5,0,9,0,1,1,1,0,0,.429,10.2%,18.4%,.556,.479,.643,1.122,.214,,.500,,12.6,6.1,.489,195
Victor Rodrigues,800332,last_45,A+,22.0,Great Lakes Loons,Total,GL,- - -,,,8,22,30,3,0,2,0,1,3,5,6,0,7,0,2,0,0,0,0,.136,20.0%,23.3%,.857,.300,.364,.664,.227,,.125,,3.3,-1.0,.299,77
Juan Baez,800345,last_45,A+,21.2,Wisconsin Timber Rattlers,Total,WIS,- - -,,,9,30,33,5,3,2,0,0,4,1,2,0,4,1,0,0,1,0,0,.167,6.1%,12.1%,.500,.242,.233,.476,.067,,.192,,1.7,-2.9,.227,37
Edwin Amparo,800348,last_45,A+,21.9,Frederick Keys,Total,FRE,- - -,,,5,14,15,2,2,0,0,0,3,1,1,0,5,0,0,0,1,1,0,.143,6.7%,33.3%,.200,.200,.143,.343,.000,,.222,,0.1,-2.0,.169,5
Esteban Mejia,800354,last_45,A+,21.8,Hub City Spartanburgers,Total,HCS,- - -,,,9,31,34,9,8,1,0,0,4,1,3,0,9,0,0,0,2,2,0,.290,8.8%,26.5%,.333,.353,.323,.676,.032,,.409,,4.2,-0.6,.315,88
Ricardo Gonzalez,800357,last_45,A+,22.2,Bowling Green Hot Rods,Total,BG,- - -,,,12,40,47,9,9,0,0,0,3,2,5,0,10,0,0,2,1,3,0,.225,10.6%,21.3%,.500,.311,.225,.536,.000,,.300,,3.8,-2.8,.261,58
Eduardo Guerrero,800370,last_45,A+,21.3,Great Lakes Loons,Total,GL,- - -,,,13,45,56,13,9,4,0,0,9,10,8,0,6,1,1,1,0,2,0,.289,14.3%,10.7%,1.333,.400,.378,.778,.089,,.325,,8.8,0.8,.360,111
Larry Martinez,800371,last_45,A+,21.1,Bowling Green Hot Rods,Total,BG,- - -,,,6,21,23,1,1,0,0,0,1,0,1,0,8,0,0,1,1,0,0,.048,4.3%,34.8%,.125,.091,.048,.139,.000,,.077,,-1.5,-4.7,.074,-47
Angel Mateo,800377,last_45,A,21.6,Charleston RiverDogs,Total,CHS,- - -,,,8,29,32,7,3,4,0,0,1,2,2,0,8,1,0,0,0,1,1,.241,6.2%,25.0%,.250,.312,.379,.692,.138,,.333,,3.9,-0.3,.315,92
Nicandro Aybar,800384,last_45,A+,22.0,Bowling Green Hot Rods,Total,BG,- - -,,,12,47,52,12,9,2,1,0,7,5,4,0,14,0,0,0,0,1,0,.255,7.7%,26.9%,.286,.314,.340,.654,.085,,.364,,5.7,-1.5,.299,79
Fernando Peguero,800387,last_45,AAA,21.7,Norfolk Tides,Total,NOR,- - -,,,18,54,58,10,7,3,0,0,5,3,3,0,20,0,0,1,1,5,1,.185,5.2%,34.5%,.150,.228,.241,.469,.056,,.294,,2.2,-5.5,.217,29
Darlyn De Leon,800391,last_45,A,21.6,Myrtle Beach Pelicans,Total,MB,- - -,,,9,38,39,10,7,0,0,3,7,6,1,0,9,0,0,0,2,2,0,.263,2.6%,23.1%,.111,.282,.500,.782,.237,,.269,,5.6,0.5,.344,109
Yeremy Cabrera,800393,last_45,A+,21.2,Wilmington Blue Rocks,Total,WIL,- - -,,,11,40,47,10,7,0,1,2,10,8,6,0,9,0,1,0,0,8,0,.250,12.8%,19.1%,.667,.340,.450,.790,.200,,.267,,7.1,0.5,.351,108
Aron Estrada,800406,last_45,AAA,21.7,Norfolk Tides,Total,NOR,- - -,,,22,80,92,22,17,1,0,4,10,12,12,0,19,0,0,0,1,1,0,.275,13.0%,20.7%,.632,.370,.438,.807,.162,,.316,,14.3,1.8,.367,114
Alfredo Velásquez,800414,last_45,A+,21.9,Frederick Keys,Total,FRE,- - -,,,1,3,3,1,1,0,0,0,0,0,0,0,1,0,0,0,0,0,0,.333,0.0%,33.3%,.000,.333,.333,.667,.000,,.500,,0.3,-0.1,.303,81
Jeral Perez,800419,last_45,A+,21.8,Winston-Salem Dash,Total,WS,- - -,,,13,56,61,19,15,2,0,2,9,7,5,0,8,0,0,0,2,0,0,.339,8.2%,13.1%,.625,.393,.482,.876,.143,,.370,,11.2,2.7,.394,132
Oswaldo Osorio,800424,last_45,A,21.4,Ontario Tower Buzzers,Total,ONT,- - -,,,12,47,56,14,8,2,0,4,9,10,8,0,15,0,1,0,0,0,0,.298,14.3%,26.8%,.533,.393,.596,.989,.298,,.345,,11.6,3.1,.428,136
Felix Cotes,800432,last_45,A+,21.1,Bowling Green Hot Rods,Total,BG,- - -,,,5,16,19,0,0,0,0,0,0,0,2,0,9,1,0,0,0,0,1,.000,10.5%,47.4%,.222,.158,.000,.158,.000,,.000,,-0.6,-3.3,.114,-24
Elis Cuevas,800433,last_45,A+,21.8,Frederick Keys,Total,FRE,- - -,,,3,10,13,1,1,0,0,0,2,1,2,0,6,1,0,0,0,1,0,.100,15.4%,46.2%,.333,.308,.100,.408,.000,,.250,,0.8,-1.0,.237,44
Andrés Nolaya,800438,last_45,A+,21.4,Frederick Keys,Total,FRE,- - -,,,8,16,22,4,3,0,0,1,5,4,4,0,3,2,0,0,0,1,1,.250,18.2%,13.6%,1.333,.455,.438,.892,.188,,.250,,4.5,1.4,.417,145
Narciso Polanco,800440,last_45,A+,21.9,Bowling Green Hot Rods,Total,BG,- - -,,,11,43,49,11,6,3,0,2,8,8,5,0,10,0,0,1,0,1,2,.256,10.2%,20.4%,.500,.333,.465,.798,.209,,.290,,7.6,0.8,.357,111
Echedry Vargas,800448,last_45,A,21.5,Jupiter Hammerheads,Total,JUP,- - -,,,10,36,38,16,10,1,0,5,6,13,0,0,9,1,1,0,1,1,0,.444,0.0%,23.7%,.000,.447,.889,1.336,.444,,.478,,12.0,6.6,.571,222
Thomas Sosa,800449,last_45,AA,21.7,Chesapeake Baysox,Total,CHE,- - -,,,8,32,36,9,8,0,0,1,2,7,4,0,8,0,0,0,0,0,0,.281,11.1%,22.2%,.500,.361,.375,.736,.094,,.348,,4.9,-0.1,.340,98
Jean Joseph,800463,last_45,A+,21.6,Vancouver Canadians,Total,VAN,- - -,,,8,28,30,7,4,1,1,1,4,7,2,0,3,0,0,0,0,0,0,.250,6.7%,10.0%,.667,.300,.464,.764,.214,,.250,,4.1,-0.5,.337,90
Jefferson Rojas,800473,last_45,AAA,21.4,Syracuse Mets,Total,SYR,- - -,,,20,84,92,24,10,5,0,9,20,19,6,1,24,1,1,0,0,3,2,.286,6.5%,26.1%,.250,.337,.667,1.004,.381,,.288,,18.6,6.2,.427,149
Roni Cabrera,800492,last_45,A,21.1,Columbia Fireflies,Total,COL,- - -,,,9,29,36,3,3,0,0,0,2,1,4,0,14,2,0,1,0,2,1,.103,11.1%,38.9%,.286,.257,.103,.361,.000,,.200,,1.2,-3.6,.202,25
Enderson Delgado,800503,last_45,A,22.0,Lakeland Flying Tigers,Total,LAK,- - -,,,6,19,21,4,2,2,0,0,4,2,2,0,4,0,0,0,0,1,0,.211,9.5%,19.0%,.500,.286,.316,.602,.105,,.267,,1.8,-1.2,.278,61
Samuel Gil,800510,last_45,A+,21.8,West Michigan Whitecaps,Total,WM,- - -,,,10,33,40,5,5,0,0,0,6,1,6,0,8,1,0,0,2,0,0,.152,15.0%,20.0%,.750,.300,.152,.452,.000,,.200,,2.5,-3.2,.239,44
Alberto Hernandez,800516,last_45,AA,22.6,Corpus Christi Hooks,Total,CC,- - -,,,11,38,43,3,1,2,0,0,3,0,4,0,10,1,0,0,3,0,0,.079,9.3%,23.3%,.400,.186,.132,.318,.053,,.107,,-0.3,-6.6,.165,-5
Josue Briceño,800522,last_45,AAA,21.9,Toledo Mud Hens,Total,TOL,- - -,,,5,16,17,4,3,1,0,0,1,3,1,0,4,0,0,0,0,0,0,.250,5.9%,23.5%,.250,.294,.312,.607,.062,,.333,,1.4,-0.8,.279,65
Ivan Sosa,800526,last_45,A,22.0,Columbia Fireflies,Total,COL,- - -,,,2,8,8,2,2,0,0,0,0,0,0,0,5,0,0,0,0,0,0,.250,0.0%,62.5%,.000,.250,.250,.500,.000,,.667,,0.4,-0.6,.228,40
Josue De Paula,800543,last_45,AA,21.3,Tulsa Drillers,Total,TUL,- - -,,,15,61,73,14,6,5,0,3,11,9,11,1,13,0,1,0,3,2,1,.230,15.1%,17.8%,.846,.342,.459,.801,.230,,.239,,10.1,-0.6,.352,95
Alberto Barriga,800569,last_45,AA,21.8,Amarillo Sod Poodles,Total,AMA,- - -,,,12,49,53,11,7,3,0,1,8,5,3,0,11,1,0,0,0,0,0,.224,5.7%,20.8%,.273,.283,.347,.630,.122,,.270,,4.7,-3.1,.288,60
Will Gasparino,800605,last_45,A,21.7,Clearwater Threshers,Total,CLR,- - -,,,8,31,40,6,5,1,0,0,5,2,8,0,9,1,0,0,0,2,3,.194,20.0%,22.5%,.889,.375,.226,.601,.032,,.273,,4.4,-1.3,.307,77
Gavin Grahovac,800606,last_45,A,21.7,Rancho Cucamonga Quakes,Total,RC,- - -,,,10,40,45,14,5,3,1,5,9,12,5,0,11,0,0,0,1,3,1,.350,11.1%,24.4%,.455,.422,.850,1.272,.500,,.375,,13.1,6.3,.537,192
Roman Martin,800610,last_45,A,22.0,Stockton Ports,Total,STK,- - -,,,13,46,63,9,5,4,0,0,8,6,12,0,18,5,0,0,0,4,0,.196,19.0%,28.6%,.667,.413,.283,.695,.087,,.321,,9.1,-0.5,.349,95
Bryce Rainer,800614,last_45,A+,21.2,West Michigan Whitecaps,Total,WM,- - -,,,10,40,48,10,7,1,0,2,8,4,7,0,20,1,0,0,0,0,0,.250,14.6%,41.7%,.350,.375,.425,.800,.175,,.444,,7.8,1.0,.367,114
Luke Scherrer,800615,last_45,A,21.7,Bradenton Marauders,Total,BRD,- - -,,,7,19,22,2,2,0,0,0,0,4,3,0,8,0,0,0,0,1,0,.105,13.6%,36.4%,.375,.227,.105,.333,.000,,.182,,0.2,-2.9,.180,8
Logun Clark,800621,last_45,AA,23.2,Akron RubberDucks,Total,AKR,- - -,,,1,3,4,1,1,0,0,0,0,1,0,0,1,1,0,0,0,0,0,.333,0.0%,25.0%,.000,.500,.333,.833,.000,,.500,,0.8,0.2,.413,139
Dean West,800632,last_45,A,22.1,Dunedin Blue Jays,Total,DUN,- - -,,,8,16,23,3,2,1,0,0,3,1,6,0,2,1,0,0,0,2,1,.188,26.1%,8.7%,3.000,.435,.250,.685,.062,,.214,,3.4,0.1,.353,103
Ty Hanchey,800643,last_45,AA,26.7,Richmond Flying Squirrels,Total,RIC,- - -,,,2,6,7,1,1,0,0,0,0,0,0,0,4,1,0,0,0,0,0,.167,0.0%,57.1%,.000,.286,.167,.452,.000,,.500,,0.4,-0.6,.236,39
Wallace Clark,800712,last_45,A+,24.2,Hillsboro Hops,Total,HIL,- - -,,,6,19,22,6,3,2,0,1,8,2,3,0,4,0,0,0,1,0,0,.316,13.6%,18.2%,.750,.409,.579,.988,.263,,.357,,4.7,1.3,.435,139
Eric Bitonti,800724,last_45,A+,20.8,Wisconsin Timber Rattlers,Total,WIS,- - -,,,19,74,87,21,7,9,0,5,16,23,10,0,24,0,3,0,1,2,1,.284,11.5%,27.6%,.417,.356,.608,.964,.324,,.333,,16.9,4.8,.410,139
Chase Heath,800840,last_45,AA,23.2,Springfield Cardinals,Total,SPR,- - -,,,4,13,14,3,3,0,0,0,0,0,1,0,5,0,0,0,2,1,0,.231,7.1%,35.7%,.200,.286,.231,.516,.000,,.375,,0.8,-1.3,.246,38
Brady Day,800953,last_45,A+,24.5,Jersey Shore BlueClaws,Total,JS,- - -,,,10,42,45,11,8,2,0,1,6,2,3,0,8,0,0,0,1,2,0,.262,6.7%,17.8%,.375,.311,.381,.692,.119,,.303,,5.5,-0.8,.314,87
Brendan Jones,800957,last_45,AAA,24.4,Jacksonville Jumbo Shrimp,Total,JAX,- - -,,,16,55,63,13,9,2,0,2,9,8,8,0,17,0,0,0,0,7,1,.236,12.7%,27.0%,.471,.333,.382,.715,.145,,.306,,7.7,-0.3,.328,96
Nick Goodwin,800959,last_45,AAA,25.0,Buffalo Bisons,Total,BUF,- - -,,,17,56,61,12,6,4,0,2,8,6,5,0,16,0,0,0,0,0,0,.214,8.2%,26.2%,.312,.279,.393,.672,.179,,.263,,6.2,-1.6,.302,80
John Garcia,801039,last_45,A+,25.9,Asheville Tourists,Total,ASH,- - -,,,8,25,30,9,7,1,0,1,3,5,5,1,5,0,0,0,0,3,0,.360,16.7%,16.7%,1.000,.467,.520,.987,.160,,.421,,6.5,2.3,.435,155
Walker Janek,801075,last_45,AA,24.0,Corpus Christi Hooks,Total,CC,- - -,,,16,56,63,10,8,1,0,1,6,5,6,0,23,0,1,0,1,4,0,.179,9.5%,36.5%,.261,.254,.250,.504,.071,,.273,,3.1,-6.2,.237,33
Alex Birge,801130,last_45,A+,24.0,Peoria Chiefs,Total,PEO,- - -,,,3,10,13,2,1,1,0,0,2,0,3,0,4,0,0,0,0,1,0,.200,23.1%,30.8%,.750,.385,.300,.685,.100,,.333,,1.8,-0.1,.334,96
Max Anderson,801194,last_45,AAA,24.6,Toledo Mud Hens,Total,TOL,- - -,,,22,86,99,26,19,5,0,2,15,9,11,0,18,1,1,0,3,1,0,.302,11.1%,18.2%,.611,.384,.430,.814,.128,,.358,,15.2,2.6,.369,121
Juan Matheus,801276,last_45,AAA,22.4,Jacksonville Jumbo Shrimp,Total,JAX,- - -,,,23,81,95,15,10,4,0,1,10,13,11,0,18,1,2,0,3,6,1,.185,11.6%,18.9%,.611,.284,.272,.556,.086,,.219,,6.8,-5.5,.263,55
Max Viera,801290,last_45,A+,25.2,Vancouver Canadians,Total,VAN,- - -,,,10,31,39,5,4,0,0,1,4,4,6,0,14,2,0,0,1,2,1,.161,15.4%,35.9%,.429,.333,.258,.591,.097,,.250,,4.1,-1.9,.295,68
Luis Hernandez,801346,last_45,AA,24.2,Wichita Wind Surge,Total,WCH,- - -,,,8,29,32,6,5,0,0,1,5,3,3,0,10,0,0,0,0,2,0,.207,9.4%,31.2%,.300,.281,.310,.592,.103,,.278,,2.5,-2.2,.275,53
Jared Dickey,801406,last_45,AAA,24.6,Las Vegas Aviators,Total,LV,- - -,,,21,75,87,16,14,2,0,0,8,8,12,0,16,0,0,0,1,0,0,.213,13.8%,18.4%,.750,.322,.240,.562,.027,,.271,,6.8,-4.5,.274,60
Alex Fernandes,801427,last_45,A+,23.9,Lansing Lugnuts,Total,LAN,- - -,,,6,25,31,9,7,1,1,0,8,3,4,0,1,0,2,0,0,5,0,.360,12.9%,3.2%,4.000,.419,.480,.899,.120,,.346,,5.6,1.2,.392,128
Tyce Armstrong,801489,last_45,A,23.2,Tampa Tarpons,Total,TAM,- - -,,,8,26,29,10,4,2,0,4,6,10,3,0,6,0,0,0,1,1,0,.385,10.3%,20.7%,.500,.448,.923,1.371,.538,,.375,,9.4,5.2,.579,226
Nate Furman,801501,last_45,AAA,25.1,Sacramento River Cats,Total,SAC,- - -,,,1,6,6,3,2,1,0,0,1,1,0,0,0,0,0,0,0,0,0,.500,0.0%,0.0%,,.500,.667,1.167,.167,,.500,,1.6,0.8,.519,207
Carlos Sanchez,801522,last_45,A,22.0,Jupiter Hammerheads,Total,JUP,- - -,,,6,18,24,5,3,2,0,0,2,2,6,0,4,0,0,0,0,1,0,.278,25.0%,16.7%,1.500,.458,.389,.847,.111,,.357,,4.4,1.0,.399,128
Chris Suero,801523,last_45,AA,22.6,Binghamton Rumble Ponies,Total,BNG,- - -,,,17,55,68,8,5,1,0,2,7,8,12,0,18,1,0,0,0,4,3,.145,17.6%,26.5%,.667,.309,.273,.582,.127,,.171,,6.3,-3.2,.284,67
Nathan Humphreys,801537,last_45,A+,24.1,Jersey Shore BlueClaws,Total,JS,- - -,,,8,28,32,6,3,1,1,1,5,3,2,0,6,2,0,0,0,0,1,.214,6.2%,18.8%,.333,.312,.429,.741,.214,,.238,,4.4,-0.1,.334,98
Matt Halbach,801561,last_45,A+,23.6,South Bend Cubs,Total,SB,- - -,,,10,37,43,11,9,2,0,0,8,3,4,0,10,1,0,0,1,1,1,.297,9.3%,23.3%,.400,.381,.351,.732,.054,,.407,,6.1,0.0,.342,101
Austin Smith,801563,last_45,A+,23.4,Vancouver Canadians,Total,VAN,- - -,,,10,40,44,10,6,4,0,0,7,3,2,0,5,2,0,0,2,0,0,.250,4.5%,11.4%,.400,.318,.350,.668,.100,,.286,,5.0,-1.7,.308,75
Aaron Parker,801590,last_45,AA,23.7,New Hampshire Fisher Cats,Total,NH,- - -,,,15,57,63,12,7,2,0,3,7,7,6,0,25,0,0,0,1,0,0,.211,9.5%,39.7%,.240,.286,.404,.689,.193,,.310,,7.1,-1.7,.310,81
Zander Darby,801592,last_45,A+,23.7,Eugene Emeralds,Total,EUG,- - -,,,13,45,48,10,9,0,0,1,5,4,3,0,17,0,0,0,1,2,0,.222,6.2%,35.4%,.176,.271,.289,.560,.067,,.333,,3.5,-3.3,.259,51
Cade McGee,801629,last_45,A+,23.6,Peoria Chiefs,Total,PEO,- - -,,,15,56,65,17,9,2,1,5,16,10,7,0,13,2,0,0,0,1,0,.304,10.8%,20.0%,.538,.400,.643,1.043,.339,,.316,,14.4,5.0,.453,153
Mike Boeve,801670,last_45,AA,24.4,Biloxi Shuckers,Total,BLX,- - -,,,19,61,76,17,13,3,0,1,7,7,15,0,15,0,0,0,0,0,0,.279,19.7%,19.7%,1.000,.421,.377,.798,.098,,.356,,12.3,2.2,.375,121
Brandon Nigh,801853,last_45,A+,23.0,Asheville Tourists,Total,ASH,- - -,,,7,21,26,1,1,0,0,0,2,0,4,0,13,1,0,0,0,0,0,.048,15.4%,50.0%,.308,.231,.048,.278,.000,,.125,,0.3,-3.3,.173,9
Jacob Jenkins-Cowart,801881,last_45,A+,23.7,Beloit Sky Carp,Total,BEL,- - -,,,7,21,24,2,2,0,0,0,1,0,2,0,13,1,0,0,0,0,0,.095,8.3%,54.2%,.154,.208,.095,.304,.000,,.250,,0.1,-3.3,.166,4
Kole Myers,801887,last_45,AA,25.7,Tulsa Drillers,Total,TUL,- - -,,,18,70,88,17,11,2,1,3,13,8,16,0,16,1,1,0,1,5,1,.243,18.2%,18.2%,1.000,.386,.429,.815,.186,,.269,,13.5,0.6,.371,105
Owen Carapellotti,801928,last_45,A,23.3,Dunedin Blue Jays,Total,DUN,- - -,,,7,19,25,3,1,0,0,2,4,2,6,0,5,0,0,0,0,0,0,.158,24.0%,20.0%,1.200,.360,.474,.834,.316,,.083,,4.1,0.5,.376,115
Alex McCoy,801932,last_45,AA,24.6,San Antonio Missions,Total,SA,- - -,,,18,72,80,20,16,2,0,2,7,7,7,0,24,0,1,0,2,1,3,.278,8.8%,30.0%,.292,.338,.389,.726,.111,,.383,,9.7,-2.1,.329,82
Avery Owusu-Asiedu,801938,last_45,AA,23.2,Amarillo Sod Poodles,Total,AMA,- - -,,,20,76,93,19,7,3,1,8,14,21,10,0,26,4,3,0,1,5,1,.250,10.8%,28.0%,.385,.355,.632,.986,.382,,.244,,17.7,4.0,.418,130
Beau Ankeney,801954,last_45,A+,23.4,West Michigan Whitecaps,Total,WM,- - -,,,8,33,35,8,2,4,0,2,4,5,2,0,12,0,0,0,1,0,0,.242,5.7%,34.3%,.167,.286,.545,.831,.303,,.316,,5.5,0.6,.361,111
Dub Gleed,801957,last_45,AA,24.0,New Hampshire Fisher Cats,Total,NH,- - -,,,16,66,73,22,16,4,0,2,8,8,6,0,9,1,0,0,2,1,0,.333,8.2%,12.3%,.667,.397,.485,.882,.152,,.364,,13.2,3.0,.397,130
Callan Moss,801978,last_45,AA,23.0,Altoona Curve,Total,ALT,- - -,,,16,60,68,13,6,3,1,3,10,10,7,0,18,1,0,0,5,3,0,.217,10.3%,26.5%,.389,.309,.450,.759,.233,,.256,,9.2,-0.3,.339,97
Henry Hunter,802001,last_45,A,23.6,Daytona Tortugas,Total,DBT,- - -,,,7,22,25,6,5,1,0,0,4,1,2,0,7,1,0,0,0,0,0,.273,8.0%,28.0%,.286,.360,.318,.678,.045,,.400,,3.0,-0.5,.320,85
Gunner Gouldsmith,802005,last_45,A+,25.0,Lansing Lugnuts,Total,LAN,- - -,,,9,30,36,8,5,2,0,1,8,3,6,0,6,0,0,0,1,2,0,.267,16.7%,16.7%,1.000,.389,.433,.822,.167,,.304,,6.1,1.0,.375,119
Ryan Burrowes,802018,last_45,AA,22.1,Birmingham Barons,Total,BIR,- - -,,,18,63,71,14,11,1,1,1,11,2,7,0,15,1,0,0,1,5,0,.222,9.9%,21.1%,.467,.310,.317,.627,.095,,.277,,6.9,-2.6,.293,73
Patrick Clohisy,802117,last_45,AAA,24.8,Gwinnett Stripers,Total,GWN,- - -,,,7,24,28,4,3,1,0,0,6,0,4,0,7,0,0,0,1,4,1,.167,14.3%,25.0%,.571,.286,.208,.494,.042,,.235,,1.6,-2.0,.245,45
Dayne Leonard,802143,last_45,AAA,26.4,Louisville Bats,Total,LOU,- - -,,,6,19,22,4,4,0,0,0,3,2,1,0,4,0,1,1,1,0,0,.211,4.5%,18.2%,.250,.238,.211,.449,.000,,.250,,0.6,-2.2,.207,21
Woody Hadeen,802219,last_45,AA,24.2,Erie SeaWolves,Total,ERI,- - -,,,16,66,76,22,16,4,1,1,17,6,9,0,12,1,0,0,3,9,0,.333,11.8%,15.8%,.750,.421,.470,.891,.136,,.396,,14.1,3.5,.403,133
Tanner Schobel,802355,last_45,AAA,25.3,St. Paul Saints,Total,STP,- - -,,,21,79,89,20,11,5,0,4,11,12,8,0,9,1,1,0,4,2,0,.253,9.0%,10.1%,.889,.326,.468,.794,.215,,.239,,12.5,1.2,.352,111
Angel Arredondo,802397,last_45,A,19.9,Rancho Cucamonga Quakes,Total,RC,- - -,,,13,55,62,18,14,4,0,0,11,6,7,0,13,0,0,0,1,2,0,.327,11.3%,21.0%,.538,.403,.400,.803,.073,,.429,,9.9,0.5,.369,106
Sebastian Baquera,802398,last_45,A,19.6,Hickory Crawdads,Total,HIC,- - -,,,6,19,25,3,3,0,0,0,5,3,4,0,7,1,0,1,0,1,1,.158,16.0%,28.0%,.571,.333,.158,.491,.000,,.250,,2.0,-1.3,.263,61
Travis Honeyman,802469,last_45,A,24.9,Palm Beach Cardinals,Total,PMB,- - -,,,6,20,26,6,4,1,0,1,3,2,4,0,3,2,0,0,0,1,1,.300,15.4%,11.5%,1.333,.462,.500,.962,.200,,.312,,5.5,1.8,.437,147
Cameron Leary,802474,last_45,AA,24.8,Midland RockHounds,Total,MID,- - -,,,17,55,74,15,9,4,1,1,9,20,19,0,18,0,0,0,0,11,1,.273,25.7%,24.3%,1.056,.459,.436,.896,.164,,.389,,13.8,3.0,.414,127
Ty Doucette,802494,last_45,A+,22.6,Dayton Dragons,Total,DAY,- - -,,,12,51,58,16,9,1,1,5,10,13,6,0,13,1,0,0,1,1,0,.314,10.3%,22.4%,.462,.397,.667,1.063,.353,,.333,,13.6,5.4,.460,166
Deiten Lachance,802500,last_45,A,21.4,Hill City Howlers,Total,HC,- - -,,,10,38,43,12,6,5,0,1,6,6,3,0,5,0,2,0,4,3,0,.316,7.0%,11.6%,.600,.349,.526,.875,.211,,.324,,7.3,1.6,.376,128
Myles Naylor,802504,last_45,A+,21.4,Lansing Lugnuts,Total,LAN,- - -,,,12,44,54,11,6,3,0,2,6,7,9,0,15,1,0,0,0,2,0,.250,16.7%,27.8%,.600,.389,.455,.843,.205,,.333,,9.5,1.8,.383,124
Dylan O'Rae,802506,last_45,AA,22.6,Biloxi Shuckers,Total,BLX,- - -,,,9,35,42,10,9,0,1,0,9,1,6,0,8,0,0,1,1,9,0,.286,14.3%,19.0%,.750,.390,.343,.733,.057,,.370,,5.8,0.2,.344,103
Agustin Acosta,802528,last_45,AA,22.0,Tulsa Drillers,Total,TUL,- - -,,,1,4,4,0,0,0,0,0,0,0,0,0,3,0,0,0,0,0,0,.000,0.0%,75.0%,.000,.000,.000,.000,.000,,.000,,-0.5,-1.1,.000,-93
Bryan Broecker,802541,last_45,AA,24.6,Montgomery Biscuits,Total,MTG,- - -,,,6,15,21,3,3,0,0,0,4,0,6,0,7,0,0,0,0,1,0,.200,28.6%,33.3%,.857,.429,.200,.629,.000,,.375,,2.7,-0.1,.333,97
Ichiro Cano,802560,last_45,A,21.6,Daytona Tortugas,Total,DBT,- - -,,,10,38,43,14,10,4,0,0,9,5,5,0,8,0,0,0,0,0,0,.368,11.6%,18.6%,.625,.442,.474,.916,.105,,.467,,8.4,2.2,.415,136
Max Holy,802959,last_45,AA,24.2,Corpus Christi Hooks,Total,CC,- - -,,,5,17,18,6,5,1,0,0,2,4,1,0,4,0,0,0,0,0,0,.353,5.6%,22.2%,.250,.389,.412,.801,.059,,.462,,2.7,0.0,.364,101
E.J. Exposito,802991,last_45,AA,25.4,Erie SeaWolves,Total,ERI,- - -,,,18,70,78,20,14,4,1,1,14,13,4,0,14,2,2,0,2,8,0,.286,5.1%,17.9%,.286,.333,.414,.748,.129,,.333,,10.2,-0.7,.333,94
Matthew Etzel,803033,last_45,AAA,24.4,Jacksonville Jumbo Shrimp,Total,JAX,- - -,,,18,66,80,15,4,5,0,6,16,17,13,0,21,0,1,0,1,7,0,.227,16.2%,26.2%,.619,.350,.576,.926,.348,,.225,,14.2,4.1,.400,140
Cooper McMurray,803102,last_45,A,24.7,Augusta GreenJackets,Total,AUG,- - -,,,12,47,55,13,9,3,0,1,4,10,7,0,15,0,1,0,0,1,0,.277,12.7%,27.3%,.467,.364,.404,.768,.128,,.375,,8.1,0.8,.348,112
Tristan Bissetta,803124,last_45,A+,23.3,Peoria Chiefs,Total,PEO,- - -,,,10,36,43,8,4,2,0,2,6,7,6,0,14,0,1,0,1,2,0,.222,14.0%,32.6%,.429,.326,.444,.770,.222,,.286,,6.1,0.1,.342,101
Camden Troyer,803131,last_45,A+,24.1,Hudson Valley Renegades,Total,HV,- - -,,,6,18,20,1,0,1,0,0,2,1,2,0,8,0,0,0,0,0,0,.056,10.0%,40.0%,.250,.150,.111,.261,.056,,.100,,-0.3,-3.1,.136,-12
Tommy Hawke,803142,last_45,A+,24.2,Lake County Captains,Total,LC,- - -,,,12,45,57,17,11,6,0,0,11,8,12,0,9,0,0,0,0,5,1,.378,21.1%,15.8%,1.333,.509,.511,1.020,.133,,.472,,13.5,5.4,.462,167
Jake Reinisch,803152,last_45,A+,24.6,Lansing Lugnuts,Total,LAN,- - -,,,12,46,58,16,11,3,0,2,7,9,12,1,15,0,0,0,0,0,0,.348,20.7%,25.9%,.800,.483,.543,1.026,.196,,.483,,13.4,5.2,.455,163
Griff O'Ferrall,803172,last_45,AA,23.6,Chesapeake Baysox,Total,CHE,- - -,,,15,58,66,18,15,2,0,1,10,3,7,0,15,1,0,0,1,7,0,.310,10.6%,22.7%,.467,.394,.397,.790,.086,,.405,,10.3,1.1,.365,112
Ethan Anderson,803175,last_45,AAA,23.0,Norfolk Tides,Total,NOR,- - -,,,20,77,86,24,14,4,0,6,16,18,7,0,15,1,0,0,2,2,0,.312,8.1%,17.4%,.467,.376,.597,.974,.286,,.321,,17.6,5.8,.427,150
Jose Escobar,803241,last_45,A+,22.0,South Bend Cubs,Total,SB,- - -,,,11,40,46,7,5,2,0,0,4,7,5,0,6,0,1,0,0,0,0,.175,10.9%,13.0%,.833,.261,.225,.486,.050,,.200,,2.6,-3.9,.232,40
Max Belyeu,803284,last_45,A+,22.7,Spokane Indians,Total,SPO,- - -,,,5,19,23,2,0,1,0,1,2,2,2,0,9,2,0,0,2,0,0,.105,8.7%,39.1%,.222,.261,.316,.577,.211,,.111,,2.0,-1.5,.274,58
Estevan Moreno,803290,last_45,A,22.9,Inland Empire 66ers,Total,IE,- - -,,,9,37,41,13,5,5,0,3,9,13,2,0,13,1,1,0,0,5,0,.351,4.9%,31.7%,.154,.390,.730,1.120,.378,,.455,,10.0,3.8,.476,161
Jay Harry,803385,last_45,AAA,24.2,Buffalo Bisons,Total,BUF,- - -,,,22,87,95,19,14,4,0,1,10,7,5,0,18,2,1,0,2,0,0,.218,5.3%,18.9%,.278,.274,.299,.573,.080,,.261,,6.8,-5.3,.264,56
Carlos Cauro,803426,last_45,A,21.2,Fayetteville Woodpeckers,Total,FAY,- - -,,,4,12,13,2,1,1,0,0,1,0,1,0,5,0,0,0,0,0,0,.167,7.7%,38.5%,.200,.231,.250,.481,.083,,.286,,0.7,-1.1,.224,38
Colby Jones,803475,last_45,A+,22.9,Rome Emperors,Total,ROM,- - -,,,11,32,41,6,4,1,1,0,7,6,7,0,9,0,2,0,1,4,0,.188,17.1%,22.0%,.778,.317,.281,.598,.094,,.240,,4.0,-1.8,.282,69
Jalen Hairston,803630,last_45,A,22.5,Daytona Tortugas,Total,DBT,- - -,,,3,9,13,1,1,0,0,0,0,2,4,0,3,0,0,0,0,0,0,.111,30.8%,23.1%,1.333,.385,.111,.496,.000,,.167,,1.3,-0.6,.289,67
Sammy Hernandez,803679,last_45,A+,22.3,Peoria Chiefs,Total,PEO,- - -,,,10,35,41,5,3,1,0,1,3,2,6,0,9,0,0,0,0,2,2,.143,14.6%,22.0%,.667,.268,.257,.525,.114,,.160,,3.0,-2.8,.254,52
Jordan Yost,803723,last_45,A,19.7,Lakeland Flying Tigers,Total,LAK,- - -,,,9,30,36,9,6,2,0,1,7,5,5,0,3,0,1,0,0,2,0,.300,13.9%,8.3%,1.667,.389,.467,.856,.167,,.296,,6.1,0.9,.381,118
Hayden Yost,803734,last_45,A,21.5,Inland Empire 66ers,Total,IE,- - -,,,10,41,51,11,6,2,1,2,9,11,8,0,12,1,1,0,1,0,0,.268,15.7%,23.5%,.667,.392,.512,.904,.244,,.321,,9.3,1.6,.399,121
Adrian Santana,803745,last_45,AA,21.2,Pensacola Blue Wahoos,Total,PNS,- - -,,,17,71,79,15,11,4,0,0,10,3,7,0,11,1,0,0,0,5,0,.211,8.9%,13.9%,.636,.291,.268,.559,.056,,.250,,5.9,-4.6,.265,57
Josh Hogue,803811,last_45,A,22.7,Jupiter Hammerheads,Total,JUP,- - -,,,6,22,24,6,3,2,0,1,1,3,2,0,5,0,0,0,0,1,0,.273,8.3%,20.8%,.400,.333,.500,.833,.227,,.312,,3.8,0.4,.369,111
Devin Fitz-Gerald,803849,last_45,AA,21.1,Harrisburg Senators,Total,HBG,- - -,,,16,66,75,20,11,4,0,5,13,16,7,0,17,0,2,0,1,0,1,.303,9.3%,22.7%,.412,.360,.591,.951,.288,,.326,,14.3,3.8,.410,137
Brayden Dowd,804053,last_45,A,22.0,Visalia Rawhide,Total,VIS,- - -,,,11,44,50,8,6,2,0,0,6,4,5,0,7,0,1,0,2,0,1,.182,10.0%,14.0%,.714,.260,.227,.487,.045,,.211,,2.6,-4.9,.232,35
Aiva Arquette,804109,last_45,AA,22.9,Pensacola Blue Wahoos,Total,PNS,- - -,,,15,62,69,20,17,2,0,1,9,6,4,1,16,2,1,0,1,7,0,.323,5.8%,23.2%,.250,.377,.403,.780,.081,,.413,,9.8,0.6,.350,107
Luke Pelzer,804114,last_45,AA,23.7,Northwest Arkansas Naturals,Total,NWA,- - -,,,16,63,73,22,16,5,1,0,15,4,8,2,15,1,1,0,0,7,2,.349,11.0%,20.5%,.533,.425,.460,.885,.111,,.449,,12.3,1.6,.390,115
Bobby Boser,804119,last_45,AA,23.8,Midland RockHounds,Total,MID,- - -,,,10,35,42,6,3,1,0,2,5,4,5,0,17,2,0,0,0,2,0,.171,11.9%,40.5%,.294,.310,.371,.681,.200,,.250,,4.6,-1.5,.316,75
Braden Holcomb,804133,last_45,A,21.8,Kannapolis Cannon Ballers,Total,KAN,- - -,,,5,19,22,6,4,0,1,1,4,4,2,0,8,1,0,0,0,0,0,.316,9.1%,36.4%,.250,.409,.579,.988,.263,,.500,,4.7,1.8,.434,159
Jacob Burke,804240,last_45,AA,25.5,Birmingham Barons,Total,BIR,- - -,,,13,47,51,9,9,0,0,0,3,4,3,0,8,1,0,0,2,0,2,.191,5.9%,15.7%,.375,.255,.191,.446,.000,,.231,,1.9,-4.8,.217,29
Zach Levenson,804241,last_45,AAA,24.5,Memphis Redbirds,Total,MEM,- - -,,,16,64,71,19,11,3,0,5,12,19,6,0,18,1,0,0,1,0,0,.297,8.5%,25.4%,.333,.366,.578,.944,.281,,.341,,13.4,4.3,.415,148
Eddie Micheletti Jr.,804446,last_45,AA,24.7,Rocket City Trash Pandas,Total,RCT,- - -,,,13,51,55,13,4,6,1,2,8,12,4,0,15,0,0,0,0,1,0,.255,7.3%,27.3%,.267,.309,.529,.839,.275,,.324,,8.5,1.2,.366,116
Carter Garate,804466,last_45,A+,22.7,Hub City Spartanburgers,Total,HCS,- - -,,,9,33,35,6,3,3,0,0,7,1,2,0,11,0,0,0,1,0,0,.182,5.7%,31.4%,.182,.229,.273,.501,.091,,.273,,2.0,-2.9,.230,40
Bradley Frye,804503,last_45,A+,24.1,Fort Wayne TinCaps,Total,FW,- - -,,,4,17,19,3,3,0,0,0,1,0,2,0,8,0,0,0,0,1,0,.176,10.5%,42.1%,.250,.263,.176,.440,.000,,.333,,0.9,-1.8,.219,33
Raudi Rodriguez,804558,last_45,AAA,23.2,Salt Lake Bees,Total,SL,- - -,,,25,97,112,24,19,1,1,3,17,14,15,0,21,0,0,0,1,7,0,.247,13.4%,18.8%,.714,.348,.371,.719,.124,,.288,,13.8,-0.7,.332,95
Charles Davalan,804560,last_45,A+,22.7,Great Lakes Loons,Total,GL,- - -,,,12,48,56,13,9,1,0,3,10,7,4,0,6,2,2,0,0,1,0,.271,7.1%,10.7%,.667,.339,.479,.818,.208,,.244,,8.7,0.8,.360,109
Eric Guevara,804561,last_45,A,21.9,Jupiter Hammerheads,Total,JUP,- - -,,,8,26,32,5,5,0,0,0,4,1,6,0,6,0,0,0,0,4,0,.192,18.8%,18.8%,1.000,.344,.192,.536,.000,,.250,,2.8,-1.8,.275,60
Tre Phelps,804569,last_45,A,22.2,Bradenton Marauders,Total,BRD,- - -,,,7,27,29,6,5,1,0,0,4,3,1,0,8,0,1,0,0,2,1,.222,3.4%,27.6%,.125,.241,.259,.501,.037,,.300,,1.4,-2.8,.226,33
Konnor Griffin,804606,last_45,AAA,20.4,Indianapolis Indians,Total,IND,- - -,,,3,11,13,3,3,0,0,0,0,0,2,0,4,0,0,0,0,0,0,.273,15.4%,30.8%,.500,.385,.273,.657,.000,,.429,,1.5,-0.2,.319,89
Marco Vargas,804614,last_45,AA,21.3,Binghamton Rumble Ponies,Total,BNG,- - -,,,15,58,64,20,13,5,2,0,8,5,6,1,17,0,0,0,1,9,1,.345,9.4%,26.6%,.353,.406,.500,.906,.155,,.488,,11.7,2.7,.399,131
Caden Connor,804645,last_45,AAA,26.1,Charlotte Knights,Total,CLT,- - -,,,16,50,58,11,9,1,0,1,6,6,6,0,11,1,1,0,1,4,0,.220,10.3%,19.0%,.545,.310,.300,.610,.080,,.256,,5.1,-2.2,.286,70
Logan Poteet,804751,last_45,A+,22.8,South Bend Cubs,Total,SB,- - -,,,9,37,40,11,6,3,0,2,7,9,3,0,15,0,0,0,1,0,0,.297,7.5%,37.5%,.200,.350,.541,.891,.243,,.450,,7.3,1.6,.392,129
Jake Ogden,804826,last_45,A,22.6,St. Lucie Mets,Total,SLU,- - -,,,9,31,40,10,8,1,0,1,9,5,6,0,5,3,0,0,1,4,0,.323,15.0%,12.5%,1.200,.475,.452,.927,.129,,.360,,8.3,2.5,.429,144
Bryan Rincon,804858,last_45,AA,22.6,Reading Fightin Phils,Total,REA,- - -,,,17,57,79,16,9,1,0,6,16,12,18,0,15,3,1,0,1,5,0,.281,22.8%,19.0%,1.200,.468,.614,1.082,.333,,.270,,18.8,7.8,.471,171
Robert Phelps,804859,last_45,A+,22.6,Jersey Shore BlueClaws,Total,JS,- - -,,,9,39,40,7,6,0,0,1,4,3,1,0,8,0,0,0,1,3,3,.179,2.5%,20.0%,.125,.200,.256,.456,.077,,.200,,1.5,-4.1,.207,28
Brendan Summerhill,804911,last_45,A+,22.8,Bowling Green Hot Rods,Total,BG,- - -,,,9,39,42,9,9,0,0,0,9,2,2,0,10,1,0,0,0,4,0,.231,4.8%,23.8%,.200,.286,.231,.516,.000,,.310,,2.9,-3.0,.247,50
Jackson Lovich,804944,last_45,A+,22.8,Hudson Valley Renegades,Total,HV,- - -,,,13,49,54,15,7,4,1,3,10,8,5,0,16,0,0,0,3,7,0,.306,9.3%,29.6%,.312,.370,.612,.983,.306,,.400,,11.4,3.8,.427,151
Tyler Howard,804946,last_45,A+,22.4,Lake County Captains,Total,LC,- - -,,,7,25,30,5,4,1,0,0,4,2,4,0,2,1,0,0,1,0,0,.200,13.3%,6.7%,2.000,.333,.240,.573,.040,,.217,,2.9,-1.3,.284,69
Henry Godbout,804995,last_45,AA,22.8,Portland Sea Dogs,Total,POR,- - -,,,14,57,63,23,13,4,0,6,13,15,4,0,13,1,1,0,0,4,0,.404,6.3%,20.6%,.308,.444,.789,1.234,.386,,.436,,17.8,9.0,.528,203
Drew Smith,805021,last_45,A,23.2,San Jose Giants,Total,SJ,- - -,,,3,12,12,4,2,1,0,1,2,7,0,0,3,0,0,0,0,0,0,.333,0.0%,25.0%,.000,.333,.667,1.000,.333,,.375,,2.5,0.7,.435,140
Rylan Galvan,805025,last_45,A+,23.2,Winston-Salem Dash,Total,WS,- - -,,,7,24,29,5,2,0,1,2,7,5,4,0,9,1,0,0,1,0,0,.208,13.8%,31.0%,.444,.345,.542,.886,.333,,.231,,5.2,1.2,.388,129
Erick Torres,805075,last_45,A+,21.7,Quad Cities River Bandits,Total,QC,- - -,,,9,32,37,8,7,1,0,0,2,7,3,0,3,1,1,0,0,2,0,.250,8.1%,8.1%,1.000,.324,.281,.606,.031,,.267,,3.6,-1.6,.285,69
Ronny Hernandez,805082,last_45,A+,21.8,Greenville Drive,Total,GVL,- - -,,,9,36,38,12,8,2,0,2,7,3,1,0,6,1,0,0,2,0,0,.333,2.6%,15.8%,.167,.368,.556,.924,.222,,.357,,7.5,2.1,.409,140
Byron Chourio,805102,last_45,A+,21.3,Cedar Rapids Kernels,Total,CR,- - -,,,12,43,55,14,10,2,1,1,7,10,10,0,11,1,1,0,2,9,0,.326,18.2%,20.0%,.909,.455,.488,.943,.163,,.406,,11.4,3.6,.423,146
Jean Carlos Sió,805117,last_45,AA,22.4,Richmond Flying Squirrels,Total,RIC,- - -,,,12,32,42,5,4,1,0,0,5,0,8,0,14,2,0,0,0,0,0,.156,19.0%,33.3%,.571,.357,.188,.545,.031,,.278,,4.0,-1.8,.288,69
Charlie Szykowny,805126,last_45,AA,26.2,Richmond Flying Squirrels,Total,RIC,- - -,,,21,82,87,19,13,4,1,1,6,7,4,0,12,1,0,0,2,0,1,.232,4.6%,13.8%,.333,.276,.341,.617,.110,,.261,,7.3,-4.2,.280,64
Devin Taylor,805127,last_45,AAA,22.7,Las Vegas Aviators,Total,LV,- - -,,,23,86,101,25,17,5,0,3,17,10,15,0,36,0,0,0,2,0,0,.291,14.9%,35.6%,.417,.396,.453,.850,.163,,.468,,16.7,3.0,.385,122
Alejandro Nuñez,805168,last_45,AA,22.0,Corpus Christi Hooks,Total,CC,- - -,,,18,66,72,17,13,2,0,2,9,5,5,0,17,1,0,0,2,5,2,.258,6.9%,23.6%,.294,.319,.379,.698,.121,,.319,,8.1,-2.5,.319,77
Isaiah Lane,805182,last_45,A,21.6,Fort Myers Mighty Mussels,Total,FTM,- - -,,,9,26,38,5,2,1,1,1,2,6,11,0,9,1,0,0,0,0,0,.192,28.9%,23.7%,1.222,.447,.423,.870,.231,,.250,,7.1,1.7,.406,132
Caden Bodine,805207,last_45,AAA,22.8,Durham Bulls,Total,DUR,- - -,,,16,56,65,20,13,4,0,3,5,10,7,0,6,0,2,0,2,2,0,.357,10.8%,9.2%,1.167,.415,.589,1.005,.232,,.347,,13.4,5.1,.436,162
Jacob Galloway,805212,last_45,A,23.3,Inland Empire 66ers,Total,IE,- - -,,,2,5,5,1,1,0,0,0,0,0,0,0,2,0,0,0,1,0,0,.200,0.0%,40.0%,.000,.200,.200,.400,.000,,.333,,0.1,-0.7,.182,9
Nu'u Contrades,805225,last_45,A,22.9,Lake Elsinore Storm,Total,LE,- - -,,,12,36,42,6,2,3,0,1,8,5,6,0,9,0,0,0,2,4,1,.167,14.3%,21.4%,.667,.286,.333,.619,.167,,.192,,4.0,-2.3,.288,64
Otto Kemp,805249,last_45,AAA,27.0,Lehigh Valley IronPigs,Total,LHV,- - -,,,23,86,98,19,13,2,0,4,14,10,7,0,23,4,1,0,1,2,2,.221,7.1%,23.5%,.304,.306,.384,.690,.163,,.250,,10.8,-1.6,.314,87
Ethan Hedges,805260,last_45,A+,22.4,Spokane Indians,Total,SPO,- - -,,,12,52,57,12,6,4,0,2,7,12,5,0,17,0,0,0,0,0,1,.231,8.8%,29.8%,.294,.298,.423,.721,.192,,.303,,7.2,-1.5,.323,83
Peyton Williams,805268,last_45,AAA,26.0,Buffalo Bisons,Total,BUF,- - -,,,19,58,66,17,12,3,0,2,6,10,7,0,16,1,0,0,1,0,0,.293,10.6%,24.2%,.438,.379,.448,.827,.155,,.375,,10.5,1.9,.375,123
Jordan Dissin,805301,last_45,AAA,24.3,Lehigh Valley IronPigs,Total,LHV,- - -,,,6,22,23,4,4,0,0,0,2,1,1,0,4,0,0,0,4,0,0,.182,4.3%,17.4%,.250,.217,.182,.399,.000,,.222,,0.3,-2.6,.189,10
Dervy Ventura,805319,last_45,A,22.6,Inland Empire 66ers,Total,IE,- - -,,,9,26,37,7,4,2,0,1,4,4,10,0,7,0,1,0,0,0,1,.269,27.0%,18.9%,1.429,.459,.462,.921,.192,,.316,,7.3,1.7,.418,131
Ben Ross,805346,last_45,AAA,25.3,St. Paul Saints,Total,STP,- - -,,,9,37,41,6,4,1,0,1,4,2,2,0,13,1,0,1,0,0,0,.162,4.9%,31.7%,.154,.225,.270,.495,.108,,.217,,1.8,-3.4,.230,35
Jim Jarvis,805347,last_45,AAA,25.9,Gwinnett Stripers,Total,GWN,- - -,,,24,95,112,23,17,3,3,0,15,11,16,0,20,0,1,0,1,8,3,.242,14.3%,17.9%,.800,.348,.337,.685,.095,,.303,,12.7,-1.5,.318,90
Isaiah Jackson,805365,last_45,A+,22.3,Greenville Drive,Total,GVL,- - -,,,16,59,65,16,11,3,0,2,11,8,5,0,15,1,0,0,1,4,0,.271,7.7%,23.1%,.333,.338,.424,.762,.153,,.333,,9.4,0.3,.345,103
Rod Barajas Jr.,805371,last_45,A,22.2,San Jose Giants,Total,SJ,- - -,,,9,38,42,11,5,6,0,0,8,7,4,0,6,0,0,0,0,0,0,.289,9.5%,14.3%,.667,.357,.447,.805,.158,,.344,,6.5,0.1,.361,101
Will Vierling,805416,last_45,A,23.0,Clearwater Threshers,Total,CLR,- - -,,,7,21,27,7,4,1,0,2,5,7,6,0,0,0,0,0,0,0,0,.333,22.2%,0.0%,,.481,.667,1.148,.333,,.263,,7.0,3.1,.497,181
Aaron Piasecki,805491,last_45,A,22.8,Fayetteville Woodpeckers,Total,FAY,- - -,,,11,36,42,12,8,4,0,0,5,5,6,0,8,0,0,0,0,1,3,.333,14.3%,19.0%,.750,.429,.444,.873,.111,,.429,,7.8,2.3,.398,141
Ryan Weingartner,805550,last_45,A+,22.2,Peoria Chiefs,Total,PEO,- - -,,,6,19,22,2,2,0,0,0,0,0,3,0,5,0,0,0,0,1,0,.105,13.6%,22.7%,.600,.227,.105,.333,.000,,.143,,0.4,-2.8,.180,11
Dylan Palmer,805590,last_45,A+,22.9,Greensboro Grasshoppers,Total,GBO,- - -,,,10,39,44,15,10,3,2,0,8,8,4,0,7,0,1,0,0,4,0,.385,9.1%,15.9%,.571,.432,.564,.996,.179,,.455,,9.5,3.3,.434,154
Collin Price,805672,last_45,AAA,26.8,Sugar Land Space Cowboys,Total,SUG,- - -,,,21,76,89,13,7,2,0,4,8,9,11,0,22,1,1,0,1,2,1,.171,12.4%,24.7%,.500,.281,.355,.636,.184,,.176,,8.2,-3.4,.292,71
Ricson Gonzalez,805692,last_45,A,21.2,Columbia Fireflies,Total,COL,- - -,,,7,24,29,9,9,0,0,0,3,2,4,0,5,0,0,1,1,0,0,.375,13.8%,17.2%,.800,.464,.375,.839,.000,,.474,,5.2,1.3,.394,133
Keaton Anthony,805704,last_45,AAA,25.2,Lehigh Valley IronPigs,Total,LHV,- - -,,,21,67,85,21,13,4,0,4,11,15,17,0,13,0,1,0,4,0,0,.313,20.0%,15.3%,1.308,.447,.552,.999,.239,,.333,,17.9,7.1,.442,166
Ryder Helfrick,805785,last_45,A,21.5,Visalia Rawhide,Total,VIS,- - -,,,12,47,54,12,4,5,1,2,9,10,5,0,16,0,2,0,0,0,0,.255,9.3%,29.6%,.312,.315,.532,.847,.277,,.323,,8.3,0.1,.362,102
Aidan Miller,805795,last_45,A,22.2,Clearwater Threshers,Total,CLR,- - -,,,4,12,14,4,1,3,0,0,3,2,2,0,1,0,0,0,1,1,1,.333,14.3%,7.1%,2.000,.429,.583,1.012,.250,,.364,,3.0,1.1,.444,155
Arjun Nimmala,805796,last_45,AA,20.9,Rocket City Trash Pandas,Total,RCT,- - -,,,18,74,88,21,8,6,0,7,18,12,13,0,20,1,0,0,2,0,2,.284,14.8%,22.7%,.650,.398,.649,1.046,.365,,.298,,19.5,7.8,.452,167
Zion Rose,805799,last_45,A+,21.3,Quad Cities River Bandits,Total,QC,- - -,,,8,30,38,8,7,1,0,0,9,3,6,0,6,1,1,0,0,6,1,.267,15.8%,15.8%,1.000,.395,.300,.695,.033,,.320,,5.2,-0.2,.334,96
Nazzan Zanetello,805801,last_45,A+,21.3,Greenville Drive,Total,GVL,- - -,,,11,43,47,13,7,1,1,4,9,8,3,0,17,1,0,0,0,3,0,.302,6.4%,36.2%,.176,.362,.651,1.013,.349,,.409,,10.3,3.7,.439,157
George Wolkow,805804,last_45,A+,20.6,Winston-Salem Dash,Total,WS,- - -,,,10,45,50,10,7,2,1,0,5,11,0,0,21,3,2,0,1,3,0,.222,0.0%,42.0%,.000,.260,.311,.571,.089,,.385,,3.9,-3.1,.257,55
Walker Jenkins,805805,last_45,AAA,21.5,St. Paul Saints,Total,STP,- - -,,,3,11,14,6,3,0,0,3,5,4,3,0,2,0,0,0,0,2,0,.545,21.4%,14.3%,1.500,.643,1.364,2.006,.818,,.500,,6.9,5.1,.799,386
Blake Mitchell,805810,last_45,A+,22.1,Quad Cities River Bandits,Total,QC,- - -,,,10,33,45,9,7,0,0,2,5,10,8,0,15,2,2,0,0,2,1,.273,17.8%,33.3%,.533,.422,.455,.877,.182,,.389,,8.3,1.9,.395,130
Javier Vaz,805834,last_45,AAA,26.0,Omaha Storm Chasers,Total,OMA,- - -,,,18,66,82,13,7,6,0,0,13,6,14,0,15,2,0,0,0,7,0,.197,17.1%,18.3%,.933,.354,.288,.642,.091,,.255,,8.8,-2.5,.312,78
Hyungchan Um,805870,last_45,A+,22.3,Quad Cities River Bandits,Total,QC,- - -,,,10,36,43,10,7,1,2,0,5,4,5,0,11,0,0,2,1,0,1,.278,11.6%,25.6%,.455,.366,.417,.783,.139,,.400,,6.0,-0.3,.354,96
Tanner Thach,805880,last_45,A+,22.5,Spokane Indians,Total,SPO,- - -,,,12,50,53,11,8,3,0,0,5,5,2,0,12,1,0,0,1,1,0,.220,3.8%,22.6%,.167,.264,.280,.544,.060,,.289,,3.7,-4.4,.251,46
Kaden Carpenter,805890,last_45,A,23.2,Hickory Crawdads,Total,HIC,- - -,,,12,37,50,8,3,1,2,2,13,7,11,0,14,2,0,0,1,3,1,.216,22.0%,28.0%,.786,.420,.514,.934,.297,,.286,,10.1,3.4,.417,152
Taylor Young,805891,last_45,AA,28.1,Tulsa Drillers,Total,TUL,- - -,,,16,62,73,18,14,2,1,1,11,6,10,0,14,1,0,0,0,2,1,.290,13.7%,19.2%,.714,.397,.403,.800,.113,,.362,,11.1,0.4,.369,104
Zach Cole,805904,last_45,AAA,26.1,Sugar Land Space Cowboys,Total,SUG,- - -,,,22,82,91,22,9,7,1,5,13,14,8,0,30,1,0,0,1,5,0,.268,8.8%,33.0%,.267,.341,.561,.902,.293,,.362,,15.6,3.8,.394,132
Jhoander Irigoyen,805910,last_45,A,23.7,Myrtle Beach Pelicans,Total,MB,- - -,,,8,26,31,2,2,0,0,0,5,1,5,0,5,0,0,0,1,0,0,.077,16.1%,16.1%,1.000,.226,.077,.303,.000,,.095,,0.3,-3.8,.173,8
Antonis Macias,805950,last_45,A+,21.6,Hub City Spartanburgers,Total,HCS,- - -,,,12,42,51,7,4,1,0,2,8,7,7,0,5,0,1,1,0,0,0,.167,13.7%,9.8%,1.400,.280,.333,.613,.167,,.139,,5.0,-2.2,.283,70
Boston Baro,805951,last_45,A,22.0,St. Lucie Mets,Total,SLU,- - -,,,6,24,28,6,4,2,0,0,4,3,4,0,4,0,0,0,1,2,0,.250,14.3%,14.3%,1.000,.357,.333,.690,.083,,.300,,3.5,-0.5,.324,87
Anthony Huezo,805953,last_45,A+,20.8,Asheville Tourists,Total,ASH,- - -,,,14,58,63,11,4,4,0,3,8,7,4,0,22,1,0,0,1,4,0,.190,6.3%,34.9%,.182,.254,.414,.668,.224,,.242,,6.7,-2.2,.297,75
Kai Roberts,805956,last_45,AA,25.5,San Antonio Missions,Total,SA,- - -,,,13,46,54,10,8,0,1,1,6,6,5,0,16,0,2,1,1,5,0,.217,9.3%,29.6%,.312,.283,.326,.609,.109,,.290,,4.2,-3.7,.275,54
Caleb Farmer,805957,last_45,A+,27.0,Wilmington Blue Rocks,Total,WIL,- - -,,,9,26,32,6,4,2,0,0,2,5,4,0,11,0,2,0,0,0,0,.231,12.5%,34.4%,.364,.312,.308,.620,.077,,.353,,3.1,-1.4,.284,69
Stanley Tucker,805964,last_45,A+,24.4,Greenville Drive,Total,GVL,- - -,,,8,27,31,7,5,1,0,1,3,2,4,0,7,0,0,0,0,3,1,.259,12.9%,22.6%,.571,.355,.407,.762,.148,,.316,,4.6,0.3,.348,106
Ryan McCarty,806005,last_45,AA,27.4,Altoona Curve,Total,ALT,- - -,,,7,18,24,5,4,1,0,0,0,1,6,0,4,0,0,0,0,3,2,.278,25.0%,16.7%,1.500,.458,.333,.792,.056,,.357,,4.1,0.7,.383,122
Eric Becker,806027,last_45,A+,21.4,Dayton Dragons,Total,DAY,- - -,,,10,37,43,8,3,4,0,1,6,4,3,0,7,2,0,1,0,0,1,.216,7.0%,16.3%,.429,.310,.405,.715,.189,,.241,,5.6,-0.5,.325,91
Drew Burress,806039,last_45,A,21.8,Stockton Ports,Total,STK,- - -,,,14,60,71,17,10,2,3,2,16,5,10,1,20,1,0,0,1,10,0,.283,14.1%,28.2%,.500,.394,.517,.911,.233,,.395,,13.0,2.3,.400,121
Dean Curley,806053,last_45,AA,22.4,Akron RubberDucks,Total,AKR,- - -,,,17,62,73,15,9,4,0,2,13,7,10,0,20,1,0,0,0,0,2,.242,13.7%,27.4%,.500,.356,.403,.759,.161,,.325,,10.4,0.2,.348,102
Mason Eckelman,806065,last_45,A,21.9,Inland Empire 66ers,Total,IE,- - -,,,6,25,29,5,2,2,0,1,5,3,4,0,6,0,0,0,0,0,0,.200,13.8%,20.7%,.667,.310,.400,.710,.200,,.222,,3.6,-0.8,.323,82
Jonny Farmelo,806071,last_45,AA,22.0,Arkansas Travelers,Total,ARK,- - -,,,18,68,85,18,13,2,1,2,13,15,15,0,19,1,1,0,1,7,0,.265,17.6%,22.4%,.789,.400,.412,.812,.147,,.333,,13.2,0.7,.373,106
J.D. Gonzalez,806083,last_45,A,20.9,Charleston RiverDogs,Total,CHS,- - -,,,6,17,21,3,3,0,0,0,4,1,3,0,2,0,0,1,0,2,0,.176,14.3%,9.5%,1.500,.300,.176,.476,.000,,.200,,1.4,-1.4,.243,50
Kyle Henley,806120,last_45,A+,21.7,Dayton Dragons,Total,DAY,- - -,,,8,33,33,14,11,2,0,1,8,7,0,0,12,0,0,0,1,0,0,.424,0.0%,36.4%,.000,.424,.576,1.000,.152,,.650,,7.4,2.7,.446,158
Colin Houck,806124,last_45,A+,21.9,Brooklyn Cyclones,Total,BRK,- - -,,,9,33,39,10,6,2,0,2,6,8,5,0,9,1,0,0,0,2,0,.303,12.8%,23.1%,.556,.410,.545,.956,.242,,.364,,8.1,2.7,.425,149
Antonio Jimenez,806128,last_45,A+,22.2,Brooklyn Cyclones,Total,BRK,- - -,,,12,40,45,8,6,0,0,2,3,2,4,0,13,1,0,0,3,0,2,.200,8.9%,28.9%,.308,.289,.350,.639,.150,,.240,,4.8,-1.5,.295,77
Dee Kennedy,806131,last_45,A,21.4,Palm Beach Cardinals,Total,PMB,- - -,,,11,38,46,7,5,1,0,1,9,4,7,0,10,1,0,0,0,3,0,.184,15.2%,21.7%,.700,.326,.289,.616,.105,,.222,,4.7,-1.8,.297,72
Walker Martin,806152,last_45,A+,22.5,Eugene Emeralds,Total,EUG,- - -,,,12,36,49,8,7,1,0,0,14,2,12,0,18,1,0,0,0,4,0,.222,24.5%,36.7%,.667,.429,.250,.679,.028,,.444,,7.1,-0.4,.346,94
David McCann,806154,last_45,A+,22.5,Hudson Valley Renegades,Total,HV,- - -,,,11,40,45,5,2,0,0,3,4,7,3,0,12,2,0,0,0,0,0,.125,6.7%,26.7%,.250,.222,.350,.572,.225,,.080,,3.6,-2.6,.262,58
Tyler Minnick,806166,last_45,A,22.0,Clearwater Threshers,Total,CLR,- - -,,,2,7,9,2,2,0,0,0,1,3,0,0,0,2,0,0,0,0,0,.286,0.0%,0.0%,,.444,.286,.730,.000,,.286,,1.4,0.1,.367,110
Lucas Moore,806169,last_45,A,21.4,Hill City Howlers,Total,HC,- - -,,,10,43,50,12,8,4,0,0,9,7,7,0,11,0,0,0,1,2,2,.279,14.0%,22.0%,.636,.380,.372,.752,.093,,.375,,7.4,0.8,.349,112
Jose Ortiz,806176,last_45,A+,21.6,Eugene Emeralds,Total,EUG,- - -,,,9,35,39,5,4,1,0,0,3,1,3,0,12,0,0,1,1,2,1,.143,7.7%,30.8%,.250,.211,.171,.382,.029,,.217,,0.8,-5.2,.186,13
Tai Peete,806191,last_45,AA,21.1,Springfield Cardinals,Total,SPR,- - -,,,8,38,41,15,11,2,0,2,12,7,3,0,6,0,0,0,1,2,1,.395,7.3%,14.6%,.500,.439,.605,1.044,.211,,.433,,9.2,3.2,.462,153
Hideki Prather,806197,last_45,A,21.9,Fort Myers Mighty Mussels,Total,FTM,- - -,,,7,16,20,2,1,1,0,0,0,0,4,0,7,0,0,0,1,0,0,.125,20.0%,35.0%,.571,.300,.188,.487,.062,,.222,,1.4,-1.5,.252,48
Alfonsin Rosario,806210,last_45,AAA,22.2,Columbus Clippers,Total,COL,- - -,,,19,66,73,9,4,4,0,1,6,4,7,0,31,0,0,0,1,2,1,.136,9.6%,42.5%,.226,.219,.242,.462,.106,,.235,,2.6,-6.7,.218,28
Stone Russell,806212,last_45,A+,22.2,Quad Cities River Bandits,Total,QC,- - -,,,8,23,28,2,1,1,0,0,3,1,4,0,9,0,0,1,2,0,0,.087,14.3%,32.1%,.444,.222,.130,.353,.043,,.143,,0.6,-3.4,.187,15
Easton Shelton,806221,last_45,A,21.0,Ontario Tower Buzzers,Total,ONT,- - -,,,7,23,31,7,4,1,0,2,2,6,6,0,11,1,1,0,1,0,1,.304,19.4%,35.5%,.545,.452,.609,1.060,.304,,.455,,7.1,2.4,.457,151
Aidan Smith,806223,last_45,A+,22.1,Brooklyn Cyclones,Total,BRK,- - -,,,6,26,28,7,7,0,0,0,4,3,2,0,8,0,0,0,1,3,0,.269,7.1%,28.6%,.250,.321,.269,.591,.000,,.389,,2.6,-1.3,.278,67
Alex Sosa,806227,last_45,A,21.8,Stockton Ports,Total,STK,- - -,,,8,24,34,8,7,0,0,1,4,4,9,0,2,0,1,0,1,0,0,.333,26.5%,5.9%,4.500,.500,.458,.958,.125,,.318,,7.3,2.1,.438,141
Sammy Stafura,806230,last_45,A+,21.8,Brooklyn Cyclones,Total,BRK,- - -,,,8,31,36,9,4,3,0,2,4,3,5,0,5,0,0,0,0,1,0,.290,13.9%,13.9%,1.000,.389,.581,.970,.290,,.292,,7.5,2.5,.425,149
Luke Stevenson,806233,last_45,A+,22.1,Everett AquaSox,Total,EVE,- - -,,,13,51,63,13,8,1,0,4,11,9,12,0,20,0,0,0,2,0,1,.255,19.0%,31.7%,.600,.397,.510,.907,.255,,.333,,12.0,2.4,.405,125
Carson Tinney,806245,last_45,A,21.4,Fort Myers Mighty Mussels,Total,FTM,- - -,,,8,25,34,4,2,0,0,2,4,4,8,0,7,1,0,0,0,0,0,.160,23.5%,20.6%,1.143,.382,.400,.782,.240,,.125,,5.3,0.5,.367,110
Ralphy Velazquez,806252,last_45,AAA,21.3,Columbus Clippers,Total,COL,- - -,,,17,62,74,17,10,5,0,2,11,15,10,0,15,0,2,0,1,0,0,.274,13.5%,20.3%,.667,.365,.452,.816,.177,,.319,,11.0,1.6,.364,118
Jaxon Willits,806261,last_45,A,21.9,Rancho Cucamonga Quakes,Total,RC,- - -,,,11,43,51,17,11,5,0,1,11,9,7,0,10,0,1,0,0,3,0,.395,13.7%,19.6%,.700,.471,.581,1.052,.186,,.485,,11.9,4.1,.462,154
Brandon Winokur,806263,last_45,AA,21.7,Wichita Wind Surge,Total,WCH,- - -,,,19,83,89,20,14,2,0,4,11,15,2,0,22,1,2,0,1,3,1,.241,2.2%,24.7%,.091,.261,.410,.671,.169,,.271,,8.3,-4.7,.295,64
Macon Winslow,806264,last_45,A,21.6,Clearwater Threshers,Total,CLR,- - -,,,6,27,29,6,3,2,0,1,6,4,2,0,6,0,0,0,0,0,0,.222,6.9%,20.7%,.333,.276,.407,.683,.185,,.250,,3.2,-1.0,.305,76
Jack Goodman,806275,last_45,A,22.9,Lakeland Flying Tigers,Total,LAK,- - -,,,6,24,25,9,5,3,0,1,4,5,1,0,7,0,0,0,0,2,0,.375,4.0%,28.0%,.143,.400,.625,1.025,.250,,.500,,5.6,2.0,.450,157
Dayson Croes,806401,last_45,AA,26.9,Richmond Flying Squirrels,Total,RIC,- - -,,,18,69,80,25,19,6,0,0,11,8,7,0,6,2,0,2,2,3,2,.362,8.8%,7.5%,1.167,.436,.449,.885,.087,,.397,,14.9,3.7,.404,134
Connor Charping,806464,last_45,AA,27.4,Arkansas Travelers,Total,ARK,- - -,,,10,36,43,6,4,2,0,0,5,2,3,0,7,3,1,0,0,0,1,.167,7.0%,16.3%,.429,.279,.222,.501,.056,,.200,,2.4,-3.9,.246,38
Caden Bogenpohl,806470,last_45,A,21.4,Clearwater Threshers,Total,CLR,- - -,,,4,14,17,1,0,1,0,0,0,0,3,0,6,0,0,0,0,0,0,.071,17.6%,35.3%,.500,.235,.143,.378,.071,,.125,,0.5,-1.9,.202,20
Kam Durnin,806494,last_45,A,22.1,Fayetteville Woodpeckers,Total,FAY,- - -,,,10,36,42,8,6,2,0,0,5,4,3,0,12,3,0,0,0,6,0,.222,7.1%,28.6%,.250,.333,.278,.611,.056,,.333,,4.5,-1.1,.295,80
Avery Ortiz,806499,last_45,A,21.2,Fredericksburg Nationals,Total,FBG,- - -,,,10,30,39,10,4,4,0,2,7,8,9,0,9,0,0,0,0,2,0,.333,23.1%,23.1%,1.000,.487,.667,1.154,.333,,.421,,10.3,5.2,.498,200
Ben Gobbel,806534,last_45,AAA,26.9,Salt Lake Bees,Total,SL,- - -,,,22,82,93,20,17,2,0,1,7,8,8,0,21,3,0,0,1,0,1,.244,8.6%,22.6%,.381,.333,.305,.638,.061,,.317,,9.3,-2.8,.302,77
Sir Jamison Jones,806550,last_45,A,20.3,Fredericksburg Nationals,Total,FBG,- - -,,,7,23,30,7,7,0,0,0,3,5,6,0,5,1,0,0,1,1,0,.304,20.0%,16.7%,1.200,.467,.304,.771,.000,,.389,,5.2,1.2,.379,130
Jancel Villarroel,806611,last_45,AA,21.7,Richmond Flying Squirrels,Total,RIC,- - -,,,15,53,63,11,8,2,1,0,5,5,9,0,12,0,1,0,2,1,0,.208,14.3%,19.0%,.750,.317,.283,.600,.075,,.262,,5.8,-2.9,.284,66
Chris Hacopian,806680,last_45,A+,22.0,Wilmington Blue Rocks,Total,WIL,- - -,,,3,8,10,4,3,0,0,1,2,1,2,0,1,0,0,0,0,0,1,.500,20.0%,10.0%,2.000,.600,.875,1.475,.375,,.500,,3.7,2.3,.626,262
Jake Brown,806701,last_45,A,21.6,Inland Empire 66ers,Total,IE,- - -,,,11,46,52,15,12,3,0,0,6,4,6,0,6,0,0,0,0,2,1,.326,11.5%,11.5%,1.000,.404,.391,.795,.065,,.375,,8.2,0.3,.367,104
Drew Davies,806730,last_45,A,20.8,Daytona Tortugas,Total,DBT,- - -,,,12,31,43,9,5,2,0,2,8,10,9,0,8,1,2,0,0,0,0,.290,20.9%,18.6%,1.125,.442,.548,.990,.258,,.304,,8.9,2.8,.430,145
Abel Lorenzo,806867,last_45,A,21.1,Ontario Tower Buzzers,Total,ONT,- - -,,,13,47,53,11,8,3,0,0,6,8,4,0,10,2,0,0,2,5,1,.234,7.5%,18.9%,.400,.321,.298,.619,.064,,.297,,5.3,-2.7,.292,66
Carlos Gutierrez,806872,last_45,A+,22.0,Greenville Drive,Total,GVL,- - -,,,1,4,4,2,2,0,0,0,1,0,0,0,0,0,0,0,0,1,0,.500,0.0%,0.0%,,.500,.500,1.000,.000,,.500,,0.9,0.4,.455,166
Yael Romero,806873,last_45,A,20.9,Daytona Tortugas,Total,DBT,- - -,,,3,9,12,0,0,0,0,0,1,1,3,0,6,0,0,0,1,0,0,.000,25.0%,50.0%,.500,.250,.000,.250,.000,,.000,,0.1,-1.6,.178,7
Luis Escudero,806884,last_45,A,20.6,Tampa Tarpons,Total,TAM,- - -,,,8,19,26,6,2,3,0,1,5,3,7,0,1,0,0,0,1,3,1,.316,26.9%,3.8%,7.000,.500,.632,1.132,.316,,.294,,6.6,2.9,.492,179
Jose Gonzalez,806919,last_45,A,21.6,Ontario Tower Buzzers,Total,ONT,- - -,,,4,18,19,4,2,0,1,1,5,3,1,0,7,0,0,0,0,1,0,.222,5.3%,36.8%,.143,.263,.500,.763,.278,,.300,,2.5,-0.4,.331,86
Yannic Walther,806921,last_45,A+,22.4,Wisconsin Timber Rattlers,Total,WIS,- - -,,,7,27,28,4,2,2,0,0,3,3,1,0,13,0,0,0,0,0,0,.148,3.6%,46.4%,.077,.179,.222,.401,.074,,.286,,0.5,-3.5,.183,13
Eduardo Tait,806953,last_45,A+,20.0,Cedar Rapids Kernels,Total,CR,- - -,,,11,51,55,11,7,3,0,1,6,5,3,0,8,0,1,0,1,2,0,.216,5.5%,14.5%,.375,.255,.333,.588,.118,,.233,,4.5,-3.3,.264,58
Ethan Salas,806956,last_45,AAA,20.2,El Paso Chihuahuas,Total,ELP,- - -,,,7,25,30,6,5,0,1,0,2,4,5,0,2,0,0,0,1,2,0,.240,16.7%,6.7%,2.500,.367,.320,.687,.080,,.261,,3.5,-0.4,.325,90
Alfredo Duno,806957,last_45,AA,20.7,Chattanooga Lookouts,Total,CHA,- - -,,,14,55,60,20,15,4,1,0,6,6,5,0,10,0,0,0,1,2,0,.364,8.3%,16.7%,.500,.417,.473,.889,.109,,.444,,10.9,2.9,.400,136
Felnin Celesten,806958,last_45,AA,20.9,Arkansas Travelers,Total,ARK,- - -,,,4,14,15,1,1,0,0,0,0,0,1,0,5,0,0,0,0,0,1,.071,6.7%,33.3%,.200,.133,.071,.205,.000,,.111,,-0.8,-3.0,.108,-35
Joendry Vargas,806959,last_45,A,20.8,Ontario Tower Buzzers,Total,ONT,- - -,,,10,41,46,13,11,1,0,1,6,10,4,0,6,1,0,0,0,1,0,.317,8.7%,13.0%,.667,.391,.415,.806,.098,,.353,,7.4,0.4,.370,106
Derniche Valdez,806961,last_45,A,20.4,Myrtle Beach Pelicans,Total,MB,- - -,,,8,27,28,6,4,0,0,2,2,3,1,0,10,0,0,0,1,0,0,.222,3.6%,35.7%,.100,.250,.444,.694,.222,,.267,,3.2,-0.5,.306,87
Enmanuel Bonilla,806962,last_45,A,20.6,Dunedin Blue Jays,Total,DUN,- - -,,,8,17,20,5,5,0,0,0,2,0,3,0,9,0,0,0,0,1,1,.294,15.0%,45.0%,.333,.400,.294,.694,.000,,.625,,2.6,-0.2,.334,92
Brando Mayea,806963,last_45,A,21.0,Tampa Tarpons,Total,TAM,- - -,,,6,18,21,3,2,1,0,0,5,1,3,0,5,0,0,0,1,2,0,.167,14.3%,23.8%,.600,.286,.222,.508,.056,,.231,,1.4,-1.6,.250,46
Sebastian Walcott,806964,last_45,AAA,20.5,Round Rock Express,Total,RR,- - -,,,18,74,87,28,18,4,0,6,25,10,11,0,19,2,0,0,0,9,0,.378,12.6%,21.8%,.579,.471,.676,1.147,.297,,.449,,22.1,9.5,.500,176
Starlyn Caba,806965,last_45,A+,20.7,Beloit Sky Carp,Total,BEL,- - -,,,2,7,9,1,1,0,0,0,0,1,2,0,2,0,0,0,0,0,0,.143,22.2%,22.2%,1.000,.333,.143,.476,.000,,.200,,0.7,-0.6,.259,55
Robert Calaz,806978,last_45,A+,20.8,Spokane Indians,Total,SPO,- - -,,,11,38,44,15,5,4,0,6,11,12,6,0,9,0,0,0,1,0,0,.395,13.6%,20.5%,.667,.477,.974,1.451,.579,,.391,,15.3,8.5,.606,227
Angel Cepeda,806980,last_45,A+,20.9,South Bend Cubs,Total,SB,- - -,,,15,58,69,20,14,1,0,5,13,18,6,0,16,3,2,0,2,0,1,.345,8.7%,23.2%,.375,.420,.621,1.041,.276,,.385,,15.6,5.9,.450,161
Esmil Valencia,806982,last_45,A+,20.9,Beloit Sky Carp,Total,BEL,- - -,,,9,32,35,6,3,1,1,1,3,8,1,0,7,0,2,0,2,1,0,.188,2.9%,20.0%,.143,.200,.375,.575,.188,,.192,,2.3,-2.7,.242,46
Yophery Rodriguez,806983,last_45,A+,20.8,Greenville Drive,Total,GVL,- - -,,,8,29,32,8,1,5,0,2,7,7,3,0,9,0,0,0,0,0,1,.276,9.4%,28.1%,.333,.344,.655,.999,.379,,.333,,6.8,2.3,.429,152
Arnaldo Lantigua,806984,last_45,A,20.7,Daytona Tortugas,Total,DBT,- - -,,,10,40,47,12,7,3,0,2,9,7,4,0,6,2,1,0,2,0,0,.300,8.5%,12.8%,.667,.383,.525,.908,.225,,.303,,8.6,1.9,.400,128
Yoeilin Cespedes,806985,last_45,AA,21.0,Portland Sea Dogs,Total,POR,- - -,,,11,44,49,10,7,2,0,1,4,4,4,0,14,0,0,0,2,1,0,.227,8.2%,28.6%,.286,.292,.341,.633,.114,,.310,,4.8,-2.1,.290,70
Raymond Mola,806986,last_45,A,20.8,Bradenton Marauders,Total,BRD,- - -,,,4,6,9,0,0,0,0,0,0,0,3,0,4,0,0,0,0,2,0,.000,33.3%,44.4%,.750,.333,.000,.333,.000,,.000,,0.5,-0.8,.237,39
Daiverson Gutierrez,806987,last_45,A+,21.0,Brooklyn Cyclones,Total,BRK,- - -,,,5,14,20,3,3,0,0,0,1,0,6,0,5,0,0,0,1,1,0,.214,30.0%,25.0%,1.200,.450,.214,.664,.000,,.333,,3.0,0.2,.350,107
Welbyn Francisca,806988,last_45,A+,20.3,Lake County Captains,Total,LC,- - -,,,15,62,68,15,10,2,0,3,10,9,6,0,20,0,0,0,1,3,1,.242,8.8%,29.4%,.300,.309,.419,.728,.177,,.308,,8.9,-0.7,.328,92
German Ramirez,806993,last_45,A,20.1,Fayetteville Woodpeckers,Total,FAY,- - -,,,6,19,20,5,3,2,0,0,3,4,1,0,9,0,0,0,0,1,0,.263,5.0%,45.0%,.111,.300,.368,.668,.105,,.500,,2.2,-0.4,.301,84
Luis Guanipa,806994,last_45,A+,20.7,Rome Emperors,Total,ROM,- - -,,,13,53,60,11,8,2,0,1,7,8,3,0,9,0,4,0,2,4,0,.208,5.0%,15.0%,.333,.233,.302,.535,.094,,.213,,3.6,-4.8,.235,43
Filippo Di Turi,806995,last_45,A,20.8,Wilson Warbirds,Total,WIL,- - -,,,12,40,51,5,4,0,0,1,6,2,10,0,12,1,0,0,0,1,1,.125,19.6%,23.5%,.833,.314,.200,.514,.075,,.148,,4.3,-2.5,.267,63
Manuel Cabrera,806999,last_45,A,20.6,Fredericksburg Nationals,Total,FBG,- - -,,,9,29,35,6,5,1,0,0,5,6,2,0,11,2,2,0,1,0,0,.207,5.7%,31.4%,.182,.286,.241,.527,.034,,.300,,2.5,-2.1,.250,54
Jeremy Rodriguez,807007,last_45,A,20.2,St. Lucie Mets,Total,SLU,- - -,,,11,31,39,5,4,1,0,0,8,2,7,0,6,0,1,0,2,0,0,.161,17.9%,15.4%,1.167,.308,.194,.501,.032,,.192,,2.7,-2.9,.254,49
Anibal Salas,807010,last_45,A,20.9,Lakeland Flying Tigers,Total,LAK,- - -,,,11,38,43,12,7,4,0,1,7,10,3,0,10,0,2,0,0,0,0,.316,7.0%,23.3%,.300,.349,.500,.849,.184,,.379,,6.8,0.6,.367,110
Carter Beck,807061,last_45,A+,21.2,Rome Emperors,Total,ROM,- - -,,,13,51,64,10,6,3,0,1,9,5,13,0,13,0,0,0,1,5,0,.196,20.3%,20.3%,1.000,.359,.314,.673,.118,,.243,,8.3,-0.7,.323,93
Eric Hartman,807080,last_45,AA,20.2,Columbus Clingstones,Total,COL,- - -,,,17,65,78,8,5,1,1,1,9,6,11,0,28,2,0,0,1,8,0,.123,14.1%,35.9%,.393,.269,.215,.485,.092,,.194,,4.5,-5.9,.242,43
Nathan Flewelling,807083,last_45,A+,19.8,Bowling Green Hot Rods,Total,BG,- - -,,,6,23,25,8,5,3,0,0,3,1,2,0,6,0,0,0,0,0,1,.348,8.0%,24.0%,.333,.400,.478,.878,.130,,.471,,4.6,1.1,.394,132
Ryan Wynn,807231,last_45,A,21.8,Inland Empire 66ers,Total,IE,- - -,,,12,38,44,7,5,2,0,0,7,4,5,0,14,1,0,0,0,0,0,.184,11.4%,31.8%,.357,.295,.237,.532,.053,,.292,,3.3,-3.4,.260,49
Josh Springer,807256,last_45,A,20.2,Hickory Crawdads,Total,HIC,- - -,,,5,17,21,3,3,0,0,0,2,2,4,0,0,0,0,0,1,1,0,.176,19.0%,0.0%,,.333,.176,.510,.000,,.176,,1.7,-1.0,.265,63
JD Dix,807267,last_45,A+,20.9,Hillsboro Hops,Total,HIL,- - -,,,9,35,39,10,5,4,0,1,5,5,4,0,13,0,0,0,0,1,0,.286,10.3%,33.3%,.308,.359,.486,.845,.200,,.429,,6.6,0.6,.376,110
Dalton Wentz,807275,last_45,A+,21.1,Eugene Emeralds,Total,EUG,- - -,,,11,39,47,11,5,5,0,1,8,9,8,0,15,0,0,0,1,3,0,.282,17.0%,31.9%,.533,.404,.487,.891,.205,,.435,,8.8,1.6,.400,122
Dante Nori,807276,last_45,AA,21.9,Reading Fightin Phils,Total,REA,- - -,,,15,59,70,14,10,2,1,1,9,6,11,0,7,0,0,0,2,5,0,.237,15.7%,10.0%,1.571,.357,.356,.713,.119,,.255,,9.1,-0.6,.332,93
Nick Montgomery,807277,last_45,A,20.8,Augusta GreenJackets,Total,AUG,- - -,,,7,23,29,4,2,1,0,1,2,1,5,0,7,1,0,0,1,0,0,.174,17.2%,24.1%,.714,.345,.348,.693,.174,,.200,,3.8,-0.0,.328,100
Chris Rembert,807300,last_45,A,21.2,Bradenton Marauders,Total,BRD,- - -,,,8,27,34,7,6,1,0,0,3,1,7,0,9,0,0,0,0,4,0,.259,20.6%,26.5%,.778,.412,.296,.708,.037,,.389,,4.8,-0.1,.345,98
Justin Lebron,807311,last_45,A+,21.8,Dayton Dragons,Total,DAY,- - -,,,13,55,59,14,9,2,0,3,12,7,4,0,17,0,0,0,0,4,0,.255,6.8%,28.8%,.235,.305,.455,.760,.200,,.314,,8.3,-0.1,.338,99
Kaleb Freeman,807461,last_45,A+,23.8,Winston-Salem Dash,Total,WS,- - -,,,9,26,37,6,6,0,0,0,5,4,9,0,14,2,0,0,1,1,0,.231,24.3%,37.8%,.643,.459,.231,.690,.000,,.500,,5.9,0.7,.361,113
Nelly Taylor,807511,last_45,AA,23.6,Portland Sea Dogs,Total,POR,- - -,,,11,40,45,7,3,3,0,1,7,4,3,0,17,1,1,0,1,1,0,.175,6.7%,37.8%,.176,.244,.325,.569,.150,,.261,,3.2,-3.0,.258,52
Alfredo Alcantara,807643,last_45,A+,20.9,Dayton Dragons,Total,DAY,- - -,,,8,25,29,6,3,1,0,2,6,3,4,0,12,0,0,0,1,0,0,.240,13.8%,41.4%,.333,.345,.520,.865,.280,,.364,,5.1,0.9,.382,123
Adolfo Sanchez,807645,last_45,A,20.0,Daytona Tortugas,Total,DBT,- - -,,,8,26,33,3,1,2,0,0,0,4,6,0,12,1,0,0,0,0,1,.115,18.2%,36.4%,.500,.303,.192,.495,.077,,.214,,2.4,-2.3,.258,51
Matt Shaw,807713,last_45,AAA,24.8,Iowa Cubs,Total,IOW,- - -,,,3,12,13,3,2,1,0,0,3,2,1,0,5,0,0,0,1,1,0,.250,7.7%,38.5%,.200,.308,.333,.641,.083,,.429,,1.2,-0.4,.294,75
Carter Trice,807714,last_45,AA,24.1,Knoxville Smokies,Total,KNX,- - -,,,15,55,63,11,5,4,1,1,5,9,6,0,20,2,0,0,2,2,0,.200,9.5%,31.7%,.300,.302,.364,.665,.164,,.294,,6.7,-1.6,.305,80
Garret Forrester,807720,last_45,AAA,24.8,Jacksonville Jumbo Shrimp,Total,JAX,- - -,,,8,21,29,4,1,2,0,1,5,1,8,0,10,0,0,0,0,0,0,.190,27.6%,34.5%,.800,.414,.429,.842,.238,,.300,,4.9,1.2,.390,134
Ryan Cooney,807721,last_45,A,21.9,Dunedin Blue Jays,Total,DUN,- - -,,,9,24,30,2,2,0,0,0,4,2,4,0,12,2,0,0,2,2,0,.083,13.3%,40.0%,.333,.267,.083,.350,.000,,.167,,0.9,-3.4,.205,22
Maxton Martin,807722,last_45,A+,21.3,Hub City Spartanburgers,Total,HCS,- - -,,,12,51,55,13,7,2,0,4,8,12,2,0,12,0,2,0,0,2,1,.255,3.6%,21.8%,.167,.273,.529,.802,.275,,.243,,7.9,0.2,.342,103
John Peck,807726,last_45,AAA,24.1,Toledo Mud Hens,Total,TOL,- - -,,,4,14,17,7,6,1,0,0,3,1,3,0,3,0,0,0,0,3,0,.500,17.6%,17.6%,1.000,.588,.571,1.160,.071,,.636,,4.6,2.5,.523,216
Carter Graham,807728,last_45,AA,25.0,Chattanooga Lookouts,Total,CHA,- - -,,,18,67,78,21,10,5,1,5,14,13,10,0,21,1,0,0,4,3,0,.313,12.8%,26.9%,.476,.410,.642,1.052,.328,,.390,,17.6,7.2,.457,169
TJayy Walton,807737,last_45,A+,21.6,Jersey Shore BlueClaws,Total,JS,- - -,,,9,32,39,10,8,1,0,1,5,8,6,0,7,0,1,0,0,3,2,.312,15.4%,17.9%,.857,.410,.438,.848,.125,,.360,,6.9,1.4,.383,126
Luke Shliger,807740,last_45,AA,25.0,Erie SeaWolves,Total,ERI,- - -,,,12,43,51,17,8,5,0,4,12,14,6,0,10,0,2,0,0,3,0,.395,11.8%,19.6%,.600,.451,.791,1.242,.395,,.419,,14.1,7.0,.519,198
Colton Ledbetter,807742,last_45,AAA,24.8,Memphis Redbirds,Total,MEM,- - -,,,22,87,99,23,15,6,0,2,12,8,9,0,20,0,3,0,2,3,3,.264,9.1%,20.2%,.450,.323,.402,.726,.138,,.309,,11.7,-0.9,.324,93
Rikuu Nishida,807747,last_45,AAA,25.4,Charlotte Knights,Total,CLT,- - -,,,19,62,82,16,16,0,0,0,14,6,15,0,12,0,0,5,1,3,3,.258,18.3%,14.6%,1.250,.403,.258,.661,.000,,.320,,9.9,-0.5,.328,95
Ethan O'Donnell,807751,last_45,AA,24.5,Pensacola Blue Wahoos,Total,PNS,- - -,,,16,56,66,15,10,2,0,3,9,9,6,0,16,3,1,0,0,6,1,.268,9.1%,24.2%,.375,.364,.464,.828,.196,,.316,,10.5,1.7,.371,119
Rafhlmil Torres,807951,last_45,A,21.0,Daytona Tortugas,Total,DBT,- - -,,,10,38,43,14,10,4,0,0,9,5,5,0,8,0,0,0,2,3,1,.368,11.6%,18.6%,.625,.442,.474,.916,.105,,.467,,8.4,2.2,.415,136
Yassel Soler,807957,last_45,A+,20.6,Hillsboro Hops,Total,HIL,- - -,,,12,44,52,18,15,1,1,1,7,10,7,0,9,1,0,0,0,0,0,.409,13.5%,17.3%,.778,.500,.545,1.045,.136,,.500,,12.5,4.6,.469,157
Ramon Landaeta,807983,last_45,A,20.4,Stockton Ports,Total,STK,- - -,,,6,26,27,6,5,1,0,0,1,3,1,0,9,0,0,0,1,0,0,.231,3.7%,33.3%,.111,.259,.269,.528,.038,,.353,,1.7,-2.4,.243,40
Anielson Buten,808004,last_45,A,21.0,Daytona Tortugas,Total,DBT,- - -,,,8,32,33,8,6,2,0,0,4,3,0,0,9,1,0,0,1,4,0,.250,0.0%,27.3%,.000,.273,.312,.585,.062,,.348,,2.6,-2.1,.266,55
Carlos Virahonda,808024,last_45,A+,20.7,Hillsboro Hops,Total,HIL,- - -,,,14,54,62,12,7,3,0,2,10,12,2,0,10,5,1,0,0,1,2,.222,3.2%,16.1%,.200,.306,.389,.695,.167,,.233,,7.3,-2.1,.316,78
Juan Sierra,808027,last_45,A,20.7,Fayetteville Woodpeckers,Total,FAY,- - -,,,7,22,25,4,3,1,0,0,0,3,2,0,9,0,1,0,0,1,2,.182,8.0%,36.0%,.222,.240,.227,.467,.045,,.286,,1.1,-2.2,.218,35
Juan Hernandez,808037,last_45,A+,20.4,West Michigan Whitecaps,Total,WM,- - -,,,9,29,32,7,5,1,0,1,4,5,2,0,9,0,1,0,1,0,0,.241,6.2%,28.1%,.222,.281,.379,.661,.138,,.300,,3.3,-1.2,.293,74
Abraham Nunez,808041,last_45,A,20.5,Kannapolis Cannon Ballers,Total,KAN,- - -,,,10,41,48,12,7,5,0,0,6,5,5,1,6,1,0,1,2,4,1,.293,10.4%,12.5%,.833,.383,.415,.798,.122,,.343,,7.4,1.1,.357,117
Yoiber Ocopio,808060,last_45,A+,22.0,Fort Wayne TinCaps,Total,FW,- - -,,,9,35,38,11,9,1,0,1,6,3,2,0,9,1,0,0,0,0,0,.314,5.3%,23.7%,.222,.368,.429,.797,.114,,.400,,6.0,0.6,.362,112
Branny De Oleo,808067,last_45,A,21.3,St. Lucie Mets,Total,SLU,- - -,,,8,23,32,9,3,3,0,3,7,9,8,0,9,1,0,0,0,2,0,.391,25.0%,28.1%,.889,.562,.913,1.476,.522,,.545,,11.0,6.4,.605,241
Vladi Gomez,808082,last_45,A,21.0,St. Lucie Mets,Total,SLU,- - -,,,8,28,34,4,4,0,0,0,2,1,6,0,8,0,0,0,0,2,1,.143,17.6%,23.5%,.750,.294,.143,.437,.000,,.200,,1.8,-3.1,.233,37
Kelvin Alcantara,808083,last_45,A,21.0,Inland Empire 66ers,Total,IE,- - -,,,4,14,15,5,3,1,0,1,3,4,1,0,6,0,0,0,0,0,0,.357,6.7%,40.0%,.167,.400,.643,1.043,.286,,.571,,3.4,1.1,.456,151
José Mejía,808090,last_45,A+,20.9,Hillsboro Hops,Total,HIL,- - -,,,11,41,52,6,5,1,0,0,8,4,9,0,10,1,1,0,0,2,0,.146,17.3%,19.2%,.900,.308,.171,.478,.024,,.188,,3.6,-4.4,.250,45
Jhorvic Abreus,808094,last_45,A,20.9,Hill City Howlers,Total,HC,- - -,,,7,21,28,4,2,2,0,0,5,2,6,0,6,0,1,0,0,3,1,.190,21.4%,21.4%,1.000,.357,.286,.643,.095,,.250,,3.3,-0.4,.310,89
Reiner Herrera,808096,last_45,A,20.9,Hill City Howlers,Total,HC,- - -,,,9,25,34,10,7,2,0,1,2,8,5,1,5,3,0,0,0,2,0,.400,14.7%,14.7%,1.000,.545,.600,1.145,.200,,.474,,9.2,4.7,.504,204
Andruw Musett,808104,last_45,A,20.8,Salem RidgeYaks,Total,SAL,- - -,,,6,13,14,4,2,1,0,1,2,4,1,0,5,0,0,0,0,0,0,.308,7.1%,35.7%,.200,.357,.615,.973,.308,,.429,,2.9,1.0,.424,156
Anyelo Marquez,808113,last_45,A,20.7,Rancho Cucamonga Quakes,Total,RC,- - -,,,11,37,52,10,9,0,0,1,4,7,11,0,11,1,2,1,2,0,2,.270,21.2%,21.2%,1.000,.431,.351,.783,.081,,.333,,8.4,0.5,.370,106
Pedro Dalmagro,808116,last_45,A,20.7,Hill City Howlers,Total,HC,- - -,,,10,30,33,8,3,3,0,2,7,5,3,0,9,0,0,0,0,3,0,.267,9.1%,27.3%,.333,.333,.567,.900,.300,,.316,,6.0,1.7,.393,138
Félix Amparo,808118,last_45,A,20.5,Delmarva Shorebirds,Total,DEL,- - -,,,9,28,30,8,8,0,0,0,4,1,2,0,7,0,0,0,2,1,0,.286,6.7%,23.3%,.286,.333,.286,.619,.000,,.381,,3.1,-0.9,.290,77
Samil Dishmey,808120,last_45,A,20.7,Rancho Cucamonga Quakes,Total,RC,- - -,,,4,10,11,2,0,2,0,0,2,1,0,0,4,1,0,0,0,1,0,.200,0.0%,36.4%,.000,.273,.400,.673,.200,,.333,,1.2,-0.5,.303,71
Juan Flores,808129,last_45,AA,20.6,Rocket City Trash Pandas,Total,RCT,- - -,,,13,53,56,8,6,1,0,1,5,5,0,0,15,2,1,0,1,0,0,.151,0.0%,26.8%,.000,.179,.226,.405,.075,,.184,,0.7,-6.7,.185,10
José Pirela,808141,last_45,A+,20.4,Lake County Captains,Total,LC,- - -,,,13,53,58,16,9,4,0,3,7,13,4,0,12,1,0,0,0,0,0,.302,6.9%,20.7%,.333,.362,.547,.909,.245,,.342,,11.0,2.8,.401,134
Sebastian De Andrade,808143,last_45,A+,20.3,Everett AquaSox,Total,EVE,- - -,,,2,3,6,0,0,0,0,0,0,0,3,0,2,0,0,0,0,0,0,.000,50.0%,33.3%,1.500,.500,.000,.500,.000,,.000,,0.9,-0.0,.355,99
Luis Merejo,808153,last_45,A,20.2,Hill City Howlers,Total,HC,- - -,,,3,8,8,1,1,0,0,0,0,0,0,0,4,0,0,0,0,0,0,.125,0.0%,50.0%,.000,.125,.125,.250,.000,,.250,,-0.3,-1.3,.114,-27
Joshua Liranzo,808162,last_45,A,20.0,Delmarva Shorebirds,Total,DEL,- - -,,,8,31,33,8,6,2,0,0,3,0,2,0,6,0,0,0,0,2,0,.258,6.1%,18.2%,.333,.303,.323,.626,.065,,.320,,3.3,-1.1,.287,75
Raimundo De Los Santos,808220,last_45,A,21.5,Dunedin Blue Jays,Total,DUN,- - -,,,10,31,35,5,4,1,0,0,4,4,3,0,14,1,0,0,0,3,0,.161,8.6%,40.0%,.214,.257,.194,.451,.032,,.294,,1.6,-3.4,.223,32
Javier Herrera,808223,last_45,A,21.6,Ontario Tower Buzzers,Total,ONT,- - -,,,10,38,48,9,8,1,0,0,10,5,8,0,14,1,1,0,0,6,1,.237,16.7%,29.2%,.571,.375,.263,.638,.026,,.360,,5.6,-1.7,.313,76
Eduardo Quintero,808234,last_45,A+,21.0,Great Lakes Loons,Total,GL,- - -,,,12,46,55,13,7,3,1,2,12,9,8,0,14,1,0,0,1,2,0,.283,14.5%,25.5%,.571,.400,.522,.922,.239,,.367,,10.7,2.9,.410,137
Luiyin Alastre,808236,last_45,A+,20.9,Wisconsin Timber Rattlers,Total,WIS,- - -,,,11,41,47,5,3,2,0,0,2,5,4,0,11,1,1,0,0,0,2,.122,8.5%,23.4%,.364,.213,.171,.383,.049,,.161,,1.1,-5.5,.189,17
Yirer Garcia,808237,last_45,A,21.0,Charleston RiverDogs,Total,CHS,- - -,,,7,25,27,4,4,0,0,0,2,0,2,0,4,0,0,0,0,0,0,.160,7.4%,14.8%,.500,.222,.160,.382,.000,,.190,,0.6,-3.0,.187,17
Antonio Pimentel,808240,last_45,A,20.9,Bradenton Marauders,Total,BRD,- - -,,,10,37,38,12,9,2,0,1,3,5,0,0,10,0,0,1,0,4,0,.324,0.0%,26.3%,.000,.324,.459,.784,.135,,.423,,5.4,0.0,.348,100
Starlyn Nunez,808245,last_45,A,20.9,Salem RidgeYaks,Total,SAL,- - -,,,10,37,41,9,5,4,0,0,7,1,3,0,10,0,0,0,0,3,2,.243,7.3%,24.4%,.300,.300,.351,.651,.108,,.333,,4.4,-1.0,.296,81
Franklin Arias,808265,last_45,AAA,20.8,Worcester Red Sox,Total,WOR,- - -,,,20,80,90,30,22,6,0,2,16,17,7,0,8,1,2,0,0,4,2,.375,7.8%,8.9%,.875,.422,.525,.947,.150,,.389,,17.3,5.9,.419,152
Gerardo Rodriguez,808269,last_45,A+,20.7,Greenville Drive,Total,GVL,- - -,,,8,30,34,5,4,1,0,0,1,4,3,0,7,0,1,0,2,0,0,.167,8.8%,20.6%,.429,.235,.200,.435,.033,,.208,,1.3,-3.4,.208,28
Miguel Rodríguez,808277,last_45,A,20.7,Delmarva Shorebirds,Total,DEL,- - -,,,7,21,30,6,5,1,0,0,1,3,8,0,3,0,1,0,0,0,0,.286,26.7%,10.0%,2.667,.467,.333,.800,.048,,.316,,5.3,1.3,.384,133
Elian Soto,808279,last_45,A,20.7,Fredericksburg Nationals,Total,FBG,- - -,,,8,28,33,8,6,0,1,1,6,6,5,0,13,0,0,0,0,0,0,.286,15.2%,39.4%,.385,.394,.464,.858,.179,,.500,,5.9,1.5,.387,134
Victor Cardoza,808282,last_45,A,20.6,Clearwater Threshers,Total,CLR,- - -,,,6,19,23,4,2,2,0,0,2,4,2,0,7,1,0,1,0,1,0,.211,8.7%,30.4%,.286,.318,.316,.634,.105,,.333,,2.4,-0.9,.299,73
Alberth Palma,808285,last_45,A,20.6,Charleston RiverDogs,Total,CHS,- - -,,,11,31,44,5,4,1,0,0,1,2,9,0,6,1,1,1,0,7,2,.161,20.5%,13.6%,1.500,.357,.194,.551,.032,,.192,,4.4,-1.4,.288,76
Cristian Jauregui,808286,last_45,A,20.6,Bradenton Marauders,Total,BRD,- - -,,,8,25,28,8,5,3,0,0,1,4,2,0,8,0,1,0,0,2,1,.320,7.1%,28.6%,.250,.357,.440,.797,.120,,.444,,4.1,0.1,.352,102
Luis Lameda,808288,last_45,A+,20.6,Wisconsin Timber Rattlers,Total,WIS,- - -,,,4,14,16,4,3,1,0,0,3,3,2,0,4,0,0,0,0,0,0,.286,12.5%,25.0%,.500,.375,.357,.732,.071,,.400,,2.3,-0.0,.340,100
Julio Zayas,808289,last_45,A,20.6,St. Lucie Mets,Total,SLU,- - -,,,10,34,38,6,3,1,0,2,4,4,4,1,15,0,0,0,1,0,0,.176,10.5%,39.5%,.267,.263,.382,.646,.206,,.235,,3.4,-2.0,.280,63
Tyler Rodriguez,808291,last_45,A+,20.6,Wisconsin Timber Rattlers,Total,WIS,- - -,,,9,29,37,8,3,4,0,1,5,3,6,0,8,2,0,0,0,1,0,.276,16.2%,21.6%,.750,.432,.517,.950,.241,,.350,,7.7,2.5,.426,147
Deward Tovar,808297,last_45,A,20.4,Hickory Crawdads,Total,HIC,- - -,,,11,35,45,7,4,1,0,2,6,6,8,0,18,2,0,0,0,0,1,.200,17.8%,40.0%,.444,.378,.400,.778,.200,,.333,,7.2,1.2,.363,120
Heriberto Rincon,808298,last_45,A+,20.5,Brooklyn Cyclones,Total,BRK,- - -,,,2,8,8,2,2,0,0,0,0,0,0,0,5,0,0,0,0,0,1,.250,0.0%,62.5%,.000,.250,.250,.500,.000,,.667,,0.4,-0.7,.228,39
Kleyver Salazar,808307,last_45,A,20.4,Salem RidgeYaks,Total,SAL,- - -,,,10,35,42,13,9,3,0,1,9,7,5,0,10,2,0,0,3,0,0,.371,11.9%,23.8%,.500,.476,.543,1.019,.171,,.500,,9.8,4.2,.458,176
Pablo Guerrero,808326,last_45,A,20.1,Hickory Crawdads,Total,HIC,- - -,,,1,0,2,0,0,0,0,0,0,0,2,0,0,0,0,0,0,0,0,,100.0%,0.0%,,1.000,,1.000,.000,,,,0.9,0.6,.711,325
Adriander Mejía,808337,last_45,A,20.0,Delmarva Shorebirds,Total,DEL,- - -,,,8,27,33,6,5,1,0,0,3,1,5,0,9,1,0,0,1,1,0,.222,15.2%,27.3%,.556,.364,.259,.623,.037,,.333,,3.8,-0.6,.307,87
Pedro Ibarguen,808338,last_45,A,20.2,Wilson Warbirds,Total,WIL,- - -,,,10,21,28,7,7,0,0,0,3,2,6,0,3,1,0,0,1,0,1,.333,21.4%,10.7%,2.000,.500,.333,.833,.000,,.389,,5.4,1.7,.406,146
Dameury Pena,808365,last_45,A+,21.0,Vancouver Canadians,Total,VAN,- - -,,,10,45,49,12,8,3,0,1,5,5,2,0,3,2,0,0,1,2,0,.267,4.1%,6.1%,.667,.327,.400,.727,.133,,.268,,6.5,-1.0,.330,86
Enyervert Perez,808381,last_45,A,20.9,Visalia Rawhide,Total,VIS,- - -,,,4,17,19,3,3,0,0,0,3,3,1,0,4,1,0,0,0,0,0,.176,5.3%,21.1%,.250,.263,.176,.440,.000,,.231,,0.8,-2.0,.220,29
Angel Guzman,808401,last_45,A,20.8,San Jose Giants,Total,SJ,- - -,,,11,39,45,10,7,2,0,1,7,6,4,0,10,1,0,1,1,0,0,.256,8.9%,22.2%,.400,.341,.385,.726,.128,,.321,,5.9,-0.9,.333,87
Jeremy Almonte,808503,last_45,A,20.9,Jupiter Hammerheads,Total,JUP,- - -,,,5,17,17,4,3,0,0,1,2,2,0,0,5,0,0,0,0,0,0,.235,0.0%,29.4%,.000,.235,.412,.647,.176,,.273,,1.6,-0.8,.285,65
Andres Valor,808516,last_45,A,20.8,Jupiter Hammerheads,Total,JUP,- - -,,,7,27,30,3,2,0,0,1,2,2,3,0,19,0,0,0,0,4,1,.111,10.0%,63.3%,.158,.200,.222,.422,.111,,.286,,0.9,-3.4,.202,20
John Gil,808535,last_45,AA,20.3,Columbus Clingstones,Total,COL,- - -,,,18,76,84,26,20,3,2,1,9,10,8,0,11,0,0,0,0,9,2,.342,9.5%,13.1%,.727,.405,.474,.878,.132,,.391,,14.9,3.7,.395,133
Scott Mudler,808564,last_45,A+,23.3,Jersey Shore BlueClaws,Total,JS,- - -,,,11,35,40,5,5,0,0,0,2,5,3,0,8,1,1,0,0,0,0,.143,7.5%,20.0%,.375,.225,.143,.368,.000,,.179,,0.9,-4.7,.186,16
D'Angelo Ortiz,808571,last_45,A,22.2,Salem RidgeYaks,Total,SAL,- - -,,,7,21,23,5,3,2,0,0,4,2,2,0,5,0,0,0,1,0,0,.238,8.7%,21.7%,.400,.304,.333,.638,.095,,.312,,2.4,-0.6,.293,79
Angel Acosta,808665,last_45,AA,23.5,Northwest Arkansas Naturals,Total,NWA,- - -,,,14,49,56,12,9,1,0,2,6,5,4,0,9,1,1,1,2,3,1,.245,7.1%,16.1%,.444,.309,.388,.697,.143,,.256,,6.1,-2.1,.314,74
Ramon Ramirez,808675,last_45,A+,21.2,Quad Cities River Bandits,Total,QC,- - -,,,10,39,43,6,4,0,0,2,9,6,4,0,14,0,0,0,1,2,0,.154,9.3%,32.6%,.286,.233,.308,.540,.154,,.174,,3.0,-3.1,.249,49
Javier Mogollon,808684,last_45,A+,20.8,Winston-Salem Dash,Total,WS,- - -,,,12,58,62,18,14,1,0,3,10,10,3,0,16,1,0,0,0,5,2,.310,4.8%,25.8%,.188,.355,.483,.838,.172,,.385,,10.5,1.8,.375,121
Daniel Lopez,808693,last_45,A,21.0,Columbia Fireflies,Total,COL,- - -,,,8,23,30,8,5,1,2,0,4,3,5,0,3,2,0,0,0,7,2,.348,16.7%,10.0%,1.667,.500,.565,1.065,.217,,.400,,7.3,3.4,.472,185
Stiven Flores,808696,last_45,A,20.7,Kannapolis Cannon Ballers,Total,KAN,- - -,,,8,36,39,9,8,1,0,0,7,5,1,0,4,1,1,0,1,1,0,.250,2.6%,10.3%,.250,.282,.278,.560,.028,,.273,,3.0,-2.2,.257,58
Asbel Gonzalez,808706,last_45,A+,20.7,Quad Cities River Bandits,Total,QC,- - -,,,11,38,51,6,5,1,0,0,6,2,11,0,17,1,0,1,0,7,1,.158,21.6%,33.3%,.647,.360,.184,.544,.026,,.286,,5.1,-2.1,.288,71
Cal Stark,808744,last_45,A+,24.1,Hub City Spartanburgers,Total,HCS,- - -,,,6,21,22,3,2,1,0,0,2,3,1,0,7,0,0,0,0,1,1,.143,4.5%,31.8%,.143,.182,.190,.372,.048,,.214,,0.3,-2.8,.174,9
Ben McLaughlin,808768,last_45,AA,24.3,Amarillo Sod Poodles,Total,AMA,- - -,,,16,63,71,25,14,6,1,4,14,17,5,0,7,3,0,0,3,1,0,.397,7.0%,9.9%,.714,.465,.714,1.179,.317,,.404,,18.7,8.3,.512,180
Jake Duer,808786,last_45,A,23.3,Visalia Rawhide,Total,VIS,- - -,,,11,37,42,8,4,3,1,0,4,5,3,0,9,0,2,0,1,0,0,.216,7.1%,21.4%,.333,.262,.351,.613,.135,,.267,,3.4,-2.9,.269,54
Henry Kaczmar,808793,last_45,A+,23.5,Everett AquaSox,Total,EVE,- - -,,,3,11,12,4,3,1,0,0,0,2,1,0,2,0,0,0,0,0,1,.364,8.3%,16.7%,.500,.417,.455,.871,.091,,.444,,2.2,0.3,.395,119
Gable Mitchell,808852,last_45,A+,22.8,Vancouver Canadians,Total,VAN,- - -,,,9,28,37,8,4,2,0,2,4,7,6,1,4,3,0,0,0,1,1,.286,16.2%,10.8%,1.500,.459,.571,1.031,.286,,.273,,8.4,2.7,.451,148
Raider Tello,808864,last_45,AAA,25.6,Lehigh Valley IronPigs,Total,LHV,- - -,,,18,59,67,17,11,3,0,3,12,16,6,0,19,0,1,1,2,0,0,.288,9.0%,28.4%,.316,.348,.492,.840,.203,,.368,,10.6,1.5,.371,116
Emilio Barreras,808903,last_45,A+,23.0,Beloit Sky Carp,Total,BEL,- - -,,,7,23,28,5,2,2,0,1,4,2,5,0,4,0,0,0,0,1,0,.217,17.9%,14.3%,1.250,.357,.435,.792,.217,,.222,,4.4,0.4,.360,111
Hyeseong Kim,808975,last_45,AAA,27.6,Oklahoma City Comets,Total,OKC,- - -,,,19,74,83,21,17,3,1,0,10,6,7,0,18,0,1,1,0,5,2,.284,8.4%,21.7%,.389,.341,.351,.693,.068,,.368,,9.2,-1.6,.317,86
Jack Toomey,809057,last_45,A,23.3,St. Lucie Mets,Total,SLU,- - -,,,10,33,40,7,6,1,0,0,6,3,7,0,16,0,0,0,0,1,1,.212,17.5%,40.0%,.438,.350,.242,.592,.030,,.412,,4.0,-1.7,.293,70
Ben Newton,809091,last_45,A,24.2,Stockton Ports,Total,STK,- - -,,,1,4,4,0,0,0,0,0,0,0,0,0,3,0,0,0,0,0,0,.000,0.0%,75.0%,.000,.000,.000,.000,.000,,.000,,-0.5,-1.1,.000,-85
Murf Gray,809092,last_45,AA,22.7,Altoona Curve,Total,ALT,- - -,,,18,64,77,20,11,5,0,4,14,13,10,0,12,1,2,0,1,1,0,.312,13.0%,15.6%,.833,.403,.578,.981,.266,,.320,,15.6,4.9,.426,146
Tommy Hopfe,809101,last_45,A+,23.9,Spokane Indians,Total,SPO,- - -,,,12,43,53,15,10,4,0,1,10,4,7,0,7,3,0,0,0,2,0,.349,13.2%,13.2%,1.000,.472,.512,.983,.163,,.400,,11.8,3.6,.445,145
Kyle Walker,809143,last_45,A+,23.7,Asheville Tourists,Total,ASH,- - -,,,10,36,42,11,4,6,0,1,7,2,4,0,7,2,0,0,0,5,3,.306,9.5%,16.7%,.571,.405,.556,.960,.250,,.357,,8.8,2.9,.425,149
Tom Poole,809231,last_45,A,23.9,Charleston RiverDogs,Total,CHS,- - -,,,6,20,24,3,2,1,0,0,3,1,2,0,6,2,0,0,0,1,0,.150,8.3%,25.0%,.333,.292,.200,.492,.050,,.214,,1.7,-1.5,.251,54
Brian Sanchez,809331,last_45,A+,22.2,Beloit Sky Carp,Total,BEL,- - -,,,8,26,34,6,3,1,0,2,4,6,6,0,9,0,2,0,0,1,0,.231,17.6%,26.5%,.667,.353,.500,.853,.269,,.235,,5.5,0.7,.368,115
Trevor Austin,809338,last_45,AAA,25.0,Sugar Land Space Cowboys,Total,SUG,- - -,,,18,55,64,10,6,2,0,2,5,9,7,0,17,1,1,0,2,0,0,.182,10.9%,26.6%,.412,.281,.327,.609,.145,,.216,,5.3,-3.4,.281,61
Victor Figueroa,809372,last_45,AA,22.7,Chesapeake Baysox,Total,CHE,- - -,,,15,60,65,16,11,3,0,2,10,8,4,0,24,1,0,0,0,2,0,.267,6.2%,36.9%,.167,.323,.417,.740,.150,,.412,,8.5,-0.5,.334,94
Juan Cruz,809397,last_45,A,22.0,Fredericksburg Nationals,Total,FBG,- - -,,,11,47,52,18,12,4,1,1,12,12,3,0,10,0,2,0,0,1,1,.383,5.8%,19.2%,.300,.404,.574,.978,.191,,.447,,10.7,3.8,.423,155
Damian Ruiz,809452,last_45,A+,22.4,Dayton Dragons,Total,DAY,- - -,,,11,39,47,7,4,1,0,2,6,5,5,0,12,2,0,1,0,3,0,.179,10.6%,25.5%,.417,.304,.359,.663,.179,,.200,,5.5,-1.2,.309,82
Maika Niu,809569,last_45,A+,22.7,Hudson Valley Renegades,Total,HV,- - -,,,11,37,43,5,3,1,0,1,4,5,5,0,13,1,0,0,1,3,0,.135,11.6%,30.2%,.385,.256,.243,.499,.108,,.174,,2.9,-3.2,.243,47
Michael Dattalo,809633,last_45,A+,22.6,Peoria Chiefs,Total,PEO,- - -,,,8,27,29,6,6,0,0,0,2,3,2,0,9,0,0,0,1,0,0,.222,6.9%,31.0%,.222,.276,.222,.498,.000,,.333,,1.8,-2.3,.237,43
Cam Maldonado,809686,last_45,A+,22.8,Eugene Emeralds,Total,EUG,- - -,,,10,38,45,10,4,1,1,4,8,10,3,0,13,3,1,0,0,2,1,.263,6.7%,28.9%,.231,.356,.658,1.013,.395,,.273,,9.5,2.6,.431,137
Charlie Condon,809707,last_45,AAA,23.4,Albuquerque Isotopes,Total,ABQ,- - -,,,25,95,113,27,16,6,0,5,19,24,15,0,28,3,0,0,2,1,2,.284,13.3%,24.8%,.536,.398,.505,.903,.221,,.355,,20.4,5.7,.405,139
Damian Bravo,809720,last_45,A+,23.0,Eugene Emeralds,Total,EUG,- - -,,,13,51,56,13,5,6,0,2,11,6,4,0,19,1,0,0,0,3,1,.255,7.1%,33.9%,.211,.321,.490,.812,.235,,.367,,8.7,0.1,.359,101
Weber Neels,809730,last_45,A,23.2,Visalia Rawhide,Total,VIS,- - -,,,7,32,33,12,1,9,0,2,5,6,0,0,8,1,0,0,0,0,0,.375,0.0%,24.2%,.000,.394,.844,1.238,.469,,.455,,9.5,4.5,.531,189
Kaeden Kent,809763,last_45,A+,23.0,Eugene Emeralds,Total,EUG,- - -,,,10,45,46,12,6,4,0,2,5,5,1,0,7,0,0,0,2,4,0,.267,2.2%,15.2%,.143,.283,.489,.771,.222,,.278,,6.4,-0.7,.338,90
Luis Puello,809772,last_45,A,20.6,Tampa Tarpons,Total,TAM,- - -,,,7,25,28,1,1,0,0,0,2,1,2,0,8,1,0,0,2,0,1,.040,7.1%,28.6%,.250,.143,.040,.183,.000,,.059,,-1.2,-5.2,.110,-30
Kien Vu,809844,last_45,A+,22.9,Dayton Dragons,Total,DAY,- - -,,,12,42,51,11,8,0,0,3,12,8,7,0,17,1,1,0,0,2,2,.262,13.7%,33.3%,.412,.373,.476,.849,.214,,.348,,8.6,1.6,.379,122
Chase Meggers,809861,last_45,A+,23.7,Brooklyn Cyclones,Total,BRK,- - -,,,10,30,38,6,4,2,0,0,5,1,8,0,9,0,0,0,0,0,0,.200,21.1%,23.7%,.889,.368,.267,.635,.067,,.286,,4.6,-0.7,.314,87
Elijah Hainline,809944,last_45,AA,23.7,Tulsa Drillers,Total,TUL,- - -,,,18,62,79,15,12,1,0,2,13,9,15,0,21,1,1,0,2,3,2,.242,19.0%,26.6%,.714,.392,.355,.747,.113,,.325,,11.0,-0.6,.352,95
Kodey Shojinaga,809975,last_45,A+,23.5,Jersey Shore BlueClaws,Total,JS,- - -,,,9,31,34,5,3,1,0,1,3,4,3,0,2,0,0,0,4,0,0,.161,8.8%,5.9%,1.500,.235,.290,.526,.129,,.143,,2.3,-2.5,.243,48
Ryan Jackson,810838,last_45,AA,24.8,San Antonio Missions,Total,SA,- - -,,,14,54,59,7,6,0,0,1,4,2,5,0,20,0,0,0,1,0,0,.130,8.5%,33.9%,.250,.203,.185,.389,.056,,.182,,0.6,-8.0,.189,7
Jay Beshears,810891,last_45,AA,24.4,Pensacola Blue Wahoos,Total,PNS,- - -,,,9,31,35,6,4,1,0,1,5,3,3,0,5,0,0,1,0,0,0,.194,8.6%,14.3%,.600,.265,.323,.587,.129,,.200,,2.8,-1.9,.270,60
Ben Williamson,810938,last_45,AAA,25.9,Durham Bulls,Total,DUR,- - -,,,3,9,9,1,0,1,0,0,0,0,0,0,4,0,0,0,1,0,0,.111,0.0%,44.4%,.000,.111,.222,.333,.111,,.200,,-0.2,-1.3,.144,-18
Connor Rasmussen,811278,last_45,A,22.5,Columbia Fireflies,Total,COL,- - -,,,14,48,56,11,5,3,1,2,8,6,7,0,11,1,0,0,0,3,0,.229,12.5%,19.6%,.636,.339,.458,.798,.229,,.257,,8.5,0.9,.357,112
Carson Roccaforte,811287,last_45,AAA,24.5,Omaha Storm Chasers,Total,OMA,- - -,,,23,88,97,26,14,7,0,5,12,14,8,1,29,0,0,1,1,9,0,.295,8.2%,29.9%,.276,.354,.545,.900,.250,,.389,,16.7,4.4,.393,136
Spencer Nivens,811289,last_45,AA,24.8,Northwest Arkansas Naturals,Total,NWA,- - -,,,20,77,90,25,18,6,0,1,12,13,11,0,16,1,1,0,0,2,2,.325,12.2%,17.8%,.688,.411,.442,.853,.117,,.393,,14.9,1.7,.387,113
Caden Sorrell,811294,last_45,A,21.5,Myrtle Beach Pelicans,Total,MB,- - -,,,8,30,32,10,7,0,0,3,6,12,2,0,12,0,0,0,0,2,1,.333,6.2%,37.5%,.167,.375,.633,1.008,.300,,.467,,7.1,2.8,.441,166
Justin Riemer,811312,last_45,AAA,24.5,Las Vegas Aviators,Total,LV,- - -,,,1,1,2,0,0,0,0,0,0,0,1,0,0,0,0,0,0,0,0,.000,50.0%,0.0%,,.500,.000,.500,.000,,.000,,0.3,0.0,.355,109
Bryan Gonzalez Garcia,811314,last_45,A,21.1,Ontario Tower Buzzers,Total,ONT,- - -,,,6,24,27,5,3,1,1,0,3,4,3,0,9,0,0,0,1,0,0,.208,11.1%,33.3%,.333,.296,.333,.630,.125,,.333,,2.6,-1.5,.289,64
Jake Berkland,811443,last_45,A,21.1,Kannapolis Cannon Ballers,Total,KAN,- - -,,,10,29,43,7,6,1,0,0,11,4,12,0,7,1,0,1,1,6,3,.241,27.9%,16.3%,1.714,.476,.276,.752,.034,,.318,,7.5,1.8,.382,131
Yimy Tovar,811602,last_45,A+,20.4,Fort Wayne TinCaps,Total,FW,- - -,,,8,28,32,6,4,1,0,1,4,5,4,0,9,0,0,0,1,0,0,.214,12.5%,28.1%,.444,.312,.357,.670,.143,,.278,,3.7,-0.8,.309,83
Yosweld Vasquez,811633,last_45,A+,21.8,Asheville Tourists,Total,ASH,- - -,,,5,17,20,4,4,0,0,0,1,2,2,0,6,0,1,0,1,0,0,.235,10.0%,30.0%,.333,.300,.235,.535,.000,,.333,,1.5,-1.3,.253,53
Landyn Vidourek,811716,last_45,A,22.8,Fresno Grizzlies,Total,FRE,- - -,,,11,36,43,5,2,1,1,1,3,4,6,0,15,1,0,0,0,3,0,.139,14.0%,34.9%,.400,.279,.306,.585,.167,,.200,,3.8,-2.8,.276,58
Cody Miller,811764,last_45,A+,22.2,Rome Emperors,Total,ROM,- - -,,,13,50,58,12,9,1,1,1,8,9,6,0,15,1,1,0,1,4,1,.240,10.3%,25.9%,.400,.328,.360,.688,.120,,.314,,7.1,-1.0,.315,88
Deniel Ortiz,811765,last_45,AA,22.1,Springfield Cardinals,Total,SPR,- - -,,,16,54,69,19,13,2,0,4,12,13,10,0,17,2,3,0,2,4,1,.352,14.5%,24.6%,.588,.449,.611,1.060,.259,,.417,,15.2,5.0,.456,150
Tony Santa Maria,811948,last_45,A+,24.4,Bowling Green Hot Rods,Total,BG,- - -,,,11,42,51,13,5,5,0,3,13,9,6,0,12,2,1,0,2,6,0,.310,11.8%,23.5%,.500,.412,.643,1.055,.333,,.357,,11.8,4.6,.453,165
Joshua Kuroda-Grauer,811965,last_45,AAA,23.6,Las Vegas Aviators,Total,LV,- - -,,,3,9,10,2,1,1,0,0,1,0,1,0,2,0,0,0,2,0,0,.222,10.0%,20.0%,.500,.300,.333,.633,.111,,.286,,0.9,-0.4,.291,70
Dashyll Tejeda,812158,last_45,A,20.5,Fredericksburg Nationals,Total,FBG,- - -,,,13,45,52,13,10,2,0,1,9,10,7,0,11,0,0,0,0,3,3,.289,13.5%,21.2%,.636,.385,.400,.785,.111,,.364,,8.2,1.3,.361,119
Clay Burdette,812185,last_45,A,22.2,Kannapolis Cannon Ballers,Total,KAN,- - -,,,12,46,56,15,9,2,3,1,14,16,8,0,16,1,1,0,1,8,0,.326,14.3%,28.6%,.500,.429,.565,.994,.239,,.467,,12.0,4.6,.433,161
Stephen Hrustich,812442,last_45,A+,25.0,West Michigan Whitecaps,Total,WM,- - -,,,10,31,43,5,3,1,0,1,4,6,10,1,14,0,2,0,0,2,1,.161,23.3%,32.6%,.714,.349,.290,.639,.129,,.222,,4.7,-1.4,.298,77
Ryan Franden,812469,last_45,A,23.1,Dunedin Blue Jays,Total,DUN,- - -,,,6,19,21,3,2,0,0,1,3,2,2,0,4,0,0,0,1,1,1,.158,9.5%,19.0%,.500,.238,.316,.554,.158,,.143,,1.5,-1.5,.255,49
Camden Janik,812518,last_45,AA,24.2,Altoona Curve,Total,ALT,- - -,,,8,26,29,5,4,1,0,0,4,3,2,0,7,1,0,0,0,0,0,.192,6.9%,24.1%,.286,.276,.231,.507,.038,,.263,,1.8,-2.2,.245,44
Qrey Lott,812540,last_45,A,21.8,Lake Elsinore Storm,Total,LE,- - -,,,11,34,41,12,7,3,1,1,9,6,4,0,15,2,1,0,0,5,2,.353,9.8%,36.6%,.267,.439,.588,1.027,.235,,.579,,9.1,2.8,.447,146
Carson Kerce,812668,last_45,A,21.8,Visalia Rawhide,Total,VIS,- - -,,,12,45,57,13,8,3,0,2,11,8,10,0,9,2,0,0,1,2,0,.289,17.5%,15.8%,1.111,.439,.489,.927,.200,,.324,,11.4,2.8,.421,132
Kyle Jones,812807,last_45,A,21.6,Wilson Warbirds,Total,WIL,- - -,,,12,46,53,10,9,1,0,0,4,5,6,0,10,0,1,0,1,2,1,.217,11.3%,18.9%,.600,.302,.239,.541,.022,,.270,,4.2,-2.9,.259,59
Sherman Johnson,812818,last_45,A,21.6,Daytona Tortugas,Total,DBT,- - -,,,10,39,45,12,8,3,0,1,6,8,5,0,9,0,1,0,0,2,0,.308,11.1%,20.0%,.556,.378,.462,.839,.154,,.367,,7.3,0.9,.374,114
Jacob Lombard,813075,last_45,A,18.9,Jupiter Hammerheads,Total,JUP,- - -,,,8,28,31,5,2,2,0,1,4,5,3,0,14,0,0,0,0,3,2,.179,9.7%,45.2%,.214,.258,.357,.615,.179,,.308,,2.8,-1.7,.279,62
Logan Hughes,813314,last_45,A,21.4,Fayetteville Woodpeckers,Total,FAY,- - -,,,9,30,37,9,5,2,0,2,6,12,6,0,9,1,0,0,0,1,1,.300,16.2%,24.3%,.667,.432,.567,.999,.267,,.368,,8.2,3.3,.442,167
Aidan Teel,813359,last_45,A,22.0,Fort Myers Mighty Mussels,Total,FTM,- - -,,,3,10,12,1,1,0,0,0,0,0,2,0,5,0,0,0,1,1,0,.100,16.7%,41.7%,.400,.250,.100,.350,.000,,.200,,0.3,-1.4,.194,16
Justin Johnson,813386,last_45,AA,26.4,Northwest Arkansas Naturals,Total,NWA,- - -,,,18,67,76,21,12,6,0,3,10,13,6,0,14,1,2,0,0,0,2,.313,7.9%,18.4%,.429,.368,.537,.906,.224,,.346,,13.1,1.9,.395,117
Jack Winnay,813400,last_45,AA,23.2,Portland Sea Dogs,Total,POR,- - -,,,1,2,2,0,0,0,0,0,0,0,0,0,0,0,0,0,0,0,0,.000,0.0%,0.0%,,.000,.000,.000,.000,,.000,,-0.3,-0.5,.000,-93
Lucas Ramirez,813429,last_45,A,20.6,Rancho Cucamonga Quakes,Total,RC,- - -,,,9,32,38,7,1,3,0,3,10,5,5,0,12,0,1,0,0,2,0,.219,13.2%,31.6%,.417,.316,.594,.910,.375,,.222,,6.6,0.8,.386,114
Jayden Lobliner,813488,last_45,A,22.4,Palm Beach Cardinals,Total,PMB,- - -,,,6,23,23,6,3,0,0,3,4,6,0,0,11,0,0,0,1,0,0,.261,0.0%,47.8%,.000,.261,.652,.913,.391,,.333,,4.1,0.8,.394,125
Carson Rucker,813620,last_45,A+,22.1,West Michigan Whitecaps,Total,WM,- - -,,,10,35,41,8,5,0,0,3,7,8,5,0,12,1,0,0,1,0,0,.229,12.2%,29.3%,.417,.341,.486,.827,.257,,.250,,6.8,0.9,.370,116
Justin DeCriscio,813664,last_45,AA,23.5,San Antonio Missions,Total,SA,- - -,,,17,60,70,15,11,3,0,1,5,2,5,0,15,5,0,0,5,2,1,.250,7.1%,21.4%,.333,.357,.350,.707,.100,,.318,,8.6,-1.6,.332,84
Ariel Armas,813666,last_45,AA,23.8,Knoxville Smokies,Total,KNX,- - -,,,16,58,68,14,10,2,0,2,9,6,6,0,11,2,2,0,1,1,0,.241,8.8%,16.2%,.545,.324,.379,.703,.138,,.255,,8.0,-1.1,.319,88
Jack Gurevitch,813668,last_45,AA,22.5,Springfield Cardinals,Total,SPR,- - -,,,16,68,73,21,10,3,0,8,13,22,2,0,28,2,1,0,1,0,1,.309,2.7%,38.4%,.071,.342,.706,1.048,.397,,.394,,15.6,4.9,.449,146
Sam Biller,813697,last_45,A+,24.2,Brooklyn Cyclones,Total,BRK,- - -,,,1,3,3,2,1,1,0,0,1,0,0,0,0,0,0,0,0,0,0,.667,0.0%,0.0%,,.667,1.000,1.667,.333,,.667,,1.4,0.9,.735,322
Khadim Diaw,813715,last_45,AA,23.1,Wichita Wind Surge,Total,WCH,- - -,,,12,48,57,16,10,4,0,2,6,5,3,0,7,3,2,0,1,0,2,.333,5.3%,12.3%,.429,.393,.542,.935,.208,,.341,,10.4,2.0,.408,124
Robert Hipwell,813771,last_45,A+,23.5,Eugene Emeralds,Total,EUG,- - -,,,9,31,37,11,6,2,1,2,5,13,5,0,7,0,0,1,0,0,0,.355,13.5%,18.9%,.714,.444,.677,1.122,.323,,.409,,9.4,3.7,.485,165
Colton Coates,813832,last_45,A,21.7,Salem RidgeYaks,Total,SAL,- - -,,,9,32,39,9,7,2,0,0,7,3,7,0,5,0,0,0,0,1,1,.281,17.9%,12.8%,1.400,.410,.344,.754,.062,,.333,,6.0,0.9,.357,117
Cole Conn,813833,last_45,AAA,25.2,Las Vegas Aviators,Total,LV,- - -,,,21,89,97,29,17,7,1,4,23,18,8,0,24,0,0,0,0,3,3,.326,8.2%,24.7%,.333,.381,.562,.943,.236,,.410,,18.3,5.7,.415,145
Chase Call,813842,last_45,AA,24.3,Corpus Christi Hooks,Total,CC,- - -,,,16,53,57,7,4,1,0,2,4,8,3,0,29,0,0,0,0,1,0,.132,5.3%,50.9%,.103,.179,.264,.443,.132,,.227,,1.2,-7.2,.202,14
Will Bush,813844,last_45,AA,22.5,Corpus Christi Hooks,Total,CC,- - -,,,18,60,78,13,10,1,0,2,5,9,16,0,23,2,0,0,1,5,1,.217,20.5%,29.5%,.696,.397,.333,.731,.117,,.314,,10.8,-0.6,.352,95
Colton Becker,813851,last_45,AAA,25.4,Omaha Storm Chasers,Total,OMA,- - -,,,19,55,65,10,9,0,0,1,10,6,9,0,18,1,0,0,0,5,0,.182,13.8%,27.7%,.500,.308,.236,.544,.055,,.250,,4.8,-3.8,.268,56
Trey Paige,813852,last_45,AAA,25.9,Memphis Redbirds,Total,MEM,- - -,,,17,61,68,20,14,2,2,2,10,14,6,0,12,1,0,0,0,1,0,.328,8.8%,17.6%,.500,.397,.525,.922,.197,,.383,,12.6,3.8,.409,143
Charlie Pagliarini,813860,last_45,AA,25.7,Arkansas Travelers,Total,ARK,- - -,,,18,75,83,21,5,8,0,8,16,22,7,0,28,0,1,0,0,0,1,.280,8.4%,33.7%,.250,.337,.707,1.044,.427,,.325,,17.4,5.2,.443,143
Devin Saltiban,813880,last_45,A+,21.6,Jersey Shore BlueClaws,Total,JS,- - -,,,9,31,35,9,7,1,0,1,3,5,4,0,5,0,0,0,1,4,0,.290,11.4%,14.3%,.800,.371,.419,.791,.129,,.320,,5.5,0.7,.361,113
Ryan Ignoffo,813883,last_45,AA,26.1,Pensacola Blue Wahoos,Total,PNS,- - -,,,12,37,42,7,4,1,0,2,7,3,4,0,8,1,0,0,1,1,0,.189,9.5%,19.0%,.500,.286,.378,.664,.189,,.185,,4.4,-1.2,.303,79
Kellon Lindsey,813916,last_45,A,21.0,Ontario Tower Buzzers,Total,ONT,- - -,,,13,48,66,15,9,2,0,4,15,9,15,0,14,2,1,0,0,8,0,.312,22.7%,21.2%,1.071,.485,.604,1.089,.292,,.355,,16.0,6.0,.475,160
Jack Lines,813922,last_45,A,20.8,Charleston RiverDogs,Total,CHS,- - -,,,8,24,28,3,1,2,0,0,4,1,2,0,8,2,0,0,1,0,1,.125,7.1%,28.6%,.250,.250,.208,.458,.083,,.188,,1.5,-2.2,.229,41
Ivan Luciano,813930,last_45,A+,19.8,Hillsboro Hops,Total,HIL,- - -,,,5,21,23,6,2,4,0,0,4,4,2,0,9,0,0,0,1,0,0,.286,8.7%,39.1%,.222,.348,.476,.824,.190,,.500,,3.7,0.2,.366,104
Ty Head,813935,last_45,A,21.3,Delmarva Shorebirds,Total,DEL,- - -,,,12,41,48,10,8,1,1,0,5,1,5,0,15,0,0,2,1,5,0,.244,10.4%,31.2%,.333,.326,.317,.643,.073,,.385,,5.3,-1.2,.299,81
Jan Luis Reyes,813939,last_45,A,20.9,Myrtle Beach Pelicans,Total,MB,- - -,,,7,24,25,2,2,0,0,0,1,2,1,0,9,0,0,0,0,0,0,.083,4.0%,36.0%,.111,.120,.083,.203,.000,,.133,,-1.1,-4.4,.101,-34
John Wimmer,814091,last_45,A,21.5,Rancho Cucamonga Quakes,Total,RC,- - -,,,10,39,48,11,4,5,0,2,8,12,7,0,18,1,0,1,0,3,0,.282,14.6%,37.5%,.389,.404,.564,.968,.282,,.474,,9.8,2.6,.427,135
Ben Cleary,814097,last_45,A,21.3,Hill City Howlers,Total,HC,- - -,,,7,26,31,7,6,1,0,0,2,3,5,0,5,0,0,0,1,1,2,.269,16.1%,16.1%,1.000,.387,.308,.695,.038,,.333,,4.2,0.1,.333,102
Derik Alcantara,814131,last_45,A,21.5,Myrtle Beach Pelicans,Total,MB,- - -,,,9,26,31,4,3,1,0,0,1,0,5,0,5,0,0,0,0,2,0,.154,16.1%,16.1%,1.000,.290,.192,.483,.038,,.190,,2.1,-2.0,.244,50
Scott Bandura,814154,last_45,AAA,25.1,Sacramento River Cats,Total,SAC,- - -,,,18,72,86,25,13,9,1,2,15,9,11,0,8,2,1,0,2,6,1,.347,12.8%,9.3%,1.375,.442,.583,1.025,.236,,.365,,18.5,7.3,.449,165
Cashel Dugger,814158,last_45,A,21.1,Fredericksburg Nationals,Total,FBG,- - -,,,6,18,25,3,2,1,0,0,0,3,4,0,7,1,2,0,1,0,0,.167,16.0%,28.0%,.571,.320,.222,.542,.056,,.231,,2.1,-1.2,.268,64
Chase Jaworsky,814172,last_45,A+,22.1,Beloit Sky Carp,Total,BEL,- - -,,,9,32,39,12,8,1,0,3,6,10,6,0,7,0,1,0,1,4,0,.375,15.4%,17.9%,.857,.462,.688,1.149,.312,,.391,,10.1,4.6,.492,183
Jayson Bass,814188,last_45,A+,20.3,Cedar Rapids Kernels,Total,CR,- - -,,,4,15,17,3,3,0,0,0,1,1,1,0,6,1,0,0,1,0,0,.200,5.9%,35.3%,.167,.294,.200,.494,.000,,.333,,1.2,-1.3,.246,48
Quinn McDaniel,814194,last_45,A+,23.9,Cedar Rapids Kernels,Total,CR,- - -,,,13,41,51,9,7,1,0,1,5,4,10,0,9,0,0,0,0,1,0,.220,19.6%,17.6%,1.111,.373,.317,.690,.098,,.258,,6.3,-1.2,.331,84
Carlos Caro,814261,last_45,AAA,21.8,Indianapolis Indians,Total,IND,- - -,,,7,23,28,2,2,0,0,0,5,0,3,0,8,2,0,0,0,0,0,.087,10.7%,28.6%,.375,.250,.087,.337,.000,,.133,,0.8,-3.1,.194,20
Kevin Verde,814269,last_45,AA,20.7,Somerset Patriots,Total,SOM,- - -,,,1,0,1,0,0,0,0,0,0,0,0,0,0,0,0,1,0,0,0,,0.0%,0.0%,,,,.000,.000,,,,0.1,0.0,,100
Dario Reynoso,814294,last_45,A,21.5,San Jose Giants,Total,SJ,- - -,,,9,34,40,10,6,1,1,2,8,7,6,0,14,0,0,0,0,3,0,.294,15.0%,35.0%,.429,.400,.559,.959,.265,,.444,,8.1,2.0,.422,133
Pascanel Ferreras,814299,last_45,AAA,24.8,Sugar Land Space Cowboys,Total,SUG,- - -,,,25,100,112,28,19,6,0,3,10,13,8,0,25,3,0,1,3,2,2,.280,7.1%,22.3%,.320,.351,.430,.781,.150,,.347,,15.7,1.2,.354,108
Zyhir Hope,814307,last_45,AA,21.6,Erie SeaWolves,Total,ERI,- - -,,,16,65,77,24,18,1,1,4,12,15,10,1,15,1,1,0,1,7,2,.369,13.0%,19.5%,.667,.455,.600,1.055,.231,,.426,,17.7,6.9,.459,164
Alberto Rios,814362,last_45,A+,24.5,Tri-City Dust Devils,Total,TRI,- - -,,,7,24,30,8,7,1,0,0,3,7,4,0,3,0,1,1,0,0,0,.333,13.3%,10.0%,1.333,.414,.375,.789,.042,,.364,,4.7,0.1,.362,103
Jack Natili,814385,last_45,A,21.5,Fresno Grizzlies,Total,FRE,- - -,,,10,37,44,7,4,1,0,2,7,4,4,0,13,2,1,0,1,0,0,.189,9.1%,29.5%,.308,.295,.378,.674,.189,,.217,,4.9,-1.8,.306,73
Seaver King,814409,last_45,AAA,23.4,Rochester Red Wings,Total,ROC,- - -,,,25,111,120,27,18,5,1,3,15,6,7,0,27,1,0,0,0,1,0,.243,5.8%,22.5%,.259,.294,.387,.682,.144,,.296,,12.6,-2.6,.307,83
Jacob Humphrey,814410,last_45,AA,23.6,Hartford Yard Goats,Total,HFD,- - -,,,15,62,69,21,19,2,0,0,8,3,6,0,14,1,0,0,1,5,0,.339,8.7%,20.3%,.429,.406,.371,.777,.032,,.438,,10.5,0.9,.361,109
Matt Scannell,814411,last_45,A,25.0,Augusta GreenJackets,Total,AUG,- - -,,,7,22,28,3,2,1,0,0,5,2,6,0,11,0,0,0,0,1,0,.136,21.4%,39.3%,.545,.321,.182,.503,.045,,.273,,2.3,-1.4,.264,62
Ian Petrutz,814413,last_45,A+,24.0,Peoria Chiefs,Total,PEO,- - -,,,13,49,51,11,6,1,1,3,7,13,1,0,12,0,0,0,0,1,0,.224,2.0%,23.5%,.083,.240,.469,.709,.245,,.235,,5.5,-1.8,.309,75
Kyle DeBarge,814414,last_45,AA,23.2,Wichita Wind Surge,Total,WCH,- - -,,,19,68,80,19,18,1,0,0,10,6,9,0,20,1,1,1,0,13,2,.279,11.2%,25.0%,.450,.367,.294,.661,.015,,.388,,8.7,-3.0,.314,74
Jackson Castillo,814431,last_45,AA,23.4,Somerset Patriots,Total,SOM,- - -,,,12,36,42,9,7,1,0,1,4,2,6,0,16,0,0,0,0,1,1,.250,14.3%,38.1%,.375,.357,.361,.718,.111,,.421,,5.5,-0.3,.334,94
Ryan Galanie,814436,last_45,AAA,26.3,Charlotte Knights,Total,CLT,- - -,,,16,62,64,14,11,3,0,0,4,4,2,0,14,0,0,0,1,2,1,.226,3.1%,21.9%,.143,.250,.274,.524,.048,,.292,,3.3,-4.8,.239,41
Ivan Brethowr,814442,last_45,AA,23.5,Altoona Curve,Total,ALT,- - -,,,9,31,35,5,5,0,0,0,3,2,4,0,13,0,0,0,1,1,0,.161,11.4%,37.1%,.308,.257,.161,.418,.000,,.278,,1.2,-3.6,.211,26
Will Turner,814444,last_45,AA,24.0,Portland Sea Dogs,Total,POR,- - -,,,14,53,63,11,3,4,0,4,10,9,9,0,13,1,0,0,1,1,2,.208,14.3%,20.6%,.692,.333,.509,.843,.302,,.194,,10.2,1.4,.373,116
Jared Sprague-Lott,814445,last_45,AA,24.9,Midland RockHounds,Total,MID,- - -,,,20,76,91,21,14,4,2,1,12,10,14,0,17,1,0,0,4,3,1,.276,15.4%,18.7%,.824,.396,.421,.817,.145,,.345,,14.1,0.8,.374,106
Wehiwa Aloy,814450,last_45,A+,22.6,Frederick Keys,Total,FRE,- - -,,,17,66,70,18,11,1,0,6,13,11,3,0,21,1,0,0,2,4,1,.273,4.3%,30.0%,.143,.314,.561,.875,.288,,.308,,11.9,2.2,.383,122
Jakob Christian,814451,last_45,A+,24.0,Eugene Emeralds,Total,EUG,- - -,,,1,3,5,0,0,0,0,0,0,0,2,0,2,0,0,0,0,0,0,.000,40.0%,40.0%,1.000,.400,.000,.400,.000,,.000,,0.5,-0.3,.284,63
Anthony Martinez,814452,last_45,A+,22.4,Lake County Captains,Total,LC,- - -,,,9,37,42,13,7,1,0,5,12,11,2,0,9,2,1,0,0,0,0,.351,4.8%,21.4%,.222,.405,.784,1.189,.432,,.333,,11.3,5.3,.503,189
Nick Mitchell,814455,last_45,AA,23.0,Harrisburg Senators,Total,HBG,- - -,,,15,56,66,23,20,1,1,1,10,9,7,0,13,2,1,0,0,0,0,.411,10.6%,19.7%,.538,.485,.518,1.003,.107,,.512,,14.7,5.5,.450,159
Jake Casey,814457,last_45,A+,23.4,Vancouver Canadians,Total,VAN,- - -,,,13,52,64,13,7,3,1,2,9,11,10,0,17,1,1,0,1,3,0,.250,15.6%,26.6%,.588,.375,.462,.837,.212,,.324,,10.7,0.9,.374,109
Fenwick Trimble,814458,last_45,AA,24.0,Pensacola Blue Wahoos,Total,PNS,- - -,,,3,9,11,3,2,1,0,0,0,3,2,0,1,0,0,0,0,0,2,.333,18.2%,9.1%,2.000,.455,.444,.899,.111,,.375,,2.1,0.6,.412,143
Crew McChesney,814469,last_45,A,21.7,Kannapolis Cannon Ballers,Total,KAN,- - -,,,4,11,12,2,1,1,0,0,0,3,1,0,5,0,0,0,0,0,1,.182,8.3%,41.7%,.200,.250,.273,.523,.091,,.333,,0.8,-0.8,.243,49
Brady Cerkownyk,814499,last_45,A+,23.6,Wilmington Blue Rocks,Total,WIL,- - -,,,4,10,16,1,1,0,0,0,1,0,6,0,5,0,0,0,1,0,1,.100,37.5%,31.2%,1.200,.438,.100,.537,.000,,.200,,2.1,-0.2,.324,93
Dylan Fien,814504,last_45,A+,20.9,Lansing Lugnuts,Total,LAN,- - -,,,7,29,32,4,4,0,0,0,1,2,3,0,12,0,0,0,0,0,0,.138,9.4%,37.5%,.250,.219,.138,.357,.000,,.235,,0.5,-4.0,.180,12
Ace Reese,814505,last_45,A,21.4,Inland Empire 66ers,Total,IE,- - -,,,11,42,55,17,12,4,0,1,11,8,10,0,6,1,2,0,2,1,0,.405,18.2%,10.9%,1.667,.509,.571,1.081,.167,,.432,,13.3,5.0,.474,160
Caden Kendle,814522,last_45,AA,24.5,Wichita Wind Surge,Total,WCH,- - -,,,13,56,60,19,11,4,0,4,10,15,3,0,12,0,1,0,1,3,0,.339,5.0%,20.0%,.250,.367,.625,.992,.286,,.366,,11.9,3.1,.429,136
Sam Kulasingam,814528,last_45,AA,25.2,Northwest Arkansas Naturals,Total,NWA,- - -,,,18,70,85,20,13,4,0,3,17,17,13,0,23,2,0,0,2,4,1,.286,15.3%,27.1%,.565,.412,.471,.883,.186,,.386,,15.0,2.6,.401,120
Jaron Elkins,814696,last_45,A+,21.8,Great Lakes Loons,Total,GL,- - -,,,12,43,51,7,6,1,0,0,5,4,7,0,14,0,1,0,2,2,0,.163,13.7%,27.5%,.500,.275,.186,.461,.023,,.233,,2.8,-4.4,.230,39
Dariel Ramon,814748,last_45,A+,20.5,Vancouver Canadians,Total,VAN,- - -,,,8,29,30,5,4,1,0,0,2,3,1,0,9,0,0,0,0,1,0,.172,3.3%,30.0%,.111,.200,.207,.407,.034,,.250,,0.6,-4.0,.188,14
Gabe Camacho,814761,last_45,A,20.9,Palm Beach Cardinals,Total,PMB,- - -,,,12,39,45,12,7,4,0,1,6,5,2,0,10,4,0,0,1,0,0,.308,4.4%,22.2%,.200,.400,.487,.887,.179,,.393,,8.3,1.9,.401,129
Jonathan Hogart,814781,last_45,A,24.4,Clearwater Threshers,Total,CLR,- - -,,,8,23,33,4,3,0,0,1,5,3,8,0,11,2,0,0,0,1,0,.174,24.2%,33.3%,.727,.424,.304,.729,.130,,.273,,5.1,0.4,.364,109
Jared Sundstrom,814791,last_45,AA,25.2,Arkansas Travelers,Total,ARK,- - -,,,7,25,27,8,3,2,0,3,7,4,2,0,7,0,0,0,0,0,0,.320,7.4%,25.9%,.286,.370,.760,1.130,.440,,.333,,6.5,2.6,.484,165
Maddox Molony,814829,last_45,A,21.9,Lakeland Flying Tigers,Total,LAK,- - -,,,4,10,12,2,2,0,0,0,2,0,1,0,2,1,0,0,0,0,0,.200,8.3%,16.7%,.500,.333,.200,.533,.000,,.250,,1.0,-0.7,.273,59
Neurelin Montero,814842,last_45,A+,20.3,Hub City Spartanburgers,Total,HCS,- - -,,,2,6,8,0,0,0,0,0,2,0,1,0,4,1,0,0,0,0,0,.000,12.5%,50.0%,.250,.250,.000,.250,.000,,.000,,0.2,-1.0,.182,13
Matthew Ferrara,814955,last_45,A,19.3,Clearwater Threshers,Total,CLR,- - -,,,10,40,46,14,12,2,0,0,12,2,6,0,9,0,0,0,1,8,2,.350,13.0%,19.6%,.667,.435,.400,.835,.050,,.452,,7.9,1.4,.386,121
Reece Moroney,814964,last_45,A,21.4,Clearwater Threshers,Total,CLR,- - -,,,8,32,39,14,13,0,1,0,6,6,7,0,12,0,0,0,0,0,1,.438,17.9%,30.8%,.583,.538,.500,1.038,.062,,.700,,9.4,3.8,.473,168
Derek Berg,815074,last_45,AAA,25.0,Indianapolis Indians,Total,IND,- - -,,,18,60,67,11,7,2,0,2,7,8,3,0,23,2,0,2,2,1,0,.183,4.5%,34.3%,.130,.246,.317,.563,.133,,.257,,4.5,-4.0,.258,53
Coby Morales,815089,last_45,AA,24.8,Somerset Patriots,Total,SOM,- - -,,,18,64,74,19,17,1,0,1,15,6,9,0,18,0,1,0,0,1,0,.297,12.2%,24.3%,.500,.378,.359,.738,.062,,.391,,10.2,-0.1,.342,99
Jackson Appel,815096,last_45,A+,25.0,Winston-Salem Dash,Total,WS,- - -,,,6,20,26,4,3,0,0,1,6,2,4,0,6,1,1,0,2,1,0,.200,15.4%,23.1%,.667,.346,.350,.696,.150,,.214,,3.4,-0.3,.324,93
Graysen Tarlow,815104,last_45,AAA,25.2,Memphis Redbirds,Total,MEM,- - -,,,9,30,36,10,7,3,0,0,6,6,4,0,2,1,1,0,1,1,0,.333,11.1%,5.6%,2.000,.417,.433,.850,.100,,.345,,6.0,1.4,.384,130
Alexey Lumpuy,815121,last_45,A+,22.5,South Bend Cubs,Total,SB,- - -,,,10,38,41,17,9,4,2,2,7,14,3,0,10,0,0,0,0,8,1,.447,7.3%,24.4%,.300,.488,.816,1.304,.368,,.577,,12.9,7.1,.561,221
Mac McCroskey,815151,last_45,AA,26.7,Rocket City Trash Pandas,Total,RCT,- - -,,,6,23,25,5,4,1,0,0,3,3,2,0,11,0,0,0,1,1,0,.217,8.0%,44.0%,.182,.280,.261,.541,.043,,.417,,1.7,-1.6,.254,50
Theo Hardy,815152,last_45,AAA,24.8,Round Rock Express,Total,RR,- - -,,,9,20,28,6,3,1,1,1,7,4,5,0,5,2,0,1,0,1,0,.300,17.9%,17.9%,1.000,.481,.600,1.081,.300,,.357,,6.5,2.7,.475,172
Slade Caldwell,815154,last_45,A+,20.2,Hillsboro Hops,Total,HIL,- - -,,,4,18,20,2,1,0,1,0,2,2,1,0,6,0,0,1,0,1,1,.111,5.0%,30.0%,.167,.158,.222,.380,.111,,.167,,0.2,-2.9,.172,5
Wilder Dalis,815195,last_45,A+,20.1,Spokane Indians,Total,SPO,- - -,,,12,49,52,17,12,2,0,3,10,6,3,0,12,0,0,0,1,1,0,.347,5.8%,23.1%,.250,.385,.571,.956,.224,,.412,,10.6,2.6,.423,133
Aldo Gaxiola,815220,last_45,A,20.2,Dunedin Blue Jays,Total,DUN,- - -,,,10,37,39,11,5,2,0,4,8,10,2,0,9,0,0,0,0,0,0,.297,5.1%,23.1%,.222,.333,.676,1.009,.378,,.292,,8.2,2.7,.436,148
Patrick Lee,815268,last_45,AA,26.9,Erie SeaWolves,Total,ERI,- - -,,,11,39,43,10,4,3,0,3,8,9,3,0,17,1,0,0,0,2,0,.256,7.0%,39.5%,.176,.326,.564,.890,.308,,.368,,7.5,1.5,.389,125
Will Verdung,815299,last_45,A+,23.2,Rome Emperors,Total,ROM,- - -,,,9,34,41,14,10,1,1,2,7,8,5,0,5,1,1,0,0,0,1,.412,12.2%,12.2%,1.000,.488,.676,1.164,.265,,.429,,11.0,5.3,.501,192
Josh Adamczewski,815304,last_45,AA,21.3,Biloxi Shuckers,Total,BLX,- - -,,,18,64,79,16,12,2,0,2,12,6,14,0,19,1,0,0,0,2,1,.250,17.7%,24.1%,.737,.392,.375,.767,.125,,.326,,11.8,1.3,.360,112
Caleb Bonemer,815352,last_45,AA,20.9,Birmingham Barons,Total,BIR,- - -,,,19,71,85,18,9,5,0,4,10,10,13,1,22,0,1,0,1,1,0,.254,15.3%,25.9%,.591,.365,.493,.858,.239,,.304,,13.8,2.5,.377,122
Luke Dickerson,815380,last_45,A+,21.1,Wilmington Blue Rocks,Total,WIL,- - -,,,12,39,49,6,5,1,0,0,9,1,10,0,17,0,0,0,0,4,0,.154,20.4%,34.7%,.588,.327,.179,.506,.026,,.273,,4.1,-2.8,.264,60
Theo Gillen,815394,last_45,AA,21.0,Montgomery Biscuits,Total,MTG,- - -,,,16,65,73,19,12,4,2,1,14,11,6,0,13,1,1,0,1,3,0,.292,8.2%,17.8%,.462,.356,.462,.818,.169,,.346,,11.1,1.4,.363,114
Alex Hernandez,815415,last_45,A,21.1,Stockton Ports,Total,STK,- - -,,,9,31,33,5,4,0,0,1,3,2,2,0,7,0,0,0,1,0,0,.161,6.1%,21.2%,.286,.212,.258,.470,.097,,.174,,1.4,-3.6,.217,27
Jesus Freitez,815438,last_45,A,20.7,Fresno Grizzlies,Total,FRE,- - -,,,2,8,8,2,1,0,1,0,1,0,0,0,2,0,0,0,1,0,0,.250,0.0%,25.0%,.000,.250,.500,.750,.250,,.333,,1.0,-0.2,.319,80
Lisbel Diaz,815464,last_45,AA,21.2,Richmond Flying Squirrels,Total,RIC,- - -,,,17,67,73,14,11,2,0,1,3,13,2,0,20,1,3,0,1,6,1,.209,2.7%,27.4%,.100,.233,.284,.516,.075,,.265,,3.7,-6.4,.231,37
Augie Lopez,815488,last_45,A,21.2,Lake Elsinore Storm,Total,LE,- - -,,,6,15,17,2,0,0,0,2,3,2,2,0,4,0,0,0,1,0,1,.133,11.8%,23.5%,.500,.235,.533,.769,.400,,.000,,2.2,-0.4,.332,86
Wills Maginnis,815491,last_45,A,21.2,Salem RidgeYaks,Total,SAL,- - -,,,9,31,41,3,2,1,0,0,8,0,6,0,8,4,0,0,1,3,0,.097,14.6%,19.5%,.750,.317,.129,.446,.032,,.130,,3.0,-2.4,.252,55
Braylon Payne,815520,last_45,AA,20.1,Biloxi Shuckers,Total,BLX,- - -,,,18,75,81,23,12,5,1,5,16,9,4,0,21,0,1,0,1,1,0,.307,4.9%,25.9%,.190,.338,.600,.938,.293,,.360,,15.0,4.2,.405,139
Ediel Rivera,815528,last_45,A,20.9,Tampa Tarpons,Total,TAM,- - -,,,2,6,7,2,2,0,0,0,2,1,1,0,2,0,0,0,1,1,0,.333,14.3%,28.6%,.500,.429,.333,.762,.000,,.500,,1.1,0.1,.362,107
Trey Snyder,815551,last_45,A+,21.0,Brooklyn Cyclones,Total,BRK,- - -,,,12,45,50,13,11,2,0,0,7,6,4,0,10,0,1,0,0,6,0,.289,8.0%,20.0%,.400,.340,.333,.673,.044,,.361,,5.9,-1.1,.309,84
Joe Olsavsky,815586,last_45,A,24.4,Augusta GreenJackets,Total,AUG,- - -,,,6,18,22,1,1,0,0,0,2,0,2,0,7,2,0,0,0,0,0,.056,9.1%,31.8%,.286,.227,.056,.283,.000,,.091,,0.2,-2.7,.174,9
Bo Davidson,815589,last_45,AAA,24.2,Sacramento River Cats,Total,SAC,- - -,,,21,80,93,24,14,5,1,4,15,15,11,1,20,1,1,0,0,2,1,.300,11.8%,21.5%,.550,.387,.537,.925,.237,,.351,,16.7,4.6,.404,138
Matthew Boughton,815592,last_45,A,21.0,Kannapolis Cannon Ballers,Total,KAN,- - -,,,10,41,49,5,5,0,0,0,8,2,7,0,12,1,0,0,1,5,0,.122,14.3%,24.5%,.583,.265,.122,.387,.000,,.172,,1.9,-4.6,.210,30
Wyatt Sanford,815608,last_45,A+,20.8,Greensboro Grasshoppers,Total,GBO,- - -,,,11,49,58,16,9,3,0,4,14,8,7,0,13,2,0,0,0,5,0,.327,12.1%,22.4%,.538,.431,.633,1.064,.306,,.375,,13.9,5.8,.465,172
Kayson Cunningham,815617,last_45,A+,20.2,Hillsboro Hops,Total,HIL,- - -,,,12,48,56,13,8,3,0,2,12,9,7,0,13,1,0,0,0,4,0,.271,12.5%,23.2%,.538,.375,.458,.833,.188,,.333,,9.4,0.9,.377,110
Tytus Cissell,815632,last_45,A,20.4,Visalia Rawhide,Total,VIS,- - -,,,10,32,40,6,5,1,0,0,2,4,5,0,10,3,0,0,0,3,1,.188,12.5%,25.0%,.500,.350,.219,.569,.031,,.273,,3.9,-2.1,.291,65
Tyson Lewis,815653,last_45,A+,20.7,Dayton Dragons,Total,DAY,- - -,,,10,42,46,11,5,4,1,1,5,5,3,0,16,1,0,0,0,3,2,.262,6.5%,34.8%,.188,.326,.476,.802,.214,,.400,,7.1,0.5,.355,108
Eli Lovich,815654,last_45,A,21.1,Myrtle Beach Pelicans,Total,MB,- - -,,,7,19,23,2,0,1,1,0,2,2,4,0,9,0,0,0,1,0,0,.105,17.4%,39.1%,.444,.261,.263,.524,.158,,.200,,1.7,-1.4,.251,54
Brendan Tunink,815665,last_45,A,20.9,Ontario Tower Buzzers,Total,ONT,- - -,,,3,12,13,1,1,0,0,0,1,0,1,0,7,0,0,0,0,1,0,.083,7.7%,53.8%,.143,.154,.083,.237,.000,,.200,,-0.4,-2.4,.125,-20
Grady Emerson,815690,last_45,A,18.5,Charleston RiverDogs,Total,CHS,- - -,,,10,41,46,9,8,0,1,0,6,3,4,0,12,0,1,0,0,2,0,.220,8.7%,26.1%,.333,.283,.268,.551,.049,,.300,,3.5,-2.6,.256,57
Arturo Disla,815697,last_45,AA,25.9,Frisco RoughRiders,Total,FRI,- - -,,,16,72,78,20,12,3,0,5,11,14,5,1,21,0,1,0,1,1,0,.278,6.4%,26.9%,.238,.321,.528,.848,.250,,.319,,11.7,0.2,.366,102
Jadyn Fielder,815723,last_45,A,22.0,Fayetteville Woodpeckers,Total,FAY,- - -,,,6,21,22,5,2,2,0,1,4,2,0,0,9,1,0,0,1,2,0,.238,0.0%,40.9%,.000,.273,.476,.749,.238,,.364,,3.0,-0.1,.330,97
Dylan Jasso,815734,last_45,AA,23.8,Pensacola Blue Wahoos,Total,PNS,- - -,,,9,32,35,9,4,5,0,0,6,5,3,0,9,0,0,0,0,0,0,.281,8.6%,25.7%,.333,.343,.438,.780,.156,,.391,,5.0,0.3,.350,107
Carter Johnson,815793,last_45,A+,20.5,Beloit Sky Carp,Total,BEL,- - -,,,11,43,49,9,7,1,1,0,7,7,5,0,9,1,0,0,1,4,2,.209,10.2%,18.4%,.556,.306,.279,.585,.070,,.265,,4.5,-2.4,.278,65
Brady Ebel,815816,last_45,A,19.1,Wilson Warbirds,Total,WIL,- - -,,,6,15,22,2,1,1,0,0,4,2,4,0,6,3,0,0,0,2,0,.133,18.2%,27.3%,.667,.409,.200,.609,.067,,.222,,2.9,-0.2,.331,95
Gavin Fien,815818,last_45,A,19.5,Fredericksburg Nationals,Total,FBG,- - -,,,3,11,13,3,2,0,0,1,4,1,2,0,2,0,0,0,0,0,0,.273,15.4%,15.4%,1.000,.385,.545,.930,.273,,.250,,2.6,0.8,.412,149
Sean Gamble,815819,last_45,A,20.2,Columbia Fireflies,Total,COL,- - -,,,8,29,34,5,2,2,0,1,1,2,4,0,8,1,0,0,0,3,0,.172,11.8%,23.5%,.500,.294,.345,.639,.172,,.200,,3.7,-0.8,.297,81
Josiah Hartshorn,815824,last_45,A+,19.6,South Bend Cubs,Total,SB,- - -,,,16,53,72,15,8,4,0,3,11,13,17,1,19,0,2,0,3,6,1,.283,23.6%,26.4%,.895,.444,.528,.973,.245,,.364,,14.9,4.8,.425,148
Ryan Mitchell,815829,last_45,A,19.6,Palm Beach Cardinals,Total,PMB,- - -,,,11,38,46,9,9,0,0,0,5,3,7,0,17,0,1,0,0,4,0,.237,15.2%,37.0%,.412,.348,.237,.585,.000,,.409,,4.3,-2.2,.286,66
Dean Moss,815830,last_45,A,20.4,Charleston RiverDogs,Total,CHS,- - -,,,11,42,47,11,8,3,0,0,3,2,5,0,6,0,0,0,0,3,1,.262,10.6%,12.8%,.833,.340,.333,.674,.071,,.306,,5.7,-0.6,.313,91
Xavier Neyens,815832,last_45,A+,19.9,Asheville Tourists,Total,ASH,- - -,,,10,38,45,7,2,3,0,2,6,6,6,0,21,1,0,0,1,0,2,.184,13.3%,46.7%,.286,.311,.421,.732,.237,,.333,,6.1,-0.2,.332,97
Quentin Young,815839,last_45,A,19.5,Fort Myers Mighty Mussels,Total,FTM,- - -,,,9,29,33,7,7,0,0,0,1,4,3,0,14,0,1,0,0,1,0,.241,9.1%,42.4%,.214,.303,.241,.544,.000,,.438,,2.4,-2.3,.258,50
Josh Hammond,815843,last_45,A,20.0,Columbia Fireflies,Total,COL,- - -,,,4,15,16,2,2,0,0,0,1,0,1,0,6,0,0,0,0,1,0,.133,6.2%,37.5%,.167,.188,.133,.321,.000,,.222,,-0.0,-2.1,.158,-1
Sean Keys,815873,last_45,AAA,23.3,Buffalo Bisons,Total,BUF,- - -,,,7,27,33,11,7,2,1,1,6,7,4,0,7,1,0,1,0,0,0,.407,12.1%,21.2%,.571,.500,.667,1.167,.259,,.526,,8.7,4.5,.509,207
Jeremiah Jenkins,815877,last_45,A,23.3,San Jose Giants,Total,SJ,- - -,,,12,48,55,6,5,1,0,0,5,3,5,0,15,2,0,0,2,0,0,.125,9.1%,27.3%,.333,.236,.146,.382,.021,,.182,,1.4,-6.9,.198,17
Paulino Santana,815889,last_45,A,19.8,Hickory Crawdads,Total,HIC,- - -,,,12,39,50,9,7,1,0,1,8,2,9,0,10,2,0,0,2,7,2,.231,18.0%,20.0%,.900,.400,.333,.733,.103,,.286,,7.6,1.0,.353,114
Fernando Cruz,815890,last_45,A,19.8,Myrtle Beach Pelicans,Total,MB,- - -,,,1,4,4,1,1,0,0,0,0,0,0,0,1,0,0,0,1,0,1,.250,0.0%,25.0%,.000,.250,.250,.500,.000,,.333,,0.2,-0.3,.228,40
Jorge Quintana,815894,last_45,A,19.4,Lake Elsinore Storm,Total,LE,- - -,,,9,34,38,9,6,1,0,2,7,5,4,0,7,0,0,0,1,4,0,.265,10.5%,18.4%,.571,.342,.471,.813,.206,,.280,,5.9,0.2,.364,103
Adriel Radney,815895,last_45,A,19.2,Visalia Rawhide,Total,VIS,- - -,,,8,28,34,6,5,1,0,0,7,3,3,0,8,3,0,0,1,0,0,.214,8.8%,23.5%,.375,.353,.250,.603,.036,,.300,,3.6,-1.5,.300,70
Emil Morales,815896,last_45,A+,20.0,Great Lakes Loons,Total,GL,- - -,,,11,44,50,13,8,3,0,2,9,8,6,0,13,0,0,0,1,1,2,.295,12.0%,26.0%,.462,.380,.500,.880,.205,,.379,,9.1,2.0,.393,129
Yovanny Rodriguez,815898,last_45,A,19.8,St. Lucie Mets,Total,SLU,- - -,,,10,37,43,10,4,2,0,4,8,10,5,0,13,0,1,0,0,1,0,.270,11.6%,30.2%,.385,.349,.649,.997,.378,,.286,,8.7,2.5,.424,141
Yandel Ricardo,815902,last_45,A,19.9,Columbia Fireflies,Total,COL,- - -,,,3,11,13,1,1,0,0,0,0,1,1,0,2,0,0,1,0,0,0,.091,7.7%,15.4%,.500,.167,.091,.258,.000,,.111,,-0.2,-2.0,.135,-14
Ashly Andujar,815903,last_45,A,19.1,Fresno Grizzlies,Total,FRE,- - -,,,13,56,62,12,9,3,0,0,8,3,4,0,17,1,1,0,1,1,0,.214,6.5%,27.4%,.235,.274,.268,.542,.054,,.300,,4.3,-5.1,.253,46
Angel Feliz,815906,last_45,A+,19.8,Wilmington Blue Rocks,Total,WIL,- - -,,,12,38,47,9,6,3,0,0,9,1,8,0,14,0,0,1,1,4,1,.237,17.0%,29.8%,.571,.370,.316,.685,.079,,.375,,6.2,-0.4,.327,94
Curley Martha,815907,last_45,A,20.0,Hickory Crawdads,Total,HIC,- - -,,,10,33,37,8,6,1,0,1,8,9,3,0,6,1,0,0,1,2,0,.242,8.1%,16.2%,.500,.324,.364,.688,.121,,.269,,4.6,-0.3,.317,93
Jesús Made,815908,last_45,AA,19.4,Biloxi Shuckers,Total,BLX,- - -,,,14,54,63,14,9,3,1,1,7,11,6,0,7,0,3,0,1,4,3,.259,9.5%,11.1%,.857,.317,.407,.725,.148,,.265,,7.4,-1.0,.319,88
Luis Cova,815909,last_45,A,19.6,Jupiter Hammerheads,Total,JUP,- - -,,,8,26,30,2,1,1,0,0,2,2,4,0,12,0,0,0,0,4,0,.077,13.3%,40.0%,.333,.200,.115,.315,.038,,.143,,0.1,-4.2,.168,2
Edgar Montero,815911,last_45,A,19.8,Stockton Ports,Total,STK,- - -,,,13,45,57,12,8,3,0,1,11,5,10,0,21,1,1,0,0,3,0,.267,17.5%,36.8%,.476,.404,.400,.804,.133,,.458,,9.2,0.6,.371,106
Stiven Martinez,815913,last_45,A,19.1,Delmarva Shorebirds,Total,DEL,- - -,,,13,52,55,17,11,2,1,3,7,10,3,0,15,0,0,0,3,0,1,.327,5.5%,27.3%,.200,.364,.577,.941,.250,,.412,,10.9,3.6,.413,150
Joswa Lugo,815915,last_45,A,19.6,Rancho Cucamonga Quakes,Total,RC,- - -,,,13,54,60,18,13,4,0,1,11,8,3,0,12,1,2,0,0,1,0,.333,5.0%,20.0%,.250,.367,.463,.830,.130,,.395,,9.5,0.4,.367,104
Bralyn Brazoban,815923,last_45,A,20.0,Bradenton Marauders,Total,BRD,- - -,,,9,24,34,7,4,2,0,1,4,3,10,0,12,0,0,0,0,2,1,.292,29.4%,35.3%,.833,.500,.500,1.000,.208,,.545,,7.7,2.8,.454,158
Jose Ramos,815927,last_45,A,19.9,Stockton Ports,Total,STK,- - -,,,2,5,7,0,0,0,0,0,1,0,2,0,2,0,0,0,0,2,0,.000,28.6%,28.6%,1.000,.286,.000,.286,.000,,.000,,0.2,-0.8,.203,20
Jhonny Level,815929,last_45,A+,19.4,Eugene Emeralds,Total,EUG,- - -,,,12,57,60,15,8,6,0,1,7,5,2,0,14,1,0,0,0,3,2,.263,3.3%,23.3%,.143,.300,.421,.721,.158,,.333,,7.5,-1.7,.322,82
Yolfran Castillo,815931,last_45,A,19.6,Hickory Crawdads,Total,HIC,- - -,,,9,26,36,10,6,1,1,2,8,9,4,0,1,3,2,1,0,4,0,.385,11.1%,2.8%,4.000,.486,.731,1.216,.346,,.320,,9.7,5.0,.505,204
Irvin Nunez,815966,last_45,A+,20.5,Cedar Rapids Kernels,Total,CR,- - -,,,10,34,42,13,11,1,0,1,7,7,5,0,8,2,1,0,0,0,0,.382,11.9%,19.0%,.625,.476,.500,.976,.118,,.462,,9.2,3.2,.439,154
Coy James,815983,last_45,A,19.6,Fredericksburg Nationals,Total,FBG,- - -,,,11,46,53,8,4,2,1,1,6,6,5,0,10,0,2,0,0,3,0,.174,9.4%,18.9%,.500,.245,.326,.571,.152,,.189,,4.0,-3.0,.255,57
Eli Willits,816113,last_45,A+,18.7,Wilmington Blue Rocks,Total,WIL,- - -,,,15,62,69,17,9,4,3,1,9,10,6,0,18,1,0,0,2,8,1,.274,8.7%,26.1%,.333,.348,.484,.832,.210,,.372,,11.2,1.6,.368,117
Griffin Burkholder,816120,last_45,A+,21.0,Jersey Shore BlueClaws,Total,JS,- - -,,,11,36,45,5,5,0,0,0,9,1,7,0,15,2,0,0,1,3,0,.139,15.6%,33.3%,.467,.311,.139,.450,.000,,.238,,3.1,-3.2,.245,49
DJ Layton,816152,last_45,A+,20.1,Frederick Keys,Total,FRE,- - -,,,12,40,50,11,5,5,0,1,10,9,8,1,22,0,0,2,0,6,2,.275,16.0%,44.0%,.364,.396,.475,.871,.200,,.588,,8.9,1.9,.385,127
Jared Davis,816207,last_45,A+,22.4,Lansing Lugnuts,Total,LAN,- - -,,,9,38,44,11,6,4,1,0,8,3,6,0,6,0,0,0,0,3,1,.289,13.6%,13.6%,1.000,.386,.447,.834,.158,,.344,,7.5,1.2,.376,119
Bohan Adderley,816339,last_45,A,19.8,St. Lucie Mets,Total,SLU,- - -,,,1,4,5,2,2,0,0,0,0,1,0,0,1,1,0,0,0,0,0,.500,0.0%,20.0%,.000,.600,.500,1.100,.000,,.667,,1.4,0.6,.513,190
Ivan Cespedes,816406,last_45,A,21.1,Myrtle Beach Pelicans,Total,MB,- - -,,,7,24,26,1,1,0,0,0,2,1,2,0,11,0,0,0,0,0,0,.042,7.7%,42.3%,.182,.115,.042,.157,.000,,.077,,-1.4,-4.9,.090,-41
Sawyer Strosnider,820831,last_45,A+,21.2,Wisconsin Timber Rattlers,Total,WIS,- - -,,,12,47,56,11,6,3,1,1,8,8,6,0,16,3,0,0,0,3,0,.234,10.7%,28.6%,.375,.357,.404,.761,.170,,.333,,8.3,0.4,.350,105
Kade Snell,820835,last_45,A+,24.1,South Bend Cubs,Total,SB,- - -,,,13,50,56,17,14,1,1,1,12,9,5,0,8,1,0,0,1,3,0,.340,8.9%,14.3%,.625,.411,.460,.871,.120,,.390,,10.3,2.4,.394,130
Bryce Chance,820842,last_45,A+,23.9,Vancouver Canadians,Total,VAN,- - -,,,11,42,50,8,7,1,0,0,8,1,6,0,1,0,1,1,1,1,0,.190,12.0%,2.0%,6.000,.286,.214,.500,.024,,.190,,3.2,-4.4,.243,42
Jordan Sanchez,820847,last_45,A+,20.9,Frederick Keys,Total,FRE,- - -,,,10,31,36,8,5,1,1,1,5,4,4,0,8,1,0,0,1,0,1,.258,11.1%,22.2%,.500,.361,.452,.813,.194,,.318,,5.9,0.8,.366,116
Jesmaylin Arias,820942,last_45,A,19.4,Lake Elsinore Storm,Total,LE,- - -,,,11,32,35,5,3,2,0,0,6,2,3,0,12,0,0,0,0,1,1,.156,8.6%,34.3%,.250,.229,.219,.447,.062,,.250,,1.3,-4.0,.213,25
Hayden Alvarez,820986,last_45,A+,19.5,Tri-City Dust Devils,Total,TRI,- - -,,,13,55,65,12,10,1,0,1,9,4,9,0,13,1,0,0,1,7,0,.218,13.8%,20.0%,.692,.338,.291,.629,.073,,.268,,7.2,-2.8,.302,72
Alexi Quiroz,821018,last_45,A+,19.8,Asheville Tourists,Total,ASH,- - -,,,2,7,7,1,0,0,0,1,1,1,0,0,2,0,0,0,0,0,0,.143,0.0%,28.6%,.000,.143,.571,.714,.429,,.000,,0.8,-0.2,.301,80
Cristofer Lebrón,821036,last_45,A,19.5,Palm Beach Cardinals,Total,PMB,- - -,,,4,14,15,1,1,0,0,0,0,0,1,0,9,0,0,0,0,2,1,.071,6.7%,60.0%,.111,.133,.071,.205,.000,,.200,,-0.7,-2.8,.108,-31
Roldy Brito,821041,last_45,A+,19.4,Spokane Indians,Total,SPO,- - -,,,12,53,58,10,9,1,0,0,5,1,4,0,16,0,0,1,2,4,1,.189,6.9%,27.6%,.250,.246,.208,.453,.019,,.270,,2.5,-6.4,.216,28
Jirvin Morillo,821073,last_45,A,19.7,Daytona Tortugas,Total,DBT,- - -,,,8,27,33,7,5,2,0,0,4,2,6,0,9,0,0,0,0,0,0,.259,18.2%,27.3%,.667,.394,.333,.727,.074,,.389,,4.6,-0.1,.346,99
Merphy Hernandez,821075,last_45,A,19.7,Fort Myers Mighty Mussels,Total,FTM,- - -,,,8,29,35,9,6,2,1,0,6,1,6,0,5,0,0,0,0,9,2,.310,17.1%,14.3%,1.200,.429,.448,.877,.138,,.375,,6.4,1.4,.399,128
Justin Gonzales,821100,last_45,AA,19.7,Portland Sea Dogs,Total,POR,- - -,,,14,55,67,12,9,2,0,1,9,10,10,0,18,1,1,0,3,0,0,.218,14.9%,26.9%,.556,.343,.309,.652,.091,,.297,,7.5,-1.8,.310,81
Yairo Padilla,821107,last_45,A+,19.2,Peoria Chiefs,Total,PEO,- - -,,,2,7,8,2,1,0,0,1,1,1,1,0,1,0,0,0,0,0,0,.286,12.5%,12.5%,1.000,.375,.714,1.089,.429,,.200,,1.9,0.8,.466,169
Anderson Fermin,821112,last_45,A,20.0,Salem RidgeYaks,Total,SAL,- - -,,,6,19,22,7,5,2,0,0,1,3,3,0,3,0,0,0,0,0,0,.368,13.6%,13.6%,1.000,.455,.474,.928,.105,,.438,,4.5,1.6,.421,155
Avinson Pinto,821130,last_45,A,19.3,Salem RidgeYaks,Total,SAL,- - -,,,8,30,30,4,3,1,0,0,2,2,0,0,8,0,0,0,0,0,0,.133,0.0%,26.7%,.000,.133,.167,.300,.033,,.182,,-0.6,-4.6,.134,-15
Handelfry Encarnacion,821136,last_45,A,19.2,Wilson Warbirds,Total,WIL,- - -,,,4,16,20,5,3,2,0,0,5,4,3,0,2,1,0,0,0,2,0,.312,15.0%,10.0%,1.500,.450,.438,.887,.125,,.357,,3.9,1.3,.410,148
Josue Brito,821147,last_45,A,19.4,Salem RidgeYaks,Total,SAL,- - -,,,9,31,39,4,2,0,0,2,3,5,8,0,11,0,0,0,2,2,1,.129,20.5%,28.2%,.727,.308,.323,.630,.194,,.111,,4.3,-0.9,.301,84
Frederi Montero,821149,last_45,A,19.6,Wilson Warbirds,Total,WIL,- - -,,,11,39,44,11,5,4,0,2,9,5,4,0,7,1,0,0,2,0,0,.282,9.1%,15.9%,.571,.364,.538,.902,.256,,.300,,8.2,2.4,.398,141
Enddy Azocar,821150,last_45,A+,19.5,Frederick Keys,Total,FRE,- - -,,,9,39,42,12,9,3,0,0,7,7,2,0,6,1,0,0,1,5,0,.308,4.8%,14.3%,.333,.357,.385,.742,.077,,.364,,5.9,0.1,.339,101
Yeiferth Castillo,821151,last_45,A,19.8,Hill City Howlers,Total,HC,- - -,,,9,34,36,7,7,0,0,0,4,1,1,0,4,0,1,0,4,0,1,.206,2.8%,11.1%,.250,.222,.206,.428,.000,,.226,,1.1,-3.7,.197,22
Givian Sirvania,821154,last_45,A+,19.1,Greenville Drive,Total,GVL,- - -,,,5,18,20,2,0,0,0,2,3,5,2,0,5,0,0,0,1,0,0,.111,10.0%,25.0%,.400,.200,.444,.644,.333,,.000,,1.9,-0.9,.282,69
Carl Calixte,821156,last_45,A,19.8,Bradenton Marauders,Total,BRD,- - -,,,7,24,25,4,3,1,0,0,3,1,1,0,11,0,0,0,1,0,0,.167,4.0%,44.0%,.091,.200,.208,.408,.042,,.308,,0.5,-3.1,.189,13
Dauri Fernández,821171,last_45,A+,19.5,Lake County Captains,Total,LC,- - -,,,12,51,56,12,2,7,1,2,9,8,5,0,10,0,0,0,2,8,1,.235,8.9%,17.9%,.500,.304,.529,.833,.294,,.256,,8.9,1.0,.362,112
Juneiker Caceres,821181,last_45,A+,19.1,Lake County Captains,Total,LC,- - -,,,7,26,32,7,6,1,0,0,3,3,4,0,8,2,0,0,0,0,0,.269,12.5%,25.0%,.500,.406,.308,.714,.038,,.389,,4.7,0.1,.346,103
Juan Ortuno,821187,last_45,A,19.3,Wilson Warbirds,Total,WIL,- - -,,,13,46,60,9,6,2,0,1,9,8,7,0,14,6,1,0,0,5,2,.196,11.7%,23.3%,.500,.367,.304,.671,.109,,.250,,7.8,-0.4,.327,96
Juan Martinez,821197,last_45,A,19.4,Wilson Warbirds,Total,WIL,- - -,,,11,39,43,12,7,4,0,1,6,12,2,0,6,1,1,0,0,0,1,.308,4.7%,14.0%,.333,.349,.487,.836,.179,,.333,,6.8,0.3,.368,105
Moises Polanco,821199,last_45,A,19.3,Wilson Warbirds,Total,WIL,- - -,,,9,30,33,10,9,1,0,0,3,2,2,0,7,0,1,0,3,1,0,.333,6.1%,21.2%,.286,.364,.367,.730,.033,,.417,,4.4,0.0,.330,101
Efren Teran,821236,last_45,A,19.8,Kannapolis Cannon Ballers,Total,KAN,- - -,,,11,43,44,15,12,3,0,0,3,3,0,0,6,0,0,1,0,0,0,.349,0.0%,13.6%,.000,.349,.419,.767,.070,,.405,,6.4,0.5,.344,109
Kevin Garcia,821237,last_45,A,19.1,Wilson Warbirds,Total,WIL,- - -,,,10,35,40,9,8,0,1,0,6,2,3,0,15,1,1,0,1,1,0,.257,7.5%,37.5%,.200,.325,.314,.639,.057,,.429,,4.2,-1.1,.295,80
Marlon Quintero,821238,last_45,A,19.8,Rancho Cucamonga Quakes,Total,RC,- - -,,,7,27,30,6,4,2,0,0,4,0,2,0,8,1,0,0,0,2,0,.222,6.7%,26.7%,.250,.300,.296,.596,.074,,.316,,2.7,-1.8,.280,60
Francisco Loreto,821244,last_45,A,19.2,Bradenton Marauders,Total,BRD,- - -,,,3,9,9,1,0,0,1,0,0,1,0,0,1,0,0,0,0,0,0,.111,0.0%,11.1%,.000,.111,.333,.444,.222,,.125,,0.1,-1.2,.182,9
Alejandro Blasco,821246,last_45,A,19.4,Hill City Howlers,Total,HC,- - -,,,9,35,39,9,8,0,1,0,3,5,2,0,9,1,0,1,0,1,0,.257,5.1%,23.1%,.222,.316,.314,.630,.057,,.346,,4.0,-1.1,.292,78
José Anderson,821262,last_45,A,19.8,Wilson Warbirds,Total,WIL,- - -,,,11,36,44,4,2,1,0,1,4,2,6,0,15,2,0,0,0,1,1,.111,13.6%,34.1%,.400,.273,.222,.495,.111,,.150,,3.1,-2.7,.249,53
Luis Peña,821270,last_45,AA,19.8,Biloxi Shuckers,Total,BLX,- - -,,,11,36,40,9,8,1,0,0,2,0,3,0,4,1,0,0,1,4,0,.250,7.5%,10.0%,.750,.325,.278,.603,.028,,.281,,3.7,-1.6,.286,69
Edward Florentino,821273,last_45,A+,19.8,Greensboro Grasshoppers,Total,GBO,- - -,,,13,48,63,13,4,4,0,5,10,18,11,0,11,3,1,0,0,1,2,.271,17.5%,17.5%,1.000,.429,.667,1.095,.396,,.242,,15.2,6.4,.467,173
Connor McGinnis,821296,last_45,AAA,23.8,Scranton/Wilkes-Barre RailRiders,Total,SWB,- - -,,,11,32,41,11,7,3,0,1,5,9,5,0,9,3,1,0,0,1,0,.344,12.2%,22.0%,.556,.463,.531,.995,.188,,.435,,8.8,3.2,.443,157
Caden Ferraro,821299,last_45,A+,21.8,Peoria Chiefs,Total,PEO,- - -,,,11,40,46,10,4,3,1,2,5,7,5,0,7,1,0,0,1,0,0,.250,10.9%,15.2%,.714,.348,.525,.873,.275,,.258,,8.1,1.6,.384,124
Jake Bennett,821327,last_45,A,22.1,Dunedin Blue Jays,Total,DUN,- - -,,,9,25,29,8,5,0,0,3,6,6,3,0,6,1,0,0,4,0,0,.320,10.3%,20.7%,.500,.414,.680,1.094,.360,,.312,,7.0,2.9,.474,169
Brent Iredale,821348,last_45,A,23.2,Bradenton Marauders,Total,BRD,- - -,,,10,32,37,5,3,0,0,2,7,3,5,0,12,0,0,0,0,2,0,.156,13.5%,32.4%,.417,.270,.344,.614,.188,,.167,,3.4,-1.8,.284,65
Juan Mateo,821379,last_45,A,19.3,Augusta GreenJackets,Total,AUG,- - -,,,10,41,44,7,4,1,0,2,6,4,3,0,8,0,0,0,1,2,1,.171,6.8%,18.2%,.375,.227,.341,.569,.171,,.161,,3.4,-2.5,.257,57
Pedro Blanco,821380,last_45,A,19.4,Visalia Rawhide,Total,VIS,- - -,,,13,47,59,15,10,2,1,2,11,10,10,0,20,1,1,0,0,1,0,.319,16.9%,33.9%,.500,.441,.532,.973,.213,,.500,,12.3,3.3,.431,137
Tre Broussard,821507,last_45,A,21.0,Hill City Howlers,Total,HC,- - -,,,3,12,14,6,3,2,0,1,4,2,1,0,2,1,0,0,0,6,0,.500,7.1%,14.3%,.500,.571,.917,1.488,.417,,.556,,5.2,3.3,.634,280
Daniel Flames,821599,last_45,A,19.9,Hickory Crawdads,Total,HIC,- - -,,,9,32,36,7,5,2,0,0,3,3,2,0,9,0,1,1,2,1,0,.219,5.6%,25.0%,.222,.257,.281,.538,.062,,.292,,2.4,-2.4,.245,50
Luis Fragoza,821613,last_45,A+,19.9,Cedar Rapids Kernels,Total,CR,- - -,,,9,32,40,11,10,1,0,0,5,1,6,0,12,1,0,0,0,3,0,.344,15.0%,30.0%,.500,.462,.375,.837,.031,,.550,,7.4,1.7,.395,130
Wilberson De Pena,821648,last_45,A,19.8,Tampa Tarpons,Total,TAM,- - -,,,6,19,24,3,2,0,0,1,3,2,4,0,7,1,0,0,1,1,0,.158,16.7%,29.2%,.571,.333,.316,.649,.158,,.182,,2.8,-0.7,.313,81
Gabriel Rodriguez,821657,last_45,A,19.3,Hill City Howlers,Total,HC,- - -,,,10,35,41,9,9,0,0,0,4,1,6,0,6,0,0,0,0,2,1,.257,14.6%,14.6%,1.000,.366,.257,.623,.000,,.310,,4.6,-0.8,.304,85
Ricardo Paez,821671,last_45,A,19.4,Fort Myers Mighty Mussels,Total,FTM,- - -,,,2,7,8,1,1,0,0,0,1,0,1,0,3,0,0,0,0,0,0,.143,12.5%,37.5%,.333,.250,.143,.393,.000,,.250,,0.2,-0.9,.203,20
Jemone Nuel,821688,last_45,A,19.7,Delmarva Shorebirds,Total,DEL,- - -,,,12,39,46,7,6,1,0,0,0,5,7,0,18,0,0,0,0,3,0,.179,15.2%,39.1%,.389,.304,.205,.509,.026,,.333,,3.4,-2.6,.255,57
Francisco Espinoza,821689,last_45,A,19.5,Ontario Tower Buzzers,Total,ONT,- - -,,,8,31,35,9,8,1,0,0,6,1,4,0,7,0,0,0,2,0,0,.290,11.4%,20.0%,.571,.371,.323,.694,.032,,.375,,4.4,-0.9,.326,83
Cristian Arguelles,821692,last_45,A,19.2,Fresno Grizzlies,Total,FRE,- - -,,,14,57,62,11,7,3,1,0,5,7,3,0,9,1,1,0,2,0,1,.193,4.8%,14.5%,.333,.242,.281,.523,.088,,.224,,3.6,-5.8,.238,38
Kendrick Herrera,821696,last_45,A,19.6,Bradenton Marauders,Total,BRD,- - -,,,3,5,7,0,0,0,0,0,0,0,2,0,3,0,0,0,1,0,0,.000,28.6%,42.9%,.667,.286,.000,.286,.000,,.000,,0.2,-0.8,.203,21
Jhonayker Ugarte,821716,last_45,A,19.5,Columbia Fireflies,Total,COL,- - -,,,9,31,36,6,6,0,0,0,6,4,4,0,6,1,0,0,3,0,1,.194,11.1%,16.7%,.667,.306,.194,.499,.000,,.240,,2.6,-2.2,.251,54
Elvin Garcia,821751,last_45,A,19.6,Delmarva Shorebirds,Total,DEL,- - -,,,6,20,20,4,4,0,0,0,1,0,0,0,9,0,0,0,0,0,0,.200,0.0%,45.0%,.000,.200,.200,.400,.000,,.364,,0.4,-2.3,.182,14
Johan Rodriguez,821759,last_45,A,19.1,Hill City Howlers,Total,HC,- - -,,,10,37,43,5,3,1,0,1,5,8,4,1,11,1,1,0,0,0,0,.135,9.3%,25.6%,.364,.233,.243,.476,.108,,.154,,1.9,-3.8,.215,33
Oliver Tejada,821762,last_45,A,19.7,San Jose Giants,Total,SJ,- - -,,,12,42,51,11,7,2,0,2,12,9,8,0,12,1,0,0,0,2,0,.262,15.7%,23.5%,.667,.392,.452,.845,.190,,.321,,8.8,1.0,.384,114
Hector Campusano,821763,last_45,A,19.4,Delmarva Shorebirds,Total,DEL,- - -,,,7,21,26,4,4,0,0,0,1,1,3,0,6,0,0,2,2,0,0,.190,11.5%,23.1%,.500,.292,.190,.482,.000,,.267,,1.7,-1.8,.241,48
Jesus Pinto,821765,last_45,A,19.4,Lakeland Flying Tigers,Total,LAK,- - -,,,11,37,48,12,11,1,0,0,7,4,10,0,5,0,1,0,2,4,1,.324,20.8%,10.4%,2.000,.458,.351,.810,.027,,.364,,8.2,1.3,.384,119
Andres Torres,821770,last_45,A,19.4,Charleston RiverDogs,Total,CHS,- - -,,,7,21,28,2,2,0,0,0,2,0,7,0,10,0,0,0,1,1,0,.095,25.0%,35.7%,.700,.321,.095,.417,.000,,.182,,1.8,-1.9,.243,49
Andreimi Antunez,821782,last_45,A,19.8,Charleston RiverDogs,Total,CHS,- - -,,,11,42,46,6,2,4,0,0,3,2,2,0,10,1,1,0,2,0,0,.143,4.3%,21.7%,.200,.196,.238,.434,.095,,.182,,1.4,-4.7,.199,24
Angel Brachi,821791,last_45,A,19.7,Jupiter Hammerheads,Total,JUP,- - -,,,4,13,14,2,2,0,0,0,2,1,1,0,5,0,0,0,0,1,0,.154,7.1%,35.7%,.200,.214,.154,.368,.000,,.250,,0.2,-1.8,.181,8
Blake Schaaf,821877,last_45,A,21.2,Tampa Tarpons,Total,TAM,- - -,,,5,12,20,1,1,0,0,0,1,1,6,0,7,1,1,0,0,2,1,.083,30.0%,35.0%,.857,.400,.083,.483,.000,,.167,,2.0,-0.8,.296,71
Kuhio Aloy,821920,last_45,A,21.1,St. Lucie Mets,Total,SLU,- - -,,,8,29,38,7,4,2,0,1,8,7,9,0,10,0,0,0,1,4,0,.241,23.7%,26.3%,.900,.421,.414,.835,.172,,.333,,6.6,1.2,.388,122
Trey Ebel,821931,last_45,A,17.9,Wilson Warbirds,Total,WIL,- - -,,,8,25,35,4,2,1,0,1,5,4,9,0,9,1,0,0,0,1,0,.160,25.7%,25.7%,1.000,.400,.320,.720,.160,,.200,,5.3,0.7,.353,115
Landon Hodge,821933,last_45,A,19.5,Kannapolis Cannon Ballers,Total,KAN,- - -,,,3,10,10,4,4,0,0,0,0,3,0,0,5,0,0,0,0,0,0,.400,0.0%,50.0%,.000,.400,.400,.800,.000,,.800,,1.6,0.3,.364,121
Ryan Tayman,822034,last_45,A,21.0,St. Lucie Mets,Total,SLU,- - -,,,8,31,38,10,3,3,0,4,9,9,5,0,9,2,0,0,0,0,0,.323,13.2%,23.7%,.556,.447,.806,1.254,.484,,.333,,10.8,5.4,.529,199
Jeffery Heard,822153,last_45,A,23.5,Rancho Cucamonga Quakes,Total,RC,- - -,,,13,46,59,12,7,5,0,0,9,8,12,0,14,1,0,0,1,5,0,.261,20.3%,23.7%,.857,.424,.370,.793,.109,,.375,,9.7,0.8,.375,109
Brandon Forrester,822162,last_45,AA,22.8,Corpus Christi Hooks,Total,CC,- - -,,,8,22,26,3,3,0,0,0,3,1,3,0,11,0,0,1,0,1,0,.136,11.5%,42.3%,.273,.240,.136,.376,.000,,.273,,0.4,-3.4,.195,11
Canon Reeder,822165,last_45,A,23.4,Bradenton Marauders,Total,BRD,- - -,,,4,13,14,1,1,0,0,0,0,1,1,0,7,0,0,0,0,0,1,.077,7.1%,50.0%,.143,.143,.077,.220,.000,,.167,,-0.5,-2.5,.116,-27
Jose Cerice,822177,last_45,A+,21.3,Quad Cities River Bandits,Total,QC,- - -,,,12,45,52,9,6,2,0,1,8,9,2,0,6,5,0,0,2,0,0,.200,3.8%,11.5%,.333,.308,.311,.619,.111,,.211,,5.5,-1.9,.294,74
Blake Penso,822324,last_45,A+,24.7,Spokane Indians,Total,SPO,- - -,,,4,12,13,4,3,1,0,0,1,1,0,0,2,1,0,0,0,0,0,.333,0.0%,15.4%,.000,.385,.417,.801,.083,,.400,,2.1,0.1,.367,105
Jack Spanier,822384,last_45,A,22.2,Visalia Rawhide,Total,VIS,- - -,,,10,38,42,10,8,2,0,0,10,7,4,0,7,0,0,0,0,1,0,.263,9.5%,16.7%,.571,.333,.316,.649,.053,,.323,,4.5,-1.8,.303,71
Dylan Carey,822406,last_45,A,23.1,St. Lucie Mets,Total,SLU,- - -,,,5,12,15,1,0,0,0,1,1,3,2,0,4,1,0,0,0,1,0,.083,13.3%,26.7%,.500,.267,.333,.600,.250,,.000,,1.4,-0.7,.285,65
Zach MacDonald,822487,last_45,A,23.1,Lakeland Flying Tigers,Total,LAK,- - -,,,11,30,42,7,5,0,1,1,9,7,10,0,8,1,1,0,1,4,2,.233,23.8%,19.0%,1.250,.429,.400,.829,.167,,.273,,7.2,1.2,.385,120
Jon Jon Gazdar,822501,last_45,AA,24.5,Springfield Cardinals,Total,SPR,- - -,,,11,39,46,7,4,2,0,1,3,5,3,0,7,2,2,0,2,3,0,.179,6.5%,15.2%,.429,.261,.308,.569,.128,,.182,,3.1,-3.7,.260,45
Vahn Lackey,822518,last_45,A,21.1,Fort Myers Mighty Mussels,Total,FTM,- - -,,,11,40,57,12,9,1,0,2,10,7,17,0,8,0,0,0,0,9,1,.300,29.8%,14.0%,2.125,.509,.475,.984,.175,,.333,,13.0,5.0,.452,161
Kyle Fossum,822531,last_45,A,24.2,Fresno Grizzlies,Total,FRE,- - -,,,5,10,13,4,3,1,0,0,2,1,2,0,4,0,0,1,0,0,0,.400,15.4%,30.8%,.500,.500,.500,1.000,.100,,.667,,2.9,1.0,.454,149
Brandon Butterworth,822578,last_45,AAA,24.1,Norfolk Tides,Total,NOR,- - -,,,23,79,91,18,13,1,0,4,10,8,11,0,24,0,0,1,2,7,0,.228,12.1%,26.4%,.458,.322,.392,.715,.165,,.275,,11.0,-0.6,.326,95
Christian Gonzalez,822619,last_45,A,20.0,Kannapolis Cannon Ballers,Total,KAN,- - -,,,7,23,29,6,3,1,2,0,4,4,6,0,4,0,0,0,0,0,0,.261,20.7%,13.8%,1.500,.414,.478,.892,.217,,.316,,5.4,1.6,.399,141
Alex Lodise,822676,last_45,AA,22.5,Columbus Clingstones,Total,COL,- - -,,,18,72,80,21,14,5,0,2,10,10,6,0,16,1,1,0,3,1,0,.292,7.5%,20.0%,.375,.350,.444,.794,.153,,.345,,11.7,1.1,.355,110
Cort MacDonald,822679,last_45,A,23.1,Fresno Grizzlies,Total,FRE,- - -,,,12,48,54,15,9,4,1,1,8,9,5,0,3,0,0,1,1,1,0,.312,9.3%,5.6%,1.667,.377,.500,.877,.188,,.318,,9.5,1.3,.390,116
Tyriq Kemp,822743,last_45,A+,23.8,Quad Cities River Bandits,Total,QC,- - -,,,9,32,37,7,2,2,0,3,7,6,4,0,7,0,0,1,0,5,2,.219,10.8%,18.9%,.571,.306,.562,.868,.344,,.182,,6.3,1.1,.377,120
Scott Gell,822796,last_45,A,21.9,San Jose Giants,Total,SJ,- - -,,,2,8,9,0,0,0,0,0,1,0,1,0,2,0,0,0,1,0,0,.000,11.1%,22.2%,.500,.111,.000,.111,.000,,.000,,-0.6,-2.0,.079,-44
Ryan Gerety,822815,last_45,A+,22.2,Fort Wayne TinCaps,Total,FW,- - -,,,9,30,43,7,5,2,0,0,5,2,12,0,8,1,0,0,0,4,1,.233,27.9%,18.6%,1.500,.465,.300,.765,.067,,.318,,7.5,1.4,.382,123
Luke Cantwell,822877,last_45,A+,23.6,Fort Wayne TinCaps,Total,FW,- - -,,,9,30,36,8,6,2,0,0,8,2,5,0,6,0,1,0,0,0,0,.267,13.9%,16.7%,.833,.361,.333,.694,.067,,.320,,4.6,-0.5,.322,90
Rashawn Galloway,822904,last_45,A,23.0,Fayetteville Woodpeckers,Total,FAY,- - -,,,8,18,24,3,2,1,0,0,6,3,5,0,2,1,0,0,0,0,0,.167,20.8%,8.3%,2.500,.375,.222,.597,.056,,.188,,2.8,-0.4,.309,88
John Taylor,822966,last_45,AAA,25.4,Round Rock Express,Total,RR,- - -,,,26,89,111,19,14,4,0,1,16,12,17,0,23,3,2,0,1,8,3,.213,15.3%,20.7%,.739,.351,.292,.643,.079,,.269,,11.7,-2.7,.309,81
Mulivai Levu,823050,last_45,A,22.1,Daytona Tortugas,Total,DBT,- - -,,,9,34,39,8,5,2,0,1,7,6,4,0,6,1,0,0,0,0,0,.235,10.3%,15.4%,.667,.333,.382,.716,.147,,.259,,5.0,-0.6,.329,90
Nolan Sailors,823073,last_45,A+,23.2,Quad Cities River Bandits,Total,QC,- - -,,,9,30,40,6,5,1,0,0,3,4,9,0,16,0,0,1,0,4,0,.200,22.5%,40.0%,.562,.385,.233,.618,.033,,.429,,4.8,-0.8,.314,85
Ben North,823079,last_45,A+,23.8,Quad Cities River Bandits,Total,QC,- - -,,,8,28,33,5,3,0,0,2,5,4,3,0,10,0,0,0,1,1,0,.179,9.1%,30.3%,.300,.258,.393,.651,.214,,.188,,3.5,-1.2,.293,74
Nolan McCarthy,823114,last_45,A+,24.6,West Michigan Whitecaps,Total,WM,- - -,,,8,28,31,5,3,2,0,0,1,2,2,0,10,0,1,0,1,0,0,.179,6.5%,32.3%,.200,.226,.250,.476,.071,,.263,,1.4,-3.0,.217,32
Matt King,823153,last_45,AA,24.1,Altoona Curve,Total,ALT,- - -,,,8,21,26,9,8,1,0,0,7,2,3,0,2,1,0,0,0,4,0,.429,11.5%,7.7%,1.500,.520,.476,.996,.048,,.474,,5.9,2.3,.458,164
James Taussig,823173,last_45,A+,23.4,Winston-Salem Dash,Total,WS,- - -,,,12,47,51,16,6,6,1,3,10,8,4,0,19,0,0,0,0,1,0,.340,7.8%,37.3%,.211,.392,.702,1.094,.362,,.520,,12.5,5.4,.471,175
Zane Zielinski,823185,last_45,AA,25.1,Richmond Flying Squirrels,Total,RIC,- - -,,,14,40,45,7,3,4,0,0,4,3,5,0,14,0,0,0,0,0,0,.175,11.1%,31.1%,.357,.267,.275,.542,.100,,.269,,3.1,-3.1,.255,50
Jay Thomason,823295,last_45,AA,24.4,Wichita Wind Surge,Total,WCH,- - -,,,1,1,1,1,1,0,0,0,1,0,0,0,0,0,0,0,0,0,0,1.000,0.0%,0.0%,,1.000,1.000,2.000,.000,,1.000,,0.6,0.4,.910,392
Luke Nixon,823352,last_45,A,21.9,San Jose Giants,Total,SJ,- - -,,,12,47,54,10,7,3,0,0,10,6,7,0,11,0,0,0,1,2,0,.213,13.0%,20.4%,.636,.315,.277,.591,.064,,.278,,5.0,-3.2,.282,61
Payton Eeles,823356,last_45,AAA,26.8,Norfolk Tides,Total,NOR,- - -,,,19,70,80,16,13,2,0,1,8,8,6,0,13,3,1,0,3,1,2,.229,7.5%,16.2%,.462,.312,.300,.613,.071,,.263,,7.2,-3.0,.288,71
Petey Soto Jr.,823455,last_45,A,21.4,Fayetteville Woodpeckers,Total,FAY,- - -,,,7,16,21,2,2,0,0,0,3,0,4,0,7,1,0,0,0,0,0,.125,19.0%,33.3%,.571,.333,.125,.458,.000,,.222,,1.6,-1.2,.257,58
Sung-Mun Song,823550,last_45,AAA,30.0,El Paso Chihuahuas,Total,ELP,- - -,,,3,14,15,1,1,0,0,0,2,0,1,0,2,0,0,0,2,0,1,.071,6.7%,13.3%,.500,.133,.071,.205,.000,,.083,,-0.8,-2.7,.108,-40
J.P. Cabrera,823651,last_45,A,19.8,Palm Beach Cardinals,Total,PMB,- - -,,,8,31,31,6,3,2,0,1,4,5,0,0,8,0,0,0,0,0,0,.194,0.0%,25.8%,.000,.194,.355,.548,.161,,.227,,1.8,-2.6,.240,41
Daniel Dickinson,823658,last_45,A+,22.8,Wisconsin Timber Rattlers,Total,WIS,- - -,,,16,63,76,21,16,2,1,2,20,8,10,0,9,3,0,0,1,11,2,.333,13.2%,11.8%,1.111,.447,.492,.939,.159,,.365,,15.7,5.1,.426,148
Alex Madera,823702,last_45,AA,25.9,Knoxville Smokies,Total,KNX,- - -,,,19,61,79,26,22,3,1,0,15,8,17,0,18,0,1,0,1,7,1,.426,21.5%,22.8%,.944,.544,.508,1.053,.082,,.591,,19.0,8.5,.476,181
Anthony Donofrio,823703,last_45,A+,26.2,Everett AquaSox,Total,EVE,- - -,,,12,41,51,7,3,1,1,2,7,8,9,0,17,0,1,0,2,0,1,.171,17.6%,33.3%,.529,.314,.390,.704,.220,,.217,,6.2,-1.5,.319,80
Ramiro Dominguez,823719,last_45,A,19.4,Fort Myers Mighty Mussels,Total,FTM,- - -,,,12,41,50,11,6,1,1,3,7,13,5,0,8,3,1,0,0,4,0,.268,10.0%,16.0%,.625,.380,.561,.941,.293,,.258,,9.7,2.6,.410,137
Robbie Burnett,823754,last_45,A+,23.8,Hudson Valley Renegades,Total,HV,- - -,,,7,21,26,1,1,0,0,0,2,0,5,0,9,0,0,0,0,0,0,.048,19.2%,34.6%,.556,.231,.048,.278,.000,,.083,,0.3,-3.4,.172,8
Eric Genther,823759,last_45,A+,24.2,Hudson Valley Renegades,Total,HV,- - -,,,7,25,30,9,7,1,0,1,3,3,3,0,6,2,0,0,0,1,0,.360,10.0%,20.0%,.500,.467,.520,.987,.160,,.444,,6.8,2.6,.446,161
Jimmy Keenan,823766,last_45,A,22.5,Fort Myers Mighty Mussels,Total,FTM,- - -,,,9,24,30,6,4,0,0,2,6,6,3,0,13,3,0,0,0,0,0,.250,10.0%,43.3%,.231,.400,.500,.900,.250,,.444,,5.7,1.4,.407,132
Lorenzo Meola,823768,last_45,A,22.7,San Jose Giants,Total,SJ,- - -,,,12,46,58,11,7,0,2,2,10,8,8,0,14,3,1,0,1,2,1,.239,13.8%,24.1%,.571,.379,.457,.836,.217,,.290,,9.6,0.8,.376,109
JP Smith II,823770,last_45,A+,21.8,Cedar Rapids Kernels,Total,CR,- - -,,,12,47,55,11,7,1,0,3,11,10,7,0,12,1,0,0,3,0,0,.234,12.7%,21.8%,.583,.345,.447,.792,.213,,.250,,8.6,0.8,.358,110
DJ Newman,823775,last_45,A+,23.1,Asheville Tourists,Total,ASH,- - -,,,9,30,32,10,10,0,0,0,3,3,2,0,8,0,0,0,0,2,0,.333,6.2%,25.0%,.250,.375,.333,.708,.000,,.455,,4.3,-0.2,.329,96
Ryan Sprock,823779,last_45,A+,21.9,Vancouver Canadians,Total,VAN,- - -,,,10,36,42,14,8,3,0,3,9,12,4,0,6,0,2,0,2,0,1,.389,9.5%,14.3%,.667,.429,.722,1.151,.333,,.379,,10.6,4.2,.484,165
Rainiel Rodriguez,823787,last_45,AA,19.7,Springfield Cardinals,Total,SPR,- - -,,,16,62,77,24,14,2,0,8,19,18,11,0,12,2,2,0,1,1,1,.387,14.3%,15.6%,.917,.481,.806,1.287,.419,,.364,,21.9,10.6,.539,194
Nick Rodriguez,823795,last_45,AA,23.9,Rocket City Trash Pandas,Total,RCT,- - -,,,15,62,70,14,8,5,0,1,9,7,4,0,20,1,0,3,2,1,1,.226,5.7%,28.6%,.200,.284,.355,.638,.129,,.317,,6.7,-2.6,.290,72
Kane Kepley,823807,last_45,AA,22.6,Knoxville Smokies,Total,KNX,- - -,,,18,70,85,11,8,1,1,1,9,5,11,0,16,4,0,0,0,10,1,.157,12.9%,18.8%,.688,.306,.243,.549,.086,,.189,,6.9,-4.4,.272,61
Nick Monistere,823809,last_45,A+,22.6,Asheville Tourists,Total,ASH,- - -,,,10,35,40,3,0,2,0,1,2,4,3,0,18,0,1,0,0,3,0,.086,7.5%,45.0%,.167,.154,.229,.382,.143,,.118,,0.5,-5.0,.175,10
Jake McCutcheon,823817,last_45,A,22.8,Jupiter Hammerheads,Total,JUP,- - -,,,7,21,28,5,4,1,0,0,4,2,6,0,10,1,0,0,0,2,0,.238,21.4%,35.7%,.600,.429,.286,.714,.048,,.455,,4.1,0.1,.355,104
Kyle West,823918,last_45,A+,23.8,Hudson Valley Renegades,Total,HV,- - -,,,12,40,49,11,8,1,1,1,5,4,8,0,13,1,0,0,0,5,0,.275,16.3%,26.5%,.615,.408,.425,.833,.150,,.385,,8.6,1.8,.383,126
Maddox Latta,823944,last_45,A+,23.6,Vancouver Canadians,Total,VAN,- - -,,,11,40,52,9,6,1,0,2,12,9,11,0,8,0,1,0,0,1,0,.225,21.2%,15.4%,1.375,.385,.400,.785,.175,,.226,,8.1,0.2,.361,102
Gage Miller,824028,last_45,AAA,23.6,Jacksonville Jumbo Shrimp,Total,JAX,- - -,,,12,43,49,7,5,1,0,1,3,3,6,0,13,0,0,0,2,1,1,.163,12.2%,26.5%,.462,.265,.256,.521,.093,,.207,,2.9,-3.3,.249,47
Bear Harrison,824424,last_45,A,21.6,Tampa Tarpons,Total,TAM,- - -,,,8,28,32,4,2,2,0,0,3,5,3,0,15,0,1,0,0,0,0,.143,9.4%,46.9%,.200,.219,.214,.433,.071,,.286,,1.0,-3.6,.204,21
Diego Castellanos,824425,last_45,A,21.6,Tampa Tarpons,Total,TAM,- - -,,,7,21,26,5,4,0,0,1,2,3,5,0,2,0,0,0,0,2,1,.238,19.2%,7.7%,2.500,.385,.381,.766,.143,,.222,,3.9,0.2,.358,105
Alex Conover,824558,last_45,A,21.0,Lake Elsinore Storm,Total,LE,- - -,,,10,38,42,11,9,2,0,0,4,7,3,0,7,1,0,0,1,5,0,.289,7.1%,16.7%,.429,.357,.342,.699,.053,,.355,,5.3,-1.1,.325,83
Chris McHugh,824569,last_45,A,21.1,Lake Elsinore Storm,Total,LE,- - -,,,9,31,35,6,4,2,0,0,3,1,2,0,10,2,0,0,0,1,2,.194,5.7%,28.6%,.200,.286,.258,.544,.065,,.286,,2.6,-2.7,.261,50
Connor Hujsak,824615,last_45,AA,24.6,Montgomery Biscuits,Total,MTG,- - -,,,15,57,62,15,8,5,1,1,5,10,2,0,22,2,1,0,1,4,0,.263,3.2%,35.5%,.091,.306,.439,.745,.175,,.400,,7.8,-0.5,.329,94
Andrew Williamson,824713,last_45,A+,21.2,Peoria Chiefs,Total,PEO,- - -,,,10,37,45,9,4,1,0,4,11,10,6,0,10,2,0,0,1,2,1,.243,13.3%,22.2%,.600,.378,.595,.972,.351,,.217,,9.3,3.0,.425,147
Logan Braunschweig,824742,last_45,A+,23.8,Rome Emperors,Total,ROM,- - -,,,7,22,29,1,1,0,0,0,2,1,7,0,4,0,0,0,0,1,1,.045,24.1%,13.8%,1.750,.276,.045,.321,.000,,.056,,1.0,-3.0,.203,25
Camden Johnson,825128,last_45,A,21.9,Columbia Fireflies,Total,COL,- - -,,,9,30,38,7,6,0,0,1,3,9,5,0,11,2,1,0,0,6,0,.233,13.2%,28.9%,.455,.368,.333,.702,.100,,.316,,5.1,0.1,.332,102
Lane Haworth,825130,last_45,A,21.4,Clearwater Threshers,Total,CLR,- - -,,,6,16,23,4,3,1,0,0,3,0,6,0,4,1,0,0,1,1,0,.250,26.1%,17.4%,1.500,.478,.312,.791,.062,,.333,,4.1,0.8,.393,124
Yunior Amparo,825159,last_45,A,20.0,St. Lucie Mets,Total,SLU,- - -,,,3,13,14,2,2,0,0,0,0,1,1,0,8,0,0,0,0,0,0,.154,7.1%,57.1%,.125,.214,.154,.368,.000,,.400,,0.2,-1.8,.181,8
Jose Verdugo,825269,last_45,A,18.9,Lake Elsinore Storm,Total,LE,- - -,,,8,27,32,12,11,1,0,0,5,3,3,0,2,0,1,1,2,5,0,.444,9.4%,6.2%,1.500,.484,.481,.965,.037,,.462,,6.7,1.9,.433,139
Luis De Leon,825479,last_45,A,19.6,Fayetteville Woodpeckers,Total,FAY,- - -,,,2,4,4,1,1,0,0,0,1,0,0,0,1,0,0,0,0,1,0,.250,0.0%,25.0%,.000,.250,.250,.500,.000,,.333,,0.2,-0.3,.228,40
Alexander Frias,825484,last_45,A,18.5,Palm Beach Cardinals,Total,PMB,- - -,,,12,40,48,10,8,0,1,1,8,5,8,0,13,0,0,0,0,2,0,.250,16.7%,27.1%,.615,.375,.375,.750,.125,,.346,,6.9,0.0,.348,100
Matt Quintanar,825578,last_45,A,22.4,Clearwater Threshers,Total,CLR,- - -,,,4,14,15,4,4,0,0,0,3,1,1,0,2,0,0,0,1,0,0,.286,6.7%,13.3%,.500,.333,.286,.619,.000,,.333,,1.5,-0.7,.290,68
Juan Sanchez,825646,last_45,A,18.9,Dunedin Blue Jays,Total,DUN,- - -,,,7,23,26,4,1,3,0,0,4,0,2,0,5,1,0,0,1,0,0,.174,7.7%,19.2%,.400,.269,.304,.574,.130,,.222,,2.1,-1.6,.268,56
Ryan Cesarini,825761,last_45,AA,23.7,Akron RubberDucks,Total,AKR,- - -,,,16,64,76,18,11,3,0,4,11,13,8,0,8,1,3,0,1,7,1,.281,10.5%,10.5%,1.000,.355,.516,.871,.234,,.255,,12.6,2.0,.378,119
Trevor Condon,825891,last_45,A,18.7,Palm Beach Cardinals,Total,PMB,- - -,,,5,19,22,5,2,2,0,1,2,5,3,0,5,0,0,0,0,0,1,.263,13.6%,22.7%,.600,.364,.526,.890,.263,,.308,,3.9,0.8,.393,125
Jackson Strong,825924,last_45,A+,23.0,West Michigan Whitecaps,Total,WM,- - -,,,11,39,53,5,1,1,0,3,9,8,14,0,20,0,0,0,0,2,0,.128,26.4%,37.7%,.700,.358,.385,.743,.256,,.125,,7.9,0.3,.349,105
Rafe Perich,825927,last_45,AA,24.3,Frisco RoughRiders,Total,FRI,- - -,,,14,56,66,20,16,2,0,2,11,13,8,0,8,2,0,0,1,2,0,.357,12.1%,12.1%,1.000,.455,.500,.955,.143,,.391,,13.3,3.6,.432,137
Riley Nelson,826043,last_45,A+,22.7,Lake County Captains,Total,LC,- - -,,,7,28,31,1,1,0,0,0,2,2,3,0,11,0,0,0,0,0,0,.036,9.7%,35.5%,.273,.129,.036,.165,.000,,.059,,-1.5,-5.9,.098,-34
Carter Dorighi,826163,last_45,A+,23.2,Everett AquaSox,Total,EVE,- - -,,,13,51,56,13,11,2,0,0,11,5,5,0,6,0,0,0,2,3,1,.255,8.9%,10.7%,.833,.321,.294,.616,.039,,.289,,5.5,-3.0,.288,64
Brendan Durfee,826545,last_45,AA,25.1,San Antonio Missions,Total,SA,- - -,,,8,27,32,3,2,0,0,1,3,3,4,0,9,0,1,0,1,0,0,.111,12.5%,28.1%,.444,.219,.222,.441,.111,,.111,,0.9,-3.8,.212,20
Ronny Cruz,826723,last_45,A+,20.0,Wilmington Blue Rocks,Total,WIL,- - -,,,12,43,52,9,3,4,0,2,7,8,8,0,9,1,0,0,1,11,0,.209,15.4%,17.3%,.889,.346,.442,.788,.233,,.219,,8.1,0.8,.357,111
Owen Carey,826928,last_45,AA,20.1,Columbus Clingstones,Total,COL,- - -,,,18,70,78,11,8,3,0,0,5,5,6,0,19,2,0,0,2,0,1,.157,7.7%,24.4%,.316,.244,.200,.444,.043,,.216,,3.0,-7.4,.217,28
Jay McQueen,827084,last_45,A,19.9,Hickory Crawdads,Total,HIC,- - -,,,12,40,50,11,9,2,0,0,6,6,9,1,8,1,0,0,1,0,2,.275,18.0%,16.0%,1.125,.420,.325,.745,.050,,.344,,7.5,0.9,.351,113
Carlos Renzullo,827281,last_45,A,19.9,Fresno Grizzlies,Total,FRE,- - -,,,11,29,40,7,7,0,0,0,3,1,8,0,4,1,0,2,1,2,1,.241,20.0%,10.0%,2.000,.421,.241,.662,.000,,.280,,5.4,-0.7,.337,89
Paul Gutierrez-Contreras II,827290,last_45,A,21.1,Tampa Tarpons,Total,TAM,- - -,,,5,17,23,7,5,0,0,2,6,5,4,0,4,1,1,0,0,1,1,.412,17.4%,17.4%,1.000,.522,.765,1.286,.353,,.417,,6.7,3.4,.537,203
Edgar Alvarez,827294,last_45,AA,25.6,Knoxville Smokies,Total,KNX,- - -,,,17,57,72,16,8,7,0,1,11,8,14,0,13,0,1,0,3,0,1,.281,19.4%,18.1%,1.077,.417,.456,.873,.175,,.341,,12.7,3.1,.394,133
Hector Salas,827504,last_45,AA,22.5,Corpus Christi Hooks,Total,CC,- - -,,,13,38,48,10,9,0,0,1,7,2,10,0,12,0,0,0,0,3,0,.263,20.8%,25.0%,.833,.417,.342,.759,.079,,.360,,7.1,0.0,.363,100
Kyle Lodise,827517,last_45,A+,22.9,Winston-Salem Dash,Total,WS,- - -,,,12,50,62,14,7,3,1,3,11,11,11,0,14,1,0,0,0,4,0,.280,17.7%,22.6%,.786,.419,.560,.979,.280,,.333,,13.3,4.6,.432,153
Colby Turner,827522,last_45,A,21.8,Fort Myers Mighty Mussels,Total,FTM,- - -,,,10,32,43,10,6,2,0,2,8,6,6,0,7,4,1,0,2,1,2,.312,14.0%,16.3%,.857,.465,.562,1.028,.250,,.333,,9.7,3.5,.454,158
Michael Hallquist,827624,last_45,A+,24.8,South Bend Cubs,Total,SB,- - -,,,4,11,13,2,0,2,0,0,1,1,1,0,3,0,1,0,0,0,0,.182,7.7%,23.1%,.333,.231,.364,.594,.182,,.222,,1.0,-0.9,.254,52
Garrett Howe,827628,last_45,A+,24.2,Lake County Captains,Total,LC,- - -,,,10,32,37,4,3,1,0,0,2,2,4,0,12,0,1,0,0,0,0,.125,10.8%,32.4%,.333,.216,.156,.372,.031,,.190,,0.8,-4.5,.186,15
Austin Machado,827629,last_45,AA,25.3,Columbus Clingstones,Total,COL,- - -,,,2,7,7,0,0,0,0,0,0,0,0,0,2,0,0,0,0,0,0,.000,0.0%,28.6%,.000,.000,.000,.000,.000,,.000,,-0.9,-1.9,.000,-99
Trent Youngblood,827636,last_45,AAA,25.0,Reno Aces,Total,RNO,- - -,,,22,84,103,25,16,4,3,2,19,12,15,0,18,4,0,0,1,4,1,.298,14.6%,17.5%,.833,.427,.488,.915,.190,,.359,,19.2,4.4,.413,130
Dalton McIntyre,827637,last_45,AA,23.2,Columbus Clingstones,Total,COL,- - -,,,8,22,28,4,4,0,0,0,5,2,5,0,3,0,0,1,0,2,0,.182,17.9%,10.7%,1.667,.333,.182,.515,.000,,.211,,2.1,-1.6,.266,58
Dillon Lewis,827665,last_45,AA,23.3,Pensacola Blue Wahoos,Total,PNS,- - -,,,17,73,75,19,16,2,0,1,5,4,2,0,19,0,0,0,2,6,1,.260,2.7%,25.3%,.105,.280,.329,.609,.068,,.340,,6.3,-3.7,.276,63
Reed Stallman,827671,last_45,A,23.5,St. Lucie Mets,Total,SLU,- - -,,,5,16,21,4,3,1,0,0,2,0,4,0,7,1,0,0,0,0,0,.250,19.0%,33.3%,.571,.429,.312,.741,.062,,.444,,3.2,0.2,.362,108
Jude Warwick,827672,last_45,A,21.0,Lakeland Flying Tigers,Total,LAK,- - -,,,10,32,34,8,5,2,0,1,4,4,1,0,13,0,1,0,0,2,0,.250,2.9%,38.2%,.077,.265,.406,.671,.156,,.368,,3.4,-1.5,.293,70
Jake Munroe,827719,last_45,AA,23.0,Rocket City Trash Pandas,Total,RCT,- - -,,,17,67,80,20,13,3,1,3,19,10,8,0,18,4,1,0,3,0,0,.299,10.0%,22.5%,.444,.400,.507,.907,.209,,.362,,14.7,4.1,.404,139
Daniel Bucciero,827759,last_45,A+,21.9,Lansing Lugnuts,Total,LAN,- - -,,,8,33,38,3,2,1,0,0,2,2,5,0,9,0,0,0,1,0,1,.091,13.2%,23.7%,.556,.211,.121,.332,.030,,.125,,0.5,-4.9,.176,9
TJ Ford,828074,last_45,A,20.5,Rancho Cucamonga Quakes,Total,RC,- - -,,,6,26,26,4,4,0,0,0,0,2,0,0,12,0,0,0,0,1,0,.154,0.0%,46.2%,.000,.154,.154,.308,.000,,.286,,-0.5,-4.4,.140,-13
Dax Kilby,828076,last_45,A,19.8,Tampa Tarpons,Total,TAM,- - -,,,10,30,44,6,3,1,0,2,7,5,14,0,9,0,0,0,0,5,2,.200,31.8%,20.5%,1.556,.455,.433,.888,.233,,.211,,8.5,2.2,.414,136
JoJo Parker,828098,last_45,A+,20.1,Vancouver Canadians,Total,VAN,- - -,,,12,49,59,16,12,4,0,0,10,3,10,0,9,0,0,0,0,3,0,.327,16.9%,15.3%,1.111,.441,.408,.849,.082,,.400,,10.7,1.7,.393,118
Aidan West,828140,last_45,A,19.3,Ontario Tower Buzzers,Total,ONT,- - -,,,5,18,18,5,3,1,0,1,1,5,0,0,4,0,0,0,0,0,0,.278,0.0%,22.2%,.000,.278,.500,.778,.222,,.308,,2.5,-0.2,.341,91
Conor Essenburg,828148,last_45,A+,20.0,Rome Emperors,Total,ROM,- - -,,,12,45,58,11,4,5,0,2,14,9,10,0,16,2,1,0,0,5,0,.244,17.2%,27.6%,.625,.397,.489,.885,.244,,.321,,10.8,2.7,.395,133
Slater de Brun,828173,last_45,A,19.2,Charleston RiverDogs,Total,CHS,- - -,,,10,38,48,8,8,0,0,0,8,1,4,0,10,6,0,0,0,6,2,.211,8.3%,20.8%,.400,.375,.211,.586,.000,,.286,,5.4,-0.9,.304,85
Bruin Agbayani,828202,last_45,A,19.4,St. Lucie Mets,Total,SLU,- - -,,,3,12,13,2,1,1,0,0,1,2,1,0,5,0,0,0,0,1,0,.167,7.7%,38.5%,.200,.231,.250,.481,.083,,.286,,0.6,-1.3,.224,32
Cooper Flemming,828237,last_45,A,20.1,Charleston RiverDogs,Total,CHS,- - -,,,10,41,44,12,8,2,1,1,8,11,1,0,4,2,0,0,0,2,0,.293,2.3%,9.1%,.250,.341,.463,.804,.171,,.306,,6.9,1.1,.359,118
Ethan Conrad,828255,last_45,A+,22.1,South Bend Cubs,Total,SB,- - -,,,1,3,4,0,0,0,0,0,0,0,1,0,1,0,0,0,0,0,0,.000,25.0%,25.0%,1.000,.250,.000,.250,.000,,.000,,0.1,-0.5,.178,10
Jaden Fauske,828262,last_45,A,19.8,Kannapolis Cannon Ballers,Total,KAN,- - -,,,12,43,58,10,9,1,0,0,12,6,15,0,14,0,0,0,0,6,1,.233,25.9%,24.1%,1.071,.431,.256,.687,.023,,.345,,8.5,0.8,.347,111
Jaiden Lo Re,828318,last_45,A,19.5,Delmarva Shorebirds,Total,DEL,- - -,,,13,42,49,10,7,2,0,1,5,9,4,0,7,2,1,0,0,3,0,.238,8.2%,14.3%,.571,.327,.357,.684,.119,,.257,,6.0,-0.8,.314,88
John Smith III,828333,last_45,A+,22.8,Brooklyn Cyclones,Total,BRK,- - -,,,2,6,7,1,1,0,0,0,1,0,1,0,3,0,0,0,0,0,0,.167,14.3%,42.9%,.333,.286,.167,.452,.000,,.333,,0.4,-0.6,.232,41
Titus Dumitru,828335,last_45,AA,23.3,Altoona Curve,Total,ALT,- - -,,,15,55,66,12,10,2,0,0,10,6,9,0,15,1,1,0,1,1,2,.218,13.6%,22.7%,.600,.333,.255,.588,.036,,.293,,6.2,-3.0,.285,67
Jason Schiavone,828395,last_45,AAA,23.5,Sugar Land Space Cowboys,Total,SUG,- - -,,,23,79,93,19,6,6,0,7,13,19,12,0,34,2,0,0,2,7,3,.241,12.9%,36.6%,.353,.355,.582,.937,.342,,.316,,17.0,3.9,.409,130
Evan Bouldin,828408,last_45,A,22.4,Clearwater Threshers,Total,CLR,- - -,,,1,4,4,1,1,0,0,0,0,1,0,0,0,0,0,0,1,0,0,.250,0.0%,0.0%,,.250,.250,.500,.000,,.250,,0.2,-0.4,.228,34
Andy Polanco,828489,last_45,A,21.4,San Jose Giants,Total,SJ,- - -,,,4,15,16,6,6,0,0,0,1,1,1,0,5,0,0,0,1,2,2,.400,6.2%,31.2%,.200,.438,.400,.838,.000,,.600,,2.8,0.3,.386,114
Braylon Whitaker,828519,last_45,A+,20.5,Frederick Keys,Total,FRE,- - -,,,10,29,36,6,4,1,1,0,5,4,7,0,2,0,0,0,0,4,0,.207,19.4%,5.6%,3.500,.361,.310,.671,.103,,.222,,4.6,-0.4,.321,91
Blaine Bullard,828557,last_45,A,20.1,Dunedin Blue Jays,Total,DUN,- - -,,,8,27,29,5,3,2,0,0,0,1,2,0,8,0,0,0,0,2,0,.185,6.9%,27.6%,.250,.241,.259,.501,.074,,.263,,1.5,-2.6,.232,37
Max Durrington,828589,last_45,A,19.6,Stockton Ports,Total,STK,- - -,,,11,34,41,8,8,0,0,0,2,2,6,0,9,1,0,0,0,3,0,.235,14.6%,22.0%,.667,.366,.235,.601,.000,,.320,,4.3,-1.9,.300,70
Lucas Spence,828599,last_45,AAA,23.6,Sugar Land Space Cowboys,Total,SUG,- - -,,,22,75,88,18,6,4,1,7,14,14,13,0,18,0,0,0,2,4,0,.240,14.8%,20.5%,.722,.352,.600,.952,.360,,.220,,16.4,4.9,.412,143
Parker Coddou,828620,last_45,A+,24.4,Spokane Indians,Total,SPO,- - -,,,5,17,20,3,2,0,0,1,6,3,1,0,2,1,1,0,1,3,0,.176,5.0%,10.0%,.500,.250,.353,.603,.176,,.133,,1.7,-1.4,.269,55
Aiden Robbins,828657,last_45,A,21.6,St. Lucie Mets,Total,SLU,- - -,,,12,45,52,13,9,1,0,3,7,10,7,0,14,0,0,0,1,0,0,.289,13.5%,26.9%,.500,.385,.511,.896,.222,,.357,,9.7,2.3,.400,131
Ching-Hsien Ko,828667,last_45,A,20.1,Ontario Tower Buzzers,Total,ONT,- - -,,,13,48,64,12,6,2,1,3,12,9,15,1,14,0,1,0,0,0,0,.250,23.4%,21.9%,1.071,.422,.521,.943,.271,,.281,,12.4,2.7,.412,128
Taitn Gray,828685,last_45,A,19.1,Charleston RiverDogs,Total,CHS,- - -,,,11,34,44,11,8,2,0,1,4,9,7,0,8,1,2,0,0,4,1,.324,15.9%,18.2%,.875,.432,.471,.902,.147,,.370,,8.4,2.5,.402,143
Daniel Jackson,828714,last_45,A,21.8,Fresno Grizzlies,Total,FRE,- - -,,,13,51,58,16,9,3,0,4,11,14,5,0,15,0,2,0,0,1,0,.314,8.6%,25.9%,.333,.362,.608,.970,.294,,.353,,11.4,2.6,.415,129
Wessley Roberson,828808,last_45,A,18.5,Jupiter Hammerheads,Total,JUP,- - -,,,6,18,25,5,3,2,0,0,8,1,7,0,9,0,0,0,0,4,0,.278,28.0%,36.0%,.778,.480,.389,.869,.111,,.556,,4.8,1.2,.412,135
Tyler Spangler,828811,last_45,A,18.9,Clearwater Threshers,Total,CLR,- - -,,,7,29,35,5,3,1,0,1,7,6,4,0,9,1,1,0,0,0,0,.172,11.4%,25.7%,.444,.286,.310,.596,.138,,.200,,3.1,-1.9,.278,61
Josiah Ragsdale,828824,last_45,AA,22.7,Springfield Cardinals,Total,SPR,- - -,,,16,61,75,16,11,2,0,3,17,9,11,0,15,3,0,0,3,6,0,.262,14.7%,20.0%,.733,.400,.443,.843,.180,,.302,,12.4,1.4,.386,113
Elliot Lascelles,828900,last_45,A,18.6,Lake Elsinore Storm,Total,LE,- - -,,,12,46,51,12,9,3,0,0,9,4,4,0,9,1,0,0,0,5,0,.261,7.8%,17.6%,.444,.333,.326,.659,.065,,.324,,5.7,-2.0,.307,74
Tyson Moran,828903,last_45,A,20.6,Columbia Fireflies,Total,COL,- - -,,,8,30,33,8,6,1,1,0,3,1,3,0,2,0,0,0,1,0,0,.267,9.1%,6.1%,1.500,.333,.367,.700,.100,,.286,,4.1,-0.3,.319,94
Elian Peña,829033,last_45,A+,18.9,Brooklyn Cyclones,Total,BRK,- - -,,,12,47,54,8,5,2,1,0,6,2,6,0,14,0,1,0,1,2,0,.170,11.1%,25.9%,.429,.259,.255,.515,.085,,.235,,3.5,-4.0,.242,47
Josuar Gonzalez,829034,last_45,A,18.9,San Jose Giants,Total,SJ,- - -,,,11,47,53,17,12,3,1,1,12,14,5,0,12,0,1,0,2,8,1,.362,9.4%,22.6%,.417,.415,.532,.947,.170,,.457,,10.5,2.4,.417,130
Kevin Alvarez,829037,last_45,A,18.6,Fayetteville Woodpeckers,Total,FAY,- - -,,,9,34,36,7,6,1,0,0,2,4,1,0,12,0,1,0,1,0,1,.206,2.8%,33.3%,.083,.222,.235,.458,.029,,.304,,1.4,-3.4,.207,28
Cris Rodriguez,829038,last_45,A,18.6,Lakeland Flying Tigers,Total,LAK,- - -,,,8,32,33,11,3,4,1,3,7,9,1,0,13,0,0,0,3,0,1,.344,3.0%,39.4%,.077,.364,.812,1.176,.469,,.500,,8.7,4.0,.503,184
Juan Cabada,829040,last_45,A,18.3,Myrtle Beach Pelicans,Total,MB,- - -,,,9,34,39,5,4,1,0,0,2,4,3,0,12,2,0,0,0,1,0,.147,7.7%,30.8%,.250,.256,.176,.433,.029,,.227,,1.8,-3.3,.219,36
Yorger Bautista,829045,last_45,A,19.0,Inland Empire 66ers,Total,IE,- - -,,,12,52,55,12,11,0,0,1,5,8,2,0,16,1,0,0,3,0,1,.231,3.6%,29.1%,.125,.273,.288,.561,.058,,.314,,4.1,-4.2,.260,49
Breyson Guedez,829052,last_45,A+,18.9,Lansing Lugnuts,Total,LAN,- - -,,,12,47,54,11,10,1,0,0,5,11,3,0,11,1,2,0,2,0,0,.234,5.6%,20.4%,.273,.283,.255,.538,.021,,.289,,3.8,-3.8,.250,50
Gabriel Davalillo,829058,last_45,A,18.8,Rancho Cucamonga Quakes,Total,RC,- - -,,,12,45,55,12,8,3,0,1,7,4,7,0,16,2,1,0,2,0,0,.267,12.7%,29.1%,.438,.382,.400,.782,.133,,.379,,8.4,0.0,.359,100
Brailyn Antunez,829073,last_45,A,18.8,Wilson Warbirds,Total,WIL,- - -,,,13,45,53,10,8,1,1,0,4,11,5,0,16,3,0,0,2,2,0,.222,9.4%,30.2%,.312,.340,.289,.629,.067,,.345,,5.9,-1.1,.302,84
Jhomnardo Reyes,829076,last_45,A,18.9,Delmarva Shorebirds,Total,DEL,- - -,,,12,47,52,10,9,1,0,0,5,2,5,0,14,0,0,0,0,2,1,.213,9.6%,26.9%,.357,.288,.234,.523,.021,,.303,,3.7,-3.2,.251,54
Kenly Hunter,829077,last_45,A,18.3,Palm Beach Cardinals,Total,PMB,- - -,,,3,13,14,3,3,0,0,0,2,1,0,0,3,1,0,0,0,1,1,.231,0.0%,21.4%,.000,.286,.231,.516,.000,,.300,,0.9,-1.1,.248,45
Romeli Espinosa,829089,last_45,A+,18.3,Jersey Shore BlueClaws,Total,JS,- - -,,,1,4,4,1,1,0,0,0,0,0,0,0,1,0,0,0,0,1,0,.250,0.0%,25.0%,.000,.250,.250,.500,.000,,.333,,0.2,-0.3,.228,39
Steele Hall,829162,last_45,A,19.1,Daytona Tortugas,Total,DBT,- - -,,,9,32,42,4,2,2,0,0,4,2,10,0,14,0,0,0,0,2,1,.125,23.8%,33.3%,.714,.333,.188,.521,.062,,.222,,3.6,-2.4,.274,60
Yamvier Carrero,829166,last_45,A,20.0,Augusta GreenJackets,Total,AUG,- - -,,,9,29,37,10,7,1,0,2,4,7,8,0,6,0,0,0,0,1,1,.345,21.6%,16.2%,1.333,.486,.586,1.073,.241,,.381,,9.1,4.2,.475,186
Ty Harvey,829210,last_45,A,20.1,Lake Elsinore Storm,Total,LE,- - -,,,10,41,43,8,6,0,1,1,4,6,2,0,14,0,0,0,0,1,0,.195,4.7%,32.6%,.143,.233,.317,.550,.122,,.269,,2.8,-3.7,.247,43
Arturo Flores,829251,last_45,A,21.0,Fayetteville Woodpeckers,Total,FAY,- - -,,,8,22,27,3,2,0,0,1,5,2,4,0,9,0,0,0,1,0,0,.136,14.8%,33.3%,.444,.269,.273,.542,.136,,.167,,2.1,-1.4,.261,60
Noah Franklin,829252,last_45,A,20.0,Hickory Crawdads,Total,HIC,- - -,,,5,17,21,5,4,1,0,0,3,1,4,0,5,0,0,0,1,1,0,.294,19.0%,23.8%,.800,.429,.353,.782,.059,,.417,,3.5,0.7,.370,125
Nick Becker,829306,last_45,A,19.8,Inland Empire 66ers,Total,IE,- - -,,,11,41,49,8,6,2,0,0,8,4,6,0,17,2,0,0,2,4,1,.195,12.2%,34.7%,.353,.327,.244,.570,.049,,.333,,4.5,-2.9,.282,60
Franklin Primera,829398,last_45,A,19.2,Salem RidgeYaks,Total,SAL,- - -,,,10,35,43,9,8,0,0,1,2,3,5,0,5,3,0,0,0,0,0,.257,11.6%,11.6%,1.000,.395,.343,.738,.086,,.276,,6.5,0.8,.353,114
Jacob McCombs,829643,last_45,A+,22.2,Cedar Rapids Kernels,Total,CR,- - -,,,4,14,16,3,2,0,1,0,1,1,1,0,3,0,1,0,0,0,1,.214,6.2%,18.8%,.333,.250,.357,.607,.143,,.250,,1.3,-1.0,.261,56
Colin Yeaman,829649,last_45,A+,22.4,Frederick Keys,Total,FRE,- - -,,,9,27,35,1,0,0,0,1,5,2,7,0,12,1,0,0,0,5,0,.037,20.0%,34.3%,.583,.257,.148,.405,.111,,.000,,1.8,-3.1,.224,37
Brayden Smith,829670,last_45,A+,22.7,Peoria Chiefs,Total,PEO,- - -,,,10,42,44,11,7,1,1,2,4,7,2,0,13,0,0,0,0,1,1,.262,4.5%,29.5%,.154,.295,.476,.772,.214,,.333,,6.2,-0.0,.340,99
Shotaro Morii,829679,last_45,A,19.7,Stockton Ports,Total,STK,- - -,,,4,14,15,5,4,0,1,0,1,0,1,0,5,0,0,0,0,0,1,.357,6.7%,33.3%,.200,.400,.500,.900,.143,,.556,,2.8,0.5,.399,121
Edgardo Figueroa,829702,last_45,AA,19.0,Harrisburg Senators,Total,HBG,- - -,,,1,1,1,1,0,0,1,0,1,1,0,0,0,0,0,0,0,0,0,1.000,0.0%,0.0%,,1.000,3.000,4.000,2.000,,1.000,,1.2,1.0,1.639,826
Sebastian Dos Santos,829741,last_45,A,18.6,Palm Beach Cardinals,Total,PMB,- - -,,,10,37,45,12,5,3,0,4,8,10,6,0,8,2,0,0,0,1,1,.324,13.3%,17.8%,.750,.444,.730,1.174,.405,,.320,,11.9,5.4,.503,184
Victor Santana,829750,last_45,A,18.5,Visalia Rawhide,Total,VIS,- - -,,,11,39,45,12,10,2,0,0,5,11,5,0,9,0,0,0,0,0,0,.308,11.1%,20.0%,.556,.386,.359,.745,.051,,.400,,6.4,-0.4,.346,94
Angel De Los Santos,829751,last_45,A,18.5,Lakeland Flying Tigers,Total,LAK,- - -,,,8,30,36,7,5,1,0,1,6,4,6,0,7,0,0,0,0,4,0,.233,16.7%,19.4%,.857,.361,.367,.728,.133,,.273,,4.9,-0.2,.339,95
Malvin Fernandez,829768,last_45,A+,18.0,Rome Emperors,Total,ROM,- - -,,,2,6,7,0,0,0,0,0,1,0,1,0,3,0,0,0,0,0,0,.000,14.3%,42.9%,.333,.143,.000,.143,.000,,.000,,-0.3,-1.3,.102,-31
Yostin Pena,829769,last_45,A,18.9,Tampa Tarpons,Total,TAM,- - -,,,10,33,42,9,7,0,0,2,9,4,8,0,4,1,0,0,2,6,2,.273,19.0%,9.5%,2.000,.429,.455,.883,.182,,.259,,7.9,1.9,.405,131
Yovanny Duran,829773,last_45,A,18.8,Fort Myers Mighty Mussels,Total,FTM,- - -,,,8,27,32,2,1,1,0,0,1,0,5,0,13,0,0,0,1,2,1,.074,15.6%,40.6%,.385,.219,.111,.330,.037,,.143,,0.4,-4.2,.180,8
Miguel Hernández,829791,last_45,A,18.3,Palm Beach Cardinals,Total,PMB,- - -,,,8,27,34,12,7,3,1,1,6,3,5,0,8,2,0,0,1,4,0,.444,14.7%,23.5%,.625,.559,.741,1.300,.296,,.611,,10.5,5.6,.560,216
Juan Tomas,829823,last_45,A,18.8,Myrtle Beach Pelicans,Total,MB,- - -,,,3,12,14,5,3,1,0,1,4,1,2,0,4,0,0,0,0,1,0,.417,14.3%,28.6%,.500,.500,.750,1.250,.333,,.571,,4.2,2.3,.540,224
Luis Arana,829854,last_45,A,18.5,Jupiter Hammerheads,Total,JUP,- - -,,,8,32,33,7,6,1,0,0,6,2,1,0,8,0,0,0,0,7,2,.219,3.0%,24.2%,.125,.242,.250,.492,.031,,.292,,1.6,-3.1,.226,33
Louis Andujar,829943,last_45,A,18.9,Salem RidgeYaks,Total,SAL,- - -,,,9,31,37,8,6,1,0,1,6,2,5,0,9,1,0,0,1,2,1,.258,13.5%,24.3%,.556,.378,.387,.765,.129,,.333,,5.7,0.8,.356,116
Sebastian Blanco,829949,last_45,A,18.7,Fresno Grizzlies,Total,FRE,- - -,,,7,23,25,6,4,2,0,0,1,1,1,0,7,1,0,0,1,0,0,.261,4.0%,28.0%,.143,.320,.348,.668,.087,,.375,,2.8,-1.0,.307,74
Manuel Campos,829976,last_45,A,18.8,Augusta GreenJackets,Total,AUG,- - -,,,13,56,60,17,12,2,2,1,11,10,3,0,14,0,1,0,1,7,2,.304,5.0%,23.3%,.214,.333,.464,.798,.161,,.381,,9.0,1.0,.350,113
Aaron Walton,830239,last_45,AA,22.3,Akron RubberDucks,Total,AKR,- - -,,,16,61,71,18,8,6,0,4,13,13,9,0,20,1,0,0,1,5,0,.295,12.7%,28.2%,.450,.394,.590,.985,.295,,.378,,14.7,4.8,.431,149
Ben Tryon,830337,last_45,A,21.9,Fayetteville Woodpeckers,Total,FAY,- - -,,,7,24,25,5,3,1,0,1,2,1,1,0,8,0,0,0,2,1,0,.208,4.0%,32.0%,.125,.240,.375,.615,.167,,.267,,2.2,-1.1,.274,68
Luke Pettitte,830339,last_45,A,21.2,Tampa Tarpons,Total,TAM,- - -,,,7,24,28,4,2,0,0,2,4,4,3,0,11,1,0,0,1,0,0,.167,10.7%,39.3%,.273,.286,.417,.702,.250,,.182,,3.3,-0.7,.318,84
Renyel Campos,830412,last_45,AA,19.3,New Hampshire Fisher Cats,Total,NH,- - -,,,2,1,2,0,0,0,0,0,0,0,1,0,1,0,0,0,0,0,0,.000,50.0%,50.0%,1.000,.500,.000,.500,.000,,,,0.3,0.0,.355,106
Dawson Willis,830619,last_45,A,22.4,Lake Elsinore Storm,Total,LE,- - -,,,12,31,39,8,3,4,0,1,5,5,6,0,13,2,0,0,0,3,3,.258,15.4%,33.3%,.462,.410,.484,.894,.226,,.412,,7.3,1.4,.404,124
Bryce Fowler,830736,last_45,A,23.8,Fort Myers Mighty Mussels,Total,FTM,- - -,,,9,31,36,8,7,1,0,0,4,3,5,0,13,0,0,0,1,2,2,.258,13.9%,36.1%,.385,.361,.290,.651,.032,,.444,,4.1,-1.0,.312,80
Brennan Hudson,830984,last_45,A+,22.4,South Bend Cubs,Total,SB,- - -,,,7,18,25,3,2,1,0,0,2,3,6,0,9,1,0,0,1,0,0,.167,24.0%,36.0%,.667,.400,.222,.622,.056,,.333,,3.2,-0.3,.325,91
Dean Toigo,831025,last_45,A+,24.0,Hudson Valley Renegades,Total,HV,- - -,,,12,42,47,12,10,1,1,0,4,3,3,0,10,2,0,0,2,1,1,.286,6.4%,21.3%,.300,.362,.357,.719,.071,,.375,,6.4,-0.1,.333,98
Steven Lancia,831188,last_45,A,24.0,Kannapolis Cannon Ballers,Total,KAN,- - -,,,9,33,39,6,4,1,0,1,5,6,4,0,12,1,1,0,0,0,0,.182,10.3%,30.8%,.333,.282,.303,.585,.121,,.238,,3.5,-1.7,.273,67
Colin Hynek,831240,last_45,AA,23.3,Knoxville Smokies,Total,KNX,- - -,,,2,1,2,0,0,0,0,0,1,0,1,0,1,0,0,0,0,0,0,.000,50.0%,50.0%,1.000,.500,.000,.500,.000,,,,0.3,0.0,.355,110
Josh Owens,831384,last_45,A,19.7,Hickory Crawdads,Total,HIC,- - -,,,4,15,16,2,1,1,0,0,1,0,1,0,6,0,0,0,0,0,0,.133,6.2%,37.5%,.167,.188,.200,.388,.067,,.222,,0.3,-1.8,.182,14
Wyatt Vincent,831488,last_45,A,20.0,St. Lucie Mets,Total,SLU,- - -,,,4,14,15,6,5,1,0,0,3,2,1,0,2,0,0,0,0,0,1,.429,6.7%,13.3%,.500,.467,.500,.967,.071,,.500,,3.2,1.0,.437,148
Kyeler Thompson,831546,last_45,A,21.9,Ontario Tower Buzzers,Total,ONT,- - -,,,5,19,22,7,6,0,1,0,2,1,2,0,2,1,0,0,0,0,1,.368,9.1%,9.1%,1.000,.455,.474,.928,.105,,.412,,4.4,1.1,.421,132
Marco Argudin,831918,last_45,A,20.8,Hickory Crawdads,Total,HIC,- - -,,,7,25,29,7,2,2,1,2,6,6,4,0,6,0,0,0,1,1,1,.280,13.8%,20.7%,.667,.379,.680,1.059,.400,,.294,,6.6,2.8,.452,173
Daniel Rogers,832110,last_45,A+,24.7,Eugene Emeralds,Total,EUG,- - -,,,8,26,34,4,3,0,0,1,6,2,7,0,12,1,0,0,0,0,0,.154,20.6%,35.3%,.583,.353,.269,.622,.115,,.231,,4.0,-1.2,.311,76
Ian Francis,832212,last_45,A,23.8,Daytona Tortugas,Total,DBT,- - -,,,4,10,14,3,2,0,0,1,2,4,2,0,4,1,1,0,0,0,0,.300,14.3%,28.6%,.500,.429,.600,1.029,.300,,.333,,3.0,1.0,.435,148
Derek Cerda,832213,last_45,A+,23.6,Winston-Salem Dash,Total,WS,- - -,,,7,27,31,8,5,2,1,0,7,3,2,0,5,2,0,0,0,1,0,.296,6.5%,16.1%,.400,.387,.444,.832,.148,,.364,,5.3,1.0,.377,122
Brady Ballinger,832219,last_45,A,21.3,Lakeland Flying Tigers,Total,LAK,- - -,,,6,16,20,3,1,2,0,0,4,0,4,0,7,0,0,0,1,0,0,.188,20.0%,35.0%,.571,.350,.312,.662,.125,,.333,,2.4,-0.5,.317,83
Edian Espinal,832420,last_45,A+,21.9,West Michigan Whitecaps,Total,WM,- - -,,,9,37,40,12,8,2,2,0,9,2,2,0,6,1,0,0,0,3,0,.324,5.0%,15.0%,.333,.375,.486,.861,.162,,.387,,7.0,1.3,.383,123
Truitt Madonna,833008,last_45,A,19.5,Lake Elsinore Storm,Total,LE,- - -,,,9,27,32,3,2,1,0,0,2,1,4,0,12,0,1,0,0,0,0,.111,12.5%,37.5%,.333,.219,.148,.367,.037,,.188,,0.5,-4.3,.186,11
Jack Moroknek,833381,last_45,A+,23.2,Wilmington Blue Rocks,Total,WIL,- - -,,,5,15,16,3,2,0,0,1,1,2,1,0,4,0,0,0,0,0,0,.200,6.2%,25.0%,.250,.250,.400,.650,.200,,.200,,1.7,-0.6,.290,74
Owen Hull,833382,last_45,A+,22.1,Greenville Drive,Total,GVL,- - -,,,11,44,50,16,9,5,0,2,8,10,4,0,7,2,0,0,1,0,2,.364,8.0%,14.0%,.571,.440,.614,1.054,.250,,.400,,12.0,5.0,.464,171
Hayden Jatczak,833426,last_45,A+,25.1,Eugene Emeralds,Total,EUG,- - -,,,13,43,52,14,12,0,0,2,11,13,7,0,6,1,1,0,0,1,0,.326,13.5%,11.5%,1.167,.423,.465,.888,.140,,.333,,9.8,1.8,.401,122
Justin Stransky,833458,last_45,A+,24.0,South Bend Cubs,Total,SB,- - -,,,8,27,33,7,2,4,0,1,7,8,3,0,4,0,3,0,0,0,1,.259,9.1%,12.1%,.750,.303,.519,.822,.259,,.240,,4.7,-0.0,.341,100
Ryan Wideman,834240,last_45,A+,22.8,Fort Wayne TinCaps,Total,FW,- - -,,,1,4,5,0,0,0,0,0,0,0,0,0,2,1,0,0,0,2,1,.000,0.0%,40.0%,.000,.200,.000,.200,.000,,.000,,-0.0,-0.7,.149,-6
Jake Cook,834404,last_45,A,23.1,Dunedin Blue Jays,Total,DUN,- - -,,,7,24,27,4,3,1,0,0,1,3,3,0,14,0,0,0,0,1,0,.167,11.1%,51.9%,.214,.259,.208,.468,.042,,.400,,1.3,-2.5,.228,34
JC Vanek,834408,last_45,A,22.0,Columbia Fireflies,Total,COL,- - -,,,8,24,34,8,5,1,0,2,5,8,8,0,8,1,1,0,0,2,1,.333,23.5%,23.5%,1.000,.500,.625,1.125,.292,,.400,,8.7,4.2,.485,192
Seong-Jun Kim,834605,last_45,A,19.3,Hickory Crawdads,Total,HIC,- - -,,,4,17,18,4,1,2,0,1,2,3,1,0,6,0,0,0,0,0,0,.235,5.6%,33.3%,.167,.278,.529,.807,.294,,.300,,2.7,0.3,.351,113
Michael Oliveto,834672,last_45,A,19.6,Lakeland Flying Tigers,Total,LAK,- - -,,,8,26,28,9,8,1,0,0,6,5,2,0,6,0,0,0,0,0,0,.346,7.1%,21.4%,.333,.393,.385,.777,.038,,.450,,4.2,0.2,.357,105
Matthew Miura,834681,last_45,A,23.0,Palm Beach Cardinals,Total,PMB,- - -,,,9,30,35,7,7,0,0,0,3,2,5,0,5,0,0,0,1,4,1,.233,14.3%,14.3%,1.000,.343,.233,.576,.000,,.280,,3.2,-1.8,.284,65
Angel Abreu,834685,last_45,A,18.1,Hill City Howlers,Total,HC,- - -,,,7,22,28,6,5,1,0,0,5,1,6,0,7,0,0,0,0,2,1,.273,21.4%,25.0%,.857,.429,.318,.747,.045,,.400,,4.4,0.7,.361,119
Ryan Niedzwiedz,834710,last_45,A,21.7,Fresno Grizzlies,Total,FRE,- - -,,,7,22,24,2,0,1,1,0,1,0,2,0,7,0,0,0,1,0,0,.091,8.3%,29.2%,.286,.167,.227,.394,.136,,.133,,0.3,-3.3,.181,9
Caden Merritt,834846,last_45,A,19.3,Augusta GreenJackets,Total,AUG,- - -,,,6,21,24,2,1,1,0,0,1,3,3,0,15,0,0,0,1,1,2,.095,12.5%,62.5%,.200,.208,.143,.351,.048,,.333,,0.4,-2.8,.181,13
Jose Silva,834925,last_45,A,19.4,Myrtle Beach Pelicans,Total,MB,- - -,,,6,17,23,3,3,0,0,0,3,0,4,0,9,2,0,0,0,1,0,.176,17.4%,39.1%,.444,.391,.176,.568,.000,,.375,,2.7,-0.4,.307,87
Anthony DePino,834962,last_45,AA,23.5,Birmingham Barons,Total,BIR,- - -,,,10,38,43,9,4,3,0,2,2,6,5,0,16,0,0,0,1,1,0,.237,11.6%,37.2%,.312,.326,.474,.799,.237,,.350,,6.3,0.6,.356,110
Dylan Grego,834966,last_45,A+,22.5,Fort Wayne TinCaps,Total,FW,- - -,,,10,42,43,9,6,2,1,0,3,5,0,0,7,0,0,1,0,1,0,.214,0.0%,16.3%,.000,.214,.310,.524,.095,,.257,,2.4,-3.7,.231,39
Alejandro Garza,835211,last_45,A,21.3,Hill City Howlers,Total,HC,- - -,,,11,44,53,16,9,6,1,0,9,8,7,0,5,0,2,0,0,7,1,.364,13.2%,9.4%,1.400,.434,.545,.979,.182,,.390,,11.0,4.0,.426,157
Robbie Lavey,835215,last_45,A+,21.0,Fort Wayne TinCaps,Total,FW,- - -,,,9,35,36,9,5,4,0,0,3,9,1,0,10,0,0,0,2,0,0,.257,2.8%,27.8%,.100,.278,.371,.649,.114,,.360,,3.7,-1.4,.290,72
Anthony Potestio,835219,last_45,A,21.8,Tampa Tarpons,Total,TAM,- - -,,,9,25,33,6,3,0,0,3,6,6,7,0,10,1,0,0,0,1,1,.240,21.2%,30.3%,.700,.424,.600,1.024,.360,,.250,,7.3,2.6,.448,154
Peyton Bonds,835227,last_45,A,21.1,San Jose Giants,Total,SJ,- - -,,,3,14,15,4,4,0,0,0,2,2,1,0,4,0,0,0,0,0,0,.286,6.7%,26.7%,.250,.333,.286,.619,.000,,.400,,1.5,-0.8,.290,65
Jake Schaffner,835279,last_45,A+,21.9,Greenville Drive,Total,GVL,- - -,,,10,46,49,17,13,2,1,1,11,6,3,0,5,0,0,0,0,1,0,.370,6.1%,10.2%,.600,.408,.522,.930,.152,,.400,,9.8,3.0,.414,143
Aidan Redahan,835318,last_45,A,24.2,Fresno Grizzlies,Total,FRE,- - -,,,2,6,8,3,3,0,0,0,0,0,1,0,0,1,0,0,0,0,0,.500,12.5%,0.0%,,.625,.500,1.125,.000,,.500,,2.2,1.0,.523,185
Tanner Marsh,835651,last_45,A+,21.4,Lansing Lugnuts,Total,LAN,- - -,,,10,34,43,5,5,0,0,0,5,1,8,0,16,1,0,0,1,4,0,.147,18.6%,37.2%,.500,.326,.147,.473,.000,,.278,,3.2,-2.9,.255,53
Martin Shelar,835678,last_45,A,19.1,Salem RidgeYaks,Total,SAL,- - -,,,9,34,39,7,3,3,0,1,1,6,5,0,11,0,0,0,0,1,2,.206,12.8%,28.2%,.455,.308,.382,.690,.176,,.273,,4.7,-0.4,.315,92
Eric Booth Jr.,835727,last_45,A,18.2,Delmarva Shorebirds,Total,DEL,- - -,,,11,44,51,14,11,3,0,0,5,5,5,0,11,1,1,0,1,3,2,.318,9.8%,21.6%,.455,.392,.386,.779,.068,,.412,,7.9,1.1,.357,116
Caleb Johnson,835868,last_45,A,22.6,Ontario Tower Buzzers,Total,ONT,- - -,,,11,46,53,14,8,3,0,3,11,11,4,0,13,1,2,0,0,2,0,.304,7.5%,24.5%,.308,.358,.565,.924,.261,,.344,,9.7,1.6,.398,120
Conner O'Neal,836052,last_45,A,24.0,Ontario Tower Buzzers,Total,ONT,- - -,,,9,26,37,8,4,3,0,1,4,2,11,0,10,0,0,0,2,0,1,.308,29.7%,27.0%,1.100,.514,.538,1.052,.231,,.467,,8.9,3.3,.472,158
Zach Daudet,836055,last_45,A+,23.2,Asheville Tourists,Total,ASH,- - -,,,14,39,53,4,3,1,0,0,6,1,12,0,12,2,0,0,0,1,1,.103,22.6%,22.6%,1.000,.340,.128,.468,.026,,.148,,4.3,-3.3,.265,57
Ely Brown,836058,last_45,A+,22.1,Winston-Salem Dash,Total,WS,- - -,,,13,55,67,17,11,5,1,0,11,13,7,0,7,1,1,2,1,7,0,.309,10.4%,10.4%,1.000,.391,.436,.827,.127,,.347,,11.2,1.9,.372,120
Brayden Corn,836068,last_45,A+,23.1,Everett AquaSox,Total,EVE,- - -,,,8,25,29,4,2,1,0,1,2,4,4,0,16,0,0,0,0,2,0,.160,13.8%,55.2%,.250,.276,.320,.596,.160,,.375,,2.6,-1.8,.278,59
Rylan Mills,836079,last_45,A,19.9,Wilson Warbirds,Total,WIL,- - -,,,12,43,50,13,6,1,0,6,7,10,7,0,20,0,0,0,0,0,0,.302,14.0%,40.0%,.350,.400,.744,1.144,.442,,.412,,12.8,6.2,.488,194
Jimmy Anderson,836084,last_45,A,21.0,Delmarva Shorebirds,Total,DEL,- - -,,,12,44,51,9,7,2,0,0,4,4,6,0,11,1,0,0,0,3,0,.205,11.8%,21.6%,.545,.314,.250,.564,.045,,.273,,4.6,-2.2,.274,68
Andrews Opata,836168,last_45,A,22.7,Salem RidgeYaks,Total,SAL,- - -,,,11,30,39,6,3,2,0,1,5,4,6,0,12,2,1,0,1,5,1,.200,15.4%,30.8%,.500,.359,.367,.726,.167,,.278,,5.5,0.3,.338,105
Conner Westenburg,836173,last_45,A+,23.1,Fort Wayne TinCaps,Total,FW,- - -,,,11,40,45,7,4,2,1,0,3,0,2,0,17,2,0,1,0,0,1,.175,4.4%,37.8%,.118,.250,.275,.525,.100,,.304,,3.0,-3.4,.245,47
Eric Jeon,837510,last_45,A,21.2,Inland Empire 66ers,Total,IE,- - -,,,3,9,11,5,4,0,1,0,3,4,1,0,1,1,0,0,1,0,0,.556,9.1%,9.1%,1.000,.636,.778,1.414,.222,,.625,,3.8,2.2,.612,231
Giaconino Lasaracina,838338,last_45,A,23.0,Dunedin Blue Jays,Total,DUN,- - -,,,6,19,23,4,3,0,0,1,2,1,4,0,6,0,0,0,0,0,0,.211,17.4%,26.1%,.667,.348,.368,.716,.158,,.250,,3.0,-0.3,.334,92
Charlie Scholvin,839366,last_45,A,21.4,Fort Myers Mighty Mussels,Total,FTM,- - -,,,7,18,24,4,4,0,0,0,5,2,4,0,1,1,1,0,0,0,0,.222,16.7%,4.2%,4.000,.375,.222,.597,.000,,.222,,2.5,-0.9,.301,74
Joe Tiroly,840332,last_45,A,21.3,Lake Elsinore Storm,Total,LE,- - -,,,10,37,40,13,5,2,0,6,6,13,3,0,6,0,0,0,1,0,1,.351,7.5%,15.0%,.500,.400,.892,1.292,.541,,.280,,12.0,5.9,.548,198
Tyson LeBlanc,840371,last_45,A,21.3,Lakeland Flying Tigers,Total,LAK,- - -,,,7,23,24,5,4,1,0,0,2,1,1,0,8,0,0,0,2,0,0,.217,4.2%,33.3%,.125,.250,.261,.511,.043,,.333,,1.3,-2.1,.235,38
Paul Schoenfeld,840390,last_45,A,23.3,Visalia Rawhide,Total,VIS,- - -,,,11,41,47,10,6,1,1,2,9,7,4,0,8,2,0,0,1,4,0,.244,8.5%,17.0%,.500,.340,.463,.804,.220,,.258,,7.2,0.1,.360,101
Erick Dessens,840927,last_45,A,21.2,Hill City Howlers,Total,HC,- - -,,,9,28,36,6,5,0,0,1,3,4,7,0,9,1,0,0,0,2,2,.214,19.4%,25.0%,.778,.389,.321,.710,.107,,.278,,5.2,0.4,.344,109
Brayden Martin,842047,last_45,A,20.9,Dunedin Blue Jays,Total,DUN,- - -,,,6,17,20,6,6,0,0,0,3,5,3,0,3,0,0,0,0,3,0,.353,15.0%,15.0%,1.000,.450,.353,.803,.000,,.429,,3.3,0.5,.380,117
Grayson Fitzwater,842049,last_45,A,22.7,Kannapolis Cannon Ballers,Total,KAN,- - -,,,10,37,49,11,5,4,1,1,8,13,9,0,11,1,2,0,0,0,0,.297,18.4%,22.4%,.818,.429,.541,.969,.243,,.370,,10.0,3.5,.421,154
Carlos Sanchez,842167,last_45,A,22.4,Delmarva Shorebirds,Total,DEL,- - -,,,9,28,39,6,4,1,1,0,4,5,7,0,3,3,1,0,2,4,3,.214,17.9%,7.7%,2.333,.410,.321,.732,.107,,.231,,5.9,0.8,.353,115
Tanner Mally,842179,last_45,A,22.0,San Jose Giants,Total,SJ,- - -,,,11,33,48,14,11,2,1,0,11,7,13,0,7,2,0,0,0,6,1,.424,27.1%,14.6%,1.857,.604,.545,1.150,.121,,.538,,13.3,6.1,.520,183
Graham Brown,842249,last_45,AA,25.1,Wichita Wind Surge,Total,WCH,- - -,,,17,57,65,18,11,3,0,4,15,13,7,0,13,1,0,0,1,6,2,.316,10.8%,20.0%,.538,.400,.579,.979,.263,,.350,,13.0,3.5,.432,137
Dominic Kibler,842420,last_45,A,21.3,Augusta GreenJackets,Total,AUG,- - -,,,4,10,17,2,1,1,0,0,4,1,4,0,2,2,1,0,0,1,0,.200,23.5%,11.8%,2.000,.471,.300,.771,.100,,.222,,3.0,0.7,.384,133
Owen Nowak,842660,last_45,A,21.2,Fayetteville Woodpeckers,Total,FAY,- - -,,,11,37,45,8,5,2,1,0,5,3,6,0,7,2,0,0,1,2,1,.216,13.3%,15.6%,.857,.356,.324,.680,.108,,.267,,5.8,-0.2,.323,97
Owen Henne,842711,last_45,A,21.7,Palm Beach Cardinals,Total,PMB,- - -,,,9,34,38,8,2,2,0,4,8,13,2,0,6,2,0,0,1,0,0,.235,5.3%,15.8%,.333,.316,.647,.963,.412,,.167,,7.4,2.0,.415,136
Corey Nunez,842969,last_45,A,22.6,Myrtle Beach Pelicans,Total,MB,- - -,,,10,34,41,9,6,3,0,0,8,3,5,0,7,2,0,0,0,3,0,.265,12.2%,17.1%,.714,.390,.353,.743,.088,,.333,,6.1,0.7,.351,113
Evan Morrison,844071,last_45,A+,23.4,Hub City Spartanburgers,Total,HCS,- - -,,,12,42,49,14,11,3,0,0,5,5,5,0,8,0,0,2,1,5,2,.333,10.2%,16.3%,.625,.404,.405,.809,.071,,.412,,8.2,1.3,.371,119
Caleb Klein,844078,last_45,A,21.8,Augusta GreenJackets,Total,AUG,- - -,,,13,47,60,15,14,1,0,0,10,7,13,0,10,0,0,0,0,15,1,.319,21.7%,16.7%,1.300,.467,.340,.807,.021,,.405,,10.7,2.8,.388,135
Jack Hopko,844295,last_45,A,22.9,Clearwater Threshers,Total,CLR,- - -,,,8,26,33,9,7,1,1,0,5,5,6,0,6,1,0,0,1,0,0,.346,18.2%,18.2%,1.000,.485,.462,.946,.115,,.450,,6.9,2.2,.434,147
Carlos Santana,467793,last_60,AAA,40.4,Gwinnett Stripers,Total,GWN,- - -,,,7,26,27,8,7,1,0,0,2,5,1,1,7,0,0,0,2,1,0,.308,3.7%,25.9%,.143,.333,.346,.679,.038,,.421,,2.6,-0.9,.295,75
Tommy Pham,502054,last_60,AAA,38.5,Lehigh Valley IronPigs,Total,LHV,- - -,,,17,60,68,14,8,5,0,1,9,11,8,0,14,0,0,0,0,0,1,.233,11.8%,20.6%,.571,.324,.367,.690,.133,,.289,,7.7,-1.0,.317,89
Sandy León,506702,last_60,AAA,37.4,Gwinnett Stripers,Total,GWN,- - -,,,4,15,15,6,2,3,0,1,2,1,0,0,6,0,0,0,0,0,0,.400,0.0%,40.0%,.000,.400,.800,1.200,.400,,.625,,4.1,2.2,.521,214
Christian Bethancourt,542194,last_60,AAA,35.0,Indianapolis Indians,Total,IND,- - -,,,8,25,26,5,5,0,0,0,1,2,1,0,10,0,0,0,0,0,0,.200,3.8%,38.5%,.100,.231,.200,.431,.000,,.333,,0.6,-2.7,.202,18
Carlos Pérez,542208,last_60,AAA,35.9,Toledo Mud Hens,Total,TOL,- - -,,,7,22,25,5,2,1,0,2,3,6,3,1,6,0,0,0,1,0,0,.227,12.0%,24.0%,.500,.320,.545,.865,.318,,.214,,3.8,0.6,.365,118
Kyle Higashioka,543309,last_60,AAA,36.4,Round Rock Express,Total,RR,- - -,,,11,46,52,11,7,2,0,2,8,5,6,0,9,0,0,0,3,1,0,.239,11.5%,17.3%,.667,.327,.413,.740,.174,,.257,,6.5,-0.5,.335,93
Yolmer Sánchez,570560,last_60,AAA,34.2,Salt Lake Bees,Total,SL,- - -,,,33,126,144,36,25,8,1,2,17,21,15,0,27,1,1,1,3,6,1,.286,10.4%,18.8%,.556,.364,.413,.776,.127,,.347,,19.8,0.5,.352,103
Kyle Farmer,571657,last_60,AAA,36.0,Gwinnett Stripers,Total,GWN,- - -,,,16,60,66,15,15,0,0,0,4,2,6,0,9,0,0,0,3,0,0,.250,9.1%,13.6%,.667,.318,.250,.568,.000,,.294,,5.1,-3.3,.271,61
Willson Contreras,575929,last_60,AA,34.3,Portland Sea Dogs,Total,POR,- - -,,,2,7,7,2,2,0,0,0,1,2,0,0,3,0,0,0,0,0,0,.286,0.0%,42.9%,.000,.286,.286,.571,.000,,.500,,0.5,-0.4,.260,55
Brandon Drury,592273,last_60,AAA,34.0,Omaha Storm Chasers,Total,OMA,- - -,,,12,36,44,6,5,1,0,0,2,2,8,1,13,0,0,0,0,0,0,.167,18.2%,29.5%,.615,.318,.194,.513,.028,,.261,,2.7,-2.9,.252,49
Chad Wallach,595453,last_60,AAA,34.8,Las Vegas Aviators,Total,LV,- - -,,,2,4,6,0,0,0,0,0,0,1,1,0,1,0,1,0,0,0,0,.000,16.7%,16.7%,1.000,.167,.000,.167,.000,,.000,,-0.3,-1.1,.118,-33
Jorge Alfaro,595751,last_60,AAA,33.3,Omaha Storm Chasers,Total,OMA,- - -,,,16,64,66,15,6,5,0,4,6,11,1,0,26,1,0,0,1,0,1,.234,1.5%,39.4%,.038,.258,.500,.758,.266,,.324,,8.1,-0.9,.331,90
Jake Cave,595909,last_60,AAA,33.8,Charlotte Knights,Total,CLT,- - -,,,22,73,81,15,6,6,0,3,9,10,7,0,24,0,1,0,0,1,1,.205,8.6%,29.6%,.292,.272,.411,.683,.205,,.255,,8.2,-2.1,.303,80
Austin Slater,596103,last_60,AAA,33.8,Durham Bulls,Total,DUR,- - -,,,21,80,88,20,16,2,0,2,9,8,8,0,27,0,0,0,1,3,1,.250,9.1%,30.7%,.296,.318,.350,.668,.100,,.353,,9.3,-1.9,.307,83
Trevor Story,596115,last_60,AAA,33.8,Worcester Red Sox,Total,WOR,- - -,,,10,35,37,6,5,1,0,0,2,3,1,0,11,0,1,0,1,0,0,.171,2.7%,29.7%,.091,.189,.200,.389,.029,,.240,,0.1,-4.6,.177,3
Jeimer Candelario,600869,last_60,AAA,32.8,Salt Lake Bees,Total,SL,- - -,,,20,80,90,26,15,3,1,7,20,19,9,0,22,1,0,0,0,0,1,.325,10.0%,24.4%,.409,.400,.650,1.050,.325,,.373,,19.7,7.7,.456,163
Ramón Urías,602104,last_60,AAA,32.2,Memphis Redbirds,Total,MEM,- - -,,,9,32,34,6,3,1,0,2,4,5,2,0,9,0,0,0,1,1,0,.188,5.9%,26.5%,.222,.235,.406,.642,.219,,.190,,3.0,-1.4,.284,69
Aramis Garcia,605244,last_60,AAA,33.7,Reno Aces,Total,RNO,- - -,,,14,50,57,9,6,2,0,1,3,5,5,0,20,1,0,1,3,0,0,.180,8.8%,35.1%,.250,.268,.280,.548,.100,,.276,,3.7,-4.0,.258,48
Vimael Machín,605353,last_60,AAA,33.0,Albuquerque Isotopes,Total,ABQ,- - -,,,23,90,101,23,19,3,1,0,5,11,10,2,20,1,0,0,1,0,0,.256,9.9%,19.8%,.500,.337,.311,.648,.056,,.329,,9.4,-4.1,.295,70
Orlando Arcia,606115,last_60,AAA,32.1,Louisville Bats,Total,LOU,- - -,,,16,57,62,14,10,2,0,2,3,11,4,0,10,0,1,0,0,0,0,.246,6.5%,16.1%,.400,.290,.386,.676,.140,,.261,,6.3,-1.6,.302,80
Eric Haase,606992,last_60,AAA,33.6,Charlotte Knights,Total,CLT,- - -,,,1,4,5,1,1,0,0,0,1,1,1,0,1,0,0,0,0,0,0,.250,20.0%,20.0%,1.000,.400,.250,.650,.000,,.333,,0.6,-0.0,.324,93
Joey Meneses,608841,last_60,AAA,34.4,Las Vegas Aviators,Total,LV,- - -,,,33,130,147,28,20,5,0,3,15,18,14,0,12,2,1,0,9,0,0,.215,9.5%,8.2%,1.167,.299,.323,.622,.108,,.216,,13.0,-6.8,.289,66
Miguel Andujar,609280,last_60,AAA,31.6,El Paso Chihuahuas,Total,ELP,- - -,,,9,36,38,11,6,5,0,0,3,5,1,0,4,0,1,0,0,0,0,.306,2.6%,10.5%,.250,.316,.444,.760,.139,,.333,,4.7,-0.4,.333,91
Tomás Nido,621512,last_60,AAA,32.4,Worcester Red Sox,Total,WOR,- - -,,,10,38,41,6,5,1,0,0,0,2,2,0,15,0,0,1,3,0,0,.158,4.9%,36.6%,.133,.200,.184,.384,.026,,.261,,0.3,-4.9,.182,6
Patrick Wisdom,621550,last_60,AAA,35.1,Tacoma Rainiers,Total,TAC,- - -,,,23,88,98,18,9,4,0,5,10,12,9,1,29,1,0,0,0,1,0,.205,9.2%,29.6%,.310,.286,.420,.706,.216,,.241,,10.5,-2.7,.313,80
Pablo Reyes,622569,last_60,AAA,33.0,Salt Lake Bees,Total,SL,- - -,,,26,101,123,40,32,6,1,1,22,22,15,0,11,2,3,2,2,5,2,.396,12.2%,8.9%,1.364,.471,.505,.976,.109,,.424,,25.0,8.5,.436,152
Anthony Santander,623993,last_60,AAA,31.9,Buffalo Bisons,Total,BUF,- - -,,,5,17,21,4,3,1,0,0,2,1,4,0,4,0,0,0,0,0,0,.235,19.0%,19.0%,1.000,.381,.294,.675,.059,,.308,,2.5,-0.1,.327,95
Cavan Biggio,624415,last_60,AAA,31.4,Sugar Land Space Cowboys,Total,SUG,- - -,,,32,111,143,21,11,5,2,3,19,11,28,1,35,3,1,0,1,3,0,.189,19.6%,24.5%,.800,.364,.351,.715,.162,,.243,,17.7,-1.4,.335,92
Dom Nuñez,624513,last_60,AAA,31.7,Columbus Clippers,Total,COL,- - -,,,9,27,34,8,5,2,0,1,5,7,6,0,11,0,1,0,0,2,0,.296,17.6%,32.4%,.545,.412,.481,.893,.185,,.438,,6.0,1.6,.397,138
Riley Unroe,624523,last_60,AAA,31.1,Charlotte Knights,Total,CLT,- - -,,,27,78,100,19,12,0,2,5,14,16,19,0,31,2,0,1,0,2,1,.244,19.0%,31.0%,.613,.404,.487,.891,.244,,.333,,17.9,5.2,.401,141
Andy Ibáñez,628451,last_60,AAA,33.4,Syracuse Mets,Total,SYR,- - -,,,31,120,130,33,24,6,0,3,14,18,7,0,21,0,3,0,1,3,0,.275,5.4%,16.2%,.333,.308,.400,.708,.125,,.303,,14.1,-3.2,.315,81
José Azócar,640492,last_60,AAA,30.4,Gwinnett Stripers,Total,GWN,- - -,,,34,127,136,30,24,4,0,2,12,9,7,0,24,1,1,0,3,6,2,.236,5.1%,17.6%,.292,.279,.315,.594,.079,,.275,,10.5,-6.8,.272,61
Cody Bellinger,641355,last_60,AAA,31.1,Scranton/Wilkes-Barre RailRiders,Total,SWB,- - -,,,2,6,6,1,1,0,0,0,0,0,0,0,1,0,0,0,0,0,0,.167,0.0%,16.7%,.000,.167,.167,.333,.000,,.200,,-0.1,-0.9,.152,-13
J.P. Crawford,641487,last_60,AAA,31.6,Tacoma Rainiers,Total,TAC,- - -,,,3,11,11,4,3,0,0,1,2,3,0,0,2,0,0,0,0,0,0,.364,0.0%,18.2%,.000,.364,.636,1.000,.273,,.375,,2.3,0.8,.440,154
Jason Delay,641511,last_60,AAA,31.5,Worcester Red Sox,Total,WOR,- - -,,,6,15,20,5,1,2,1,1,5,5,4,0,3,0,1,0,1,0,0,.333,20.0%,15.0%,1.333,.450,.800,1.250,.467,,.333,,5.2,2.6,.505,204
J.C. Escarra,641555,last_60,AAA,31.4,Scranton/Wilkes-Barre RailRiders,Total,SWB,- - -,,,36,139,156,43,33,6,0,4,18,24,12,0,25,4,1,0,2,0,0,.309,7.7%,16.0%,.480,.378,.439,.817,.129,,.351,,24.1,4.2,.370,121
Jake Fraley,641584,last_60,AAA,31.3,Durham Bulls,Total,DUR,- - -,,,10,33,38,6,5,0,0,1,6,3,3,0,9,2,0,0,1,1,1,.182,7.9%,23.7%,.333,.289,.273,.562,.091,,.217,,2.9,-1.9,.271,60
Mitch Garver,641598,last_60,AAA,35.6,Scranton/Wilkes-Barre RailRiders,Total,SWB,- - -,,,8,28,34,5,4,1,0,0,3,1,6,0,9,0,0,0,1,0,0,.179,17.6%,26.5%,.667,.324,.214,.538,.036,,.263,,2.6,-1.7,.271,60
Garrett Hampson,641658,last_60,AAA,31.9,Louisville Bats,Total,LOU,- - -,,,13,42,48,13,10,3,0,0,6,3,3,0,9,1,0,2,0,0,0,.310,6.2%,18.8%,.333,.370,.381,.751,.071,,.394,,6.5,0.3,.345,106
Ryan McMahon,641857,last_60,AA,31.7,Somerset Patriots,Total,SOM,- - -,,,1,3,3,0,0,0,0,0,0,0,0,0,2,0,0,0,1,0,0,.000,0.0%,66.7%,.000,.000,.000,.000,.000,,.000,,-0.4,-0.8,.000,-95
Joshua Palacios,641943,last_60,AAA,31.1,Indianapolis Indians,Total,IND,- - -,,,23,74,86,19,14,5,0,0,6,12,10,0,16,0,2,0,2,4,0,.257,11.6%,18.6%,.625,.337,.324,.662,.068,,.317,,9.0,-2.0,.306,82
Chuckie Robinson,642020,last_60,AAA,31.8,Gwinnett Stripers,Total,GWN,- - -,,,15,48,57,11,8,2,0,1,4,7,5,0,11,2,2,0,2,0,0,.229,8.8%,19.3%,.455,.316,.333,.649,.104,,.263,,5.6,-1.6,.299,77
Rowdy Tellez,642133,last_60,AAA,31.5,Gwinnett Stripers,Total,GWN,- - -,,,32,112,122,32,22,7,0,3,12,21,10,0,29,0,0,0,1,1,1,.286,8.2%,23.8%,.345,.344,.429,.773,.143,,.362,,16.8,1.2,.349,108
Matt Thaiss,642136,last_60,AAA,31.3,Sugar Land Space Cowboys,Total,SUG,- - -,,,4,15,15,2,0,2,0,0,1,0,0,0,5,0,0,0,1,0,0,.133,0.0%,33.3%,.000,.133,.267,.400,.133,,.200,,-0.0,-2.1,.173,-2
Austin Wynns,642851,last_60,AAA,35.8,Iowa Cubs,Total,IOW,- - -,,,12,35,44,5,3,1,0,1,5,2,6,0,7,2,1,0,0,1,0,.143,13.6%,15.9%,.857,.295,.257,.553,.114,,.143,,3.4,-2.2,.270,60
Danny Jansen,643376,last_60,AAA,31.3,Round Rock Express,Total,RR,- - -,,,5,15,17,5,5,0,0,0,2,1,2,0,2,0,0,0,1,0,0,.333,11.8%,11.8%,1.000,.412,.333,.745,.000,,.385,,2.3,0.0,.351,102
Isiah Kiner-Falefa,643396,last_60,AAA,31.4,Worcester Red Sox,Total,WOR,- - -,,,9,29,35,7,6,1,0,0,5,3,6,0,7,0,0,0,0,3,0,.241,17.1%,20.0%,.857,.371,.276,.647,.034,,.318,,3.9,-0.6,.315,87
Chadwick Tromp,644433,last_60,AAA,31.5,Oklahoma City Comets,Total,OKC,- - -,,,18,41,55,9,6,2,0,1,8,5,13,0,15,0,1,0,1,1,0,.220,23.6%,27.3%,.867,.400,.341,.741,.122,,.308,,7.6,0.2,.353,103
Abraham Toro,647351,last_60,AAA,29.7,Omaha Storm Chasers,Total,OMA,- - -,,,29,107,123,25,19,5,1,0,14,4,14,0,25,2,0,0,3,1,0,.234,11.4%,20.3%,.560,.333,.299,.632,.065,,.305,,12.2,-3.5,.300,78
Andy Yerzy,647378,last_60,AAA,28.2,Memphis Redbirds,Total,MEM,- - -,,,13,41,48,7,6,0,0,1,5,7,6,0,14,0,1,0,1,0,0,.171,12.5%,29.2%,.429,.271,.244,.515,.073,,.222,,2.8,-3.3,.247,45
Riley Adams,656180,last_60,AAA,30.2,Rochester Red Wings,Total,ROC,- - -,,,29,103,121,27,14,7,0,6,21,20,16,0,24,2,0,0,0,1,0,.262,13.2%,19.8%,.667,.372,.505,.877,.243,,.288,,20.7,5.3,.391,134
Michael Chavis,656308,last_60,AAA,31.1,Louisville Bats,Total,LOU,- - -,,,36,128,147,33,23,5,0,5,20,15,14,0,35,3,2,0,2,1,0,.258,9.5%,23.8%,.400,.340,.414,.754,.156,,.311,,19.4,0.6,.341,103
Stuart Fairchild,656413,last_60,AAA,30.5,Tacoma Rainiers,Total,TAC,- - -,,,26,90,106,26,17,5,0,4,15,17,9,1,19,4,1,2,0,8,2,.289,8.5%,17.9%,.474,.375,.478,.853,.189,,.324,,16.8,2.6,.379,118
Tristan Gray,656484,last_60,AAA,30.5,St. Paul Saints,Total,STP,- - -,,,28,100,111,20,13,2,1,4,14,10,8,1,22,2,1,0,1,2,1,.200,7.2%,19.8%,.364,.270,.360,.630,.160,,.213,,9.4,-4.7,.281,67
Connor Joe,656582,last_60,AAA,34.1,Tacoma Rainiers,Total,TAC,- - -,,,30,106,123,29,15,8,0,6,24,14,16,1,24,1,0,0,2,1,2,.274,13.0%,19.5%,.667,.374,.519,.893,.245,,.303,,21.0,4.5,.394,127
Mark Kolozsvary,656627,last_60,A+,30.9,Jersey Shore BlueClaws,Total,JS,- - -,,,7,21,29,3,3,0,0,0,2,0,7,0,11,1,0,0,0,0,0,.143,24.1%,37.9%,.636,.379,.143,.522,.000,,.300,,2.9,-1.1,.291,73
Ryan O'Hearn,656811,last_60,AAA,33.1,Indianapolis Indians,Total,IND,- - -,,,2,6,7,1,0,1,0,0,1,0,1,0,2,0,0,0,0,0,0,.167,14.3%,28.6%,.500,.286,.333,.619,.167,,.250,,0.6,-0.3,.286,70
Jakson Reetz,656883,last_60,AAA,30.6,Tacoma Rainiers,Total,TAC,- - -,,,1,4,4,0,0,0,0,0,0,0,0,0,0,0,0,0,0,0,0,.000,0.0%,0.0%,,.000,.000,.000,.000,,.000,,-0.5,-1.1,.000,-102
Pavin Smith,656976,last_60,AAA,30.6,Reno Aces,Total,RNO,- - -,,,22,77,96,24,15,3,1,5,17,15,18,1,21,0,1,0,1,0,0,.312,18.8%,21.9%,.857,.438,.571,1.009,.260,,.365,,19.8,6.9,.440,154
Rudy Martin Jr.,657675,last_60,AAA,30.6,Buffalo Bisons,Total,BUF,- - -,,,16,63,75,16,11,1,1,3,13,8,8,0,12,1,1,2,0,6,0,.254,10.7%,16.0%,.667,.342,.444,.787,.190,,.265,,10.5,1.0,.352,110
Diego Castillo,660636,last_60,AAA,28.9,Round Rock Express,Total,RR,- - -,,,22,78,85,24,18,4,1,1,12,11,6,0,10,0,1,0,2,2,0,.308,7.1%,11.8%,.600,.353,.423,.776,.115,,.338,,11.4,0.0,.348,100
Vidal Bruján,660644,last_60,AAA,28.6,Syracuse Mets,Total,SYR,- - -,,,20,65,83,24,15,5,0,4,14,16,16,0,13,0,1,1,3,6,3,.369,19.3%,15.7%,1.231,.488,.631,1.119,.262,,.408,,20.4,9.8,.487,193
Rodolfo Durán,660710,last_60,AAA,28.6,El Paso Chihuahuas,Total,ELP,- - -,,,21,73,81,17,10,6,0,1,10,8,6,0,24,1,0,1,4,3,0,.233,7.4%,29.6%,.250,.300,.356,.656,.123,,.333,,7.8,-3.0,.300,72
Leo Rivas,660844,last_60,AAA,28.9,Tacoma Rainiers,Total,TAC,- - -,,,20,72,94,20,17,2,0,1,12,8,19,1,25,2,0,1,3,4,1,.278,20.2%,26.6%,.760,.441,.347,.788,.069,,.413,,14.6,2.0,.374,116
Max Burt,661733,last_60,AAA,30.1,Toledo Mud Hens,Total,TOL,- - -,,,29,98,106,22,12,7,0,3,13,14,7,0,35,1,0,0,3,5,1,.224,6.6%,33.0%,.200,.283,.388,.671,.163,,.317,,10.8,-2.8,.302,80
Blake Perkins,663368,last_60,AAA,30.0,Columbus Clippers,Total,COL,- - -,,,27,92,118,24,16,4,1,3,16,14,22,0,26,1,3,0,2,10,3,.261,18.6%,22.0%,.846,.398,.424,.822,.163,,.318,,18.5,3.5,.374,123
Elih Marrero,663503,last_60,AAA,29.2,Omaha Storm Chasers,Total,OMA,- - -,,,9,32,34,2,0,2,0,0,1,3,2,0,8,0,0,0,0,0,0,.062,5.9%,23.5%,.250,.118,.125,.243,.062,,.083,,-1.5,-5.8,.118,-34
Hayden Senger,663584,last_60,AAA,29.5,Syracuse Mets,Total,SYR,- - -,,,24,74,87,25,19,2,1,3,14,11,7,0,14,1,0,3,3,2,1,.338,8.0%,16.1%,.500,.402,.514,.916,.176,,.386,,16.1,5.0,.409,145
Brandon Lockridge,663604,last_60,AAA,29.5,Nashville Sounds,Total,NAS,- - -,,,20,78,90,20,14,5,0,1,8,14,10,0,22,1,0,0,1,0,0,.256,11.1%,24.4%,.455,.348,.359,.707,.103,,.345,,10.9,-0.5,.328,95
Nick Madrigal,663611,last_60,AAA,29.5,Durham Bulls,Total,DUR,- - -,,,19,76,86,24,18,4,1,1,7,9,6,0,12,3,1,0,3,1,1,.316,7.0%,14.0%,.500,.384,.434,.818,.118,,.359,,13.3,2.3,.370,121
Daz Cameron,663662,last_60,AAA,29.7,Buffalo Bisons,Total,BUF,- - -,,,13,52,60,14,10,2,1,1,6,13,7,0,14,0,1,0,2,1,1,.269,11.7%,23.3%,.500,.350,.404,.754,.135,,.342,,7.9,0.2,.340,103
Romy Gonzalez,663853,last_60,AAA,30.0,Worcester Red Sox,Total,WOR,- - -,,,24,92,103,33,22,8,0,3,13,22,9,0,17,0,2,0,7,1,0,.359,8.7%,16.5%,.529,.408,.543,.951,.185,,.405,,19.8,6.7,.418,151
Luke Williams,663897,last_60,AAA,30.1,Gwinnett Stripers,Total,GWN,- - -,,,22,66,77,13,8,2,0,3,11,11,10,1,23,0,1,0,0,10,1,.197,13.0%,29.9%,.435,.299,.364,.662,.167,,.244,,7.5,-2.3,.297,77
César Salazar,663967,last_60,AAA,30.5,Sugar Land Space Cowboys,Total,SUG,- - -,,,20,65,78,16,11,2,0,3,15,9,10,0,12,2,1,0,0,0,1,.246,12.8%,15.4%,.833,.359,.415,.774,.169,,.255,,10.8,0.3,.353,103
Dylan Moore,664238,last_60,AAA,34.1,Lehigh Valley IronPigs,Total,LHV,- - -,,,26,88,99,13,9,4,0,0,9,5,9,0,29,1,1,0,3,5,0,.148,9.1%,29.3%,.310,.232,.193,.426,.045,,.217,,2.7,-9.9,.207,21
Alejo Lopez,664670,last_60,AAA,30.4,Omaha Storm Chasers,Total,OMA,- - -,,,24,87,95,25,21,2,0,2,13,8,8,0,10,0,0,0,3,5,2,.287,8.4%,10.5%,.800,.347,.379,.727,.092,,.307,,11.9,-0.2,.333,98
P.J. Higgins,664731,last_60,AAA,33.4,Louisville Bats,Total,LOU,- - -,,,24,86,93,25,20,4,0,1,9,9,5,0,16,2,0,0,3,1,0,.291,5.4%,17.2%,.312,.344,.372,.716,.081,,.348,,11.3,-0.5,.328,96
Seby Zavala,664874,last_60,AAA,33.1,Toledo Mud Hens,Total,TOL,- - -,,,21,71,83,17,13,2,0,2,7,8,8,0,27,2,0,2,1,0,0,.239,9.6%,32.5%,.296,.333,.352,.685,.113,,.357,,9.5,-1.1,.319,90
Vladimir Guerrero Jr.,665489,last_60,A,27.4,Dunedin Blue Jays,Total,DUN,- - -,,,1,1,3,1,0,1,0,0,1,1,2,0,0,0,0,0,0,0,0,1.000,66.7%,0.0%,,1.000,2.000,3.000,1.000,,1.000,,1.7,1.3,.905,397
Rafael Marchán,665561,last_60,AAA,27.5,Lehigh Valley IronPigs,Total,LHV,- - -,,,12,38,44,7,7,0,0,0,3,1,5,0,9,0,1,0,0,0,0,.184,11.4%,20.5%,.556,.273,.184,.457,.000,,.233,,1.8,-3.8,.226,33
Oswaldo Cabrera,665828,last_60,AAA,27.5,Scranton/Wilkes-Barre RailRiders,Total,SWB,- - -,,,30,112,122,30,22,1,0,7,18,21,9,0,28,0,0,1,8,4,0,.268,7.4%,23.0%,.321,.322,.464,.787,.196,,.299,,17.0,1.5,.351,110
Oneil Cruz,665833,last_60,AAA,27.8,Indianapolis Indians,Total,IND,- - -,,,5,21,22,3,3,0,0,0,0,1,1,0,7,0,0,0,0,1,0,.143,4.5%,31.8%,.143,.182,.143,.325,.000,,.214,,-0.2,-3.1,.156,-5
Enmanuel Valdez,665839,last_60,AAA,27.7,Indianapolis Indians,Total,IND,- - -,,,33,125,140,31,19,7,1,4,16,14,13,0,24,0,1,0,2,1,0,.248,9.3%,17.1%,.542,.317,.416,.733,.168,,.276,,17.1,-0.8,.329,96
Jair Camargo,665856,last_60,AAA,27.1,Gwinnett Stripers,Total,GWN,- - -,,,2,4,4,1,1,0,0,0,1,0,0,0,2,0,0,0,0,1,0,.250,0.0%,50.0%,.000,.250,.250,.500,.000,,.500,,0.2,-0.3,.228,34
Sebastián Rivero,665861,last_60,AAA,27.8,Salt Lake Bees,Total,SL,- - -,,,15,59,66,17,14,2,0,1,5,6,6,0,11,1,0,0,2,0,1,.288,9.1%,16.7%,.545,.364,.373,.737,.085,,.340,,8.5,-0.4,.340,96
Ismael Munguia,665998,last_60,AAA,27.9,Buffalo Bisons,Total,BUF,- - -,,,20,73,82,24,20,4,0,0,6,10,6,0,13,0,0,3,0,1,0,.329,7.3%,15.9%,.462,.380,.384,.763,.055,,.400,,11.4,0.9,.350,109
Nolan Jones,666134,last_60,AAA,28.4,Tacoma Rainiers,Total,TAC,- - -,,,28,103,119,26,16,4,1,5,11,20,14,1,34,0,2,0,1,4,1,.252,11.8%,28.6%,.412,.336,.456,.792,.204,,.318,,16.1,0.1,.349,101
Dominic Fletcher,666150,last_60,AAA,29.0,Louisville Bats,Total,LOU,- - -,,,18,62,70,11,10,1,0,0,8,5,6,0,18,1,1,0,2,0,1,.177,8.6%,25.7%,.333,.257,.194,.451,.016,,.244,,2.6,-6.3,.220,29
Ben Rortvedt,666163,last_60,AAA,29.0,Oklahoma City Comets,Total,OKC,- - -,,,6,22,22,6,6,0,0,0,4,0,0,0,10,0,0,0,0,1,0,.273,0.0%,45.5%,.000,.273,.273,.545,.000,,.500,,1.2,-1.7,.248,42
Blake Sabol,666165,last_60,AAA,28.7,Durham Bulls,Total,DUR,- - -,,,15,47,54,5,4,1,0,0,4,4,5,0,15,1,0,1,0,0,0,.106,9.3%,27.8%,.333,.208,.128,.335,.021,,.156,,0.1,-6.8,.174,1
Will Benson,666181,last_60,AAA,28.3,Louisville Bats,Total,LOU,- - -,,,35,116,130,22,14,6,0,2,13,3,14,0,29,0,0,0,2,4,0,.190,10.8%,22.3%,.483,.277,.293,.570,.103,,.235,,9.6,-7.0,.267,58
Cooper Johnson,666194,last_60,AAA,28.4,Round Rock Express,Total,RR,- - -,,,19,61,70,9,5,3,0,1,6,6,8,0,16,0,1,0,1,0,0,.148,11.4%,22.9%,.500,.243,.246,.489,.098,,.178,,3.1,-6.3,.232,33
Grae Kessinger,666197,last_60,AAA,29.1,Indianapolis Indians,Total,IND,- - -,,,18,51,58,5,3,2,0,0,2,1,4,0,20,2,0,1,2,2,0,.098,6.9%,34.5%,.200,.193,.137,.330,.039,,.161,,-0.1,-7.5,.169,-2
Carter Kieboom,666198,last_60,AAA,29.0,Lehigh Valley IronPigs,Total,LHV,- - -,,,28,89,111,21,14,6,0,1,9,11,19,0,17,1,2,0,5,1,1,.236,17.1%,15.3%,1.118,.369,.337,.706,.101,,.274,,13.8,-0.3,.332,98
Bo Naylor,666310,last_60,AAA,26.5,Nashville Sounds,Total,NAS,- - -,,,11,48,55,13,6,3,0,4,9,15,6,0,10,0,1,0,0,0,0,.271,10.9%,18.2%,.600,.345,.583,.929,.313,,.257,,9.8,2.8,.401,140
Archer Brookman,666386,last_60,A+,27.6,Rome Emperors,Total,ROM,- - -,,,19,64,77,10,6,2,0,2,9,6,12,1,15,1,0,0,4,0,0,.156,15.6%,19.5%,.800,.299,.281,.580,.125,,.170,,6.5,-3.8,.274,63
Edouard Julien,666397,last_60,AAA,27.4,Albuquerque Isotopes,Total,ABQ,- - -,,,21,80,99,21,12,9,0,0,13,16,16,0,20,2,1,0,5,1,3,.263,16.2%,20.2%,.800,.394,.375,.769,.112,,.344,,14.1,0.8,.358,106
Christopher Morel,666624,last_60,AAA,27.1,Syracuse Mets,Total,SYR,- - -,,,6,23,25,8,5,1,0,2,4,5,1,0,7,0,1,0,0,0,1,.348,4.0%,28.0%,.143,.360,.652,1.012,.304,,.400,,5.0,1.9,.431,159
Mitch Neunborn,666748,last_60,AAA,29.2,Lehigh Valley IronPigs,Total,LHV,- - -,,,1,2,2,0,0,0,0,0,0,0,0,0,2,0,0,0,0,0,0,.000,0.0%,100.0%,.000,.000,.000,.000,.000,,,,-0.3,-0.5,.000,-106
Jared Oliva,666931,last_60,AAA,30.8,Durham Bulls,Total,DUR,- - -,,,6,10,14,5,4,0,0,1,5,3,2,0,2,1,0,1,0,4,1,.500,14.3%,14.3%,1.000,.615,.800,1.415,.300,,.571,,4.8,3.0,.609,268
Lourdes Gurriel Jr.,666971,last_60,AAA,32.9,Reno Aces,Total,RNO,- - -,,,8,28,33,3,3,0,0,0,1,3,3,0,9,0,2,0,2,0,0,.107,9.1%,27.3%,.333,.182,.107,.289,.000,,.143,,-0.7,-5.2,.147,-17
Jason Matthews,667240,last_60,AAA,29.4,Charlotte Knights,Total,CLT,- - -,,,10,25,29,5,3,2,0,0,1,1,4,0,13,0,0,0,0,0,1,.200,13.8%,44.8%,.308,.310,.280,.590,.080,,.417,,2.5,-1.2,.281,67
Corey Julks,667452,last_60,AAA,30.6,Toledo Mud Hens,Total,TOL,- - -,,,19,71,78,14,7,3,1,3,10,8,7,0,19,0,0,0,1,0,1,.197,9.0%,24.4%,.368,.269,.394,.664,.197,,.224,,7.6,-2.3,.297,77
C.J. Stubbs,667690,last_60,AAA,29.9,Buffalo Bisons,Total,BUF,- - -,,,18,60,67,12,9,0,0,3,6,9,6,0,25,1,0,0,0,1,0,.200,9.0%,37.3%,.240,.284,.350,.634,.150,,.281,,6.2,-2.3,.291,73
Ernesto Martinez Jr.,667803,last_60,AAA,27.2,Scranton/Wilkes-Barre RailRiders,Total,SWB,- - -,,,23,74,85,20,12,7,0,1,10,5,11,0,16,0,0,0,2,5,0,.270,12.9%,18.8%,.688,.365,.405,.770,.135,,.333,,11.9,1.1,.352,110
Nick Pratto,668472,last_60,AAA,28.0,El Paso Chihuahuas,Total,ELP,- - -,,,31,108,129,35,20,11,1,3,22,18,18,0,22,1,2,0,4,4,1,.324,14.0%,17.1%,.818,.419,.528,.946,.204,,.376,,24.4,7.1,.418,141
Payton Henry,668721,last_60,AAA,29.2,Lehigh Valley IronPigs,Total,LHV,- - -,,,14,43,48,13,8,1,0,4,8,6,2,0,19,3,0,0,1,0,0,.302,4.2%,39.6%,.105,.375,.605,.980,.302,,.450,,9.7,3.6,.431,158
Akil Baddoo,668731,last_60,AAA,28.1,Nashville Sounds,Total,NAS,- - -,,,33,124,137,32,19,7,2,4,20,18,12,0,26,0,1,0,1,2,0,.258,8.8%,19.0%,.462,.321,.444,.765,.185,,.295,,17.9,0.5,.340,103
Duke Ellis,668752,last_60,AAA,28.7,Scranton/Wilkes-Barre RailRiders,Total,SWB,- - -,,,13,40,47,20,17,2,0,1,9,5,6,0,7,0,0,1,0,14,3,.500,12.8%,14.9%,.857,.565,.625,1.190,.125,,.594,,13.2,7.2,.531,220
Devin Ortiz,668776,last_60,AA,27.6,Harrisburg Senators,Total,HBG,- - -,,,11,36,42,7,6,0,0,1,5,2,4,0,11,1,1,0,1,0,1,.194,9.5%,26.2%,.364,.286,.278,.563,.083,,.240,,3.3,-2.4,.266,58
Conner Capel,668843,last_60,AAA,29.3,Albuquerque Isotopes,Total,ABQ,- - -,,,27,107,115,21,11,5,1,4,11,15,5,0,21,0,1,1,0,2,0,.196,4.3%,18.3%,.238,.230,.374,.604,.178,,.205,,8.1,-7.3,.266,53
Zach Humphreys,668876,last_60,AAA,28.9,Salt Lake Bees,Total,SL,- - -,,,8,23,30,3,3,0,0,0,4,4,3,0,9,2,2,0,1,0,0,.130,10.0%,30.0%,.333,.267,.130,.397,.000,,.188,,0.8,-3.2,.212,21
Austin Martin,668885,last_60,AAA,27.5,St. Paul Saints,Total,STP,- - -,,,2,8,8,3,2,0,1,0,1,3,0,0,1,0,0,0,0,0,0,.375,0.0%,12.5%,.000,.375,.625,1.000,.250,,.429,,1.6,0.6,.432,160
Mark Vientos,668901,last_60,AAA,26.7,Syracuse Mets,Total,SYR,- - -,,,7,23,25,9,4,0,0,5,8,8,2,0,6,0,0,0,2,0,0,.391,8.0%,24.0%,.333,.440,1.043,1.483,.652,,.333,,8.9,5.6,.624,274
Adley Rutschman,668939,last_60,AAA,28.5,Worcester Red Sox,Total,WOR,- - -,,,2,5,7,1,0,1,0,0,2,2,2,0,1,0,0,0,0,0,0,.200,28.6%,14.3%,2.000,.429,.400,.829,.200,,.250,,1.2,0.3,.388,132
Josh Rojas,668942,last_60,AAA,32.2,Omaha Storm Chasers,Total,OMA,- - -,,,6,20,24,2,1,0,0,1,1,2,3,0,8,1,0,0,1,0,0,.100,12.5%,33.3%,.375,.250,.250,.500,.150,,.091,,1.4,-1.7,.246,45
Freddy Zamora,668965,last_60,AAA,27.9,Nashville Sounds,Total,NAS,- - -,,,2,3,5,1,1,0,0,0,2,0,2,0,1,0,0,0,0,1,0,.333,40.0%,20.0%,2.000,.600,.333,.933,.000,,.500,,1.1,0.5,.466,180
Maverick Handley,668974,last_60,AAA,28.5,Gwinnett Stripers,Total,GWN,- - -,,,21,59,78,11,7,2,0,2,10,8,15,0,13,3,0,1,2,2,0,.186,19.2%,16.7%,1.154,.377,.322,.699,.136,,.205,,10.0,0.0,.339,100
Connor Scott,669002,last_60,AA,26.9,Northwest Arkansas Naturals,Total,NWA,- - -,,,24,95,102,29,18,6,3,2,13,14,6,0,23,0,1,0,0,3,1,.305,5.9%,22.5%,.261,.343,.495,.838,.189,,.380,,15.5,1.0,.368,107
MJ Melendez,669004,last_60,AAA,27.8,Syracuse Mets,Total,SYR,- - -,,,35,131,148,39,13,14,1,11,24,28,17,1,37,0,0,0,1,0,3,.298,11.5%,25.0%,.459,.378,.672,1.050,.374,,.337,,32.1,13.3,.450,170
Sam Huff,669087,last_60,AAA,28.7,Norfolk Tides,Total,NOR,- - -,,,19,70,73,13,8,2,0,3,7,10,2,0,18,1,0,0,1,0,0,.186,2.7%,24.7%,.111,.219,.343,.562,.157,,.204,,4.5,-4.8,.252,49
Shea Langeliers,669127,last_60,AAA,28.8,Las Vegas Aviators,Total,LV,- - -,,,2,5,5,3,1,2,0,0,2,1,0,0,0,0,0,0,0,0,0,.600,0.0%,0.0%,,.600,1.000,1.600,.400,,.600,,2.0,1.4,.700,305
Mason McCoy,669200,last_60,AAA,31.5,El Paso Chihuahuas,Total,ELP,- - -,,,32,120,138,41,32,6,1,2,24,15,15,0,27,0,2,1,1,17,2,.342,10.9%,19.6%,.556,.409,.458,.867,.117,,.419,,23.1,4.6,.390,125
Ryan Bliss,669208,last_60,AAA,26.8,Tacoma Rainiers,Total,TAC,- - -,,,35,140,166,30,18,6,2,4,24,19,20,0,24,2,3,1,1,12,5,.214,12.0%,14.5%,.833,.315,.371,.687,.157,,.226,,17.7,-4.5,.313,80
Justyn-Henry Malloy,669234,last_60,AAA,26.5,Durham Bulls,Total,DUR,- - -,,,16,48,62,13,6,3,0,4,8,11,12,0,12,2,0,0,1,3,2,.271,19.4%,19.4%,1.000,.435,.583,1.019,.313,,.281,,13.6,5.3,.448,165
Jeremiah Jackson,669236,last_60,AAA,26.5,Norfolk Tides,Total,NOR,- - -,,,14,58,59,12,7,1,0,4,6,14,0,0,17,1,0,0,0,1,0,.207,0.0%,28.8%,.000,.220,.431,.651,.224,,.216,,5.2,-2.3,.286,69
Nick Solak,669256,last_60,AAA,31.7,El Paso Chihuahuas,Total,ELP,- - -,,,34,131,148,36,24,9,0,3,18,18,13,1,21,2,2,0,3,1,0,.275,8.8%,14.2%,.619,.345,.412,.757,.137,,.303,,18.9,-1.0,.339,95
Will Smith,669257,last_60,AAA,31.4,Oklahoma City Comets,Total,OKC,- - -,,,5,16,16,4,1,2,0,1,1,2,0,0,4,0,0,0,0,0,0,.250,0.0%,25.0%,.000,.250,.562,.812,.312,,.273,,2.2,0.0,.350,102
Jack Suwinski,669261,last_60,AAA,28.1,Durham Bulls,Total,DUR,- - -,,,35,122,134,29,23,5,0,1,11,13,11,0,35,0,0,1,0,6,1,.238,8.2%,26.1%,.314,.301,.303,.604,.066,,.326,,11.3,-5.7,.281,66
Santiago Espinal,669289,last_60,AAA,31.9,Reno Aces,Total,RNO,- - -,,,22,82,96,22,14,5,1,2,12,9,13,0,14,0,0,1,4,3,0,.268,13.5%,14.6%,.929,.368,.427,.795,.159,,.303,,13.9,1.0,.361,108
Bryce Teodosio,669326,last_60,AAA,27.2,Salt Lake Bees,Total,SL,- - -,,,23,85,96,19,13,4,1,1,10,9,7,0,23,3,0,1,3,8,1,.224,7.3%,24.0%,.304,.305,.329,.635,.106,,.295,,8.9,-4.0,.294,69
Nolan Gorman,669357,last_60,AAA,26.3,Memphis Redbirds,Total,MEM,- - -,,,12,45,54,9,6,0,0,3,7,6,8,0,21,1,0,0,0,0,0,.200,14.8%,38.9%,.381,.333,.400,.733,.200,,.286,,7.0,0.1,.337,101
Trei Cruz,669360,last_60,AAA,28.2,Toledo Mud Hens,Total,TOL,- - -,,,29,108,131,38,26,10,0,2,24,14,20,0,20,0,2,1,1,3,3,.352,15.3%,15.3%,1.000,.446,.500,.946,.148,,.409,,25.7,9.0,.423,154
Bryce Johnson,669369,last_60,AAA,30.9,El Paso Chihuahuas,Total,ELP,- - -,,,27,89,108,28,17,8,1,2,18,11,13,0,25,1,1,4,1,10,1,.315,12.0%,23.1%,.520,.404,.494,.898,.180,,.413,,19.0,4.5,.401,131
Raynel Delgado,669384,last_60,AAA,26.5,Sugar Land Space Cowboys,Total,SUG,- - -,,,31,115,132,18,13,4,0,1,14,8,14,0,28,2,0,1,1,4,0,.157,10.6%,21.2%,.500,.260,.217,.477,.061,,.198,,5.9,-11.8,.233,33
Trevor Hauver,669386,last_60,AAA,27.8,Round Rock Express,Total,RR,- - -,,,31,111,123,26,21,4,0,1,14,14,10,0,30,0,2,0,1,2,1,.234,8.1%,24.4%,.333,.293,.297,.590,.063,,.305,,9.3,-7.2,.272,56
Samad Taylor,669392,last_60,AAA,28.1,El Paso Chihuahuas,Total,ELP,- - -,,,9,30,36,7,5,1,0,1,3,3,4,0,15,1,0,1,0,1,1,.233,11.1%,41.7%,.267,.343,.367,.710,.133,,.429,,4.3,-0.5,.330,90
Gage Workman,669398,last_60,AAA,26.9,El Paso Chihuahuas,Total,ELP,- - -,,,32,125,137,27,23,4,0,0,9,15,7,0,44,1,2,2,4,6,1,.216,5.1%,32.1%,.159,.259,.248,.507,.032,,.325,,6.4,-12.0,.236,35
Frainyer Chavez,669413,last_60,AAA,27.3,Round Rock Express,Total,RR,- - -,,,22,79,96,21,18,3,0,0,10,9,13,0,15,1,3,0,1,4,1,.266,13.5%,15.6%,.867,.365,.304,.668,.038,,.313,,10.5,-2.7,.315,80
Drew Swift,669439,last_60,AAA,27.6,Las Vegas Aviators,Total,LV,- - -,,,21,74,92,13,11,1,0,1,17,8,12,0,27,3,1,2,0,3,2,.176,13.0%,29.3%,.444,.311,.230,.541,.054,,.255,,6.7,-5.7,.269,54
Braden Shewmake,669699,last_60,AAA,28.8,Sugar Land Space Cowboys,Total,SUG,- - -,,,10,33,36,6,4,2,0,0,1,1,3,0,13,0,0,0,0,1,0,.182,8.3%,36.1%,.231,.250,.242,.492,.061,,.300,,1.6,-3.2,.232,33
Josh Smith,669701,last_60,AAA,29.1,Buffalo Bisons,Total,BUF,- - -,,,3,11,14,1,1,0,0,0,2,2,3,0,1,0,0,0,0,0,0,.091,21.4%,7.1%,3.000,.286,.091,.377,.000,,.100,,0.5,-1.3,.217,28
Logan Davidson,669722,last_60,AAA,28.7,Durham Bulls,Total,DUR,- - -,,,26,82,90,14,7,3,0,4,9,14,8,0,30,0,0,0,0,1,0,.171,8.9%,33.3%,.267,.244,.354,.598,.183,,.208,,6.9,-4.5,.271,60
Ryan Ward,669899,last_60,AAA,28.6,Oklahoma City Comets,Total,OKC,- - -,,,31,117,132,26,19,2,1,4,18,18,13,0,26,0,2,0,4,1,2,.222,9.8%,19.7%,.500,.295,.359,.654,.137,,.247,,12.5,-5.2,.297,71
Michael Toglia,669911,last_60,AAA,28.0,Louisville Bats,Total,LOU,- - -,,,2,7,9,2,1,0,0,1,1,2,2,0,1,0,0,0,0,0,0,.286,22.2%,11.1%,2.000,.444,.714,1.159,.429,,.200,,2.3,1.1,.494,197
Trenton Brooks,670092,last_60,AAA,31.2,Sugar Land Space Cowboys,Total,SUG,- - -,,,17,56,69,16,13,2,0,1,10,11,11,0,9,0,1,1,1,1,3,.286,15.9%,13.0%,1.222,.397,.375,.772,.089,,.319,,9.8,0.6,.358,106
Zack Short,670097,last_60,AAA,31.3,Syracuse Mets,Total,SYR,- - -,,,23,67,81,20,11,7,0,2,11,14,14,0,14,0,0,0,0,0,0,.299,17.3%,17.3%,1.000,.420,.493,.912,.194,,.353,,15.1,4.7,.410,146
Miles Mastrobuoni,670156,last_60,AAA,30.9,Tacoma Rainiers,Total,TAC,- - -,,,26,94,105,25,18,6,0,1,13,14,10,0,20,0,1,0,4,1,0,.266,9.5%,19.0%,.500,.333,.362,.695,.096,,.324,,11.6,-2.4,.318,83
Matt Fraizer,670208,last_60,AA,28.6,Portland Sea Dogs,Total,POR,- - -,,,1,3,3,0,0,0,0,0,0,0,0,0,1,0,0,0,0,0,0,.000,0.0%,33.3%,.000,.000,.000,.000,.000,,.000,,-0.4,-0.8,.000,-95
Kameron Misner,670224,last_60,AAA,28.7,Lehigh Valley IronPigs,Total,LHV,- - -,,,29,105,122,25,17,2,0,6,15,19,16,0,36,0,1,0,0,7,0,.238,13.1%,29.5%,.444,.336,.429,.765,.190,,.297,,16.4,0.9,.345,106
Ramón Rodríguez,670232,last_60,AAA,27.9,Nashville Sounds,Total,NAS,- - -,,,17,61,63,10,7,3,0,0,4,7,1,0,10,0,1,0,0,0,0,.164,1.6%,15.9%,.100,.175,.213,.388,.049,,.192,,0.1,-7.9,.174,1
Matt Wallner,670242,last_60,AAA,28.8,St. Paul Saints,Total,STP,- - -,,,31,112,134,22,11,7,0,4,11,15,18,0,43,2,2,0,2,3,1,.196,13.4%,32.1%,.419,.313,.366,.680,.170,,.269,,14.6,-2.5,.312,86
Cal Stevenson,670276,last_60,AAA,30.0,Toledo Mud Hens,Total,TOL,- - -,,,30,91,111,25,15,5,3,2,17,8,19,1,34,0,0,1,1,4,1,.275,17.1%,30.6%,.559,.400,.462,.862,.187,,.418,,18.5,4.4,.386,131
Abrahan Gutierrez,670868,last_60,AAA,26.9,Scranton/Wilkes-Barre RailRiders,Total,SWB,- - -,,,5,13,15,6,4,1,0,1,3,1,2,0,1,0,0,0,1,0,0,.462,13.3%,6.7%,2.000,.533,.769,1.303,.308,,.455,,4.6,2.7,.564,241
Buddy Kennedy,671083,last_60,AAA,27.9,Rochester Red Wings,Total,ROC,- - -,,,12,46,55,8,5,2,0,1,8,7,6,0,11,2,1,0,1,1,0,.174,10.9%,20.0%,.545,.291,.283,.574,.109,,.200,,4.3,-2.7,.273,62
Darren Baker,671117,last_60,AAA,27.6,Sacramento River Cats,Total,SAC,- - -,,,13,50,53,12,12,0,0,0,4,3,2,0,13,0,1,0,0,5,0,.240,3.8%,24.5%,.154,.264,.240,.504,.000,,.316,,2.4,-4.7,.233,33
Ivan Johnson,671155,last_60,AAA,27.9,Louisville Bats,Total,LOU,- - -,,,12,37,46,3,2,0,0,1,3,2,7,0,15,2,0,0,1,4,1,.081,15.2%,32.6%,.467,.261,.162,.423,.081,,.095,,1.9,-3.9,.226,33
Drew Waters,671221,last_60,AAA,27.7,Omaha Storm Chasers,Total,OMA,- - -,,,24,88,100,22,13,5,1,3,13,8,11,0,27,1,0,0,2,10,1,.250,11.0%,27.0%,.407,.340,.432,.772,.182,,.328,,13.7,1.0,.348,108
David García,671272,last_60,AA,26.6,Biloxi Shuckers,Total,BLX,- - -,,,6,20,22,3,3,0,0,0,1,1,2,0,7,0,0,0,0,0,0,.150,9.1%,31.8%,.286,.227,.150,.377,.000,,.231,,0.4,-2.6,.189,12
Tim Elko,671284,last_60,AAA,27.7,Charlotte Knights,Total,CLT,- - -,,,23,79,88,20,13,2,1,4,13,14,8,0,36,0,1,0,1,1,0,.253,9.1%,40.9%,.222,.318,.456,.774,.203,,.400,,11.7,0.5,.343,105
Johnathan Rodríguez,671286,last_60,AAA,26.8,Indianapolis Indians,Total,IND,- - -,,,31,120,136,33,20,9,0,4,16,13,13,0,31,3,0,0,3,0,0,.275,9.6%,22.8%,.419,.360,.450,.810,.175,,.341,,20.3,2.2,.366,112
Tyler Freeman,671289,last_60,AAA,27.3,Albuquerque Isotopes,Total,ABQ,- - -,,,23,85,101,26,16,9,0,1,17,12,10,0,8,4,1,1,1,4,1,.306,9.9%,7.9%,1.250,.400,.447,.847,.141,,.325,,16.4,2.9,.384,121
George Valera,671655,last_60,AAA,25.8,Columbus Clippers,Total,COL,- - -,,,14,54,62,23,10,8,0,5,11,12,7,0,9,1,0,0,1,0,1,.426,11.3%,14.5%,.778,.500,.852,1.352,.426,,.450,,19.6,11.7,.576,248
Casey Yamauchi,671748,last_60,AA,26.1,Midland RockHounds,Total,MID,- - -,,,31,140,152,35,27,6,0,2,25,11,4,0,18,6,0,2,7,13,2,.250,2.6%,11.8%,.222,.300,.336,.636,.086,,.275,,14.1,-7.5,.292,65
Noah Myers,671956,last_60,A+,26.8,Bowling Green Hot Rods,Total,BG,- - -,,,11,37,47,11,7,3,0,1,5,8,5,0,9,3,1,1,1,2,0,.297,10.6%,19.1%,.556,.413,.459,.873,.162,,.357,,8.5,2.1,.394,132
Tyler Black,672012,last_60,AAA,26.2,Nashville Sounds,Total,NAS,- - -,,,33,115,135,32,20,9,1,2,15,12,17,0,29,3,0,0,3,4,2,.278,12.6%,21.5%,.586,.385,.426,.811,.148,,.357,,20.9,3.7,.371,122
Denzel Clarke,672016,last_60,AAA,26.3,Las Vegas Aviators,Total,LV,- - -,,,10,32,39,11,8,0,1,2,4,7,7,0,12,0,0,0,0,0,0,.344,17.9%,30.8%,.583,.462,.594,1.055,.250,,.500,,8.8,3.6,.465,168
Michael Siani,672279,last_60,AAA,27.2,Toledo Mud Hens,Total,TOL,- - -,,,18,57,64,8,4,2,0,2,6,5,4,0,19,0,1,2,1,2,1,.140,6.2%,29.7%,.211,.194,.281,.474,.140,,.162,,2.1,-6.1,.214,26
Jarred Kelenic,672284,last_60,AAA,27.2,Scranton/Wilkes-Barre RailRiders,Total,SWB,- - -,,,21,93,101,20,16,1,1,2,11,10,7,0,29,0,1,0,0,5,1,.215,6.9%,28.7%,.241,.267,.312,.579,.097,,.286,,7.2,-5.7,.264,56
Tirso Ornelas,672359,last_60,AA,26.5,San Antonio Missions,Total,SA,- - -,,,24,95,106,24,11,8,0,5,14,13,9,0,17,1,0,0,3,0,0,.253,8.5%,16.0%,.529,.324,.495,.819,.242,,.260,,15.7,0.6,.362,104
Gustavo Campero,672569,last_60,AAA,28.9,Salt Lake Bees,Total,SL,- - -,,,8,32,35,9,6,3,0,0,7,5,2,1,10,1,0,0,0,0,0,.281,5.7%,28.6%,.200,.343,.375,.718,.094,,.409,,3.9,-0.8,.318,83
Maikel Garcia,672580,last_60,AAA,26.5,Omaha Storm Chasers,Total,OMA,- - -,,,6,23,26,8,6,2,0,0,6,2,3,0,5,0,0,0,1,2,0,.348,11.5%,19.2%,.600,.423,.435,.858,.087,,.444,,4.4,0.9,.392,127
Eliezer Alfonzo,672613,last_60,AAA,27.0,Oklahoma City Comets,Total,OKC,- - -,,,16,56,61,15,11,3,0,1,3,8,5,0,4,0,0,0,1,1,0,.268,8.2%,6.6%,1.250,.328,.375,.703,.107,,.275,,6.9,-1.3,.321,84
Steward Berroa,672642,last_60,AAA,27.3,Lehigh Valley IronPigs,Total,LHV,- - -,,,10,30,35,5,4,1,0,0,6,3,4,0,9,0,1,0,2,2,0,.167,11.4%,25.7%,.444,.257,.200,.457,.033,,.227,,1.4,-3.1,.222,31
Wenceel Pérez,672761,last_60,AAA,26.8,Toledo Mud Hens,Total,TOL,- - -,,,2,7,8,0,0,0,0,0,0,1,0,0,3,0,1,0,2,0,0,.000,0.0%,37.5%,.000,.000,.000,.000,.000,,.000,,-1.1,-2.1,.000,-106
Lenyn Sosa,672820,last_60,A,26.6,Dunedin Blue Jays,Total,DUN,- - -,,,21,73,80,18,11,5,0,2,9,9,6,0,18,1,0,0,6,0,2,.247,7.5%,22.5%,.333,.312,.397,.710,.151,,.302,,9.4,-1.0,.321,90
Freuddy Batista,673945,last_60,A+,26.7,Asheville Tourists,Total,ASH,- - -,,,6,16,19,5,2,2,0,1,1,4,3,0,3,0,0,0,2,1,1,.312,15.8%,15.8%,1.000,.421,.625,1.046,.312,,.333,,4.4,1.7,.455,167
Josh Jung,673962,last_60,AAA,28.6,Round Rock Express,Total,RR,- - -,,,4,15,17,3,1,1,0,1,1,2,0,0,1,2,0,0,0,0,0,.200,0.0%,5.9%,.000,.294,.467,.761,.267,,.154,,2.2,-0.1,.341,96
Jacob Hurtubise,674441,last_60,AAA,28.8,Nashville Sounds,Total,NAS,- - -,,,17,46,57,12,11,1,0,0,12,0,10,0,11,1,0,0,0,5,1,.261,17.5%,19.3%,.909,.404,.283,.686,.022,,.343,,7.3,0.0,.336,100
Griffin Lockwood-Powell,674976,last_60,AAA,28.5,Oklahoma City Comets,Total,OKC,- - -,,,17,68,79,15,9,5,0,1,6,12,9,0,19,0,2,0,4,0,0,.221,11.4%,24.1%,.474,.304,.338,.642,.118,,.280,,7.4,-3.8,.293,66
Jonathon Long,675085,last_60,AAA,24.7,Jacksonville Jumbo Shrimp,Total,JAX,- - -,,,31,109,136,28,17,6,1,4,23,21,24,1,30,0,3,0,3,1,0,.257,17.6%,22.1%,.800,.382,.440,.823,.183,,.308,,20.8,3.4,.368,120
Andrew Sojka,675382,last_60,A+,25.3,West Michigan Whitecaps,Total,WM,- - -,,,18,64,74,11,10,0,0,1,10,7,6,0,17,4,0,0,1,8,0,.172,8.1%,23.0%,.353,.284,.219,.503,.047,,.217,,4.8,-5.3,.249,48
Johnny Olmstead,675394,last_60,AAA,26.2,Jacksonville Jumbo Shrimp,Total,JAX,- - -,,,24,76,88,18,12,3,1,2,11,6,8,1,20,0,2,2,1,4,1,.237,9.1%,22.7%,.400,.302,.382,.684,.145,,.286,,8.9,-2.3,.302,79
CJ Rodriguez,675430,last_60,AA,26.2,Midland RockHounds,Total,MID,- - -,,,15,52,62,17,16,1,0,0,8,6,9,0,8,0,1,0,1,0,0,.327,14.5%,12.9%,1.125,.419,.346,.766,.019,,.378,,9.0,0.2,.359,102
Blake Hunt,675448,last_60,AAA,27.8,El Paso Chihuahuas,Total,ELP,- - -,,,11,32,37,9,5,0,1,3,8,7,4,0,11,0,0,1,3,0,0,.281,10.8%,29.7%,.364,.361,.625,.986,.344,,.333,,7.3,2.3,.427,146
Milan Tolentino,675455,last_60,AAA,24.8,Columbus Clippers,Total,COL,- - -,,,33,116,133,19,8,3,1,7,19,16,15,0,47,0,1,1,1,7,0,.164,11.3%,35.3%,.319,.258,.388,.646,.224,,.190,,12.2,-4.8,.290,72
Greg Jones,675659,last_60,AAA,28.5,Iowa Cubs,Total,IOW,- - -,,,20,69,79,13,10,1,0,2,11,5,9,0,30,1,0,0,0,7,0,.188,11.4%,38.0%,.300,.291,.290,.581,.101,,.297,,6.3,-3.7,.275,63
David Bañuelos,675915,last_60,AAA,30.0,St. Paul Saints,Total,STP,- - -,,,19,62,70,11,7,1,0,3,7,8,7,0,27,1,0,0,3,0,0,.177,10.0%,38.6%,.259,.271,.339,.610,.161,,.250,,6.0,-2.9,.282,67
Skyler Messinger,676038,last_60,AA,27.9,Hartford Yard Goats,Total,HFD,- - -,,,12,36,42,7,4,3,0,0,0,1,1,0,15,2,1,2,0,2,0,.194,2.4%,35.7%,.067,.250,.278,.528,.083,,.318,,2.6,-3.1,.243,45
Ryan Noda,676116,last_60,AAA,30.5,Norfolk Tides,Total,NOR,- - -,,,24,72,91,10,4,3,0,3,11,7,17,0,28,2,0,0,0,0,0,.139,18.7%,30.8%,.607,.319,.306,.624,.167,,.171,,9.2,-2.4,.301,79
Marcos Castañon,676203,last_60,AAA,27.5,El Paso Chihuahuas,Total,ELP,- - -,,,34,124,137,34,20,11,0,3,23,15,11,0,23,1,0,1,3,1,0,.274,8.0%,16.8%,.478,.338,.435,.774,.161,,.316,,18.4,0.0,.348,100
Tyler Hardman,676205,last_60,AAA,27.6,Scranton/Wilkes-Barre RailRiders,Total,SWB,- - -,,,31,108,116,19,12,1,0,6,11,18,7,0,32,0,1,0,6,1,0,.176,6.0%,27.6%,.219,.224,.352,.576,.176,,.183,,7.7,-7.1,.257,52
Hayden Cantrelle,676463,last_60,AAA,27.8,Iowa Cubs,Total,IOW,- - -,,,13,36,46,3,0,2,1,0,2,3,8,0,15,1,0,1,1,2,1,.083,17.4%,32.6%,.533,.267,.194,.461,.111,,.143,,2.3,-3.5,.237,39
Jack Winkler,676466,last_60,AAA,27.9,Las Vegas Aviators,Total,LV,- - -,,,34,126,145,34,19,8,0,7,19,25,16,0,26,2,1,0,5,2,3,.270,11.0%,17.9%,.615,.359,.500,.859,.230,,.287,,23.3,3.8,.381,120
José Barrero,676480,last_60,AAA,28.4,Norfolk Tides,Total,NOR,- - -,,,27,100,110,15,8,3,0,4,14,9,6,0,39,3,1,0,2,3,2,.150,5.5%,35.5%,.154,.218,.300,.518,.150,,.190,,5.6,-8.4,.237,40
Brewer Hicklen,676551,last_60,AAA,30.5,Gwinnett Stripers,Total,GWN,- - -,,,13,45,55,13,7,3,2,1,7,6,7,0,13,1,2,0,0,3,1,.289,12.7%,23.6%,.538,.382,.511,.893,.222,,.364,,9.3,2.3,.388,132
Hemmanuel Rosario,676560,last_60,A+,26.0,Asheville Tourists,Total,ASH,- - -,,,3,5,6,1,1,0,0,0,0,0,1,0,3,0,0,0,0,1,0,.200,16.7%,50.0%,.333,.333,.200,.533,.000,,.500,,0.5,-0.3,.270,58
Shawn Ross,676566,last_60,AAA,27.0,Buffalo Bisons,Total,BUF,- - -,,,19,57,69,9,4,3,1,1,9,5,9,0,28,3,0,0,0,0,1,.158,13.0%,40.6%,.321,.304,.298,.603,.140,,.286,,6.2,-2.5,.288,71
Eric Wagaman,676572,last_60,AAA,29.1,Syracuse Mets,Total,SYR,- - -,,,22,80,89,19,10,7,0,2,8,9,8,1,17,0,1,0,3,2,1,.237,9.0%,19.1%,.471,.303,.400,.703,.163,,.274,,9.6,-1.7,.311,85
Bligh Madris,676632,last_60,AAA,30.6,Memphis Redbirds,Total,MEM,- - -,,,22,78,94,13,8,3,0,2,11,9,13,0,20,0,1,0,1,1,1,.167,13.8%,21.3%,.650,.283,.282,.565,.115,,.193,,7.0,-5.0,.268,58
Luis Vázquez,676679,last_60,AAA,26.9,Norfolk Tides,Total,NOR,- - -,,,13,48,50,13,8,1,1,3,9,6,1,0,12,1,0,0,1,2,1,.271,2.0%,24.0%,.083,.300,.521,.821,.250,,.303,,7.3,1.0,.360,115
Jake Meyers,676694,last_60,AAA,30.2,Sugar Land Space Cowboys,Total,SUG,- - -,,,15,56,60,12,7,4,1,0,6,5,4,0,11,0,0,0,0,0,0,.214,6.7%,18.3%,.364,.267,.321,.588,.107,,.267,,4.3,-3.8,.267,53
Chas McCormick,676801,last_60,AAA,31.4,Iowa Cubs,Total,IOW,- - -,,,31,103,122,37,24,9,0,4,18,21,16,0,19,1,1,1,2,8,2,.359,13.1%,15.6%,.842,.446,.563,1.009,.204,,.407,,26.1,10.6,.447,168
Davis Schneider,676914,last_60,AAA,27.6,Buffalo Bisons,Total,BUF,- - -,,,22,67,89,12,5,2,0,5,13,11,18,0,23,3,1,0,1,0,0,.179,20.2%,25.8%,.783,.371,.433,.804,.254,,.175,,13.6,2.2,.368,120
Heston Kjerstad,677008,last_60,AAA,27.5,Norfolk Tides,Total,NOR,- - -,,,16,57,65,19,13,3,1,2,5,6,5,0,16,2,0,1,1,0,0,.333,7.7%,24.6%,.312,.406,.526,.933,.193,,.436,,12.4,4.1,.416,149
Chad Stevens,677060,last_60,AAA,27.6,Albuquerque Isotopes,Total,ABQ,- - -,,,25,89,110,25,18,5,1,1,15,13,18,0,32,2,1,0,2,3,1,.281,16.4%,29.1%,.562,.409,.393,.802,.112,,.421,,16.8,2.1,.372,114
Cameron Barstad,677319,last_60,AAA,25.8,Indianapolis Indians,Total,IND,- - -,,,10,29,37,4,1,1,0,2,4,5,4,0,13,4,0,0,0,0,0,.138,10.8%,35.1%,.308,.324,.379,.704,.241,,.143,,4.6,-0.1,.331,97
GJ Hill,677338,last_60,AA,26.0,Hartford Yard Goats,Total,HFD,- - -,,,27,97,108,17,9,5,0,3,12,9,7,0,32,0,0,4,1,5,0,.175,6.5%,29.6%,.219,.231,.320,.550,.144,,.226,,7.2,-7.4,.250,49
Brock Jones,677342,last_60,AA,25.5,Montgomery Biscuits,Total,MTG,- - -,,,14,48,54,8,4,2,0,2,9,4,6,0,26,0,0,0,0,4,0,.167,11.1%,48.1%,.231,.259,.333,.593,.167,,.300,,4.4,-2.8,.272,61
Kyren Paris,677347,last_60,AAA,24.8,Salt Lake Bees,Total,SL,- - -,,,17,72,85,25,16,5,0,4,14,18,12,0,21,0,1,0,2,6,0,.347,14.1%,24.7%,.571,.435,.583,1.019,.236,,.438,,18.0,6.6,.447,158
Kristian Robinson,677565,last_60,AAA,25.8,Reno Aces,Total,RNO,- - -,,,26,97,113,23,13,5,0,5,18,12,13,0,31,0,1,1,1,6,1,.237,11.5%,27.4%,.419,.324,.443,.768,.206,,.290,,14.8,-0.4,.343,97
Carlos Rodríguez,677578,last_60,AAA,25.8,El Paso Chihuahuas,Total,ELP,- - -,,,35,135,153,40,33,2,3,2,14,20,14,1,21,1,2,1,2,9,4,.296,9.2%,13.7%,.667,.362,.400,.762,.104,,.333,,19.9,-0.6,.343,97
Everson Pereira,677592,last_60,AAA,25.4,Memphis Redbirds,Total,MEM,- - -,,,3,9,11,3,3,0,0,0,1,1,2,0,4,0,0,0,0,0,0,.333,18.2%,36.4%,.500,.455,.333,.788,.000,,.600,,1.8,0.4,.377,126
Ronny Mauricio,677595,last_60,AAA,25.5,Syracuse Mets,Total,SYR,- - -,,,33,134,141,33,19,8,0,6,20,23,5,1,30,2,0,0,4,2,4,.246,3.5%,21.3%,.167,.284,.440,.724,.194,,.276,,16.1,-1.8,.319,90
Keyber Rodriguez,677601,last_60,AAA,25.9,Round Rock Express,Total,RR,- - -,,,35,133,146,34,19,8,2,5,25,20,11,0,29,0,2,0,0,8,1,.256,7.5%,19.9%,.379,.308,.459,.767,.203,,.287,,18.5,-1.1,.338,94
Luis Verdugo,677605,last_60,AA,25.9,San Antonio Missions,Total,SA,- - -,,,23,76,89,21,17,1,0,3,16,8,11,0,17,1,1,0,3,3,0,.276,12.4%,19.1%,.647,.371,.408,.779,.132,,.316,,12.7,0.0,.356,100
Blaze Alexander,677942,last_60,AAA,27.2,Norfolk Tides,Total,NOR,- - -,,,2,7,8,2,1,1,0,0,1,1,1,0,3,0,0,0,0,0,0,.286,12.5%,37.5%,.333,.375,.429,.804,.143,,.500,,1.2,0.2,.364,118
Will Banfield,677943,last_60,AAA,26.7,Louisville Bats,Total,LOU,- - -,,,4,16,16,3,2,0,0,1,1,2,0,0,5,0,0,0,1,0,0,.188,0.0%,31.2%,.000,.188,.375,.562,.188,,.200,,0.9,-1.1,.246,45
Alek Thomas,677950,last_60,AAA,26.4,Oklahoma City Comets,Total,OKC,- - -,,,24,93,110,33,17,7,4,5,18,20,13,0,17,1,0,3,2,4,1,.355,11.8%,15.5%,.765,.439,.677,1.117,.323,,.394,,26.4,11.6,.482,179
Jordan Groshans,677954,last_60,AAA,26.9,Gwinnett Stripers,Total,GWN,- - -,,,33,128,140,43,20,6,3,14,26,31,11,0,16,0,1,0,4,2,0,.336,7.9%,11.4%,.688,.386,.758,1.144,.422,,.293,,34.8,16.4,.487,190
Rece Hinds,677956,last_60,AAA,26.0,Norfolk Tides,Total,NOR,- - -,,,17,64,74,17,9,6,0,2,9,14,8,0,17,2,0,0,0,6,0,.266,10.8%,23.0%,.471,.365,.453,.818,.188,,.333,,11.4,2.0,.370,121
Anthony Seigler,678011,last_60,AAA,27.2,Worcester Red Sox,Total,WOR,- - -,,,7,30,35,5,2,2,1,0,3,4,4,0,5,0,1,0,2,0,0,.167,11.4%,14.3%,.800,.257,.300,.557,.133,,.192,,2.2,-2.2,.254,50
Gavin Logan,678099,last_60,AAA,26.6,Reno Aces,Total,RNO,- - -,,,10,34,41,9,5,2,0,2,5,7,6,0,9,1,0,0,0,0,0,.265,14.6%,22.0%,.667,.390,.500,.890,.235,,.304,,7.2,1.4,.399,124
David McCabe,678173,last_60,AAA,26.5,Gwinnett Stripers,Total,GWN,- - -,,,25,91,105,29,20,5,0,4,10,22,8,0,28,1,5,0,3,0,0,.319,7.6%,26.7%,.286,.362,.505,.867,.187,,.391,,16.7,3.4,.377,125
Jihwan Bae,678225,last_60,AAA,27.1,Nashville Sounds,Total,NAS,- - -,,,1,3,3,2,1,0,0,1,1,3,0,0,0,0,0,0,0,0,0,.667,0.0%,0.0%,,.667,1.667,2.333,1.000,,.500,,2.0,1.6,1.007,512
Jesus Valdez,678232,last_60,AAA,28.7,Reno Aces,Total,RNO,- - -,,,6,15,19,3,3,0,0,0,4,1,3,0,6,1,0,0,0,0,0,.200,15.8%,31.6%,.500,.368,.200,.568,.000,,.333,,1.8,-0.8,.295,68
Junior Perez,678577,last_60,AAA,25.2,Charlotte Knights,Total,CLT,- - -,,,27,94,109,21,9,6,0,6,16,15,14,0,39,0,0,1,1,9,0,.223,12.8%,35.8%,.359,.324,.479,.803,.255,,.306,,15.7,1.8,.357,113
Orlando Martinez,678636,last_60,AAA,28.6,Round Rock Express,Total,RR,- - -,,,31,108,120,28,19,5,2,2,12,18,11,0,16,0,1,0,2,7,3,.259,9.2%,13.3%,.688,.325,.398,.723,.139,,.286,,14.0,-2.1,.326,87
Eddys Leonard,678760,last_60,AAA,25.9,Sacramento River Cats,Total,SAC,- - -,,,22,81,87,18,13,3,0,2,9,12,6,0,16,0,0,0,1,0,0,.222,6.9%,18.4%,.375,.276,.333,.609,.111,,.254,,7.0,-4.7,.278,60
Viandel Pena,678854,last_60,AA,25.8,Erie SeaWolves,Total,ERI,- - -,,,11,38,43,10,8,2,0,0,6,4,4,0,11,0,1,0,2,1,0,.263,9.3%,25.6%,.364,.326,.316,.641,.053,,.357,,4.4,-1.4,.296,76
Liover Peguero,678894,last_60,AAA,25.7,Rochester Red Wings,Total,ROC,- - -,,,30,100,116,23,14,6,0,3,15,17,16,0,31,0,0,0,1,3,1,.230,13.8%,26.7%,.516,.336,.380,.716,.150,,.303,,14.2,-0.5,.329,96
Daniel Vellojin,678962,last_60,AA,26.5,Montgomery Biscuits,Total,MTG,- - -,,,4,14,16,4,4,0,0,0,2,0,2,0,2,0,0,0,1,0,0,.286,12.5%,12.5%,1.000,.375,.286,.661,.000,,.333,,1.9,-0.3,.316,87
Julio Carreras,679734,last_60,A+,26.6,Dayton Dragons,Total,DAY,- - -,,,21,72,87,10,7,1,1,1,6,6,10,0,26,4,0,1,0,3,0,.139,11.5%,29.9%,.385,.279,.222,.501,.083,,.200,,5.6,-6.1,.250,48
Alberto Rodriguez,679754,last_60,AA,25.9,Northwest Arkansas Naturals,Total,NWA,- - -,,,19,63,76,13,10,0,1,2,9,9,5,0,23,5,2,1,0,1,0,.206,6.6%,30.3%,.217,.307,.333,.640,.127,,.275,,7.3,-3.5,.296,68
Arturo De Freitas,679972,last_60,A+,25.3,Hub City Spartanburgers,Total,HCS,- - -,,,16,54,62,15,9,3,0,3,13,12,6,0,25,1,1,0,0,0,0,.278,9.7%,40.3%,.240,.355,.500,.855,.222,,.444,,10.4,1.9,.378,122
Chris Meyers,680273,last_60,A,27.3,Lakeland Flying Tigers,Total,LAK,- - -,,,22,74,90,17,9,5,0,3,8,7,14,1,26,2,0,0,1,0,0,.230,15.6%,28.9%,.538,.367,.419,.786,.189,,.311,,13.1,1.1,.356,109
Max Schuemann,680474,last_60,AAA,29.3,Scranton/Wilkes-Barre RailRiders,Total,SWB,- - -,,,27,103,115,28,14,8,2,4,19,9,9,0,21,2,0,1,4,1,0,.272,7.8%,18.3%,.429,.342,.505,.847,.233,,.308,,18.1,3.5,.375,124
Mario Camilletti,680519,last_60,AAA,27.4,Charlotte Knights,Total,CLT,- - -,,,26,90,106,19,16,2,0,1,13,14,15,0,19,1,0,0,3,1,0,.211,14.2%,17.9%,.789,.330,.267,.597,.056,,.257,,9.7,-3.8,.289,72
DaShawn Keirsey Jr.,680577,last_60,AAA,29.3,Gwinnett Stripers,Total,GWN,- - -,,,22,80,86,16,11,3,1,1,6,7,5,0,26,1,0,0,1,5,0,.200,5.8%,30.2%,.192,.256,.300,.556,.100,,.283,,5.5,-5.4,.255,51
Ramon Mendoza,680636,last_60,AAA,26.1,Memphis Redbirds,Total,MEM,- - -,,,33,115,136,33,26,6,0,1,20,9,16,0,22,5,0,0,2,1,0,.287,11.8%,16.2%,.727,.397,.365,.762,.078,,.348,,19.7,2.3,.358,114
Luke Waddell,680672,last_60,AA,28.2,Columbus Clingstones,Total,COL,- - -,,,26,95,103,30,19,9,0,2,10,13,5,1,14,1,2,0,1,0,1,.316,4.9%,13.6%,.357,.350,.474,.823,.158,,.346,,15.5,1.7,.360,113
Jonathan Ornelas,680716,last_60,AAA,26.3,Nashville Sounds,Total,NAS,- - -,,,14,47,57,10,7,1,0,2,8,7,7,0,15,1,0,2,3,1,0,.213,12.3%,26.3%,.467,.327,.362,.689,.149,,.267,,6.6,-0.7,.320,91
Adrian Del Castillo,680728,last_60,AAA,27.0,Reno Aces,Total,RNO,- - -,,,23,87,105,21,9,6,0,6,12,18,17,0,20,0,0,1,1,0,0,.241,16.2%,19.0%,.850,.365,.517,.883,.276,,.246,,17.7,3.6,.391,125
Michael Helman,680737,last_60,AAA,30.3,Round Rock Express,Total,RR,- - -,,,5,19,21,5,3,1,0,1,4,2,2,0,5,0,0,0,0,0,1,.263,9.5%,23.8%,.400,.333,.474,.807,.211,,.308,,3.0,0.2,.360,107
CJ Alexander,680769,last_60,AAA,30.2,Sugar Land Space Cowboys,Total,SUG,- - -,,,11,42,46,10,2,5,0,3,4,10,4,0,15,0,0,0,0,0,0,.238,8.7%,32.6%,.267,.304,.571,.876,.333,,.292,,7.3,1.2,.380,119
Ryan Fitzgerald,680837,last_60,AAA,32.3,Oklahoma City Comets,Total,OKC,- - -,,,34,128,146,39,22,11,1,5,22,30,10,2,24,3,5,0,2,5,0,.305,6.8%,16.4%,.417,.356,.523,.880,.219,,.327,,23.0,3.4,.378,117
Pablo Aliendo,680846,last_60,AA,25.3,Chattanooga Lookouts,Total,CHA,- - -,,,13,44,52,7,3,3,0,1,4,5,3,0,18,4,1,0,0,0,0,.159,5.8%,34.6%,.167,.269,.295,.565,.136,,.231,,4.0,-3.0,.266,58
Willie MacIver,680862,last_60,AAA,29.8,Buffalo Bisons,Total,BUF,- - -,,,19,65,77,19,13,3,0,3,11,9,9,0,15,1,1,0,1,0,0,.292,11.7%,19.5%,.600,.382,.477,.859,.185,,.333,,12.5,2.2,.384,122
Zack Gelof,680869,last_60,AAA,26.8,Las Vegas Aviators,Total,LV,- - -,,,1,3,4,0,0,0,0,0,0,0,0,0,1,1,0,0,0,0,0,.000,0.0%,25.0%,.000,.250,.000,.250,.000,,.000,,0.0,-0.5,.186,6
Owen Miller,680911,last_60,AAA,29.8,Iowa Cubs,Total,IOW,- - -,,,25,100,104,28,20,6,1,1,16,5,3,0,9,1,0,0,3,4,1,.280,2.9%,8.7%,.333,.308,.390,.698,.110,,.300,,11.4,-1.8,.313,86
Caleb Bartolero,680960,last_60,AA,26.9,Rocket City Trash Pandas,Total,RCT,- - -,,,31,124,129,43,29,10,1,3,22,28,4,0,22,1,0,0,3,1,0,.347,3.1%,17.1%,.182,.372,.516,.888,.169,,.404,,22.9,5.6,.394,133
Nick Biddison,680994,last_60,AAA,26.1,Lehigh Valley IronPigs,Total,LHV,- - -,,,14,43,55,7,5,1,0,1,4,8,8,0,15,2,1,1,0,2,1,.163,14.5%,27.3%,.533,.315,.256,.571,.093,,.214,,4.8,-2.4,.280,67
Luke Mann,680996,last_60,AAA,26.4,Las Vegas Aviators,Total,LV,- - -,,,31,103,119,34,19,4,0,11,26,23,14,1,28,1,1,0,1,0,0,.330,11.8%,23.5%,.500,.412,.689,1.101,.359,,.354,,27.8,11.6,.472,172
Branden Boissiere,680998,last_60,AA,26.5,Harrisburg Senators,Total,HBG,- - -,,,29,118,131,30,17,9,0,4,12,18,11,0,40,0,2,0,1,0,0,.254,8.4%,30.5%,.275,.313,.432,.745,.178,,.342,,17.1,-0.7,.331,96
Anthony Vilar,681036,last_60,AAA,27.5,El Paso Chihuahuas,Total,ELP,- - -,,,21,50,70,13,9,3,0,1,9,6,16,1,16,1,0,3,3,3,1,.260,22.9%,22.9%,1.000,.448,.380,.828,.120,,.364,,11.8,2.0,.388,121
Christian Franklin,681047,last_60,AAA,26.8,Norfolk Tides,Total,NOR,- - -,,,4,12,17,3,2,0,0,1,3,2,5,0,2,0,0,0,0,3,0,.250,29.4%,11.8%,2.500,.471,.500,.971,.250,,.222,,3.6,1.4,.440,164
Caleb Ricketts,681080,last_60,AA,26.3,Reading Fightin Phils,Total,REA,- - -,,,21,68,80,20,17,1,0,2,10,7,10,0,13,2,0,0,4,1,0,.294,12.5%,16.2%,.769,.400,.397,.797,.103,,.340,,12.8,2.0,.370,118
Bill Knight,681098,last_60,AA,27.1,Arkansas Travelers,Total,ARK,- - -,,,15,45,54,11,9,1,1,0,11,1,4,0,9,5,0,0,0,4,1,.244,7.4%,16.7%,.444,.370,.311,.681,.067,,.306,,6.5,-1.2,.327,85
Michael Trautwein,681114,last_60,AAA,27.0,Louisville Bats,Total,LOU,- - -,,,8,27,35,7,6,0,0,1,7,2,7,0,10,1,0,0,0,0,0,.259,20.0%,28.6%,.700,.429,.370,.799,.111,,.375,,5.8,1.2,.380,125
Luca Tresh,681123,last_60,AAA,26.7,Omaha Storm Chasers,Total,OMA,- - -,,,17,62,68,16,11,4,0,1,8,5,4,0,21,0,1,1,1,0,0,.258,5.9%,30.9%,.190,.299,.371,.669,.113,,.366,,6.8,-1.9,.301,79
Max Ferguson,681132,last_60,AAA,27.1,Worcester Red Sox,Total,WOR,- - -,,,27,87,104,18,11,3,1,3,20,9,15,0,26,1,0,1,0,3,0,.207,14.4%,25.0%,.577,.330,.368,.698,.161,,.259,,12.8,-1.1,.323,92
Jonah Bride,681146,last_60,AAA,30.7,Round Rock Express,Total,RR,- - -,,,27,89,114,24,18,5,1,0,17,18,22,0,13,2,1,0,2,0,2,.270,19.3%,11.4%,1.692,.421,.348,.769,.079,,.312,,16.9,1.6,.365,110
BJ Murray Jr.,681230,last_60,AAA,26.7,Iowa Cubs,Total,IOW,- - -,,,22,84,96,25,15,3,2,5,14,18,11,0,21,0,1,0,0,0,0,.298,11.5%,21.9%,.524,.375,.560,.935,.262,,.339,,17.7,5.5,.408,145
Alex Binelas,681323,last_60,AAA,26.3,Lehigh Valley IronPigs,Total,LHV,- - -,,,20,70,79,12,7,1,1,3,7,13,9,0,31,0,0,0,2,2,0,.171,11.4%,39.2%,.290,.266,.343,.609,.171,,.250,,7.0,-3.6,.279,66
Dru Baker,681333,last_60,AAA,26.5,Charlotte Knights,Total,CLT,- - -,,,21,72,78,15,13,2,0,0,10,5,4,0,21,0,1,1,2,7,0,.208,5.1%,26.9%,.190,.247,.236,.483,.028,,.288,,3.1,-6.8,.224,32
Logan O'Hoppe,681351,last_60,AAA,26.6,Round Rock Express,Total,RR,- - -,,,17,62,75,17,7,7,0,3,12,19,9,0,13,2,1,1,3,0,0,.274,12.0%,17.3%,.692,.378,.532,.911,.258,,.298,,13.2,3.1,.401,131
Andrew Cossetti,681355,last_60,AA,26.6,Wichita Wind Surge,Total,WCH,- - -,,,26,91,112,14,8,3,0,3,12,10,17,0,31,3,1,0,3,0,1,.154,15.2%,27.7%,.548,.304,.286,.589,.132,,.190,,9.7,-6.3,.284,61
Cody Morissette,681357,last_60,AAA,26.7,St. Paul Saints,Total,STP,- - -,,,33,121,134,33,19,5,0,9,14,28,12,0,28,1,0,0,3,2,1,.273,9.0%,20.9%,.429,.343,.537,.880,.264,,.286,,22.6,5.5,.388,132
Dom Keegan,681371,last_60,AA,26.1,Chesapeake Baysox,Total,CHE,- - -,,,21,68,84,12,7,1,0,4,9,5,14,0,21,2,0,0,4,0,0,.176,16.7%,25.0%,.667,.333,.368,.701,.191,,.186,,10.7,-0.6,.328,94
Josh Hood,681377,last_60,AA,26.1,Arkansas Travelers,Total,ARK,- - -,,,23,83,90,18,11,1,1,5,13,12,6,0,37,1,0,0,2,1,1,.217,6.7%,41.1%,.162,.278,.434,.712,.217,,.317,,10.1,-2.7,.317,79
Connor Norby,681393,last_60,AAA,26.2,Albuquerque Isotopes,Total,ABQ,- - -,,,2,6,10,3,2,1,0,0,4,0,4,0,2,0,0,0,0,0,0,.500,40.0%,20.0%,2.000,.700,.667,1.367,.167,,.750,,3.3,1.9,.596,245
Danny Serretti,681400,last_60,AAA,26.3,Reno Aces,Total,RNO,- - -,,,27,96,116,24,17,3,0,4,12,19,15,0,26,2,3,0,1,2,1,.250,12.9%,22.4%,.577,.353,.406,.760,.156,,.290,,15.5,-0.9,.344,95
Noah Cardenas,681433,last_60,AAA,27.0,St. Paul Saints,Total,STP,- - -,,,16,47,56,15,10,1,0,4,9,10,5,0,14,4,0,0,0,1,1,.319,8.9%,25.0%,.357,.429,.596,1.024,.277,,.379,,12.3,5.1,.453,172
Zach Morgan,681439,last_60,AAA,26.5,Sacramento River Cats,Total,SAC,- - -,,,15,45,48,9,6,2,0,1,6,9,3,0,9,0,0,0,4,0,0,.200,6.2%,18.8%,.333,.250,.311,.561,.111,,.229,,3.0,-3.4,.256,47
Mickey Gasper,681508,last_60,AAA,30.8,Worcester Red Sox,Total,WOR,- - -,,,6,20,25,9,4,5,0,0,5,3,4,0,3,0,1,0,1,0,0,.450,16.0%,12.0%,1.333,.520,.700,1.220,.250,,.500,,6.8,3.6,.518,212
Bryan Lavastida,681526,last_60,AAA,27.8,Las Vegas Aviators,Total,LV,- - -,,,17,63,69,16,12,3,0,1,7,5,6,0,9,0,0,0,3,0,1,.254,8.7%,13.0%,.667,.319,.349,.668,.095,,.283,,7.1,-2.2,.307,76
James Outman,681546,last_60,AAA,29.4,Toledo Mud Hens,Total,TOL,- - -,,,20,68,81,13,6,4,0,3,10,12,8,0,30,4,1,0,2,1,1,.191,9.9%,37.0%,.267,.309,.382,.691,.191,,.278,,9.1,-1.2,.316,88
Andy Weber,681581,last_60,AAA,29.2,Charlotte Knights,Total,CLT,- - -,,,32,106,117,25,13,7,0,5,18,17,9,0,33,2,0,0,1,2,1,.236,7.7%,28.2%,.273,.308,.443,.751,.208,,.294,,14.9,0.1,.336,100
David Fry,681807,last_60,AAA,30.7,Columbus Clippers,Total,COL,- - -,,,6,25,29,10,3,1,0,6,9,18,2,0,2,0,2,0,1,0,0,.400,6.9%,6.9%,1.000,.414,1.160,1.574,.760,,.211,,10.2,6.5,.624,277
Justin Dean,681909,last_60,AAA,29.8,Iowa Cubs,Total,IOW,- - -,,,30,111,124,19,15,4,0,0,11,11,11,0,26,0,1,1,1,11,1,.171,8.9%,21.0%,.423,.244,.207,.451,.036,,.221,,4.3,-11.5,.217,27
Vinny Capra,681962,last_60,AAA,30.2,Worcester Red Sox,Total,WOR,- - -,,,25,92,107,21,18,0,0,3,18,5,13,0,28,2,0,0,4,2,0,.228,12.1%,26.2%,.464,.336,.326,.663,.098,,.295,,11.7,-1.9,.313,86
Nate Eaton,681987,last_60,AAA,29.7,Worcester Red Sox,Total,WOR,- - -,,,21,72,86,16,11,4,0,1,13,9,11,0,21,1,1,1,0,4,1,.222,12.8%,24.4%,.524,.329,.319,.649,.097,,.294,,8.8,-2.1,.304,81
Daniel Schneemann,682177,last_60,AAA,29.6,Columbus Clippers,Total,COL,- - -,,,17,62,79,23,12,9,0,2,24,5,16,0,9,0,1,0,0,4,0,.371,20.3%,11.4%,1.778,.494,.613,1.107,.242,,.404,,19.2,9.1,.483,191
Drew Avans,682183,last_60,AAA,30.3,Albuquerque Isotopes,Total,ABQ,- - -,,,33,115,140,30,20,7,1,2,22,15,21,0,40,0,2,2,0,10,2,.261,15.0%,28.6%,.525,.370,.391,.761,.130,,.373,,18.9,0.1,.348,100
Paul McIntosh,682192,last_60,AAA,28.8,Lehigh Valley IronPigs,Total,LHV,- - -,,,19,55,68,8,4,2,0,2,7,9,10,0,15,3,0,0,3,0,0,.145,14.7%,22.1%,.667,.309,.291,.600,.145,,.158,,6.3,-2.4,.291,73
Luke Ritter,682239,last_60,AA,29.5,Reading Fightin Phils,Total,REA,- - -,,,8,26,32,4,3,1,0,0,4,6,5,0,12,0,1,0,1,0,0,.154,15.6%,37.5%,.417,.281,.192,.474,.038,,.267,,1.8,-2.5,.237,42
Jose Cordova,682276,last_60,AAA,26.7,Albuquerque Isotopes,Total,ABQ,- - -,,,14,52,57,14,10,2,0,2,4,6,3,0,13,1,1,0,3,0,0,.269,5.3%,22.8%,.231,.316,.423,.739,.154,,.316,,6.8,-0.8,.330,90
Logan Porter,682515,last_60,AAA,31.2,Salt Lake Bees,Total,SL,- - -,,,17,55,65,11,8,1,0,2,8,8,9,0,10,0,1,0,2,0,0,.200,13.8%,15.4%,.900,.308,.327,.635,.127,,.205,,6.1,-2.7,.295,70
Marco Luciano,682617,last_60,AAA,25.0,Scranton/Wilkes-Barre RailRiders,Total,SWB,- - -,,,32,107,130,28,18,2,0,8,23,25,20,0,33,1,2,0,2,2,0,.262,15.4%,25.4%,.606,.377,.505,.882,.243,,.294,,22.2,5.6,.391,134
Noelvi Marte,682622,last_60,AAA,24.9,Louisville Bats,Total,LOU,- - -,,,26,99,103,27,20,5,1,1,6,15,2,0,20,1,1,0,5,1,0,.273,1.9%,19.4%,.100,.291,.374,.665,.101,,.329,,10.0,-3.1,.297,76
Eduardo Garcia,682633,last_60,AAA,24.2,Nashville Sounds,Total,NAS,- - -,,,26,81,93,21,18,0,0,3,11,10,8,0,24,3,1,0,0,5,0,.259,8.6%,25.8%,.333,.344,.370,.714,.111,,.327,,11.4,-0.4,.329,96
Kevin Alcántara,682634,last_60,AAA,24.2,Iowa Cubs,Total,IOW,- - -,,,21,75,84,17,12,2,0,3,8,12,9,0,26,0,0,0,1,1,0,.227,10.7%,31.0%,.346,.310,.373,.683,.147,,.304,,9.2,-1.5,.312,86
Luis Matos,682641,last_60,AAA,24.6,Nashville Sounds,Total,NAS,- - -,,,9,28,32,6,4,0,1,1,5,6,4,0,5,0,0,0,0,3,1,.214,12.5%,15.6%,.800,.312,.393,.705,.179,,.227,,3.7,-0.4,.320,90
Victor Bericoto,682674,last_60,AAA,24.8,Sacramento River Cats,Total,SAC,- - -,,,8,31,32,9,7,2,0,0,4,2,1,0,6,0,0,0,3,0,0,.290,3.1%,18.8%,.167,.312,.355,.667,.065,,.360,,3.2,-1.1,.302,74
Dayan Frias,682679,last_60,AAA,24.2,Columbus Clippers,Total,COL,- - -,,,30,102,115,21,10,6,1,4,14,13,12,0,25,0,1,0,1,7,2,.206,10.4%,21.7%,.480,.287,.402,.689,.196,,.230,,12.2,-2.4,.308,83
Miguel Palma,682692,last_60,AA,24.7,Somerset Patriots,Total,SOM,- - -,,,3,9,12,1,1,0,0,0,2,2,3,0,2,0,0,0,0,0,0,.111,25.0%,16.7%,1.500,.333,.111,.444,.000,,.143,,0.8,-0.8,.254,52
Andrick Nava,682774,last_60,AAA,25.0,Nashville Sounds,Total,NAS,- - -,,,6,21,22,5,4,1,0,0,3,1,0,0,2,0,0,1,2,0,0,.238,0.0%,9.1%,.000,.238,.286,.524,.048,,.263,,1.1,-1.7,.235,38
Kervin Pichardo,682775,last_60,AA,24.9,Harrisburg Senators,Total,HBG,- - -,,,20,66,82,12,8,1,0,3,11,3,15,0,26,1,0,0,2,1,0,.182,18.3%,31.7%,.577,.341,.333,.675,.152,,.243,,10.0,-1.1,.321,90
Eddinson Paulino,682796,last_60,A+,24.2,Brooklyn Cyclones,Total,BRK,- - -,,,15,40,53,10,7,0,1,2,6,10,11,0,12,0,1,1,0,2,1,.250,20.8%,22.6%,.917,.404,.450,.854,.200,,.296,,9.2,2.0,.386,127
Yohendrick Piñango,682818,last_60,AAA,24.4,Buffalo Bisons,Total,BUF,- - -,,,34,132,152,37,24,7,0,6,17,22,17,1,34,0,3,0,3,1,0,.280,11.2%,22.4%,.500,.355,.470,.825,.189,,.326,,22.7,3.4,.364,117
Bryan Ramos,682868,last_60,AAA,24.5,Norfolk Tides,Total,NOR,- - -,,,17,58,66,16,7,6,0,3,13,10,6,0,12,0,1,0,2,2,1,.276,9.1%,18.2%,.500,.338,.534,.873,.259,,.295,,10.7,2.3,.380,128
Juan Brito,682877,last_60,AAA,24.9,Louisville Bats,Total,LOU,- - -,,,19,72,80,17,12,3,0,2,8,11,8,0,20,0,0,0,3,1,1,.236,10.0%,25.0%,.400,.312,.361,.674,.125,,.300,,8.5,-1.7,.309,84
Ronny Simon,682927,last_60,AAA,26.4,Indianapolis Indians,Total,IND,- - -,,,16,58,71,21,14,7,0,0,7,9,12,0,12,0,1,0,2,2,3,.362,16.9%,16.9%,1.000,.465,.483,.948,.121,,.447,,14.1,5.1,.427,156
Jose Ramos,682947,last_60,AAA,25.7,Syracuse Mets,Total,SYR,- - -,,,28,97,114,29,21,3,1,4,23,14,12,1,23,5,0,0,4,3,1,.299,10.5%,20.2%,.522,.404,.474,.878,.175,,.357,,19.8,5.3,.395,136
Jud Fabian,682983,last_60,AAA,26.0,Norfolk Tides,Total,NOR,- - -,,,30,104,125,18,9,6,0,3,17,10,15,0,41,2,1,3,1,0,1,.173,12.0%,32.8%,.366,.287,.317,.604,.144,,.246,,10.7,-5.2,.282,67
Riley Greene,682985,last_60,AAA,25.9,Toledo Mud Hens,Total,TOL,- - -,,,2,6,8,1,1,0,0,0,0,0,2,0,1,0,0,0,0,0,0,.167,25.0%,12.5%,2.000,.375,.167,.542,.000,,.200,,0.7,-0.3,.291,73
Tyler Locklear,682988,last_60,AAA,25.8,Reno Aces,Total,RNO,- - -,,,14,49,61,11,7,2,0,2,10,10,9,0,12,3,0,0,2,0,1,.224,14.8%,19.7%,.750,.377,.388,.765,.163,,.257,,8.7,0.5,.357,106
Tyler Callihan,682997,last_60,AAA,26.2,Indianapolis Indians,Total,IND,- - -,,,33,110,132,26,16,4,1,5,23,18,15,0,28,1,2,4,1,7,0,.236,11.4%,21.2%,.536,.328,.427,.755,.191,,.266,,17.1,0.3,.339,102
Ethan Hearn,683001,last_60,AAA,26.1,Iowa Cubs,Total,IOW,- - -,,,14,51,54,7,3,2,0,2,3,10,1,0,24,2,0,0,1,0,1,.137,1.9%,44.4%,.042,.185,.294,.479,.157,,.200,,1.9,-5.0,.217,27
Chris Newell,683006,last_60,AAA,25.4,Oklahoma City Comets,Total,OKC,- - -,,,28,99,116,25,13,5,0,7,15,21,17,1,45,0,0,0,0,8,2,.253,14.7%,38.8%,.378,.362,.515,.877,.263,,.383,,19.2,3.1,.386,119
Anthony Volpe,683011,last_60,AAA,25.4,Scranton/Wilkes-Barre RailRiders,Total,SWB,- - -,,,27,104,122,30,13,7,1,9,21,19,15,0,27,2,0,0,0,8,4,.288,12.3%,22.1%,.556,.388,.635,1.023,.346,,.309,,25.8,10.3,.444,166
Michael Stefanic,683021,last_60,AAA,30.5,Las Vegas Aviators,Total,LV,- - -,,,10,34,45,16,9,5,0,2,7,11,9,0,2,2,0,0,1,1,0,.471,20.0%,4.4%,4.500,.600,.794,1.394,.324,,.467,,14.7,8.7,.595,244
Omar Martinez,683079,last_60,AAA,25.2,Salt Lake Bees,Total,SL,- - -,,,10,33,38,10,8,1,0,1,4,8,5,0,14,0,0,0,1,0,0,.303,13.2%,36.8%,.357,.395,.424,.819,.121,,.500,,5.9,0.8,.375,116
Matthew Lugo,683090,last_60,AAA,25.4,Omaha Storm Chasers,Total,OMA,- - -,,,13,48,53,12,5,4,1,2,7,10,4,0,17,0,1,0,0,0,1,.250,7.5%,32.1%,.235,.302,.500,.802,.250,,.333,,7.3,0.5,.348,108
Cade Doughty,683103,last_60,A+,25.4,Rome Emperors,Total,ROM,- - -,,,15,58,64,12,6,5,0,1,10,6,6,0,20,0,0,0,0,0,0,.207,9.4%,31.2%,.300,.281,.345,.626,.138,,.297,,6.2,-2.6,.286,70
Julian Brock,683149,last_60,AAA,25.3,Round Rock Express,Total,RR,- - -,,,13,39,49,4,3,0,0,1,5,3,8,0,13,2,0,0,2,1,1,.103,16.3%,26.5%,.615,.286,.179,.465,.077,,.120,,2.7,-3.9,.245,40
Sean McLain,683169,last_60,AA,25.5,Tulsa Drillers,Total,TUL,- - -,,,6,20,24,7,4,1,0,2,6,4,3,0,5,1,0,0,0,1,1,.350,12.5%,20.8%,.600,.458,.700,1.158,.350,,.385,,6.2,2.7,.501,180
Nate Rombach,683176,last_60,A+,25.8,Wilmington Blue Rocks,Total,WIL,- - -,,,12,37,43,12,9,1,0,2,7,8,5,0,9,1,0,0,0,0,0,.324,11.6%,20.9%,.556,.419,.514,.932,.189,,.385,,8.6,2.7,.419,146
Cody Freeman,683227,last_60,AAA,25.6,Round Rock Express,Total,RR,- - -,,,3,12,14,3,2,1,0,0,3,1,2,0,2,0,0,0,0,0,0,.250,14.3%,14.3%,1.000,.357,.333,.690,.083,,.300,,1.6,-0.3,.324,86
Douglas Hodo III,683233,last_60,AA,25.9,Chesapeake Baysox,Total,CHE,- - -,,,1,3,3,1,1,0,0,0,0,0,0,0,1,0,0,0,0,0,0,.333,0.0%,33.3%,.000,.333,.333,.667,.000,,.500,,0.3,-0.1,.303,80
Connor Dykstra,683270,last_60,A,25.5,Inland Empire 66ers,Total,IE,- - -,,,13,41,51,14,9,2,1,2,11,10,6,0,11,4,0,0,1,0,1,.341,11.8%,21.6%,.545,.471,.585,1.056,.244,,.429,,12.1,4.5,.468,160
David Calabrese,683341,last_60,A+,23.9,Vancouver Canadians,Total,VAN,- - -,,,16,66,72,23,16,4,0,3,13,10,4,0,9,0,0,2,1,7,0,.348,5.6%,12.5%,.444,.386,.545,.931,.197,,.370,,13.9,3.1,.413,129
Homer Bush Jr.,683344,last_60,AAA,24.9,Durham Bulls,Total,DUR,- - -,,,28,83,89,21,13,8,0,0,9,8,4,0,27,0,0,1,0,10,2,.253,4.5%,30.3%,.148,.287,.349,.637,.096,,.375,,8.0,-3.3,.288,71
Connor Caskenette,683353,last_60,AA,24.2,Pensacola Blue Wahoos,Total,PNS,- - -,,,17,57,65,9,7,0,0,2,7,9,8,0,19,0,0,0,1,3,0,.158,12.3%,29.2%,.421,.262,.263,.525,.105,,.194,,4.2,-4.5,.250,49
Omar Hernandez,683427,last_60,AAA,24.8,Omaha Storm Chasers,Total,OMA,- - -,,,19,76,78,16,15,0,0,1,8,2,1,0,21,0,0,1,3,1,1,.211,1.3%,26.9%,.048,.221,.250,.471,.039,,.278,,2.5,-7.9,.214,24
Brayan Buelvas,683454,last_60,AAA,24.3,Las Vegas Aviators,Total,LV,- - -,,,37,148,168,42,24,11,2,5,24,27,18,0,37,1,1,0,5,3,0,.284,10.7%,22.0%,.486,.363,.486,.850,.203,,.346,,26.5,3.9,.378,118
Euribiel Angeles,683494,last_60,AA,24.3,Midland RockHounds,Total,MID,- - -,,,29,123,134,32,25,6,1,0,18,12,7,0,19,1,2,1,3,5,2,.260,5.2%,14.2%,.368,.301,.325,.626,.065,,.302,,11.7,-7.4,.285,61
Albert Fabian,683546,last_60,AA,24.7,San Antonio Missions,Total,SA,- - -,,,28,108,122,35,20,10,1,4,14,14,11,0,22,2,1,0,2,5,1,.324,9.0%,18.0%,.500,.393,.546,.940,.222,,.373,,23.0,5.6,.414,132
Jose Colmenares,683569,last_60,AA,24.4,Birmingham Barons,Total,BIR,- - -,,,21,64,75,11,4,4,0,3,7,9,7,0,22,2,1,1,2,3,1,.172,9.3%,29.3%,.318,.270,.375,.645,.203,,.200,,7.3,-2.7,.292,73
Victor Duarte,683609,last_60,AAA,25.6,El Paso Chihuahuas,Total,ELP,- - -,,,5,15,18,2,2,0,0,0,1,1,1,0,9,0,1,1,1,0,0,.133,5.6%,50.0%,.111,.176,.133,.310,.000,,.286,,-0.4,-2.8,.149,-16
Leandro Pineda,683610,last_60,AAA,24.3,Rochester Red Wings,Total,ROC,- - -,,,36,120,147,40,22,8,0,10,29,23,21,0,30,5,1,0,1,0,2,.333,14.3%,20.4%,.700,.449,.650,1.099,.317,,.370,,35.0,16.3,.477,187
Jesus Rodriguez,683679,last_60,AAA,24.3,Sacramento River Cats,Total,SAC,- - -,,,1,4,4,0,0,0,0,0,0,0,0,0,1,0,0,0,0,0,0,.000,0.0%,25.0%,.000,.000,.000,.000,.000,,.000,,-0.5,-1.1,.000,-102
Victor Mesa Jr.,683748,last_60,AAA,25.0,Durham Bulls,Total,DUR,- - -,,,5,18,20,4,1,1,0,2,4,5,2,0,7,0,0,0,1,0,0,.222,10.0%,35.0%,.286,.300,.611,.911,.389,,.222,,3.4,0.9,.392,135
Frank Rodriguez,684491,last_60,AA,25.0,Tulsa Drillers,Total,TUL,- - -,,,17,63,71,9,6,3,0,0,7,7,4,0,13,3,1,0,1,0,0,.143,5.6%,18.3%,.308,.225,.190,.416,.048,,.176,,1.7,-8.5,.203,16
Nic Kent,684715,last_60,AAA,26.4,Albuquerque Isotopes,Total,ABQ,- - -,,,30,103,123,30,20,7,1,2,21,18,15,0,30,3,2,0,1,1,2,.291,12.2%,24.4%,.500,.390,.437,.827,.146,,.384,,19.1,2.5,.374,115
Johnathon Thomas,684976,last_60,AAA,26.5,Rochester Red Wings,Total,ROC,- - -,,,10,28,32,5,4,0,0,1,4,3,2,0,9,1,0,1,0,2,0,.179,6.2%,28.1%,.222,.258,.286,.544,.107,,.222,,2.1,-2.0,.255,51
Jordan Nwogu,685087,last_60,AAA,27.5,Iowa Cubs,Total,IOW,- - -,,,28,92,101,28,18,6,1,3,12,17,7,0,24,0,2,0,0,3,1,.304,6.9%,23.8%,.292,.347,.489,.836,.185,,.373,,15.4,2.5,.367,120
Wade Meckler,685133,last_60,A,26.4,Rancho Cucamonga Quakes,Total,RC,- - -,,,2,7,9,3,1,1,0,1,2,1,2,0,1,0,0,0,0,0,0,.429,22.2%,11.1%,2.000,.556,1.000,1.556,.571,,.400,,3.3,2.0,.637,250
Braiden Ward,685274,last_60,AAA,27.7,Worcester Red Sox,Total,WOR,- - -,,,28,107,122,27,17,6,1,3,22,10,9,0,25,4,0,2,0,10,2,.252,7.4%,20.5%,.360,.333,.411,.745,.159,,.304,,15.8,0.3,.338,102
Matt Gorski,685301,last_60,AAA,28.7,Oklahoma City Comets,Total,OKC,- - -,,,27,102,112,22,12,5,1,4,12,13,9,0,36,0,1,0,1,1,1,.216,8.0%,32.1%,.250,.277,.402,.679,.186,,.286,,11.1,-4.0,.302,74
Carlos Mendoza,685332,last_60,AAA,26.7,Buffalo Bisons,Total,BUF,- - -,,,15,45,57,15,10,4,0,1,7,8,9,0,7,1,1,1,2,0,1,.333,15.8%,12.3%,1.286,.446,.489,.935,.156,,.368,,11.0,3.8,.420,152
Andrew Navigato,685382,last_60,AAA,28.3,Toledo Mud Hens,Total,TOL,- - -,,,21,70,79,19,12,6,0,1,7,7,7,0,10,1,0,1,2,3,1,.271,8.9%,12.7%,.700,.346,.400,.746,.129,,.305,,10.3,0.3,.340,103
Geovanny Planchart,685712,last_60,AA,24.9,New Hampshire Fisher Cats,Total,NH,- - -,,,2,4,4,1,1,0,0,0,0,0,0,0,3,0,0,0,0,0,0,.250,0.0%,75.0%,.000,.250,.250,.500,.000,,1.000,,0.2,-0.3,.228,36
Nelson Quiroz,685716,last_60,AA,24.8,Tulsa Drillers,Total,TUL,- - -,,,4,12,15,2,1,0,0,1,2,2,2,0,3,0,1,0,1,0,0,.167,13.3%,20.0%,.667,.267,.417,.683,.250,,.111,,1.4,-0.7,.296,67
Kenedy Corona,685744,last_60,AAA,26.5,Scranton/Wilkes-Barre RailRiders,Total,SWB,- - -,,,21,66,76,18,9,5,0,4,12,14,7,0,18,2,0,1,0,8,0,.273,9.2%,23.7%,.389,.360,.530,.890,.258,,.318,,13.2,3.5,.394,136
Peter Burns,686196,last_60,A+,26.9,Tri-City Dust Devils,Total,TRI,- - -,,,15,53,63,14,13,0,0,1,6,7,7,0,13,0,2,1,1,0,0,.264,11.1%,20.6%,.538,.339,.321,.659,.057,,.317,,6.9,-2.6,.305,73
Sal Frelick,686217,last_60,AAA,26.3,Nashville Sounds,Total,NAS,- - -,,,10,36,44,10,4,4,0,2,7,5,5,1,6,2,0,0,0,1,0,.278,11.4%,13.6%,.833,.395,.556,.951,.278,,.286,,8.3,2.7,.413,148
Wuilfredo Antunez,686404,last_60,AAA,24.3,Lehigh Valley IronPigs,Total,LHV,- - -,,,21,66,74,19,12,1,2,4,13,10,7,0,21,0,0,0,1,7,1,.288,9.5%,28.4%,.333,.356,.545,.902,.258,,.366,,13.3,3.4,.396,135
Sammy Siani,686445,last_60,AA,25.7,Arkansas Travelers,Total,ARK,- - -,,,23,79,83,28,18,3,2,5,15,17,3,0,14,0,1,0,2,2,2,.354,3.6%,16.9%,.214,.373,.633,1.006,.278,,.377,,17.1,5.2,.436,144
Vinnie Pasquantino,686469,last_60,AAA,28.8,Omaha Storm Chasers,Total,OMA,- - -,,,4,16,18,3,2,1,0,0,0,1,1,0,3,0,1,0,2,0,0,.188,5.6%,16.7%,.333,.222,.250,.472,.062,,.214,,0.6,-1.7,.213,25
Logan Driscoll,686482,last_60,AAA,28.9,Jacksonville Jumbo Shrimp,Total,JAX,- - -,,,20,75,83,19,12,4,0,3,8,8,7,0,19,0,1,0,5,0,0,.253,8.4%,22.9%,.368,.313,.427,.740,.173,,.296,,10.2,-0.3,.330,97
Clark Elliott,686499,last_60,AA,26.0,Midland RockHounds,Total,MID,- - -,,,24,87,111,21,15,3,0,3,16,9,20,0,32,3,1,0,2,5,1,.241,18.0%,28.8%,.625,.396,.379,.776,.138,,.340,,16.5,0.7,.363,104
Peyton Wilson,686523,last_60,AAA,26.9,Omaha Storm Chasers,Total,OMA,- - -,,,27,96,111,27,14,8,0,5,10,12,11,0,22,3,0,1,1,6,3,.281,9.9%,19.8%,.500,.373,.521,.894,.240,,.319,,19.5,5.4,.397,138
Christian Cairo,686551,last_60,AAA,25.3,Syracuse Mets,Total,SYR,- - -,,,23,78,92,13,11,1,0,1,2,4,11,0,11,2,0,1,2,1,2,.167,12.0%,12.0%,1.000,.286,.218,.504,.051,,.182,,5.5,-6.2,.250,47
Oliver Dunn,686554,last_60,AAA,29.0,Durham Bulls,Total,DUR,- - -,,,29,100,112,20,15,3,0,2,14,7,8,0,39,3,0,1,2,7,1,.200,7.1%,34.8%,.205,.279,.290,.569,.090,,.305,,8.3,-6.0,.267,58
Christian Fagnant,686617,last_60,A,25.2,Fredericksburg Nationals,Total,FBG,- - -,,,1,1,1,0,0,0,0,0,0,0,0,0,1,0,0,0,0,0,0,.000,0.0%,100.0%,.000,.000,.000,.000,.000,,,,-0.1,-0.3,.000,-92
Hunter Fitz-Gerald,686638,last_60,AA,25.8,Arkansas Travelers,Total,ARK,- - -,,,31,122,137,33,22,8,1,2,15,14,12,0,44,0,3,0,1,1,1,.270,8.8%,32.1%,.273,.328,.402,.730,.131,,.392,,16.4,-3.1,.327,84
Korey Lee,686676,last_60,AAA,28.2,Charlotte Knights,Total,CLT,- - -,,,21,73,77,13,10,1,0,2,5,8,3,0,23,1,0,0,2,4,1,.178,3.9%,29.9%,.130,.221,.274,.495,.096,,.229,,3.3,-6.5,.227,34
Tevin Tucker,686683,last_60,A+,26.5,Spokane Indians,Total,SPO,- - -,,,11,34,41,1,1,0,0,0,3,2,4,0,15,1,0,2,0,4,0,.029,9.8%,36.6%,.267,.154,.029,.183,.000,,.053,,-1.6,-7.2,.115,-29
William Simoneit,686766,last_60,AAA,29.9,Buffalo Bisons,Total,BUF,- - -,,,13,48,51,13,12,1,0,0,5,3,3,0,15,0,0,0,1,0,0,.271,5.9%,29.4%,.200,.314,.292,.605,.021,,.394,,4.3,-2.2,.281,67
J.T. Arruda,686793,last_60,AA,28.9,Montgomery Biscuits,Total,MTG,- - -,,,24,87,107,26,19,6,0,1,18,16,14,0,26,1,3,2,0,3,2,.299,13.1%,24.3%,.538,.390,.402,.793,.103,,.397,,16.2,1.8,.361,113
Brennan Milone,686810,last_60,AA,25.4,Midland RockHounds,Total,MID,- - -,,,13,48,58,13,6,5,0,2,9,6,9,0,15,1,0,0,0,0,1,.271,15.5%,25.9%,.600,.397,.500,.897,.229,,.355,,10.3,2.1,.402,125
Will Brennan,686823,last_60,AAA,28.6,Sacramento River Cats,Total,SAC,- - -,,,32,128,135,31,14,8,2,7,14,22,6,0,18,0,1,0,2,1,0,.242,4.4%,13.3%,.333,.274,.500,.774,.258,,.231,,16.9,-1.2,.336,93
Joey Wiemer,686894,last_60,AAA,27.6,Charlotte Knights,Total,CLT,- - -,,,21,78,79,18,13,2,0,3,8,9,0,0,19,1,0,0,2,4,0,.231,0.0%,24.1%,.000,.241,.372,.612,.141,,.268,,6.1,-3.9,.272,61
Maxwell Romero Jr.,686912,last_60,AAA,25.4,Rochester Red Wings,Total,ROC,- - -,,,27,99,114,25,15,4,0,6,14,14,13,0,45,1,1,0,1,0,0,.253,11.4%,39.5%,.289,.342,.475,.817,.222,,.388,,17.0,2.5,.364,117
Grant Magill,686944,last_60,AA,25.8,Birmingham Barons,Total,BIR,- - -,,,16,55,60,5,3,2,0,0,0,4,2,0,27,2,1,0,0,0,0,.091,3.3%,45.0%,.074,.150,.127,.277,.036,,.172,,-1.4,-9.4,.137,-18
Nate Baez,686960,last_60,AAA,25.3,Worcester Red Sox,Total,WOR,- - -,,,19,66,76,15,12,3,0,0,4,9,7,0,13,1,2,0,0,0,0,.227,9.2%,17.1%,.538,.303,.273,.575,.045,,.273,,5.9,-3.9,.270,60
Silas Ardoin,686976,last_60,AAA,26.0,Norfolk Tides,Total,NOR,- - -,,,14,36,48,7,3,3,1,0,5,2,12,0,13,0,0,0,0,0,0,.194,25.0%,27.1%,.923,.396,.333,.729,.139,,.304,,6.6,0.5,.350,109
Marcus Lee Sang,686984,last_60,AA,25.7,Frisco RoughRiders,Total,FRI,- - -,,,27,100,111,37,28,3,0,6,19,26,8,0,29,3,0,0,2,3,0,.370,7.2%,26.1%,.276,.432,.580,1.012,.210,,.477,,24.0,8.2,.450,152
Josh Rivera,687069,last_60,A,25.9,Dunedin Blue Jays,Total,DUN,- - -,,,11,38,41,9,7,0,0,2,5,4,2,0,16,1,0,0,2,0,0,.237,4.9%,39.0%,.125,.293,.395,.687,.158,,.350,,4.6,-1.0,.311,82
Jamari Baylor,687072,last_60,A+,26.0,Brooklyn Cyclones,Total,BRK,- - -,,,22,64,78,13,9,1,2,1,13,7,11,0,21,2,1,0,1,3,1,.203,14.1%,26.9%,.524,.333,.328,.661,.125,,.279,,8.9,-1.7,.310,84
Corey Joyce,687144,last_60,AA,28.0,Frisco RoughRiders,Total,FRI,- - -,,,16,57,65,16,13,1,0,2,11,7,6,0,12,1,0,0,4,3,0,.281,9.2%,18.5%,.500,.359,.404,.763,.123,,.326,,8.9,-0.3,.349,97
Darrien Miller,687152,last_60,AAA,25.4,Nashville Sounds,Total,NAS,- - -,,,17,49,65,7,4,1,1,1,6,1,14,0,14,2,0,0,0,0,0,.143,21.5%,21.5%,1.000,.354,.265,.619,.122,,.176,,7.2,-1.4,.310,83
Cade Hunter,687192,last_60,AA,25.8,Chattanooga Lookouts,Total,CHA,- - -,,,24,84,95,21,12,6,0,3,17,14,8,1,29,3,0,0,1,2,1,.250,8.4%,30.5%,.276,.337,.429,.765,.179,,.346,,13.0,0.3,.343,102
Kevin Kilpatrick Jr.,687201,last_60,AAA,25.8,Gwinnett Stripers,Total,GWN,- - -,,,18,61,65,12,10,0,0,2,6,8,3,0,19,0,0,1,2,4,1,.197,4.6%,29.2%,.158,.234,.295,.529,.098,,.250,,3.6,-5.0,.241,42
Nathan Hickey,687208,last_60,AAA,26.8,Worcester Red Sox,Total,WOR,- - -,,,17,62,67,12,5,3,2,2,9,14,5,0,19,0,0,0,0,0,0,.194,7.5%,28.4%,.263,.254,.403,.657,.210,,.244,,6.2,-2.3,.291,73
Darell Hernaiz,687231,last_60,AAA,25.1,Las Vegas Aviators,Total,LV,- - -,,,10,36,42,11,6,5,0,0,7,1,5,0,6,1,0,0,2,1,0,.306,11.9%,14.3%,.833,.405,.444,.849,.139,,.367,,6.9,1.3,.386,123
Jorge Corona,687262,last_60,AA,26.0,Birmingham Barons,Total,BIR,- - -,,,14,49,57,12,6,1,2,3,8,5,5,0,19,2,1,0,2,1,1,.245,8.8%,33.3%,.263,.333,.531,.864,.286,,.321,,9.3,1.6,.375,122
Tucker Flint,687272,last_60,AA,25.4,Rocket City Trash Pandas,Total,RCT,- - -,,,26,89,110,18,12,2,0,4,18,9,16,1,31,5,0,0,1,6,1,.202,14.5%,28.2%,.516,.355,.360,.714,.157,,.259,,14.3,-0.5,.333,97
Gabriel Rincones Jr.,687282,last_60,AAA,25.5,Lehigh Valley IronPigs,Total,LHV,- - -,,,32,111,124,28,13,9,0,6,12,12,8,0,33,5,0,0,1,0,0,.252,6.5%,26.6%,.242,.331,.495,.826,.243,,.306,,18.9,3.1,.367,120
Thomas Gavello,687284,last_60,AAA,25.3,Sacramento River Cats,Total,SAC,- - -,,,22,64,79,11,9,0,0,2,7,5,6,0,17,8,1,0,1,0,2,.172,7.6%,21.5%,.353,.316,.266,.582,.094,,.196,,6.8,-3.8,.286,64
Will Simpson,687310,last_60,AA,25.0,Montgomery Biscuits,Total,MTG,- - -,,,28,104,126,27,15,7,0,5,15,26,17,0,28,3,2,0,2,2,1,.260,13.5%,22.2%,.607,.373,.471,.844,.212,,.301,,20.7,3.8,.378,123
Jack Scanlon,687357,last_60,A,25.3,Bradenton Marauders,Total,BRD,- - -,,,9,26,36,7,4,1,0,2,4,9,7,0,11,3,0,0,0,0,1,.269,19.4%,30.6%,.636,.472,.538,1.011,.269,,.385,,8.1,2.9,.454,155
Victor Scott II,687363,last_60,AAA,25.5,Memphis Redbirds,Total,MEM,- - -,,,17,69,79,18,13,3,2,0,13,4,9,0,13,0,0,1,1,11,0,.261,11.4%,16.5%,.692,.346,.362,.708,.101,,.321,,9.4,-0.6,.326,94
Jack Brannigan,687394,last_60,AAA,25.5,Indianapolis Indians,Total,IND,- - -,,,26,90,106,22,13,8,1,0,18,7,14,0,24,1,1,0,1,3,0,.244,13.2%,22.6%,.583,.349,.356,.705,.111,,.328,,12.7,-0.8,.326,94
Colby Thomas,687515,last_60,AAA,25.6,Lehigh Valley IronPigs,Total,LHV,- - -,,,28,104,113,13,7,4,1,1,6,7,6,1,38,2,0,1,1,1,1,.125,5.3%,33.6%,.158,.188,.212,.399,.087,,.185,,0.9,-13.4,.183,7
Eric Brown Jr.,687521,last_60,AAA,25.7,Nashville Sounds,Total,NAS,- - -,,,9,28,30,7,6,0,0,1,3,1,2,0,6,0,0,0,1,1,0,.250,6.7%,20.0%,.333,.300,.357,.657,.107,,.286,,3.0,-0.8,.300,78
Marcus Smith,687526,last_60,A+,25.9,Dayton Dragons,Total,DAY,- - -,,,9,25,33,5,3,2,0,0,4,2,7,0,13,0,1,0,0,2,0,.200,21.2%,39.4%,.538,.364,.280,.644,.080,,.385,,3.7,-0.7,.312,84
Grant McCray,687529,last_60,AAA,25.7,Sacramento River Cats,Total,SAC,- - -,,,7,29,33,6,4,2,0,0,5,6,4,0,10,0,0,0,0,3,0,.207,12.1%,30.3%,.400,.303,.276,.579,.069,,.316,,2.6,-1.9,.275,58
Andrew Jenkins,687543,last_60,AA,25.9,Erie SeaWolves,Total,ERI,- - -,,,14,46,48,14,9,3,1,1,5,6,1,0,9,1,0,0,1,2,0,.304,2.1%,18.8%,.111,.333,.478,.812,.174,,.361,,7.3,0.8,.360,113
Kamren James,687553,last_60,AA,26.3,Montgomery Biscuits,Total,MTG,- - -,,,15,52,58,10,7,2,1,0,4,5,5,0,14,0,0,1,0,1,2,.192,8.6%,24.1%,.357,.263,.269,.532,.077,,.263,,3.7,-4.1,.248,47
DJ Gladney,687554,last_60,AA,25.2,Somerset Patriots,Total,SOM,- - -,,,30,101,117,25,16,5,0,4,18,19,11,1,41,2,3,0,1,5,2,.248,9.4%,35.0%,.268,.325,.416,.741,.168,,.356,,15.0,-0.9,.328,94
Jorel Ortega,687567,last_60,AA,25.6,Wichita Wind Surge,Total,WCH,- - -,,,5,16,18,4,2,2,0,0,1,3,2,0,8,0,0,0,0,0,0,.250,11.1%,44.4%,.250,.333,.375,.708,.125,,.500,,2.1,-0.4,.324,83
Andrew Pinckney,687605,last_60,AAA,25.8,Rochester Red Wings,Total,ROC,- - -,,,8,27,32,7,4,0,0,3,5,5,5,0,7,0,0,0,1,2,0,.259,15.6%,21.9%,.714,.375,.593,.968,.333,,.235,,6.3,2.2,.423,154
Jimmy Obertop,687616,last_60,AA,26.3,Hartford Yard Goats,Total,HFD,- - -,,,16,51,63,13,9,2,0,2,7,11,8,0,23,3,0,1,1,4,0,.255,12.7%,36.5%,.348,.387,.412,.799,.157,,.423,,10.1,1.6,.370,118
Kai Murphy,687625,last_60,AAA,26.0,El Paso Chihuahuas,Total,ELP,- - -,,,2,6,7,0,0,0,0,0,0,0,1,0,2,0,0,0,0,0,0,.000,14.3%,28.6%,.500,.143,.000,.143,.000,,.000,,-0.4,-1.3,.102,-43
Kody Huff,687627,last_60,AAA,25.8,Columbus Clippers,Total,COL,- - -,,,31,114,132,32,17,8,1,6,14,19,14,1,22,3,1,0,3,3,2,.281,10.6%,16.7%,.636,.371,.526,.898,.246,,.299,,22.8,6.0,.394,136
Jackson Cluff,687714,last_60,AAA,29.8,Iowa Cubs,Total,IOW,- - -,,,18,54,68,8,3,3,1,1,9,4,9,0,23,4,0,1,0,4,1,.148,13.2%,33.8%,.391,.313,.296,.610,.148,,.233,,6.5,-2.2,.295,75
Caleb Cali,687730,last_60,AA,26.1,Arkansas Travelers,Total,ARK,- - -,,,28,101,110,15,9,3,0,3,9,12,7,0,41,2,0,0,1,0,0,.149,6.4%,37.3%,.171,.218,.267,.486,.119,,.211,,4.5,-11.1,.226,29
Cortland Lawson,687751,last_60,AAA,26.4,Rochester Red Wings,Total,ROC,- - -,,,28,87,109,21,14,5,1,1,16,7,20,0,33,0,0,2,0,1,0,.241,18.3%,30.3%,.606,.383,.356,.739,.115,,.377,,15.4,0.8,.347,106
Miguel Useche,687766,last_60,AA,25.6,Knoxville Smokies,Total,KNX,- - -,,,28,108,118,31,20,9,0,2,13,18,9,0,21,0,1,0,2,2,0,.287,7.6%,17.8%,.429,.339,.426,.765,.139,,.337,,16.2,0.4,.343,103
Matthew Wood,687783,last_60,AA,25.5,Biloxi Shuckers,Total,BLX,- - -,,,17,56,71,14,8,2,0,4,14,13,14,0,15,0,0,0,2,0,0,.250,19.7%,21.1%,.933,.400,.500,.900,.250,,.270,,13.1,3.6,.404,138
Cade Marlowe,687799,last_60,AAA,29.2,Salt Lake Bees,Total,SL,- - -,,,27,107,118,32,22,7,0,3,21,13,10,0,31,0,1,0,0,6,0,.299,8.5%,26.3%,.323,.356,.449,.805,.150,,.392,,17.0,1.2,.360,107
Clay Dungan,687867,last_60,AAA,30.3,El Paso Chihuahuas,Total,ELP,- - -,,,15,48,54,9,6,2,0,1,7,7,5,0,16,0,1,0,1,2,0,.188,9.3%,29.6%,.312,.259,.292,.551,.104,,.250,,3.3,-3.9,.254,45
Braylen Wimmer,687918,last_60,AA,25.7,Hartford Yard Goats,Total,HFD,- - -,,,27,88,110,26,16,8,1,1,22,6,17,0,25,4,0,0,1,11,0,.295,15.5%,22.7%,.680,.431,.443,.874,.148,,.403,,20.4,5.4,.401,137
Tyresse Turner,687930,last_60,AAA,26.7,Columbus Clippers,Total,COL,- - -,,,11,33,42,8,8,0,0,0,7,3,8,0,9,1,0,0,1,8,0,.242,19.0%,21.4%,.889,.405,.242,.647,.000,,.333,,5.2,-0.3,.326,94
Dustin Harris,687957,last_60,AAA,27.1,El Paso Chihuahuas,Total,ELP,- - -,,,11,45,52,18,9,5,2,2,11,17,6,0,4,1,0,0,0,6,0,.400,11.5%,7.7%,1.500,.481,.733,1.214,.333,,.410,,14.1,7.1,.522,202
Francisco Urbaez,688005,last_60,AAA,28.9,Louisville Bats,Total,LOU,- - -,,,31,119,129,25,15,6,0,4,13,14,8,0,22,2,0,0,2,2,0,.210,6.2%,17.1%,.364,.271,.361,.633,.151,,.226,,11.5,-4.9,.287,70
Graham Pauley,688363,last_60,AAA,25.9,Jacksonville Jumbo Shrimp,Total,JAX,- - -,,,8,29,31,5,3,1,0,1,1,3,2,0,9,0,0,0,0,0,0,.172,6.5%,29.0%,.222,.226,.310,.536,.138,,.211,,1.7,-2.2,.244,44
Jordan Sprinkle,688394,last_60,AA,25.5,Birmingham Barons,Total,BIR,- - -,,,18,61,62,10,8,0,2,0,5,6,1,0,20,0,0,0,0,7,2,.164,1.6%,32.3%,.050,.177,.230,.407,.066,,.244,,0.7,-7.6,.182,8
Gavin Cross,688457,last_60,AAA,25.6,Omaha Storm Chasers,Total,OMA,- - -,,,19,81,84,19,8,6,0,5,15,9,3,0,39,0,0,0,1,3,0,.235,3.6%,46.4%,.077,.262,.494,.756,.259,,.378,,10.3,-0.4,.330,97
Josh Kasevich,688460,last_60,AAA,25.7,Buffalo Bisons,Total,BUF,- - -,,,27,111,123,25,22,3,0,0,13,6,11,0,18,0,1,0,4,1,1,.225,8.9%,14.6%,.611,.293,.252,.545,.027,,.266,,8.2,-7.4,.258,52
Ryan Cermak,688714,last_60,A+,25.3,Bowling Green Hot Rods,Total,BG,- - -,,,21,80,92,20,9,2,0,9,21,23,8,1,37,4,0,0,0,9,2,.250,8.7%,40.2%,.216,.348,.613,.960,.363,,.324,,18.1,5.5,.414,143
Jacob Hinderleider,688871,last_60,A+,25.3,Spokane Indians,Total,SPO,- - -,,,13,46,52,13,11,1,0,1,5,5,4,0,14,0,2,0,1,2,1,.283,7.7%,26.9%,.286,.327,.370,.696,.087,,.364,,6.0,-1.8,.313,77
Trace Willhoite,688875,last_60,A+,25.8,Brooklyn Cyclones,Total,BRK,- - -,,,1,1,3,0,0,0,0,0,0,0,2,0,0,0,0,0,0,0,0,.000,66.7%,0.0%,,.667,.000,.667,.000,,.000,,0.7,0.3,.474,177
Rhylan Thomas,689041,last_60,A,26.4,Dunedin Blue Jays,Total,DUN,- - -,,,19,70,78,26,21,5,0,0,10,9,7,0,5,0,0,1,2,2,3,.371,9.0%,6.4%,1.400,.429,.443,.871,.071,,.400,,13.8,3.5,.397,134
Jordan Williams,689052,last_60,A,26.2,Fredericksburg Nationals,Total,FBG,- - -,,,24,85,96,21,14,2,3,2,20,12,8,0,29,2,1,0,1,12,2,.247,8.3%,30.2%,.276,.323,.412,.735,.165,,.345,,12.7,-0.4,.330,97
Spencer Packard,689070,last_60,AAA,28.8,Tacoma Rainiers,Total,TAC,- - -,,,4,16,16,3,3,0,0,0,1,0,0,0,2,0,0,0,1,0,0,.188,0.0%,12.5%,.000,.188,.188,.375,.000,,.214,,-0.1,-2.2,.171,-3
Brett Wisely,689172,last_60,AAA,27.4,Gwinnett Stripers,Total,GWN,- - -,,,33,108,130,32,20,8,0,4,23,17,18,1,22,2,0,2,1,13,1,.296,13.8%,16.9%,.818,.406,.481,.888,.185,,.341,,22.9,6.4,.398,139
Owen Ayers,689196,last_60,AAA,25.3,Iowa Cubs,Total,IOW,- - -,,,32,117,139,24,16,6,0,2,16,10,20,0,29,1,1,0,1,3,0,.205,14.4%,20.9%,.690,.324,.308,.631,.103,,.253,,13.7,-4.0,.299,77
Jacob Melton,689200,last_60,AAA,26.0,Durham Bulls,Total,DUR,- - -,,,9,35,38,5,3,0,0,2,2,3,2,0,17,1,0,0,2,3,1,.143,5.3%,44.7%,.118,.211,.314,.525,.171,,.188,,2.0,-2.8,.240,41
Karson Simas,689302,last_60,AA,25.3,Knoxville Smokies,Total,KNX,- - -,,,26,92,103,17,13,2,1,1,10,9,9,0,28,1,0,1,2,8,1,.185,8.7%,27.2%,.321,.265,.261,.526,.076,,.254,,6.5,-7.3,.248,47
Charlie Muniz,689425,last_60,A+,24.9,Eugene Emeralds,Total,EUG,- - -,,,4,15,17,1,0,0,0,1,2,3,2,0,8,0,0,0,1,0,0,.067,11.8%,47.1%,.250,.176,.267,.443,.200,,.000,,0.6,-2.0,.208,22
Austin Murr,689456,last_60,A+,27.6,Jersey Shore BlueClaws,Total,JS,- - -,,,14,43,48,6,4,1,1,0,5,2,5,0,6,0,0,0,1,0,0,.140,10.4%,12.5%,.833,.229,.209,.438,.070,,.162,,1.8,-4.8,.211,27
Brett Squires,689531,last_60,AAA,26.6,Omaha Storm Chasers,Total,OMA,- - -,,,33,125,140,30,14,9,0,7,16,19,13,0,38,1,1,0,3,8,0,.240,9.3%,27.1%,.342,.314,.480,.794,.240,,.284,,19.5,1.7,.351,110
Colin Burgess,689878,last_60,A+,25.8,Rome Emperors,Total,ROM,- - -,,,13,43,47,9,6,2,0,1,7,7,3,0,9,0,1,0,1,0,0,.209,6.4%,19.1%,.333,.255,.326,.581,.116,,.235,,3.6,-2.8,.262,56
Peyton Graham,689931,last_60,AA,25.6,Erie SeaWolves,Total,ERI,- - -,,,26,105,122,28,19,5,1,3,23,14,13,0,28,2,2,0,0,11,4,.267,10.7%,23.0%,.464,.352,.419,.772,.152,,.329,,17.5,1.0,.348,106
Ryan Ritter,690022,last_60,AAA,25.9,Albuquerque Isotopes,Total,ABQ,- - -,,,19,73,90,24,18,4,0,2,17,8,13,0,23,3,0,1,2,5,1,.329,14.4%,25.6%,.565,.449,.466,.915,.137,,.458,,17.1,5.0,.419,141
Jace Jung,690291,last_60,AAA,26.0,Toledo Mud Hens,Total,TOL,- - -,,,35,126,154,26,11,11,0,4,17,28,24,0,30,1,3,0,0,0,1,.206,15.6%,19.5%,.800,.331,.389,.720,.183,,.232,,18.7,-0.9,.328,95
Mike Antico,690443,last_60,AA,28.6,Hartford Yard Goats,Total,HFD,- - -,,,17,47,58,2,2,0,0,0,1,1,3,0,26,8,0,0,0,5,0,.043,5.2%,44.8%,.115,.224,.043,.267,.000,,.095,,0.3,-7.6,.171,4
Mike Jarvis,690448,last_60,A,28.3,Bradenton Marauders,Total,BRD,- - -,,,11,30,38,6,4,2,0,0,6,2,6,0,11,1,0,1,0,1,0,.200,15.8%,28.9%,.545,.351,.267,.618,.067,,.316,,4.0,-1.2,.304,77
Kyle Hayes,690469,last_60,AAA,28.9,Rochester Red Wings,Total,ROC,- - -,,,2,7,7,2,1,0,0,1,1,4,0,0,3,0,0,0,0,0,0,.286,0.0%,42.9%,.000,.286,.714,1.000,.429,,.333,,1.4,0.5,.431,159
Joe Campagna,690523,last_60,AA,29.7,Erie SeaWolves,Total,ERI,- - -,,,3,11,11,3,2,1,0,0,2,0,0,0,2,0,0,0,1,0,0,.273,0.0%,18.2%,.000,.273,.364,.636,.091,,.333,,1.0,-0.5,.283,69
Daunte Stuart,690715,last_60,A+,25.3,Jersey Shore BlueClaws,Total,JS,- - -,,,18,55,64,12,11,0,0,1,4,5,9,0,13,0,0,0,2,8,1,.218,14.1%,20.3%,.692,.328,.273,.601,.055,,.268,,6.4,-2.4,.289,72
Ryan Nicholson,690804,last_60,A+,26.0,Tri-City Dust Devils,Total,TRI,- - -,,,20,82,89,15,12,2,0,1,5,10,6,0,23,0,1,0,2,0,0,.183,6.7%,25.8%,.261,.236,.244,.480,.061,,.237,,4.0,-9.3,.223,30
Matt O'Neill,690841,last_60,AAA,29.1,Reno Aces,Total,RNO,- - -,,,13,42,49,11,6,5,0,0,4,8,7,0,11,0,0,0,1,0,0,.262,14.3%,22.4%,.636,.367,.381,.748,.119,,.355,,6.5,-0.2,.345,97
Brody Moore,690914,last_60,AAA,26.2,Memphis Redbirds,Total,MEM,- - -,,,32,106,124,35,29,5,0,1,15,14,9,0,20,2,4,3,5,8,3,.330,7.3%,16.1%,.450,.380,.406,.786,.075,,.382,,17.6,1.8,.354,112
Braxton Fulford,690924,last_60,AAA,27.8,Albuquerque Isotopes,Total,ABQ,- - -,,,19,71,78,15,8,3,0,4,11,9,4,0,25,3,0,0,0,3,1,.211,5.1%,32.1%,.160,.282,.423,.705,.211,,.262,,8.6,-1.9,.316,82
Drew Bowser,690958,last_60,AA,24.9,Knoxville Smokies,Total,KNX,- - -,,,12,43,47,10,9,0,1,0,5,4,2,0,14,2,0,0,1,1,0,.233,4.3%,29.8%,.143,.298,.279,.577,.047,,.345,,3.8,-2.5,.271,61
Enrique Bradfield Jr.,690961,last_60,AAA,24.8,Norfolk Tides,Total,NOR,- - -,,,31,121,141,34,24,6,2,2,27,13,17,0,31,0,0,3,3,15,1,.281,12.1%,22.0%,.548,.370,.413,.783,.132,,.364,,20.3,2.3,.356,113
Michael Brooks,690962,last_60,A,24.5,Stockton Ports,Total,STK,- - -,,,22,91,110,22,14,4,2,2,17,14,15,0,19,1,3,0,1,2,0,.242,13.6%,17.3%,.789,.345,.396,.741,.154,,.274,,14.5,-1.7,.335,90
Corey Collins,690970,last_60,A+,24.9,Brooklyn Cyclones,Total,BRK,- - -,,,29,94,113,20,9,4,0,7,19,20,17,1,35,1,1,0,2,1,0,.213,15.0%,31.0%,.486,.336,.479,.815,.266,,.245,,17.2,1.9,.359,113
Chase Davis,690971,last_60,A,24.7,Palm Beach Cardinals,Total,PMB,- - -,,,34,123,138,28,17,5,1,5,15,26,14,0,37,0,1,0,2,4,1,.228,10.1%,26.8%,.378,.304,.407,.711,.179,,.280,,15.8,-1.7,.319,90
Alex Freeland,690976,last_60,AAA,25.0,Oklahoma City Comets,Total,OKC,- - -,,,20,83,90,19,14,4,0,1,5,6,7,0,18,0,0,0,1,3,1,.229,7.8%,20.0%,.389,.289,.313,.602,.084,,.281,,7.2,-4.9,.278,59
Colby Halter,690985,last_60,AAA,25.1,Las Vegas Aviators,Total,LV,- - -,,,28,84,99,22,17,1,0,4,18,16,11,0,25,1,1,2,1,6,1,.262,11.1%,25.3%,.440,.351,.417,.767,.155,,.321,,13.3,0.0,.348,100
Robert Hassell III,690987,last_60,AAA,25.1,Indianapolis Indians,Total,IND,- - -,,,26,97,109,28,20,7,1,0,16,10,12,0,23,0,0,0,1,5,1,.289,11.0%,21.1%,.522,.367,.381,.748,.093,,.378,,14.7,0.6,.343,105
Austin Hendrick,690988,last_60,AAA,25.2,Louisville Bats,Total,LOU,- - -,,,28,98,106,16,8,2,0,6,11,23,8,0,31,0,0,0,0,1,1,.163,7.5%,29.2%,.258,.226,.367,.594,.204,,.164,,8.1,-5.9,.266,58
Mac Horvath,690991,last_60,AA,25.1,Montgomery Biscuits,Total,MTG,- - -,,,27,115,130,31,22,5,1,3,26,12,12,0,21,1,0,2,2,10,1,.270,9.2%,16.2%,.571,.344,.409,.752,.139,,.308,,17.7,0.3,.342,102
Ed Howard,690992,last_60,AAA,24.6,Iowa Cubs,Total,IOW,- - -,,,9,23,24,3,2,1,0,0,3,0,1,0,11,0,0,0,0,0,0,.130,4.2%,45.8%,.091,.167,.174,.341,.043,,.250,,-0.2,-3.3,.159,-8
Robert Moore,691001,last_60,AAA,24.5,Lehigh Valley IronPigs,Total,LHV,- - -,,,16,45,57,10,2,3,1,4,11,8,9,0,9,2,0,1,0,0,0,.222,15.8%,15.8%,1.000,.375,.600,.975,.378,,.188,,11.1,3.9,.423,154
Yohandy Morales,691002,last_60,AAA,24.9,Rochester Red Wings,Total,ROC,- - -,,,19,78,87,19,13,3,0,3,14,13,8,0,17,1,0,0,1,2,0,.244,9.2%,19.5%,.471,.322,.397,.719,.154,,.276,,10.5,-0.6,.327,95
Tre' Morgan,691003,last_60,AAA,24.2,Durham Bulls,Total,DUR,- - -,,,25,99,108,24,17,7,0,0,6,6,4,0,31,2,1,2,1,1,1,.242,3.7%,28.7%,.129,.283,.313,.596,.071,,.348,,8.4,-5.3,.272,61
Kevin Parada,691006,last_60,AAA,25.1,Syracuse Mets,Total,SYR,- - -,,,19,61,68,25,17,4,0,4,15,11,5,0,15,1,1,0,1,0,1,.410,7.4%,22.1%,.333,.456,.672,1.128,.262,,.488,,17.2,8.2,.491,190
Kyle Teel,691019,last_60,AAA,24.5,Charlotte Knights,Total,CLT,- - -,,,6,22,24,7,5,1,0,1,2,3,1,0,6,1,0,0,0,0,0,.318,4.2%,25.0%,.167,.375,.500,.875,.182,,.400,,4.1,1.1,.392,135
Carson Tucker,691020,last_60,AA,24.6,San Antonio Missions,Total,SA,- - -,,,4,18,19,6,3,1,1,1,4,5,1,0,6,0,0,0,0,0,0,.333,5.3%,31.6%,.167,.368,.667,1.035,.333,,.455,,4.1,1.3,.447,150
A.J. Vukovich,691021,last_60,AAA,25.2,Reno Aces,Total,RNO,- - -,,,30,104,114,24,16,7,0,1,10,8,10,0,32,0,0,0,3,0,1,.231,8.8%,28.1%,.312,.298,.327,.625,.096,,.324,,10.0,-5.3,.288,65
Cayden Wallace,691024,last_60,AAA,25.1,Rochester Red Wings,Total,ROC,- - -,,,37,144,161,47,26,12,1,8,30,34,14,0,27,2,1,0,2,9,4,.326,8.7%,16.8%,.519,.391,.590,.982,.264,,.355,,32.3,11.8,.429,158
Jasson Domínguez,691176,last_60,AAA,23.6,Scranton/Wilkes-Barre RailRiders,Total,SWB,- - -,,,29,117,132,30,22,5,0,3,21,15,13,0,30,2,0,0,2,6,1,.256,9.8%,22.7%,.433,.341,.376,.717,.120,,.321,,16.2,-0.6,.330,97
Emmanuel Rodriguez,691181,last_60,A+,23.4,Cedar Rapids Kernels,Total,CR,- - -,,,26,98,121,29,19,4,1,5,21,15,21,0,28,2,0,0,0,4,1,.296,17.4%,23.1%,.750,.430,.510,.940,.214,,.369,,23.6,8.1,.422,153
Adael Amador,691182,last_60,AAA,23.4,Albuquerque Isotopes,Total,ABQ,- - -,,,11,51,57,15,10,3,1,1,10,7,6,0,5,0,0,0,2,0,0,.294,10.5%,8.8%,1.200,.368,.451,.819,.157,,.311,,8.6,0.9,.368,112
Kevin Made,691183,last_60,A,24.0,Fredericksburg Nationals,Total,FBG,- - -,,,14,46,55,13,11,2,0,0,4,9,7,0,9,1,1,0,0,0,1,.283,12.7%,16.4%,.778,.382,.326,.708,.043,,.342,,7.3,-0.1,.333,98
Maximo Acosta,691185,last_60,AAA,23.9,Jacksonville Jumbo Shrimp,Total,JAX,- - -,,,19,59,67,7,5,0,0,2,7,7,7,0,16,0,1,0,2,2,1,.119,10.4%,23.9%,.438,.209,.220,.429,.102,,.119,,1.7,-6.8,.205,20
Arol Vera,691186,last_60,AAA,24.0,Salt Lake Bees,Total,SL,- - -,,,14,42,47,12,8,4,0,0,9,0,5,0,13,0,0,0,2,0,0,.286,10.6%,27.7%,.385,.362,.381,.743,.095,,.414,,6.1,-0.3,.341,96
Jose Salas,691191,last_60,A+,23.4,Cedar Rapids Kernels,Total,CR,- - -,,,19,74,79,16,9,4,1,2,10,11,2,0,29,3,0,0,2,4,1,.216,2.5%,36.7%,.069,.266,.378,.644,.162,,.326,,7.7,-3.2,.290,71
Jhon Diaz,691252,last_60,A+,23.9,Bowling Green Hot Rods,Total,BG,- - -,,,19,68,78,14,10,0,0,4,6,9,9,0,19,0,0,1,1,5,0,.206,11.5%,24.4%,.474,.299,.382,.681,.176,,.222,,9.1,-1.7,.311,84
Reginald Preciado,691262,last_60,A+,23.3,South Bend Cubs,Total,SB,- - -,,,8,30,33,7,5,2,0,0,7,4,2,0,10,1,0,0,1,1,0,.233,6.1%,30.3%,.200,.303,.300,.603,.067,,.350,,3.0,-1.5,.282,66
Alex Ramírez,691267,last_60,AA,23.7,Knoxville Smokies,Total,KNX,- - -,,,27,112,124,35,26,7,0,2,15,20,11,0,19,1,0,0,2,13,3,.312,8.9%,15.3%,.579,.379,.429,.808,.116,,.363,,19.3,2.8,.367,117
Adrian Placencia,691269,last_60,A+,23.3,Tri-City Dust Devils,Total,TRI,- - -,,,10,28,41,6,3,1,0,2,9,6,12,0,12,1,0,0,0,0,0,.214,29.3%,29.3%,1.000,.463,.464,.928,.250,,.286,,8.4,2.2,.427,137
Luis Caicuto,691276,last_60,AAA,23.5,Lehigh Valley IronPigs,Total,LHV,- - -,,,9,28,31,10,6,3,0,1,7,6,2,0,7,0,0,1,0,0,0,.357,6.5%,22.6%,.286,.400,.571,.971,.214,,.450,,6.4,2.2,.429,153
Deyvison De Los Santos,691277,last_60,AAA,23.2,Jacksonville Jumbo Shrimp,Total,JAX,- - -,,,15,55,61,18,9,1,0,8,12,15,6,0,16,0,0,0,2,2,0,.327,9.8%,26.2%,.375,.393,.782,1.175,.455,,.323,,15.7,7.9,.502,202
Moises Alcala,691278,last_60,A,23.5,Visalia Rawhide,Total,VIS,- - -,,,2,2,2,1,0,1,0,0,1,0,0,0,0,0,0,0,0,0,0,.500,0.0%,0.0%,,.500,1.000,1.500,.500,,.500,,0.8,0.5,.647,255
Diosfran Cabeza,691281,last_60,A+,23.3,Hillsboro Hops,Total,HIL,- - -,,,5,14,18,3,3,0,0,0,2,0,4,0,3,0,0,0,2,0,0,.214,22.2%,16.7%,1.333,.389,.214,.603,.000,,.273,,2.0,-0.7,.310,75
Junior Franco,691285,last_60,AA,24.0,Amarillo Sod Poodles,Total,AMA,- - -,,,19,62,73,15,11,3,0,1,8,6,7,0,13,1,1,2,0,3,1,.242,9.6%,17.8%,.538,.324,.339,.663,.097,,.286,,7.6,-2.8,.306,73
Angel Ortiz,691292,last_60,AA,23.9,Amarillo Sod Poodles,Total,AMA,- - -,,,29,109,129,33,15,8,1,9,29,28,17,0,32,0,3,0,0,3,1,.303,13.2%,24.8%,.531,.388,.642,1.030,.339,,.338,,26.9,8.5,.440,146
Allan Castro,691369,last_60,AAA,23.3,Worcester Red Sox,Total,WOR,- - -,,,28,107,123,29,16,7,0,6,16,26,13,0,20,0,3,0,3,3,1,.271,10.6%,16.3%,.650,.341,.505,.846,.234,,.274,,19.0,3.3,.370,121
Jhostynxon Garcia,691373,last_60,AAA,23.8,Indianapolis Indians,Total,IND,- - -,,,15,58,61,15,11,1,0,3,6,8,3,0,18,0,0,0,1,0,0,.259,4.9%,29.5%,.167,.295,.431,.726,.172,,.324,,7.3,-0.6,.324,93
Luis Perales,691384,last_60,AAA,23.3,Rochester Red Wings,Total,ROC,- - -,,,1,1,1,0,0,0,0,0,0,0,0,0,1,0,0,0,0,0,0,.000,0.0%,100.0%,.000,.000,.000,.000,.000,,,,-0.1,-0.3,.000,-106
Ronald Rosario,691385,last_60,AA,23.7,Portland Sea Dogs,Total,POR,- - -,,,21,76,84,20,9,6,0,5,14,12,7,0,14,1,0,0,3,0,0,.263,8.3%,16.7%,.500,.333,.539,.873,.276,,.263,,14.4,3.0,.384,126
Johnny Ascanio,691392,last_60,A+,23.2,Dayton Dragons,Total,DAY,- - -,,,17,62,69,21,20,1,0,0,9,5,5,0,14,0,1,1,0,1,0,.339,7.2%,20.3%,.357,.382,.355,.737,.016,,.429,,9.3,0.0,.339,100
Yerlin Confidan,691398,last_60,AA,23.7,Chattanooga Lookouts,Total,CHA,- - -,,,25,90,101,26,18,4,0,4,17,11,10,0,24,1,0,0,4,1,1,.289,9.9%,23.8%,.417,.366,.467,.833,.178,,.355,,16.4,2.9,.375,121
Juan Benjamin,691405,last_60,A+,23.4,Lake County Captains,Total,LC,- - -,,,16,53,63,12,7,4,0,1,4,8,10,0,18,0,0,0,0,1,2,.226,15.9%,28.6%,.556,.349,.358,.708,.132,,.324,,8.1,-0.6,.330,93
Maick Collado,691408,last_60,AA,23.7,Akron RubberDucks,Total,AKR,- - -,,,9,29,35,6,5,1,0,0,5,6,3,0,4,0,3,0,1,0,0,.207,8.6%,11.4%,.750,.257,.241,.499,.034,,.214,,1.7,-3.0,.228,37
Luis Durango,691411,last_60,AA,23.4,Somerset Patriots,Total,SOM,- - -,,,14,42,46,11,11,0,0,0,7,3,2,0,5,0,0,2,1,6,2,.262,4.3%,10.9%,.400,.295,.262,.557,.000,,.297,,3.4,-2.8,.260,55
Kevin Rivas,691422,last_60,A+,23.3,Lake County Captains,Total,LC,- - -,,,6,14,14,2,2,0,0,0,1,1,0,0,4,0,0,0,0,0,0,.143,0.0%,28.6%,.000,.143,.143,.286,.000,,.200,,-0.4,-2.3,.130,-20
Juan Castillo,691435,last_60,A+,23.6,Spokane Indians,Total,SPO,- - -,,,9,29,35,6,5,1,0,0,3,2,2,0,12,0,2,2,1,0,0,.207,5.7%,34.3%,.167,.242,.241,.484,.034,,.316,,1.5,-3.7,.220,28
Adrian Pinto,691437,last_60,A,23.9,Dunedin Blue Jays,Total,DUN,- - -,,,16,54,65,12,9,3,0,0,5,3,9,0,16,2,0,0,1,0,0,.222,13.8%,24.6%,.562,.354,.278,.632,.056,,.316,,7.3,-1.6,.307,82
Roberto Campos,691449,last_60,A+,23.2,West Michigan Whitecaps,Total,WM,- - -,,,22,80,95,24,17,4,1,2,12,11,15,0,22,0,0,0,3,2,0,.300,15.8%,23.2%,.682,.411,.450,.861,.150,,.393,,16.8,3.9,.391,131
Ricardo Hurtado,691452,last_60,A+,23.3,West Michigan Whitecaps,Total,WM,- - -,,,17,67,77,6,4,0,0,2,6,3,7,0,26,3,0,0,2,2,0,.090,9.1%,33.8%,.269,.208,.179,.387,.090,,.103,,1.8,-8.8,.196,17
Jose Meza,691561,last_60,A+,23.4,Great Lakes Loons,Total,GL,- - -,,,16,49,60,9,7,2,0,0,9,3,9,0,15,2,0,0,1,0,0,.184,15.0%,25.0%,.600,.333,.224,.558,.041,,.265,,5.4,-2.8,.281,66
Ian Lewis Jr.,691588,last_60,AA,23.6,Pensacola Blue Wahoos,Total,PNS,- - -,,,3,12,14,1,1,0,0,0,1,3,0,0,3,0,2,0,0,0,0,.083,0.0%,21.4%,.000,.071,.083,.155,.000,,.091,,-1.1,-3.0,.065,-60
Blayberg Diaz,691600,last_60,A+,23.6,Wisconsin Timber Rattlers,Total,WIS,- - -,,,10,29,36,4,3,1,0,0,4,2,5,0,9,2,0,0,0,0,0,.138,13.9%,25.0%,.556,.306,.172,.478,.034,,.200,,2.4,-2.5,.252,49
Miguel Briceno,691605,last_60,A+,23.1,Cedar Rapids Kernels,Total,CR,- - -,,,4,11,12,1,1,0,0,0,0,0,1,0,3,0,0,0,0,0,0,.091,8.3%,25.0%,.333,.167,.091,.258,.000,,.125,,-0.3,-1.9,.135,-17
Hedbert Perez,691616,last_60,AA,23.4,New Hampshire Fisher Cats,Total,NH,- - -,,,7,27,29,3,0,2,0,1,3,2,2,0,12,0,0,0,3,2,0,.111,6.9%,41.4%,.167,.172,.296,.469,.185,,.143,,1.1,-2.9,.211,27
Jeferson Quero,691620,last_60,AAA,24.0,Nashville Sounds,Total,NAS,- - -,,,26,91,98,16,9,4,0,3,6,12,4,0,20,2,1,0,2,0,0,.176,4.1%,20.4%,.200,.224,.319,.543,.143,,.188,,5.6,-6.9,.245,45
Jheremy Vargas,691621,last_60,AA,23.3,Biloxi Shuckers,Total,BLX,- - -,,,16,47,53,10,9,1,0,0,2,2,3,0,11,1,0,2,1,0,2,.213,5.7%,20.8%,.273,.275,.234,.509,.021,,.278,,3.1,-4.0,.242,44
Junior Tilien,691708,last_60,A,24.0,Augusta GreenJackets,Total,AUG,- - -,,,17,52,60,13,9,3,0,1,9,6,8,0,10,0,0,0,2,1,0,.250,13.3%,16.7%,.800,.350,.365,.715,.115,,.293,,8.0,-0.2,.331,98
Vincent Perozo,691710,last_60,AA,23.5,Binghamton Rumble Ponies,Total,BNG,- - -,,,9,24,30,3,2,0,0,1,3,3,5,0,13,1,0,0,0,0,0,.125,16.7%,43.3%,.385,.300,.250,.550,.125,,.200,,2.6,-1.5,.274,63
Kyle Karros,691720,last_60,AA,24.1,Hartford Yard Goats,Total,HFD,- - -,,,4,15,17,6,4,1,0,1,2,3,2,0,3,0,0,0,1,1,0,.400,11.8%,17.6%,.667,.471,.667,1.137,.267,,.455,,4.4,2.1,.498,192
Zac Veen,691728,last_60,AAA,24.7,Albuquerque Isotopes,Total,ABQ,- - -,,,2,9,10,7,2,1,1,3,6,7,1,0,0,0,0,0,0,0,0,.778,10.0%,0.0%,,.800,2.111,2.911,1.333,,.667,,7.8,6.5,1.179,584
Ryan Clifford,691775,last_60,AAA,23.2,Syracuse Mets,Total,SYR,- - -,,,17,54,64,8,2,3,1,2,9,6,8,0,24,2,0,0,0,0,1,.148,12.5%,37.5%,.333,.281,.352,.633,.204,,.214,,6.0,-2.1,.293,74
Jordan Lawlar,691783,last_60,AA,24.1,Amarillo Sod Poodles,Total,AMA,- - -,,,6,26,27,8,3,0,0,5,6,7,1,0,8,0,0,0,0,1,0,.308,3.7%,29.6%,.125,.333,.885,1.218,.577,,.231,,7.3,3.4,.518,189
Marcelo Mayer,691785,last_60,AAA,23.7,Sacramento River Cats,Total,SAC,- - -,,,4,17,19,6,4,1,0,1,3,3,2,0,9,0,0,0,0,0,0,.353,10.5%,47.4%,.222,.421,.588,1.009,.235,,.714,,4.0,1.5,.446,157
Izaac Pacheco,691789,last_60,AA,23.8,Erie SeaWolves,Total,ERI,- - -,,,29,101,122,26,14,3,0,9,16,18,17,1,41,2,2,0,0,1,0,.257,13.9%,33.6%,.415,.369,.554,.923,.297,,.321,,22.5,6.0,.401,136
Roc Riggio,691792,last_60,AA,24.2,Hartford Yard Goats,Total,HFD,- - -,,,26,101,116,30,20,3,0,7,15,20,12,0,35,1,2,0,4,3,0,.297,10.3%,30.2%,.343,.371,.535,.905,.238,,.377,,20.2,4.6,.398,130
Charlie Saum,691793,last_60,AA,22.9,New Hampshire Fisher Cats,Total,NH,- - -,,,3,7,9,0,0,0,0,0,0,1,2,0,4,0,0,0,0,0,0,.000,22.2%,44.4%,.500,.222,.000,.222,.000,,.000,,-0.0,-1.3,.158,-4
Cody Schrier,691794,last_60,A+,23.5,Beloit Sky Carp,Total,BEL,- - -,,,20,81,87,27,13,6,0,8,18,21,6,0,22,0,0,0,1,9,1,.333,6.9%,25.3%,.273,.379,.704,1.083,.370,,.373,,20.6,8.6,.468,172
Ryan Spikes,691797,last_60,AA,23.5,Montgomery Biscuits,Total,MTG,- - -,,,15,54,56,9,8,1,0,0,6,1,2,0,22,0,0,0,2,2,0,.167,3.6%,39.3%,.091,.196,.185,.382,.019,,.281,,0.5,-7.0,.179,7
Jared Serna,691858,last_60,AAA,24.2,Jacksonville Jumbo Shrimp,Total,JAX,- - -,,,13,44,49,9,5,1,0,3,7,8,4,0,15,0,1,0,1,1,1,.205,8.2%,30.6%,.267,.265,.432,.697,.227,,.222,,5.1,-1.1,.306,82
Tsung-Che Cheng,691907,last_60,AAA,25.1,Worcester Red Sox,Total,WOR,- - -,,,21,63,76,14,11,1,1,1,12,10,11,0,17,1,0,1,1,0,0,.222,14.5%,22.4%,.647,.347,.317,.664,.095,,.289,,8.5,-1.2,.315,87
Jesus Castillo,691913,last_60,AAA,23.2,Indianapolis Indians,Total,IND,- - -,,,31,115,126,25,21,1,0,3,15,9,5,0,30,3,1,2,3,5,0,.217,4.0%,23.8%,.167,.266,.304,.570,.087,,.265,,9.5,-7.4,.262,56
Javier Rivas,691922,last_60,AA,24.0,Altoona Curve,Total,ALT,- - -,,,21,77,81,16,11,3,0,2,4,7,2,0,25,0,2,0,0,0,0,.208,2.5%,30.9%,.080,.222,.325,.547,.117,,.269,,4.9,-6.1,.241,44
Calvin Harris,691941,last_60,AA,24.8,Birmingham Barons,Total,BIR,- - -,,,4,14,16,3,3,0,0,0,1,1,2,0,4,0,0,0,0,1,0,.214,12.5%,25.0%,.500,.312,.214,.527,.000,,.300,,1.2,-1.0,.260,54
Jack O'Dowd,691942,last_60,AA,25.3,Hartford Yard Goats,Total,HFD,- - -,,,26,95,109,23,15,5,0,3,10,12,9,0,36,3,1,0,1,2,0,.242,8.3%,33.0%,.250,.324,.389,.714,.147,,.351,,13.7,-1.1,.325,93
Mac Guscette,691944,last_60,A+,24.6,Rome Emperors,Total,ROM,- - -,,,9,26,35,8,4,2,0,2,7,6,8,0,6,1,0,0,1,0,0,.308,22.9%,17.1%,1.333,.486,.615,1.101,.308,,.333,,8.8,3.9,.482,182
Oswaldo Linares,692021,last_60,A+,23.3,Fort Wayne TinCaps,Total,FW,- - -,,,10,27,31,7,3,3,0,1,4,4,4,0,8,0,0,0,0,1,0,.259,12.9%,25.8%,.500,.355,.481,.836,.222,,.333,,4.8,0.5,.373,111
Carlos Rodriguez,692025,last_60,A+,23.3,Fort Wayne TinCaps,Total,FW,- - -,,,12,36,43,9,7,1,0,1,5,5,6,0,15,0,0,1,0,0,0,.250,14.0%,34.9%,.400,.357,.361,.718,.111,,.400,,5.7,-0.2,.334,96
Carlos Jimenez,692039,last_60,A+,23.5,Everett AquaSox,Total,EVE,- - -,,,14,60,69,18,8,3,1,6,13,13,9,0,16,0,0,0,0,3,4,.300,13.0%,23.2%,.562,.391,.683,1.075,.383,,.316,,16.0,5.6,.462,155
Luis Suisbel,692044,last_60,A+,23.3,Everett AquaSox,Total,EVE,- - -,,,21,87,98,30,15,10,0,5,18,15,10,0,16,1,0,0,3,2,0,.345,10.2%,16.3%,.625,.418,.632,1.051,.287,,.379,,22.5,7.8,.459,153
Axel Sanchez,692046,last_60,A+,23.7,Everett AquaSox,Total,EVE,- - -,,,19,69,79,14,10,2,0,2,12,8,9,0,18,1,0,0,1,3,0,.203,11.4%,22.8%,.500,.304,.319,.623,.116,,.245,,7.6,-3.8,.292,66
Core Jackson,692110,last_60,A+,22.8,Hudson Valley Renegades,Total,HV,- - -,,,24,98,109,27,19,5,1,2,17,15,9,0,17,1,1,0,1,9,2,.276,8.3%,15.6%,.529,.339,.408,.748,.133,,.312,,14.7,-0.0,.337,100
Émilien Pitre,692150,last_60,AAA,23.9,Syracuse Mets,Total,SYR,- - -,,,27,102,119,30,25,3,1,1,16,11,10,0,17,3,2,2,4,3,1,.294,8.4%,14.3%,.588,.368,.373,.740,.078,,.337,,15.7,0.3,.339,102
Jonny McGill,692169,last_60,A+,24.2,Tri-City Dust Devils,Total,TRI,- - -,,,12,46,53,11,6,3,1,1,7,5,6,0,12,1,0,0,2,1,0,.239,11.3%,22.6%,.500,.340,.413,.753,.174,,.303,,7.3,-0.6,.342,92
Jose Izarra,692222,last_60,AA,24.5,Tulsa Drillers,Total,TUL,- - -,,,21,76,85,16,11,5,0,0,12,6,9,0,15,0,0,0,4,3,0,.211,10.6%,17.6%,.600,.294,.276,.570,.066,,.262,,6.4,-5.7,.269,53
Kristian Campbell,692225,last_60,AAA,24.2,Worcester Red Sox,Total,WOR,- - -,,,21,71,88,22,11,7,0,4,11,16,15,0,18,1,1,0,1,3,0,.310,17.0%,20.5%,.833,.432,.577,1.009,.268,,.360,,18.5,7.3,.442,166
Fernando Gonzalez,692232,last_60,AAA,24.8,Sacramento River Cats,Total,SAC,- - -,,,20,59,79,13,10,0,1,2,9,7,15,0,15,3,0,2,5,1,0,.220,19.0%,19.0%,1.000,.403,.356,.759,.136,,.262,,11.9,0.7,.362,106
Parks Harber,692238,last_60,AAA,25.0,Sacramento River Cats,Total,SAC,- - -,,,35,135,158,29,22,5,1,1,15,15,19,0,37,2,2,0,3,2,1,.215,12.0%,23.4%,.514,.316,.289,.605,.074,,.283,,13.6,-7.6,.286,64
Aeverson Arteaga,692348,last_60,AAA,23.5,Sacramento River Cats,Total,SAC,- - -,,,30,107,114,30,21,5,2,2,14,10,5,0,30,1,0,1,2,1,0,.280,4.4%,26.3%,.167,.319,.421,.739,.140,,.373,,13.8,-1.5,.331,90
Cesar Quintas,692364,last_60,A+,23.5,Everett AquaSox,Total,EVE,- - -,,,19,69,86,21,14,6,0,1,14,15,13,0,18,3,1,0,2,3,1,.304,15.1%,20.9%,.722,.430,.435,.865,.130,,.392,,15.5,2.6,.396,121
Onil Perez,692366,last_60,A+,24.0,Eugene Emeralds,Total,EUG,- - -,,,9,34,36,10,8,2,0,0,5,4,2,0,4,0,0,0,1,1,0,.294,5.6%,11.1%,.500,.333,.353,.686,.059,,.333,,4.2,-1.1,.314,79
Adrián Sugastey,692368,last_60,AAA,23.9,Sacramento River Cats,Total,SAC,- - -,,,13,45,51,14,11,2,0,1,8,7,5,0,4,0,0,1,1,0,0,.311,9.8%,7.8%,1.250,.380,.422,.802,.111,,.325,,7.5,0.7,.365,110
Lizandro Espinoza,692371,last_60,AAA,23.8,Gwinnett Stripers,Total,GWN,- - -,,,27,97,116,20,14,4,0,2,13,12,16,0,27,1,1,1,3,11,3,.206,13.8%,23.3%,.593,.322,.309,.631,.103,,.261,,11.4,-3.4,.298,77
Jose Ramos,692374,last_60,A+,23.9,Eugene Emeralds,Total,EUG,- - -,,,16,55,63,17,13,2,0,2,12,8,8,0,13,0,0,0,1,9,0,.309,12.7%,20.6%,.615,.397,.455,.851,.145,,.375,,10.8,1.4,.386,115
Christian Cerda,692416,last_60,AAA,23.7,Reno Aces,Total,RNO,- - -,,,10,35,39,7,5,1,0,1,5,3,4,0,13,0,0,0,1,0,0,.200,10.3%,33.3%,.308,.282,.314,.596,.114,,.286,,3.1,-2.2,.277,59
Victor Arias,692478,last_60,AA,23.1,New Hampshire Fisher Cats,Total,NH,- - -,,,23,96,101,18,14,1,1,2,9,11,4,0,24,0,0,1,2,4,4,.188,4.0%,23.8%,.167,.220,.281,.501,.094,,.229,,5.0,-8.7,.227,36
Alexis Hernandez,692562,last_60,AA,23.9,New Hampshire Fisher Cats,Total,NH,- - -,,,23,83,92,28,20,7,0,1,9,5,7,0,15,1,0,1,0,3,2,.337,7.6%,16.3%,.467,.396,.458,.853,.120,,.403,,15.9,3.4,.386,128
Yanquiel Fernández,692585,last_60,AAA,23.7,Scranton/Wilkes-Barre RailRiders,Total,SWB,- - -,,,33,118,132,32,18,6,0,8,20,21,12,0,26,0,2,0,2,1,0,.271,9.1%,19.7%,.462,.333,.525,.859,.254,,.279,,20.9,4.1,.375,125
Manuel Palencia,692633,last_60,AA,24.0,Somerset Patriots,Total,SOM,- - -,,,24,88,96,23,13,4,0,6,13,20,6,0,13,0,2,0,4,0,0,.261,6.2%,13.5%,.462,.302,.511,.813,.250,,.239,,14.2,1.2,.353,109
Omar Alfonzo,692657,last_60,AA,23.1,Somerset Patriots,Total,SOM,- - -,,,21,82,90,11,8,2,0,1,9,10,6,0,37,2,0,0,2,0,0,.134,6.7%,41.1%,.162,.211,.195,.406,.061,,.227,,2.3,-9.9,.197,19
Clayton Campbell,693073,last_60,A+,22.9,West Michigan Whitecaps,Total,WM,- - -,,,19,73,82,23,18,2,0,3,15,12,6,0,16,1,2,0,2,1,1,.315,7.3%,19.5%,.375,.366,.466,.832,.151,,.357,,13.1,1.9,.370,117
Aaron Sabato,693306,last_60,AAA,27.3,St. Paul Saints,Total,STP,- - -,,,30,113,129,27,20,3,0,4,15,11,10,0,33,6,0,0,3,1,0,.239,7.8%,25.6%,.303,.333,.372,.705,.133,,.303,,15.5,-0.9,.326,94
César Prieto,693409,last_60,AAA,27.4,Memphis Redbirds,Total,MEM,- - -,,,14,58,60,19,14,5,0,0,3,9,0,0,8,1,1,0,2,0,1,.328,0.0%,13.3%,.000,.333,.414,.747,.086,,.373,,7.5,-0.1,.333,98
Tre Richardson III,693832,last_60,AA,24.8,Springfield Cardinals,Total,SPR,- - -,,,26,94,107,27,19,6,0,2,22,5,12,0,25,1,0,0,1,6,1,.287,11.2%,23.4%,.480,.374,.415,.789,.128,,.373,,15.6,0.4,.360,103
Kala'i Rosario,693850,last_60,AAA,24.2,St. Paul Saints,Total,STP,- - -,,,28,106,112,30,15,5,0,10,21,16,5,0,34,1,0,0,1,1,0,.283,4.5%,30.4%,.147,.321,.613,.935,.330,,.323,,20.5,6.2,.406,144
Felix Reyes,694025,last_60,AAA,25.4,Lehigh Valley IronPigs,Total,LHV,- - -,,,4,15,16,5,5,0,0,0,1,0,0,0,2,1,0,0,1,0,0,.333,0.0%,12.5%,.000,.375,.333,.708,.000,,.385,,2.0,-0.1,.331,97
Dyan Jorge,694170,last_60,AA,23.5,Hartford Yard Goats,Total,HFD,- - -,,,31,112,127,29,24,3,1,1,13,14,12,0,22,0,1,2,0,14,3,.259,9.4%,17.3%,.545,.328,.330,.658,.071,,.311,,13.9,-3.3,.304,81
Pedro León,694175,last_60,AA,28.3,Reading Fightin Phils,Total,REA,- - -,,,28,113,128,30,21,3,2,4,15,14,14,0,38,1,0,0,4,6,1,.265,10.9%,29.7%,.368,.352,.434,.785,.168,,.366,,19.1,1.7,.355,110
Carlos Colmenarez,694181,last_60,A+,22.8,Bowling Green Hot Rods,Total,BG,- - -,,,11,35,43,6,4,2,0,0,2,4,5,0,16,2,0,1,1,3,0,.171,11.6%,37.2%,.312,.310,.229,.538,.057,,.316,,3.6,-2.3,.268,60
Cristian Hernández,694183,last_60,AA,22.8,Pensacola Blue Wahoos,Total,PNS,- - -,,,26,96,112,28,16,9,0,3,15,13,16,0,29,0,0,0,0,12,2,.292,14.3%,25.9%,.552,.393,.479,.872,.188,,.391,,19.7,4.7,.392,131
Cristian Santana,694184,last_60,A+,22.8,West Michigan Whitecaps,Total,WM,- - -,,,20,62,82,16,9,2,0,5,16,22,15,0,23,5,0,0,2,1,0,.258,18.3%,28.0%,.652,.439,.532,.971,.274,,.324,,17.3,6.0,.435,154
Danny De Andrade,694185,last_60,A+,22.4,Cedar Rapids Kernels,Total,CR,- - -,,,25,87,101,23,16,3,0,4,17,10,11,0,33,3,0,0,4,1,0,.264,10.9%,32.7%,.333,.366,.437,.803,.172,,.380,,15.6,1.6,.366,111
Shalin Polanco,694186,last_60,A+,22.6,Greensboro Grasshoppers,Total,GBO,- - -,,,21,59,77,13,7,1,0,5,14,11,16,0,19,0,0,2,2,0,0,.220,20.8%,24.7%,.842,.387,.492,.878,.271,,.229,,14.0,3.4,.395,132
Daniel Vazquez,694187,last_60,AA,22.7,Northwest Arkansas Naturals,Total,NWA,- - -,,,27,108,121,26,17,8,0,1,17,12,10,0,31,0,2,0,4,4,1,.241,8.3%,25.6%,.323,.300,.343,.643,.102,,.321,,11.2,-6.0,.292,65
Pedro Pineda,694191,last_60,A+,23.0,Lansing Lugnuts,Total,LAN,- - -,,,22,89,100,23,14,6,1,2,9,10,7,0,28,3,0,1,3,7,1,.258,7.0%,28.0%,.250,.333,.416,.749,.157,,.356,,13.3,-0.6,.339,96
Miguel Bleis,694194,last_60,AA,22.5,Portland Sea Dogs,Total,POR,- - -,,,7,26,27,7,4,1,0,2,10,3,0,0,5,1,0,0,0,2,0,.269,0.0%,18.5%,.000,.296,.538,.835,.269,,.263,,4.3,0.6,.367,117
Diego Velasquez,694196,last_60,AAA,23.0,Sacramento River Cats,Total,SAC,- - -,,,33,110,129,30,18,11,1,0,17,4,15,0,26,1,0,3,4,1,1,.273,11.6%,20.2%,.577,.365,.391,.756,.118,,.357,,17.2,-0.1,.347,99
Daniel Guilarte,694206,last_60,AAA,22.9,Nashville Sounds,Total,NAS,- - -,,,17,52,57,13,10,1,1,1,4,4,5,0,17,0,0,0,2,4,1,.250,8.8%,29.8%,.294,.316,.365,.681,.115,,.353,,6.3,-1.2,.310,84
Manuel Pena,694211,last_60,AAA,22.7,Reno Aces,Total,RNO,- - -,,,14,53,59,18,17,1,0,0,5,2,4,0,11,1,1,0,1,0,0,.340,6.8%,18.6%,.364,.390,.358,.748,.019,,.419,,7.8,-0.1,.345,98
Samuel Basallo,694212,last_60,AAA,22.0,Norfolk Tides,Total,NOR,- - -,,,2,9,9,1,0,1,0,0,1,3,0,0,2,0,0,0,0,0,0,.111,0.0%,22.2%,.000,.111,.222,.333,.111,,.143,,-0.2,-1.4,.144,-14
Samuel Zavala,694214,last_60,AA,22.2,Birmingham Barons,Total,BIR,- - -,,,25,66,98,21,13,4,0,4,26,10,30,0,16,2,0,0,0,2,1,.318,30.6%,16.3%,1.875,.541,.561,1.101,.242,,.370,,24.9,11.8,.492,190
Hans Montero,694215,last_60,A,22.6,Tampa Tarpons,Total,TAM,- - -,,,19,61,76,16,13,1,0,2,7,7,13,0,22,2,0,0,2,9,1,.262,17.1%,28.9%,.591,.408,.377,.785,.115,,.378,,12.3,1.7,.369,117
Yeison Morrobel,694218,last_60,AA,22.8,Frisco RoughRiders,Total,FRI,- - -,,,26,110,116,38,28,7,2,1,17,17,6,0,19,0,0,0,2,3,1,.345,5.2%,16.4%,.316,.379,.473,.852,.127,,.411,,18.8,2.3,.381,114
Ambioris Tavarez,694222,last_60,AA,22.8,Columbus Clingstones,Total,COL,- - -,,,9,28,33,3,2,1,0,0,3,0,3,0,13,2,0,0,0,2,2,.107,9.1%,39.4%,.231,.242,.143,.385,.036,,.200,,0.9,-3.5,.204,21
Starlin Aguilar,694223,last_60,A,22.6,Inland Empire 66ers,Total,IE,- - -,,,13,49,54,13,9,2,0,2,5,10,5,0,15,0,0,0,2,0,0,.265,9.3%,27.8%,.333,.333,.429,.762,.163,,.344,,7.5,-0.5,.344,94
Gabriel Gonzalez,694224,last_60,AAA,22.7,St. Paul Saints,Total,STP,- - -,,,21,75,87,20,15,1,0,4,12,9,9,0,8,3,0,0,5,0,0,.267,10.3%,9.2%,1.125,.368,.440,.808,.173,,.254,,13.3,2.2,.368,120
Hendry Mendez,694230,last_60,AAA,22.9,St. Paul Saints,Total,STP,- - -,,,24,84,100,20,14,4,0,2,12,10,14,0,13,1,1,0,2,1,0,.238,14.0%,13.0%,1.077,.350,.357,.707,.119,,.257,,12.2,-0.6,.328,96
D'Andre Smith,694266,last_60,AAA,25.4,Syracuse Mets,Total,SYR,- - -,,,32,117,136,32,19,7,0,6,18,22,14,0,27,2,2,1,2,10,1,.274,10.3%,19.9%,.519,.356,.487,.843,.214,,.302,,21.5,4.0,.374,123
Cole Fontenelle,694304,last_60,AA,24.5,Rocket City Trash Pandas,Total,RCT,- - -,,,19,55,62,14,7,4,0,3,9,14,7,0,17,0,0,0,2,5,0,.255,11.3%,27.4%,.412,.339,.491,.830,.236,,.314,,9.7,1.5,.369,118
Bryson Ware,694310,last_60,A+,25.6,Jersey Shore BlueClaws,Total,JS,- - -,,,23,77,92,17,11,2,1,3,12,16,12,0,26,1,2,0,1,2,1,.221,13.0%,28.3%,.462,.326,.390,.716,.169,,.280,,11.5,-1.0,.324,92
Austin St. Laurent,694318,last_60,A+,24.1,Everett AquaSox,Total,EVE,- - -,,,22,81,96,32,24,8,0,0,15,16,13,0,15,1,1,0,3,3,1,.395,13.5%,15.6%,.867,.479,.494,.973,.099,,.478,,20.4,6.2,.439,144
Jack Costello,694320,last_60,A+,25.3,Fort Wayne TinCaps,Total,FW,- - -,,,21,81,87,21,16,3,0,2,7,10,4,0,14,1,0,1,2,2,0,.259,4.6%,16.1%,.286,.302,.370,.673,.111,,.292,,9.0,-3.4,.305,72
Jacob Berry,694351,last_60,AAA,25.4,Omaha Storm Chasers,Total,OMA,- - -,,,27,102,107,25,11,7,0,7,12,16,3,0,21,1,1,0,0,1,0,.245,2.8%,19.6%,.143,.271,.520,.791,.275,,.240,,14.3,0.6,.343,105
Niko Kavadas,694359,last_60,AAA,27.9,Salt Lake Bees,Total,SL,- - -,,,30,106,128,34,18,8,0,8,22,25,21,1,32,1,0,0,2,0,0,.321,16.4%,25.0%,.656,.438,.623,1.060,.302,,.394,,28.5,11.4,.461,166
Tommy Troy,694371,last_60,AAA,24.7,Reno Aces,Total,RNO,- - -,,,12,45,56,15,10,3,0,2,9,3,10,0,10,1,0,0,0,3,1,.333,17.9%,17.9%,1.000,.464,.533,.998,.200,,.394,,11.9,4.4,.447,158
Shay Whitcomb,694376,last_60,AAA,27.9,Sacramento River Cats,Total,SAC,- - -,,,9,36,40,9,8,0,0,1,5,3,3,0,5,0,1,0,0,0,0,.250,7.5%,12.5%,.600,.300,.333,.633,.083,,.258,,3.5,-1.9,.288,65
Nick Yorke,694377,last_60,A,24.4,Bradenton Marauders,Total,BRD,- - -,,,12,43,47,13,7,2,0,4,7,12,4,0,6,0,0,0,1,2,1,.302,8.5%,12.8%,.667,.362,.628,.990,.326,,.273,,9.5,3.4,.431,155
Jack Moss,694380,last_60,A+,24.9,Asheville Tourists,Total,ASH,- - -,,,28,101,118,33,26,7,0,0,12,18,15,0,18,0,2,0,3,5,0,.327,12.7%,15.3%,.833,.407,.396,.803,.069,,.388,,18.7,2.4,.368,114
Nolan Schanuel,694384,last_60,AAA,24.6,Salt Lake Bees,Total,SL,- - -,,,1,3,4,0,0,0,0,0,0,1,0,0,1,0,1,0,0,0,0,.000,0.0%,25.0%,.000,.000,.000,.000,.000,,.000,,-0.5,-1.1,.000,-102
Brock Wilken,694385,last_60,AAA,24.3,Nashville Sounds,Total,NAS,- - -,,,34,129,148,29,19,4,0,6,16,22,12,0,38,3,4,0,3,0,0,.225,8.1%,25.7%,.316,.297,.395,.693,.171,,.258,,15.9,-2.9,.310,84
Christian Knapczyk,694387,last_60,AA,24.7,Akron RubberDucks,Total,AKR,- - -,,,9,21,29,2,2,0,0,0,4,2,6,0,5,1,1,0,0,0,0,.095,20.7%,17.2%,1.200,.310,.095,.406,.000,,.118,,1.6,-2.3,.235,41
Joey Loperfido,694388,last_60,AAA,27.4,Sugar Land Space Cowboys,Total,SUG,- - -,,,27,104,119,29,23,6,0,0,12,10,12,0,32,2,1,0,2,1,3,.279,10.1%,26.9%,.375,.361,.337,.698,.058,,.397,,13.9,-2.1,.325,87
Elijah Nunez,694399,last_60,A+,24.8,Wilmington Blue Rocks,Total,WIL,- - -,,,17,48,56,7,6,1,0,0,5,2,5,0,23,2,1,0,1,3,1,.146,8.9%,41.1%,.217,.250,.167,.417,.021,,.269,,2.1,-5.6,.211,28
LuJames Groover,694410,last_60,AAA,24.4,Reno Aces,Total,RNO,- - -,,,18,72,78,21,19,2,0,0,10,5,6,0,7,0,0,0,2,1,0,.292,7.7%,9.0%,.857,.346,.319,.666,.028,,.323,,8.1,-2.3,.310,78
Tatem Levins,694420,last_60,AAA,27.3,Durham Bulls,Total,DUR,- - -,,,25,77,102,15,8,4,0,3,21,7,22,0,23,3,0,0,4,2,0,.195,21.6%,22.5%,.957,.392,.364,.756,.169,,.235,,14.9,1.9,.359,114
Justice Bigbie,694425,last_60,AAA,27.7,Toledo Mud Hens,Total,TOL,- - -,,,27,95,108,26,21,4,0,1,10,9,12,0,14,0,0,1,2,1,1,.274,11.1%,13.0%,.857,.355,.347,.703,.074,,.312,,13.0,-0.8,.326,94
Tavian Josenberger,694444,last_60,AAA,24.9,Norfolk Tides,Total,NOR,- - -,,,29,93,104,22,17,3,1,1,14,5,10,0,22,1,0,0,0,9,2,.237,9.6%,21.2%,.455,.317,.323,.640,.086,,.300,,10.7,-3.2,.298,77
Bryce Eblin,694469,last_60,A+,24.9,Winston-Salem Dash,Total,WS,- - -,,,6,17,20,1,0,1,0,0,3,2,3,0,6,0,0,0,0,0,1,.059,15.0%,30.0%,.500,.200,.118,.318,.059,,.091,,0.1,-2.6,.171,5
Michael Turner,694478,last_60,AAA,28.1,Charlotte Knights,Total,CLT,- - -,,,21,78,85,18,14,4,0,0,6,8,5,0,14,0,2,0,1,0,0,.231,5.9%,16.5%,.357,.271,.282,.553,.051,,.273,,5.3,-5.5,.253,49
Max Wagner,694484,last_60,AA,25.1,Frisco RoughRiders,Total,FRI,- - -,,,26,106,113,27,13,6,0,8,16,21,7,0,40,0,0,0,1,1,0,.255,6.2%,35.4%,.175,.301,.538,.839,.283,,.328,,17.1,1.0,.367,106
Sterlin Thompson,694514,last_60,AAA,25.2,Albuquerque Isotopes,Total,ABQ,- - -,,,27,96,127,35,20,9,0,6,30,20,26,1,15,5,0,0,3,8,0,.365,20.5%,11.8%,1.733,.520,.646,1.166,.281,,.387,,32.9,15.9,.508,193
Alan Espinal,694541,last_60,A+,24.6,Spokane Indians,Total,SPO,- - -,,,14,57,61,17,10,4,1,2,8,12,4,0,18,0,0,0,1,4,1,.298,6.6%,29.5%,.222,.344,.509,.853,.211,,.405,,10.1,0.9,.377,110
Jack Payton,694552,last_60,AA,25.1,Richmond Flying Squirrels,Total,RIC,- - -,,,16,44,53,8,4,4,0,0,3,5,7,1,15,0,2,0,1,0,1,.182,13.2%,28.3%,.467,.283,.273,.556,.091,,.258,,3.6,-3.6,.252,50
Harold Coll,694563,last_60,A+,25.1,Tri-City Dust Devils,Total,TRI,- - -,,,22,76,96,20,16,2,0,2,17,7,18,0,17,2,0,0,0,1,2,.263,18.8%,17.7%,1.059,.417,.368,.785,.105,,.316,,15.4,1.1,.371,107
Kemp Alderman,694580,last_60,AAA,24.1,Jacksonville Jumbo Shrimp,Total,JAX,- - -,,,32,115,130,23,16,2,0,5,10,19,11,0,46,3,1,0,4,3,1,.200,8.5%,35.4%,.239,.285,.348,.632,.148,,.277,,12.0,-4.6,.290,72
Dominic Pitelli,694689,last_60,AAA,24.7,Louisville Bats,Total,LOU,- - -,,,24,65,79,16,12,3,0,1,12,10,9,0,23,2,1,2,1,2,2,.246,11.4%,29.1%,.391,.351,.338,.689,.092,,.357,,9.2,-0.8,.322,92
Brice Matthews,694728,last_60,AAA,24.5,Sugar Land Space Cowboys,Total,SUG,- - -,,,7,24,29,1,1,0,0,0,0,2,3,0,12,0,2,0,0,1,0,.042,10.3%,41.4%,.250,.138,.042,.180,.000,,.071,,-1.6,-5.5,.105,-41
Clayton Gray,694732,last_60,A+,24.9,Spokane Indians,Total,SPO,- - -,,,14,42,53,9,4,2,1,2,9,6,11,0,11,0,0,0,0,2,0,.214,20.8%,20.8%,1.000,.377,.452,.830,.238,,.241,,8.7,0.8,.376,110
Josh Moylan,694742,last_60,AA,24.2,Somerset Patriots,Total,SOM,- - -,,,31,101,112,26,12,4,0,10,19,29,10,0,29,1,0,0,1,0,0,.257,8.9%,25.9%,.345,.330,.594,.924,.337,,.258,,20.8,5.6,.402,137
Dylan Campbell,694749,last_60,AA,24.2,Birmingham Barons,Total,BIR,- - -,,,31,124,142,30,17,6,1,6,20,16,14,0,28,0,1,2,1,16,0,.242,9.9%,19.7%,.500,.317,.452,.768,.210,,.264,,19.3,0.3,.342,102
Sabin Ceballos,694754,last_60,AA,24.1,Richmond Flying Squirrels,Total,RIC,- - -,,,28,94,119,24,15,4,0,5,20,15,21,0,18,3,1,0,3,3,0,.255,17.6%,15.1%,1.167,.403,.457,.861,.202,,.264,,21.1,5.0,.391,131
Maui Ahuna,694757,last_60,AA,24.5,Richmond Flying Squirrels,Total,RIC,- - -,,,26,92,106,24,22,2,0,0,11,11,11,0,21,0,1,2,1,12,1,.261,10.4%,19.8%,.524,.337,.283,.619,.022,,.333,,10.6,-3.7,.293,74
Brandon Eike,694806,last_60,A+,24.9,Everett AquaSox,Total,EVE,- - -,,,24,99,113,38,23,12,1,2,21,21,10,1,19,4,0,0,3,1,1,.384,8.8%,16.8%,.526,.460,.586,1.046,.202,,.462,,26.1,9.2,.462,155
Zach Kokoska,694808,last_60,AA,27.9,Hartford Yard Goats,Total,HFD,- - -,,,17,60,67,14,8,5,0,1,8,10,6,0,19,0,1,0,1,5,1,.233,9.0%,28.4%,.316,.299,.367,.665,.133,,.317,,7.1,-2.0,.300,78
Tyler McDonough,694812,last_60,AAA,27.5,Worcester Red Sox,Total,WOR,- - -,,,30,112,129,25,15,4,0,6,17,19,13,0,33,4,0,0,3,3,2,.223,10.1%,25.6%,.394,.326,.420,.745,.196,,.260,,17.3,0.2,.339,101
Joe Vetrano,694838,last_60,AA,24.3,Tulsa Drillers,Total,TUL,- - -,,,23,82,88,18,8,2,0,8,13,15,5,1,35,1,0,0,3,1,0,.220,5.7%,39.8%,.143,.273,.537,.809,.317,,.256,,12.1,-0.5,.349,96
JT Benson,694842,last_60,A+,24.4,Brooklyn Cyclones,Total,BRK,- - -,,,23,69,79,11,9,1,0,1,7,7,5,0,22,2,2,1,3,5,0,.159,6.3%,27.8%,.227,.231,.217,.448,.058,,.208,,3.0,-7.7,.213,28
Sam Brown,694848,last_60,AA,25.0,Harrisburg Senators,Total,HBG,- - -,,,18,60,71,15,7,4,0,4,7,11,9,0,17,0,2,0,0,0,0,.250,12.7%,23.9%,.529,.338,.517,.855,.267,,.268,,11.5,1.9,.372,120
Cooper Ingle,694876,last_60,AAA,24.6,Columbus Clippers,Total,COL,- - -,,,31,112,144,28,18,8,0,2,26,8,32,0,37,0,0,0,2,1,1,.250,22.2%,25.7%,.865,.417,.375,.792,.125,,.356,,22.5,4.2,.373,123
Caden Rose,694896,last_60,AA,24.9,Portland Sea Dogs,Total,POR,- - -,,,12,36,46,7,5,1,0,1,8,7,9,0,13,1,0,0,0,1,0,.194,19.6%,28.3%,.692,.370,.306,.675,.111,,.273,,5.9,-0.3,.328,95
Carson Taylor,694930,last_60,AA,27.3,Columbus Clingstones,Total,COL,- - -,,,23,82,95,15,11,1,0,3,11,14,13,0,27,0,0,0,0,0,0,.183,13.7%,28.4%,.481,.295,.305,.600,.122,,.231,,8.6,-4.1,.283,68
Marcus Brown,694939,last_60,AAA,24.9,Sugar Land Space Cowboys,Total,SUG,- - -,,,17,52,59,7,5,2,0,0,5,4,5,0,22,2,0,0,1,1,0,.135,8.5%,37.3%,.227,.237,.173,.410,.038,,.233,,1.5,-6.9,.206,18
C.J. Pittaro,694953,last_60,A+,24.9,Lansing Lugnuts,Total,LAN,- - -,,,15,53,59,12,12,0,0,0,4,6,5,0,10,1,0,0,1,0,0,.226,8.5%,16.9%,.500,.305,.226,.531,.000,,.279,,4.2,-3.9,.258,52
Brayden Taylor,694966,last_60,AAA,24.3,Jacksonville Jumbo Shrimp,Total,JAX,- - -,,,31,93,121,19,8,4,3,4,17,14,25,0,30,1,2,0,1,7,0,.204,20.7%,24.8%,.833,.372,.441,.813,.237,,.246,,18.3,2.9,.366,119
Colby Shade,694974,last_60,AA,25.1,Pensacola Blue Wahoos,Total,PNS,- - -,,,21,69,78,18,10,4,0,4,13,13,7,0,20,2,0,0,2,11,0,.261,9.0%,25.6%,.350,.346,.493,.839,.232,,.311,,12.6,2.2,.374,121
Nate Nankil,694977,last_60,A,23.8,Stockton Ports,Total,STK,- - -,,,23,95,107,27,21,3,0,3,15,14,8,0,17,2,2,0,5,1,0,.284,7.5%,15.9%,.471,.346,.411,.756,.126,,.312,,14.1,-1.2,.341,92
Mitch Jebb,694991,last_60,AAA,24.4,Indianapolis Indians,Total,IND,- - -,,,37,150,173,39,28,4,3,4,26,17,20,0,27,0,3,0,3,6,3,.260,11.6%,15.6%,.741,.341,.407,.748,.147,,.287,,22.2,0.2,.337,101
Poncho Ruiz,695000,last_60,A,24.5,Fort Myers Mighty Mussels,Total,FTM,- - -,,,5,16,18,3,3,0,0,0,3,1,2,0,6,0,0,0,0,0,0,.188,11.1%,33.3%,.333,.278,.188,.465,.000,,.300,,0.9,-1.7,.231,34
Garret Guillemette,695048,last_60,AAA,25.0,Sugar Land Space Cowboys,Total,SUG,- - -,,,5,19,20,5,3,1,0,1,1,1,1,0,8,0,0,0,0,0,0,.263,5.0%,40.0%,.125,.300,.474,.774,.211,,.400,,2.6,-0.1,.342,97
Keith Jones II,695069,last_60,AA,24.4,Frisco RoughRiders,Total,FRI,- - -,,,17,60,71,13,9,4,0,0,9,3,9,0,16,1,0,1,1,3,1,.217,12.7%,22.5%,.562,.329,.283,.612,.067,,.295,,6.6,-3.5,.293,66
Jean Walters,695078,last_60,AA,25.1,Amarillo Sod Poodles,Total,AMA,- - -,,,22,77,89,21,15,3,1,2,13,13,9,0,18,1,0,2,2,2,0,.273,10.1%,20.2%,.500,.356,.416,.772,.143,,.333,,12.4,-0.3,.351,97
Will Wagner,695238,last_60,AAA,28.1,El Paso Chihuahuas,Total,ELP,- - -,,,17,58,68,17,13,3,0,1,6,6,9,0,14,1,0,0,0,0,0,.293,13.2%,20.6%,.643,.397,.397,.794,.103,,.372,,10.2,1.0,.367,111
Billy Cook,695257,last_60,AAA,27.6,Indianapolis Indians,Total,IND,- - -,,,3,14,15,4,1,1,0,2,3,3,1,0,5,0,0,0,0,0,0,.286,6.7%,33.3%,.200,.333,.786,1.119,.500,,.286,,3.6,1.6,.476,186
Ryland Zaborowski,695301,last_60,A+,24.3,Tri-City Dust Devils,Total,TRI,- - -,,,10,37,42,8,3,3,0,2,5,6,4,0,14,1,0,0,0,0,0,.216,9.5%,33.3%,.286,.310,.459,.769,.243,,.286,,5.8,-0.5,.343,93
Thomas Saggese,695336,last_60,AAA,24.4,Memphis Redbirds,Total,MEM,- - -,,,14,50,61,11,8,2,0,1,5,7,6,0,13,3,2,0,2,2,1,.220,9.8%,21.3%,.462,.328,.320,.648,.100,,.263,,6.2,-1.6,.303,80
Jake Gelof,695372,last_60,AA,24.5,Tulsa Drillers,Total,TUL,- - -,,,29,101,128,36,17,7,0,12,26,38,23,1,26,1,3,0,1,2,0,.356,18.0%,20.3%,.885,.469,.782,1.251,.426,,.364,,34.8,16.6,.522,191
Brett Harris,695391,last_60,AAA,28.2,Worcester Red Sox,Total,WOR,- - -,,,17,53,64,11,8,3,0,0,8,3,11,0,14,0,0,0,3,1,0,.208,17.2%,21.9%,.786,.344,.264,.608,.057,,.282,,6.2,-2.0,.297,75
Cal Conley,695462,last_60,AAA,27.2,Gwinnett Stripers,Total,GWN,- - -,,,26,83,91,16,13,2,0,1,12,5,5,0,24,2,0,1,2,7,0,.193,5.5%,26.4%,.208,.256,.253,.509,.060,,.259,,4.8,-6.8,.240,41
Juan Montero,695467,last_60,AAA,24.3,Worcester Red Sox,Total,WOR,- - -,,,2,3,4,1,1,0,0,0,1,0,0,0,1,1,0,0,0,0,0,.333,0.0%,25.0%,.000,.500,.333,.833,.000,,.500,,0.8,0.2,.413,148
Slate Alford,695477,last_60,A+,24.0,Tri-City Dust Devils,Total,TRI,- - -,,,10,34,41,11,8,2,0,1,7,6,7,0,12,0,0,0,1,0,0,.324,17.1%,29.3%,.583,.439,.471,.910,.147,,.476,,7.9,1.8,.414,130
Jay Allen II,695481,last_60,AAA,23.8,Louisville Bats,Total,LOU,- - -,,,26,88,102,20,17,3,0,0,13,7,9,0,34,5,0,0,1,7,1,.227,8.8%,33.3%,.265,.333,.261,.595,.034,,.370,,9.3,-3.7,.289,71
Anson Aroz,695484,last_60,A+,23.8,Great Lakes Loons,Total,GL,- - -,,,12,32,39,6,4,1,0,1,5,2,5,0,16,2,0,0,0,0,0,.188,12.8%,41.0%,.312,.333,.312,.646,.125,,.333,,4.4,-1.0,.310,82
Edwin Arroyo,695490,last_60,AAA,23.1,Louisville Bats,Total,LOU,- - -,,,19,69,78,18,11,4,0,3,9,7,8,2,19,0,0,1,2,1,0,.261,10.3%,24.4%,.421,.338,.449,.787,.188,,.319,,10.4,0.5,.344,105
Joshua Báez,695491,last_60,AAA,23.1,Memphis Redbirds,Total,MEM,- - -,,,4,17,18,6,5,0,0,1,3,3,1,0,6,0,0,0,0,3,1,.353,5.6%,33.3%,.167,.389,.529,.918,.176,,.500,,3.3,1.0,.410,145
Teo Banks,695493,last_60,A+,23.2,Wilmington Blue Rocks,Total,WIL,- - -,,,25,74,85,19,14,3,0,2,12,12,8,0,18,3,0,0,0,15,1,.257,9.4%,21.2%,.444,.353,.378,.731,.122,,.315,,11.7,0.0,.338,100
Kevin Bazzell,695494,last_60,A+,23.4,Wilmington Blue Rocks,Total,WIL,- - -,,,16,60,68,19,12,5,0,2,13,7,5,0,8,1,1,1,3,4,1,.317,7.4%,11.8%,.625,.373,.500,.873,.183,,.333,,11.9,2.6,.387,128
Blake Burke,695501,last_60,AAA,23.3,Nashville Sounds,Total,NAS,- - -,,,33,126,145,25,17,3,1,4,20,10,15,0,47,4,0,0,1,1,1,.198,10.3%,32.4%,.319,.303,.333,.637,.135,,.280,,14.1,-4.4,.297,76
Cam Cauley,695508,last_60,AAA,23.6,Round Rock Express,Total,RR,- - -,,,19,80,91,26,12,6,0,8,22,21,8,0,15,0,2,1,2,10,1,.325,8.8%,16.5%,.533,.378,.700,1.078,.375,,.305,,20.1,7.9,.458,165
Casey Cook,695517,last_60,A+,23.9,Hub City Spartanburgers,Total,HCS,- - -,,,24,87,102,11,7,2,1,1,11,7,9,0,31,4,2,0,1,3,0,.126,8.8%,30.4%,.290,.235,.207,.442,.080,,.175,,4.3,-9.7,.216,31
Gavin Conticello,695521,last_60,AAA,23.3,Reno Aces,Total,RNO,- - -,,,29,111,119,32,19,8,1,4,13,20,6,0,26,1,1,0,1,0,0,.288,5.0%,21.8%,.231,.328,.486,.814,.198,,.341,,17.0,1.1,.359,107
Jacob Cozart,695524,last_60,AA,23.7,Rocket City Trash Pandas,Total,RCT,- - -,,,25,90,106,21,13,2,0,6,14,19,13,0,27,2,0,1,3,0,0,.233,12.3%,25.5%,.481,.343,.456,.798,.222,,.263,,16.0,1.8,.360,113
Ian Daugherty,695527,last_60,AAA,24.0,St. Paul Saints,Total,STP,- - -,,,6,18,23,3,3,0,0,0,1,4,3,0,10,1,0,1,1,0,0,.167,13.0%,43.5%,.300,.318,.167,.485,.000,,.375,,1.5,-1.4,.255,51
Gio Cueto,695530,last_60,A+,23.1,Great Lakes Loons,Total,GL,- - -,,,13,42,52,12,8,1,0,3,6,12,7,0,12,1,1,1,0,0,0,.286,13.5%,23.1%,.583,.392,.524,.916,.238,,.321,,9.7,2.6,.404,136
Randal Diaz,695538,last_60,A+,23.3,Frederick Keys,Total,FRE,- - -,,,21,79,89,22,13,6,0,3,9,14,9,0,18,1,0,0,1,5,3,.278,10.1%,20.2%,.500,.360,.468,.828,.190,,.328,,14.6,2.3,.372,119
Tayden Hall,695554,last_60,A+,23.6,Wisconsin Timber Rattlers,Total,WIS,- - -,,,22,79,97,21,13,6,0,2,10,5,17,0,18,1,0,0,1,2,2,.266,17.5%,18.6%,.944,.402,.418,.820,.152,,.322,,16.1,2.8,.378,121
Cole Mathis,695573,last_60,A+,23.1,Brooklyn Cyclones,Total,BRK,- - -,,,5,16,20,1,1,0,0,0,1,0,4,0,7,0,0,0,1,1,0,.062,20.0%,35.0%,.571,.250,.062,.312,.000,,.111,,0.4,-2.4,.188,14
James Wood,695578,last_60,AA,24.0,Harrisburg Senators,Total,HBG,- - -,,,2,6,7,2,1,0,0,1,2,1,1,1,2,0,0,0,1,0,0,.333,14.3%,28.6%,.500,.429,.833,1.262,.500,,.333,,1.9,0.9,.503,195
Trevor Haskins,695579,last_60,A,23.5,Palm Beach Cardinals,Total,PMB,- - -,,,19,65,74,15,8,5,0,2,10,5,6,0,28,3,0,0,1,5,0,.231,8.1%,37.8%,.214,.324,.400,.724,.169,,.371,,9.6,-1.2,.331,89
Nick Raposo,695596,last_60,AAA,28.3,Tacoma Rainiers,Total,TAC,- - -,,,22,77,90,17,10,3,0,4,12,13,12,1,18,0,1,0,5,0,1,.221,13.3%,20.0%,.667,.322,.416,.738,.195,,.232,,10.7,-1.3,.329,89
Chris Katz,695601,last_60,A+,23.6,Hillsboro Hops,Total,HIL,- - -,,,10,38,44,11,7,3,0,1,6,5,4,0,9,2,0,0,0,0,0,.289,9.1%,20.5%,.444,.386,.447,.834,.158,,.357,,7.3,0.8,.379,112
T.J. White,695604,last_60,AA,23.1,Harrisburg Senators,Total,HBG,- - -,,,23,86,95,19,13,4,0,2,10,7,9,0,24,0,0,0,2,0,0,.221,9.5%,25.3%,.375,.295,.337,.632,.116,,.283,,9.4,-3.5,.291,73
Nick McLain,695607,last_60,A+,23.7,Winston-Salem Dash,Total,WS,- - -,,,20,73,91,23,12,7,0,4,14,15,15,0,23,1,2,0,1,1,2,.315,16.5%,25.3%,.652,.429,.575,1.004,.260,,.396,,19.6,7.1,.438,156
Alex Mooney,695612,last_60,AAA,24.2,Columbus Clippers,Total,COL,- - -,,,29,99,114,19,11,6,1,1,14,12,10,0,19,3,1,0,3,7,1,.192,8.8%,16.7%,.526,.283,.303,.586,.111,,.225,,9.6,-5.7,.273,63
Jaime Ferrer,695634,last_60,AA,23.7,Wichita Wind Surge,Total,WCH,- - -,,,29,101,114,22,16,5,0,1,13,10,4,0,23,9,0,0,2,2,1,.218,3.5%,20.2%,.174,.307,.297,.604,.079,,.273,,10.1,-6.1,.287,62
Eddie King Jr.,695652,last_60,A,23.6,Bradenton Marauders,Total,BRD,- - -,,,21,68,100,17,14,2,0,1,16,12,26,1,16,3,3,0,0,4,0,.250,26.0%,16.0%,1.625,.460,.324,.784,.074,,.296,,16.8,2.5,.378,117
Noah Miller,695653,last_60,AAA,23.9,Oklahoma City Comets,Total,OKC,- - -,,,38,133,148,32,23,6,1,2,15,11,11,0,31,0,3,1,1,3,0,.241,7.4%,20.9%,.355,.293,.346,.638,.105,,.291,,13.0,-6.9,.288,65
Tanner Smith,695659,last_60,A,23.9,Augusta GreenJackets,Total,AUG,- - -,,,15,51,61,5,1,2,0,2,6,6,9,0,30,0,1,0,1,0,0,.098,14.8%,49.2%,.300,.230,.255,.484,.157,,.150,,3.3,-5.0,.231,40
Christian Moore,695681,last_60,AAA,23.8,Salt Lake Bees,Total,SL,- - -,,,10,41,52,13,8,3,1,1,12,6,11,0,12,0,0,0,2,3,1,.317,21.2%,23.1%,.917,.462,.512,.974,.195,,.429,,10.6,3.6,.437,152
Cooper Kinney,695692,last_60,AA,23.6,Montgomery Biscuits,Total,MTG,- - -,,,25,101,115,30,20,6,0,4,17,19,11,0,26,1,2,0,1,2,1,.297,9.6%,22.6%,.423,.365,.475,.840,.178,,.356,,18.5,3.2,.374,121
Boston Smith,695722,last_60,AA,23.8,Arkansas Travelers,Total,ARK,- - -,,,29,107,130,24,12,5,1,6,21,20,22,0,44,1,0,0,1,1,1,.224,16.9%,33.8%,.500,.362,.458,.819,.234,,.316,,20.0,1.4,.370,108
Dylan King,695732,last_60,A,24.2,Daytona Tortugas,Total,DBT,- - -,,,6,15,19,1,1,0,0,0,2,1,3,0,8,1,0,0,0,0,0,.067,15.8%,42.1%,.375,.263,.067,.330,.000,,.143,,0.5,-2.3,.199,18
Creed Willems,695735,last_60,AAA,23.3,Norfolk Tides,Total,NOR,- - -,,,30,101,123,25,19,1,0,5,17,20,15,2,24,2,5,0,0,0,0,.248,12.2%,19.5%,.625,.341,.406,.747,.158,,.260,,15.1,-0.6,.329,96
Hudson White,695742,last_60,A+,24.0,Greenville Drive,Total,GVL,- - -,,,4,9,9,1,0,1,0,0,0,0,0,0,3,0,0,0,1,0,0,.111,0.0%,33.3%,.000,.111,.222,.333,.111,,.167,,-0.1,-1.4,.144,-11
Ian Moller,695744,last_60,AA,23.9,Frisco RoughRiders,Total,FRI,- - -,,,16,55,70,10,8,2,0,0,6,9,15,0,20,0,0,0,0,1,1,.182,21.4%,28.6%,.750,.357,.218,.575,.036,,.286,,6.6,-3.4,.293,66
Sam Petersen,695763,last_60,AAA,23.7,Rochester Red Wings,Total,ROC,- - -,,,33,121,136,30,21,6,1,2,15,17,8,0,43,6,0,1,2,7,0,.248,5.9%,31.6%,.186,.326,.364,.690,.116,,.368,,15.4,-1.9,.318,89
Wes Kath,695770,last_60,A+,24.1,Winston-Salem Dash,Total,WS,- - -,,,13,50,56,13,10,3,0,0,8,4,4,0,24,2,0,0,3,2,0,.260,7.1%,42.9%,.167,.339,.320,.659,.060,,.500,,6.4,-1.3,.309,83
Jake Fox,695780,last_60,AA,23.6,Akron RubberDucks,Total,AKR,- - -,,,10,33,39,15,9,3,2,1,10,9,5,0,4,0,1,0,0,0,0,.455,12.8%,10.3%,1.250,.513,.758,1.270,.303,,.483,,11.4,6.1,.539,216
Frederick Bencosme,695930,last_60,AA,23.7,Chesapeake Baysox,Total,CHE,- - -,,,20,70,80,17,11,3,1,2,9,11,9,0,20,0,1,0,0,2,0,.243,11.2%,25.0%,.450,.325,.400,.725,.157,,.306,,10.2,-0.7,.327,94
Alejandro Osuna,696030,last_60,AAA,23.9,Round Rock Express,Total,RR,- - -,,,25,97,117,27,19,7,0,1,14,13,14,1,11,3,2,1,0,3,2,.278,12.0%,9.4%,1.273,.379,.381,.761,.103,,.299,,15.7,-0.0,.347,100
Leonel Espinoza,696083,last_60,A+,23.4,South Bend Cubs,Total,SB,- - -,,,13,47,51,8,7,1,0,0,9,3,4,0,12,0,0,0,4,2,0,.170,7.8%,23.5%,.333,.235,.191,.427,.021,,.229,,1.6,-5.4,.206,23
Kahlil Watson,696135,last_60,AAA,23.4,Columbus Clippers,Total,COL,- - -,,,28,107,126,25,16,4,0,5,18,15,15,0,29,4,0,0,4,6,5,.234,11.9%,23.0%,.517,.349,.411,.760,.178,,.274,,17.3,1.3,.349,108
Ethan Murray,696140,last_60,AAA,26.4,Nashville Sounds,Total,NAS,- - -,,,33,119,135,24,16,4,1,3,16,18,12,0,26,2,1,1,4,4,1,.202,8.9%,19.3%,.462,.284,.328,.611,.126,,.231,,11.5,-5.7,.282,67
Will Taylor,696142,last_60,AA,23.7,Altoona Curve,Total,ALT,- - -,,,24,85,94,27,19,3,1,4,16,14,5,0,21,1,1,2,2,5,1,.318,5.3%,22.3%,.238,.359,.518,.876,.200,,.377,,16.3,3.6,.386,128
Lonnie White Jr.,696145,last_60,AA,23.7,Altoona Curve,Total,ALT,- - -,,,24,81,99,12,7,2,0,3,10,8,16,0,32,1,1,0,2,3,1,.148,16.2%,32.3%,.500,.293,.284,.577,.136,,.191,,8.7,-4.7,.277,65
Jake Rucker,696160,last_60,AAA,27.0,St. Paul Saints,Total,STP,- - -,,,30,100,126,27,15,7,0,5,23,20,23,0,32,2,1,0,0,3,2,.270,18.3%,25.4%,.719,.413,.490,.903,.220,,.344,,22.9,5.7,.406,133
Tyler Whitaker,696264,last_60,AA,24.1,Corpus Christi Hooks,Total,CC,- - -,,,27,93,109,18,14,2,0,2,12,7,10,0,38,5,1,0,3,4,4,.194,9.2%,34.9%,.263,.303,.280,.582,.086,,.296,,9.0,-6.6,.279,58
Lorenzo Carrier,696273,last_60,A+,23.3,Spokane Indians,Total,SPO,- - -,,,5,19,19,9,5,4,0,0,2,3,0,0,2,0,0,0,0,0,0,.474,0.0%,10.5%,.000,.474,.684,1.158,.211,,.529,,5.1,2.3,.512,181
Davis Diaz,696286,last_60,AAA,23.6,Las Vegas Aviators,Total,LV,- - -,,,29,104,119,27,21,4,0,2,14,14,14,0,27,1,0,0,4,5,1,.260,11.8%,22.7%,.519,.353,.356,.709,.096,,.333,,14.4,-1.9,.329,88
James Tibbs III,696486,last_60,AAA,24.0,Oklahoma City Comets,Total,OKC,- - -,,,37,136,170,36,21,6,0,9,25,26,30,1,40,0,4,0,5,4,0,.265,17.6%,23.5%,.750,.388,.507,.896,.243,,.297,,28.9,6.1,.393,127
Mark Coley II,696501,last_60,AA,25.8,Biloxi Shuckers,Total,BLX,- - -,,,20,66,74,11,6,2,1,2,8,11,6,0,24,2,0,0,1,5,3,.167,8.1%,32.4%,.250,.257,.318,.575,.152,,.225,,5.7,-4.2,.266,57
Peyton Stovall,696510,last_60,AA,23.6,Chattanooga Lookouts,Total,CHA,- - -,,,26,94,106,19,12,3,0,4,7,14,9,0,26,2,1,0,1,1,0,.202,8.5%,24.5%,.346,.283,.362,.645,.160,,.231,,10.5,-3.7,.294,74
Andy Garriola,696513,last_60,AA,26.7,Knoxville Smokies,Total,KNX,- - -,,,28,115,125,29,23,3,0,3,11,16,4,0,28,1,2,0,3,0,0,.252,3.2%,22.4%,.143,.279,.357,.635,.104,,.302,,11.5,-5.3,.285,69
Garrett Spain,696521,last_60,AA,26.0,Wichita Wind Surge,Total,WCH,- - -,,,28,101,123,28,18,4,0,6,13,17,20,0,31,0,1,0,3,9,2,.277,16.3%,25.2%,.645,.393,.495,.888,.218,,.338,,21.5,4.0,.397,123
Rosman Verdugo,698916,last_60,A+,21.6,Fort Wayne TinCaps,Total,FW,- - -,,,28,105,121,27,18,6,0,3,12,16,12,1,38,3,1,0,0,2,0,.257,9.9%,31.4%,.316,.347,.400,.747,.143,,.369,,16.1,-0.5,.338,97
Edward Duran,698927,last_60,A+,22.2,Vancouver Canadians,Total,VAN,- - -,,,17,56,64,14,11,2,0,1,7,9,4,0,14,2,2,0,3,2,0,.250,6.2%,21.9%,.286,.312,.339,.652,.089,,.302,,6.6,-2.2,.297,75
Jesus Hernandez,698929,last_60,A+,22.5,Beloit Sky Carp,Total,BEL,- - -,,,17,54,67,14,10,4,0,0,8,8,13,0,13,0,0,0,2,9,2,.259,19.4%,19.4%,1.000,.403,.333,.736,.074,,.341,,9.7,0.5,.351,106
Ronald Hernandez,698933,last_60,A+,22.9,Brooklyn Cyclones,Total,BRK,- - -,,,23,81,101,15,10,2,0,3,12,15,18,0,25,2,0,0,2,4,0,.185,17.8%,24.8%,.720,.347,.321,.668,.136,,.226,,12.4,-1.5,.320,90
Yasmil Bucce,698935,last_60,A+,22.1,Frederick Keys,Total,FRE,- - -,,,20,56,78,14,7,4,0,3,7,15,22,0,27,0,0,0,0,1,0,.250,28.2%,34.6%,.815,.462,.482,.944,.232,,.423,,16.3,5.6,.430,152
Anderson De Los Santos,698945,last_60,AA,22.7,Chesapeake Baysox,Total,CHE,- - -,,,23,77,92,13,8,3,0,2,7,8,13,0,16,1,0,1,3,1,0,.169,14.1%,17.4%,.812,.297,.286,.582,.117,,.186,,8.2,-4.2,.279,66
Diego Villegas,698969,last_60,DSL,22.4,DSL Giants Black,Total,D-GIB,- - -,,,5,14,17,2,2,0,0,0,1,2,3,0,4,0,0,0,0,0,0,.143,17.6%,23.5%,.750,.294,.143,.437,.000,,.200,,1.2,-1.7,.233,42
Jose Astudillo,698973,last_60,AA,22.5,Richmond Flying Squirrels,Total,RIC,- - -,,,16,54,61,11,9,2,0,0,6,5,5,0,8,0,0,0,1,4,2,.204,8.2%,13.1%,.625,.271,.241,.512,.037,,.239,,3.8,-4.5,.243,45
Leo Bernal,699024,last_60,AAA,22.5,Memphis Redbirds,Total,MEM,- - -,,,16,58,67,14,11,1,0,2,7,11,9,0,15,0,0,0,2,2,1,.241,13.4%,22.4%,.600,.343,.362,.705,.121,,.293,,8.1,-0.4,.327,95
José Suárez,699027,last_60,A+,22.1,Peoria Chiefs,Total,PEO,- - -,,,12,40,45,12,10,2,0,0,4,3,3,0,6,2,0,0,1,4,1,.300,6.7%,13.3%,.500,.378,.350,.728,.050,,.353,,6.1,-0.0,.340,99
Anyelo Encarnación,699031,last_60,A+,22.7,Peoria Chiefs,Total,PEO,- - -,,,20,62,71,15,10,2,2,1,8,8,8,0,17,1,0,0,3,3,2,.242,11.3%,23.9%,.471,.338,.387,.725,.145,,.318,,9.2,-0.6,.331,94
Yamal Encarnacion,699043,last_60,AA,22.9,Corpus Christi Hooks,Total,CC,- - -,,,1,3,3,1,1,0,0,0,1,0,0,0,1,0,0,0,0,1,0,.333,0.0%,33.3%,.000,.333,.333,.667,.000,,.500,,0.3,-0.1,.303,71
Thayron Liranzo,699073,last_60,AA,23.2,Erie SeaWolves,Total,ERI,- - -,,,26,101,114,20,7,5,0,8,16,26,10,0,30,1,2,0,1,1,1,.198,8.8%,26.3%,.333,.272,.485,.757,.287,,.185,,14.7,-0.7,.330,95
Jose Perez,699077,last_60,A+,22.5,Bowling Green Hot Rods,Total,BG,- - -,,,4,13,16,1,1,0,0,0,1,0,3,0,6,0,0,0,1,0,0,.077,18.8%,37.5%,.500,.250,.077,.327,.000,,.143,,0.4,-1.9,.190,16
Diego Omana,699111,last_60,A+,23.6,Dayton Dragons,Total,DAY,- - -,,,3,12,13,4,2,2,0,0,0,3,1,0,3,0,0,0,0,0,0,.333,7.7%,23.1%,.333,.385,.500,.885,.167,,.444,,2.3,0.5,.394,130
Leo Balcazar,699114,last_60,AAA,22.3,Louisville Bats,Total,LOU,- - -,,,35,121,140,31,19,9,1,2,14,17,19,0,23,0,0,0,4,1,1,.256,13.6%,16.4%,.826,.357,.397,.754,.140,,.302,,18.9,1.0,.345,106
Carlos Jorge,699115,last_60,AAA,22.9,Louisville Bats,Total,LOU,- - -,,,6,24,29,6,4,1,1,0,3,2,4,0,5,1,0,0,0,2,0,.250,13.8%,17.2%,.800,.379,.375,.754,.125,,.316,,4.0,0.3,.350,109
Gregory Barrios,699126,last_60,AA,22.4,Montgomery Biscuits,Total,MTG,- - -,,,28,114,117,36,30,3,2,1,16,15,2,0,14,0,0,0,3,9,4,.316,1.7%,12.0%,.143,.328,.404,.731,.088,,.354,,14.6,-1.0,.328,94
Luis Castillo,699127,last_60,A+,22.9,Wisconsin Timber Rattlers,Total,WIS,- - -,,,26,83,112,17,10,2,0,5,16,19,26,0,30,1,2,0,1,2,0,.205,23.2%,26.8%,.867,.393,.410,.802,.205,,.240,,17.9,2.5,.370,116
Jadher Areinamo,699130,last_60,AAA,22.8,Durham Bulls,Total,DUR,- - -,,,13,47,49,7,5,2,0,0,3,3,1,0,2,0,1,0,1,1,0,.149,2.0%,4.1%,.500,.163,.191,.355,.043,,.152,,-0.4,-6.7,.160,-7
Ahbram Liendo,699157,last_60,AA,22.6,Portland Sea Dogs,Total,POR,- - -,,,17,53,63,12,9,1,0,2,9,9,8,0,20,2,0,0,0,6,2,.226,12.7%,31.7%,.400,.349,.358,.708,.132,,.323,,8.2,-0.3,.331,96
Edgardo Ordonez,699166,last_60,A+,23.0,Wisconsin Timber Rattlers,Total,WIS,- - -,,,7,27,29,6,3,2,0,1,4,5,1,0,9,0,1,0,0,0,0,.222,3.4%,31.0%,.111,.241,.407,.649,.185,,.278,,2.6,-1.4,.281,65
Samuel Escudero,699167,last_60,AA,22.5,Altoona Curve,Total,ALT,- - -,,,4,14,16,1,0,0,0,1,1,4,1,0,3,1,0,0,0,0,0,.071,6.2%,18.8%,.333,.188,.286,.473,.214,,.000,,0.7,-1.4,.223,34
Gleider Figuereo,699213,last_60,A+,22.2,Hub City Spartanburgers,Total,HCS,- - -,,,26,99,115,25,16,7,0,2,13,15,14,0,23,1,1,0,3,2,0,.253,12.2%,20.0%,.609,.348,.384,.732,.131,,.307,,15.2,-0.8,.335,95
Jakey Josepha,699228,last_60,A+,22.3,Hillsboro Hops,Total,HIL,- - -,,,24,94,106,26,18,5,1,2,15,13,10,0,24,1,1,0,1,13,4,.277,9.4%,22.6%,.417,.349,.415,.764,.138,,.348,,14.8,-1.0,.345,94
Anderdson Rojas,699232,last_60,AAA,22.5,Reno Aces,Total,RNO,- - -,,,32,119,126,30,27,3,0,0,7,7,4,0,25,1,0,2,3,8,1,.252,3.2%,19.8%,.160,.282,.277,.560,.025,,.319,,8.1,-8.8,.258,48
Yohairo Cuevas,699293,last_60,AA,22.9,Binghamton Rumble Ponies,Total,BNG,- - -,,,5,15,15,6,3,3,0,0,4,1,0,0,2,0,0,0,1,1,0,.400,0.0%,13.3%,.000,.400,.600,1.000,.200,,.462,,3.2,1.2,.441,159
Jimmy Crooks,699625,last_60,AAA,25.2,Memphis Redbirds,Total,MEM,- - -,,,13,49,59,20,15,3,0,2,11,9,9,0,15,0,1,0,1,1,0,.408,15.3%,25.4%,.600,.492,.592,1.083,.184,,.545,,14.0,6.5,.477,187
Ricardo Cova,699698,last_60,A+,22.3,Everett AquaSox,Total,EVE,- - -,,,9,38,39,13,8,3,2,0,6,5,1,0,4,0,0,0,2,3,0,.342,2.6%,10.3%,.250,.359,.526,.885,.184,,.382,,6.8,1.0,.388,116
Raylin Heredia,699712,last_60,AA,22.8,Reading Fightin Phils,Total,REA,- - -,,,30,120,131,33,23,6,0,4,15,17,8,0,32,3,0,0,2,8,2,.275,6.1%,24.4%,.250,.336,.425,.761,.150,,.345,,18.4,0.6,.344,104
Jose Fernandez,699912,last_60,AAA,23.0,Reno Aces,Total,RNO,- - -,,,15,55,61,10,6,2,0,2,9,9,4,0,11,1,0,1,0,2,0,.182,6.6%,18.0%,.364,.250,.327,.577,.145,,.190,,4.2,-4.0,.264,51
Victor Labrada,700032,last_60,AAA,26.7,Tacoma Rainiers,Total,TAC,- - -,,,26,92,108,26,21,2,0,3,13,8,13,0,20,3,0,0,0,7,3,.283,12.0%,18.5%,.650,.389,.402,.791,.120,,.333,,16.0,1.5,.366,111
Jake Thompson,700081,last_60,AA,28.5,Rocket City Trash Pandas,Total,RCT,- - -,,,18,54,62,21,13,5,0,3,6,17,8,0,6,0,0,0,2,0,0,.389,12.9%,9.7%,1.333,.468,.648,1.116,.259,,.400,,15.6,7.3,.489,188
John Bay,700083,last_60,AA,25.3,Binghamton Rumble Ponies,Total,BNG,- - -,,,27,89,105,19,14,2,0,3,18,9,14,0,35,2,0,0,0,10,2,.213,13.3%,33.3%,.400,.333,.337,.670,.124,,.314,,12.4,-1.8,.315,87
Bryant Betancourt,700164,last_60,AAA,22.9,Albuquerque Isotopes,Total,ABQ,- - -,,,18,69,75,24,15,9,0,0,12,15,5,0,9,0,1,0,1,0,0,.348,6.7%,12.0%,.556,.387,.478,.865,.130,,.393,,12.2,2.2,.385,122
Ryan McCoy,700178,last_60,A+,24.3,Bowling Green Hot Rods,Total,BG,- - -,,,24,93,102,26,19,3,2,2,13,15,8,0,37,1,0,0,1,6,1,.280,7.8%,36.3%,.216,.343,.419,.762,.140,,.444,,14.5,0.5,.344,103
Payton Green,700243,last_60,AA,23.7,Pensacola Blue Wahoos,Total,PNS,- - -,,,11,36,42,11,7,1,0,3,9,6,5,0,13,1,0,0,0,7,0,.306,11.9%,31.0%,.385,.405,.583,.988,.278,,.400,,8.8,3.2,.436,157
Carson Williams,700246,last_60,AAA,23.2,Durham Bulls,Total,DUR,- - -,,,30,98,118,23,17,2,3,1,11,11,17,0,40,1,2,0,0,6,2,.235,14.4%,33.9%,.425,.347,.347,.694,.112,,.373,,13.7,-1.3,.321,91
Derlin Figueroa,700283,last_60,A+,23.0,Quad Cities River Bandits,Total,QC,- - -,,,18,71,79,14,6,3,1,4,11,10,8,1,20,0,0,0,1,4,0,.197,10.1%,25.3%,.400,.278,.437,.715,.239,,.213,,9.1,-1.8,.313,84
Andy Perez,700321,last_60,AA,22.3,Hartford Yard Goats,Total,HFD,- - -,,,28,118,126,26,15,7,1,3,15,13,6,1,31,2,0,0,2,5,1,.220,4.8%,24.6%,.194,.270,.373,.643,.153,,.274,,12.0,-5.1,.286,70
Edgar Quero,700337,last_60,AAA,23.5,Charlotte Knights,Total,CLT,- - -,,,13,48,55,11,9,2,0,0,2,4,7,0,9,0,0,0,1,0,0,.229,12.7%,16.4%,.778,.327,.271,.598,.042,,.282,,4.9,-2.1,.286,70
Kenny Castillo,700341,last_60,A+,22.3,Hillsboro Hops,Total,HIL,- - -,,,16,55,61,12,5,2,1,4,9,13,3,0,12,2,1,0,2,0,0,.218,4.9%,19.7%,.250,.279,.509,.788,.291,,.200,,8.4,-0.7,.342,92
Adrian De Leon,700369,last_60,A+,22.6,Hillsboro Hops,Total,HIL,- - -,,,3,8,11,0,0,0,0,0,0,2,2,0,3,0,0,1,0,0,0,.000,18.2%,27.3%,.667,.200,.000,.200,.000,,.000,,-0.2,-1.8,.142,-12
Gabriel Silva,700385,last_60,A,22.7,Columbia Fireflies,Total,COL,- - -,,,7,20,21,3,0,1,0,2,2,3,1,0,6,0,0,0,0,0,0,.150,4.8%,28.6%,.167,.190,.500,.690,.350,,.083,,2.2,-0.6,.296,78
Kenny Piper,700652,last_60,AAA,28.2,Durham Bulls,Total,DUR,- - -,,,8,30,36,9,5,3,0,1,6,2,5,0,8,1,0,0,2,2,1,.300,13.9%,22.2%,.625,.417,.500,.917,.200,,.381,,6.8,2.1,.412,146
Nick Lorusso,700681,last_60,AAA,26.0,Syracuse Mets,Total,SYR,- - -,,,24,78,89,16,13,2,0,1,10,6,9,0,20,2,0,0,1,5,0,.205,10.1%,22.5%,.450,.303,.269,.573,.064,,.263,,7.1,-4.3,.274,62
Luis Pino,700720,last_60,AA,22.6,Springfield Cardinals,Total,SPR,- - -,,,6,20,24,2,2,0,0,0,4,2,4,0,7,0,0,0,0,0,0,.100,16.7%,29.2%,.571,.250,.100,.350,.000,,.154,,0.4,-3.0,.194,12
Keiner Delgado,700731,last_60,AA,22.7,Altoona Curve,Total,ALT,- - -,,,26,100,117,28,20,5,0,3,16,18,10,0,28,2,3,2,3,13,2,.280,8.5%,23.9%,.357,.348,.420,.768,.140,,.347,,16.5,0.6,.344,104
Mathieu Vallee,700795,last_60,AA,26.1,New Hampshire Fisher Cats,Total,NH,- - -,,,16,53,58,14,12,2,0,0,3,4,4,0,12,1,0,0,0,7,0,.264,6.9%,20.7%,.333,.328,.302,.629,.038,,.341,,5.9,-1.9,.295,75
Matthew Ellis,700815,last_60,A+,26.1,Everett AquaSox,Total,EVE,- - -,,,20,77,95,19,14,2,0,3,14,16,17,0,23,1,0,0,3,0,1,.247,17.9%,24.2%,.739,.389,.390,.779,.143,,.314,,14.6,0.4,.363,103
Adam Zebrowski,700845,last_60,AA,26.0,Columbus Clingstones,Total,COL,- - -,,,24,81,91,24,10,4,1,9,13,20,9,0,28,1,0,0,2,0,0,.296,9.9%,30.8%,.321,.374,.704,1.077,.407,,.341,,21.0,8.8,.462,172
Seth Stephenson,700931,last_60,AA,25.7,Erie SeaWolves,Total,ERI,- - -,,,26,100,108,25,17,6,1,1,18,11,4,0,14,3,0,1,2,16,1,.250,3.7%,13.0%,.286,.299,.360,.659,.110,,.282,,11.4,-3.2,.300,78
Kyle Manzardo,700932,last_60,AAA,26.2,Columbus Clippers,Total,COL,- - -,,,35,139,157,40,23,12,0,5,21,34,16,0,39,0,2,0,1,1,0,.288,10.2%,24.8%,.410,.357,.482,.839,.194,,.361,,24.4,4.5,.372,122
Bennett Lee,700939,last_60,AAA,24.4,Toledo Mud Hens,Total,TOL,- - -,,,15,44,51,9,7,1,0,1,5,6,4,0,17,3,0,0,0,0,0,.205,7.8%,33.3%,.235,.314,.295,.609,.091,,.308,,4.7,-1.8,.291,73
Alec Briley,701062,last_60,AA,26.0,Birmingham Barons,Total,BIR,- - -,,,31,122,137,25,10,5,1,9,18,24,10,0,34,1,4,0,2,3,1,.205,7.3%,24.8%,.294,.263,.484,.746,.279,,.193,,16.5,-1.8,.322,90
Kerrington Cross,701136,last_60,A+,24.4,Fort Wayne TinCaps,Total,FW,- - -,,,28,102,118,30,19,8,0,3,18,12,14,0,28,2,0,0,2,3,3,.294,11.9%,23.7%,.500,.390,.461,.851,.167,,.380,,20.1,3.8,.385,123
Nick Cimillo,701177,last_60,A,26.5,Bradenton Marauders,Total,BRD,- - -,,,30,104,119,27,11,8,1,7,17,28,12,0,26,1,2,0,3,2,0,.260,10.1%,21.8%,.462,.336,.558,.894,.298,,.274,,20.0,4.6,.387,130
Willy Montero,701206,last_60,A+,22.1,Hudson Valley Renegades,Total,HV,- - -,,,12,41,45,11,9,1,0,1,5,7,2,0,13,1,1,0,0,5,0,.268,4.4%,28.9%,.154,.311,.366,.677,.098,,.357,,5.0,-1.1,.306,82
Carter Mathison,701296,last_60,A+,23.6,Jersey Shore BlueClaws,Total,JS,- - -,,,11,25,31,3,2,0,0,1,2,1,5,0,7,1,0,0,0,2,0,.120,16.1%,22.6%,.714,.290,.240,.530,.120,,.118,,2.5,-1.8,.265,59
Phillip Glasser,701298,last_60,AAA,26.8,Rochester Red Wings,Total,ROC,- - -,,,23,83,104,15,10,3,1,1,10,9,18,0,18,1,0,2,4,2,0,.181,17.3%,17.3%,1.000,.333,.277,.610,.096,,.219,,10.1,-3.1,.297,76
Zach Dezenzo,701305,last_60,AAA,26.4,Sugar Land Space Cowboys,Total,SUG,- - -,,,28,92,113,18,11,4,1,2,8,9,18,0,23,3,0,0,1,2,1,.196,15.9%,20.4%,.783,.345,.326,.671,.130,,.239,,12.7,-2.5,.319,83
Luke Heyman,701326,last_60,A+,23.2,Greenville Drive,Total,GVL,- - -,,,16,62,71,16,9,3,0,4,11,17,9,0,20,0,0,0,1,0,0,.258,12.7%,28.2%,.450,.352,.500,.852,.242,,.316,,12.0,2.3,.379,123
Elijah Green,701327,last_60,AA,22.8,Harrisburg Senators,Total,HBG,- - -,,,25,92,108,15,7,5,1,2,18,9,14,0,42,0,2,0,4,1,0,.163,13.0%,38.9%,.333,.269,.304,.573,.141,,.260,,8.5,-6.1,.265,58
Brody Donay,701330,last_60,A,22.9,Charleston RiverDogs,Total,CHS,- - -,,,11,32,41,3,1,0,0,2,6,2,8,0,12,0,0,1,1,2,0,.094,19.5%,29.3%,.667,.275,.281,.556,.188,,.056,,3.5,-2.0,.270,63
Blake Cyr,701331,last_60,A,22.8,Tampa Tarpons,Total,TAM,- - -,,,9,32,39,9,6,2,0,1,7,5,5,0,13,1,1,0,0,3,0,.281,12.8%,33.3%,.385,.385,.438,.822,.156,,.421,,6.3,0.6,.371,110
Colby Shelton,701333,last_60,AA,23.8,Birmingham Barons,Total,BIR,- - -,,,27,90,107,19,9,4,1,5,11,14,14,1,27,1,2,0,3,2,1,.211,13.1%,25.2%,.519,.318,.444,.762,.233,,.233,,14.0,-0.3,.335,98
Ethan Petry,701337,last_60,AA,22.2,Harrisburg Senators,Total,HBG,- - -,,,25,102,109,27,12,8,0,7,10,20,6,0,40,1,0,0,2,0,0,.265,5.5%,36.7%,.150,.312,.549,.861,.284,,.364,,18.1,3.3,.377,122
Marek Houston,701339,last_60,AA,22.4,Wichita Wind Surge,Total,WCH,- - -,,,25,103,118,30,25,4,0,1,20,13,12,0,21,2,0,1,1,6,5,.291,10.2%,17.8%,.571,.376,.359,.735,.068,,.358,,15.6,-1.2,.342,93
Kendrey Maduro,701342,last_60,A+,22.4,Tri-City Dust Devils,Total,TRI,- - -,,,24,99,107,32,19,8,2,3,15,13,4,0,28,2,1,1,3,0,0,.323,3.7%,26.2%,.143,.358,.535,.894,.212,,.420,,18.9,2.9,.392,118
Roman Anthony,701350,last_60,AAA,22.3,Worcester Red Sox,Total,WOR,- - -,,,8,25,30,7,3,2,0,2,3,7,4,0,8,0,1,0,1,0,0,.280,13.3%,26.7%,.500,.367,.600,.967,.320,,.312,,5.7,1.8,.413,145
Isaiah Barkett,701373,last_60,A+,22.8,Eugene Emeralds,Total,EUG,- - -,,,1,4,5,1,1,0,0,0,1,0,1,0,1,0,0,0,1,0,0,.250,20.0%,20.0%,1.000,.400,.250,.650,.000,,.333,,0.6,-0.1,.324,83
Marco Dinges,701392,last_60,AA,22.9,Biloxi Shuckers,Total,BLX,- - -,,,4,10,12,1,1,0,0,0,0,0,2,0,5,0,0,0,1,0,0,.100,16.7%,41.7%,.400,.250,.100,.350,.000,,.200,,0.3,-1.4,.194,16
Zach Ehrhard,701394,last_60,AAA,23.7,Oklahoma City Comets,Total,OKC,- - -,,,38,151,177,42,28,8,1,5,36,18,24,0,37,2,0,0,3,12,2,.278,13.6%,20.9%,.649,.384,.444,.828,.166,,.339,,27.7,3.9,.376,117
Canyon Brown,701401,last_60,AA,23.1,Northwest Arkansas Naturals,Total,NWA,- - -,,,18,63,71,8,7,1,0,0,6,5,4,0,21,3,1,0,0,4,0,.127,5.6%,29.6%,.190,.211,.143,.354,.016,,.186,,0.3,-9.8,.179,3
Broedy Poppell,701435,last_60,A,24.2,San Jose Giants,Total,SJ,- - -,,,22,78,94,23,11,7,2,3,18,16,13,0,25,2,0,0,1,2,1,.295,13.8%,26.6%,.520,.409,.551,.960,.256,,.400,,19.0,5.1,.424,137
Ryan Campos,701481,last_60,AA,23.9,Springfield Cardinals,Total,SPR,- - -,,,26,86,110,21,18,2,0,1,18,9,19,0,24,5,0,0,2,3,1,.244,17.3%,21.8%,.792,.409,.302,.711,.058,,.328,,15.0,-0.6,.348,96
Hunter Dobbins,701493,last_60,A,23.9,Lakeland Flying Tigers,Total,LAK,- - -,,,13,43,51,8,5,1,0,2,8,8,7,0,22,1,0,0,0,0,0,.186,13.7%,43.1%,.318,.314,.349,.663,.163,,.316,,5.8,-1.7,.309,77
Ben Cowles,701496,last_60,AAA,26.6,Iowa Cubs,Total,IOW,- - -,,,31,105,122,24,14,6,0,4,8,18,13,0,29,1,1,2,1,4,2,.229,10.7%,23.8%,.448,.317,.400,.717,.171,,.274,,14.5,-1.1,.324,93
Bobby Blandford,701520,last_60,A,23.7,Stockton Ports,Total,STK,- - -,,,23,81,105,20,12,2,1,5,16,17,19,0,23,4,1,0,0,5,1,.247,18.1%,21.9%,.826,.410,.481,.891,.235,,.278,,19.4,3.9,.402,125
Mike Sirota,701527,last_60,AAA,23.3,Oklahoma City Comets,Total,OKC,- - -,,,16,57,71,12,9,3,0,0,11,2,11,0,20,3,0,0,1,0,0,.211,15.5%,28.2%,.550,.366,.263,.629,.053,,.324,,7.7,-2.4,.312,76
J.R. Freethy,701540,last_60,AA,23.7,New Hampshire Fisher Cats,Total,NH,- - -,,,23,74,81,15,13,2,0,0,4,4,6,0,16,1,0,0,1,0,2,.203,7.4%,19.8%,.375,.272,.230,.501,.027,,.259,,4.8,-6.2,.240,44
Duce Gourson,701546,last_60,AAA,24.0,Indianapolis Indians,Total,IND,- - -,,,31,119,136,35,22,7,2,4,19,16,14,0,34,2,0,1,1,5,3,.294,10.3%,25.0%,.412,.378,.487,.865,.193,,.383,,22.8,5.5,.387,132
Ali Camarillo,701548,last_60,A+,23.3,Lansing Lugnuts,Total,LAN,- - -,,,31,120,136,41,28,11,0,2,16,24,14,0,22,2,0,0,8,1,2,.342,10.3%,16.2%,.636,.419,.483,.902,.142,,.406,,25.0,5.8,.407,130
Rodney Green Jr.,701587,last_60,A+,23.4,Lansing Lugnuts,Total,LAN,- - -,,,20,71,84,15,11,4,0,0,5,6,13,0,33,0,0,0,0,3,1,.211,15.5%,39.3%,.394,.333,.268,.601,.056,,.395,,8.2,-3.3,.291,71
Luke Davis,701592,last_60,A,23.6,Clearwater Threshers,Total,CLR,- - -,,,1,3,4,0,0,0,0,0,0,0,1,0,3,0,0,0,0,0,0,.000,25.0%,75.0%,.333,.250,.000,.250,.000,,,,0.0,-0.5,.178,7
Chris Brito,701594,last_60,A+,26.9,Quad Cities River Bandits,Total,QC,- - -,,,9,33,39,9,5,4,0,0,6,6,5,0,11,1,0,0,1,0,0,.273,12.8%,28.2%,.455,.385,.394,.779,.121,,.409,,5.9,0.6,.360,110
Caleb Lomavita,701616,last_60,AA,23.8,Harrisburg Senators,Total,HBG,- - -,,,13,50,53,14,11,0,1,2,6,8,2,0,14,0,1,0,1,1,0,.280,3.8%,26.4%,.143,.302,.440,.742,.160,,.343,,6.7,-0.5,.326,93
Damon Keith,701618,last_60,AA,26.3,Biloxi Shuckers,Total,BLX,- - -,,,26,91,104,28,19,4,0,5,11,23,10,0,28,0,3,0,2,0,2,.308,9.6%,26.9%,.357,.365,.516,.882,.209,,.377,,17.8,3.8,.386,128
Aaron Zavala,701648,last_60,AAA,26.2,Round Rock Express,Total,RR,- - -,,,32,120,132,32,20,7,1,4,18,20,10,0,41,2,0,0,2,1,2,.267,7.6%,31.1%,.244,.333,.442,.775,.175,,.373,,17.8,0.0,.348,100
James Triantos,701649,last_60,AAA,23.6,Iowa Cubs,Total,IOW,- - -,,,25,90,106,25,17,6,0,2,17,6,13,1,13,3,0,0,1,9,4,.278,12.3%,12.3%,1.000,.387,.411,.798,.133,,.307,,15.9,2.4,.364,118
Mason Guerra,701653,last_60,A+,24.0,Rome Emperors,Total,ROM,- - -,,,19,67,88,16,12,3,0,1,8,6,19,0,20,2,0,0,0,3,1,.239,21.6%,22.7%,.950,.420,.328,.749,.090,,.326,,13.8,1.7,.363,114
Reed Trimble,701655,last_60,AAA,26.2,Norfolk Tides,Total,NOR,- - -,,,5,16,20,3,0,2,0,1,3,4,3,1,9,0,1,0,0,1,0,.188,15.0%,45.0%,.333,.300,.500,.800,.312,,.286,,2.3,-0.2,.322,92
Braedon Karpathios,701682,last_60,AAA,23.3,El Paso Chihuahuas,Total,ELP,- - -,,,33,124,140,36,24,6,0,6,17,26,15,1,50,0,0,1,0,0,2,.290,10.7%,35.7%,.300,.367,.484,.851,.194,,.441,,22.3,2.6,.378,113
Vance Honeycutt,701689,last_60,A+,23.2,Frederick Keys,Total,FRE,- - -,,,23,82,93,23,8,8,1,6,17,14,9,0,24,2,0,0,0,10,1,.280,9.7%,25.8%,.375,.366,.622,.988,.341,,.327,,19.2,6.6,.428,152
Ryan Stafford,701696,last_60,A+,23.6,Frederick Keys,Total,FRE,- - -,,,7,17,21,3,2,1,0,0,3,0,3,0,3,1,0,0,0,1,0,.176,14.3%,14.3%,1.000,.333,.235,.569,.059,,.214,,2.0,-0.9,.285,70
Bryan Arendt,701699,last_60,A+,23.4,Lansing Lugnuts,Total,LAN,- - -,,,17,58,69,13,8,3,0,2,7,9,10,0,22,0,1,0,1,2,1,.224,14.5%,31.9%,.455,.333,.379,.713,.155,,.314,,8.6,-0.8,.326,91
Quincy Scott,701701,last_60,A+,23.6,Hub City Spartanburgers,Total,HCS,- - -,,,19,68,79,20,11,3,1,5,14,13,9,0,17,1,1,0,2,3,1,.294,11.4%,21.5%,.529,.380,.588,.968,.294,,.319,,15.9,5.1,.421,147
Bryce Martin-Grudzielanek,701727,last_60,A+,23.3,Hudson Valley Renegades,Total,HV,- - -,,,24,85,96,16,12,3,0,1,11,7,6,0,23,2,3,0,5,8,2,.188,6.2%,24.0%,.261,.250,.259,.509,.071,,.234,,5.5,-7.7,.236,42
Ryan McCrystal,701734,last_60,A+,23.9,Dayton Dragons,Total,DAY,- - -,,,22,81,96,22,14,5,0,3,8,10,14,0,15,1,0,0,1,0,1,.272,14.6%,15.6%,.933,.385,.444,.830,.173,,.302,,15.9,2.7,.377,121
Bennett Thompson,701750,last_60,AA,23.7,Akron RubberDucks,Total,AKR,- - -,,,26,90,112,26,17,7,0,2,23,17,17,0,15,2,2,1,3,1,1,.289,15.2%,13.4%,1.133,.405,.433,.839,.144,,.320,,19.0,3.8,.381,125
Billy Amick,701771,last_60,AAA,23.9,Syracuse Mets,Total,SYR,- - -,,,31,119,133,26,8,6,0,12,23,28,10,0,44,2,1,1,1,1,0,.218,7.5%,33.1%,.227,.288,.571,.859,.353,,.219,,20.8,3.6,.371,121
Wilson Weber,701777,last_60,A+,24.3,Beloit Sky Carp,Total,BEL,- - -,,,14,50,54,8,4,2,0,2,7,6,4,0,17,0,0,0,0,2,0,.160,7.4%,31.5%,.235,.222,.320,.542,.160,,.194,,3.4,-4.0,.246,46
Jace Avina,701778,last_60,AA,23.3,Somerset Patriots,Total,SOM,- - -,,,30,118,131,28,20,6,0,2,14,14,9,0,25,2,2,0,2,4,5,.237,6.9%,19.1%,.360,.298,.339,.637,.102,,.280,,12.9,-4.8,.291,73
Cole Messina,701783,last_60,AA,23.3,Hartford Yard Goats,Total,HFD,- - -,,,21,73,84,20,11,5,0,4,7,17,9,0,22,0,2,0,3,5,2,.274,10.7%,26.2%,.409,.345,.507,.852,.233,,.327,,13.7,2.3,.373,120
Cam Clayton,701784,last_60,A+,24.2,Beloit Sky Carp,Total,BEL,- - -,,,11,34,38,9,4,5,0,0,4,1,3,0,2,1,0,0,0,2,2,.265,7.9%,5.3%,1.500,.342,.412,.754,.147,,.281,,5.2,0.0,.342,100
Josh Caron,701805,last_60,AA,23.1,Arkansas Travelers,Total,ARK,- - -,,,24,88,101,21,11,5,2,3,14,10,11,0,29,2,0,0,2,4,1,.239,10.9%,28.7%,.379,.337,.443,.780,.205,,.321,,14.0,-0.4,.350,97
John Spikerman,701811,last_60,A+,23.4,Brooklyn Cyclones,Total,BRK,- - -,,,20,65,85,14,8,3,0,3,18,13,17,0,23,1,2,0,1,12,2,.215,20.0%,27.1%,.739,.376,.400,.776,.185,,.268,,12.9,1.2,.357,111
Jacob Friend,701820,last_60,A+,23.5,Dayton Dragons,Total,DAY,- - -,,,20,56,72,12,6,2,0,4,11,6,13,1,25,2,0,1,1,2,1,.214,18.1%,34.7%,.520,.380,.464,.845,.250,,.296,,12.0,2.1,.379,121
Carson DeMartini,701831,last_60,AA,23.7,Reading Fightin Phils,Total,REA,- - -,,,29,87,120,26,11,8,2,5,25,19,31,0,26,1,1,0,0,9,4,.299,25.8%,21.7%,1.192,.483,.609,1.093,.310,,.368,,29.1,12.9,.475,179
Carter Cunningham,701860,last_60,AA,25.8,New Hampshire Fisher Cats,Total,NH,- - -,,,29,100,114,27,13,8,1,5,20,20,12,0,34,1,1,0,1,5,0,.270,10.5%,29.8%,.353,.351,.520,.871,.250,,.355,,19.5,4.0,.383,126
Jacob Walsh,701862,last_60,A+,23.5,Wilmington Blue Rocks,Total,WIL,- - -,,,27,93,101,31,12,10,0,9,19,29,8,0,35,0,0,0,0,1,0,.333,7.9%,34.7%,.229,.386,.731,1.117,.398,,.449,,25.1,11.2,.481,181
Trevor Cohen,701906,last_60,AA,22.9,Richmond Flying Squirrels,Total,RIC,- - -,,,30,129,142,37,31,3,1,2,18,15,12,0,17,0,1,0,4,11,1,.287,8.5%,12.0%,.706,.345,.372,.717,.085,,.315,,18.1,-1.1,.327,94
Nestor Rios,701980,last_60,A+,21.7,Beloit Sky Carp,Total,BEL,- - -,,,2,7,9,2,1,1,0,0,1,2,1,0,2,1,0,0,1,1,0,.286,11.1%,22.2%,.500,.444,.429,.873,.143,,.400,,1.7,0.5,.406,138
Cole Gabrielson,702068,last_60,AA,26.2,Somerset Patriots,Total,SOM,- - -,,,19,60,70,15,8,4,0,3,12,10,8,0,12,2,0,0,1,7,0,.250,11.4%,17.1%,.667,.357,.467,.824,.217,,.267,,11.3,1.8,.371,119
John Michael Faile,702114,last_60,A+,26.3,Dayton Dragons,Total,DAY,- - -,,,25,102,114,30,14,7,1,8,15,20,8,0,18,3,1,0,3,0,0,.294,7.0%,15.8%,.444,.360,.618,.977,.324,,.286,,22.9,7.3,.423,147
Ruben Ibarra,702140,last_60,AA,27.4,Chattanooga Lookouts,Total,CHA,- - -,,,18,68,79,17,9,3,0,5,15,12,10,0,16,1,0,0,1,0,0,.250,12.7%,20.3%,.625,.354,.515,.869,.265,,.255,,13.5,2.9,.386,128
Alan Roden,702176,last_60,AAA,26.7,St. Paul Saints,Total,STP,- - -,,,15,66,74,19,15,3,0,1,10,8,6,1,9,2,0,0,2,2,0,.288,8.1%,12.2%,.667,.365,.379,.744,.091,,.321,,9.6,0.2,.338,102
Colin Tuft,702239,last_60,A+,23.6,Frederick Keys,Total,FRE,- - -,,,22,56,67,11,4,4,0,3,7,8,10,0,20,1,0,0,1,4,1,.196,14.9%,29.9%,.500,.328,.429,.757,.232,,.242,,9.4,0.3,.343,103
Cam Collier,702253,last_60,AA,21.8,Chattanooga Lookouts,Total,CHA,- - -,,,31,122,135,21,12,6,0,3,11,12,11,0,30,1,1,0,3,0,0,.172,8.1%,22.2%,.367,.244,.295,.540,.123,,.200,,8.6,-9.5,.249,48
Druw Jones,702258,last_60,AA,22.8,Amarillo Sod Poodles,Total,AMA,- - -,,,28,115,126,34,24,6,2,2,23,10,10,0,32,0,0,1,3,13,3,.296,7.9%,25.4%,.312,.352,.435,.787,.139,,.395,,17.8,-0.2,.354,99
Termarr Johnson,702261,last_60,AAA,22.2,Indianapolis Indians,Total,IND,- - -,,,1,3,4,0,0,0,0,0,1,0,1,0,0,0,0,0,0,0,0,.000,25.0%,0.0%,,.250,.000,.250,.000,,.000,,0.0,-0.5,.178,3
Jared Jones,702262,last_60,A+,23.1,Greensboro Grasshoppers,Total,GBO,- - -,,,16,59,66,18,10,0,0,8,12,16,6,0,19,1,0,0,1,0,0,.305,9.1%,28.8%,.316,.379,.712,1.091,.407,,.312,,15.8,6.8,.470,175
Gavin Kilen,702264,last_60,AA,22.5,Richmond Flying Squirrels,Total,RIC,- - -,,,15,61,67,16,10,3,2,1,8,4,5,0,11,0,1,0,2,0,1,.262,7.5%,16.4%,.455,.313,.426,.740,.164,,.300,,8.5,-0.5,.327,94
Paxton Kling,702265,last_60,A+,23.3,Hub City Spartanburgers,Total,HCS,- - -,,,30,106,136,23,19,3,0,1,22,10,22,0,34,6,0,2,0,20,3,.217,16.2%,25.0%,.647,.381,.274,.654,.057,,.310,,17.0,-1.9,.324,90
Malcolm Moore,702270,last_60,AA,23.1,Frisco RoughRiders,Total,FRI,- - -,,,16,59,70,14,6,6,0,2,6,10,6,0,12,5,0,0,0,0,1,.237,8.6%,17.1%,.500,.357,.441,.798,.203,,.267,,10.4,0.4,.363,104
Carsten Sabathia III,702276,last_60,A,23.0,Wilson Warbirds,Total,WIL,- - -,,,21,73,84,21,14,4,0,3,9,12,11,0,23,0,0,0,3,1,0,.288,13.1%,27.4%,.478,.381,.466,.847,.178,,.383,,14.5,3.1,.382,127
Nolan Schubart,702278,last_60,AA,22.3,Akron RubberDucks,Total,AKR,- - -,,,27,97,118,19,7,2,0,10,14,25,21,2,44,0,0,0,0,2,1,.196,17.8%,37.3%,.477,.339,.526,.865,.330,,.209,,19.5,3.5,.376,122
Tucker Toman,702283,last_60,AA,22.8,New Hampshire Fisher Cats,Total,NH,- - -,,,21,72,83,15,10,4,0,1,7,5,10,0,20,1,0,0,2,1,1,.208,12.0%,24.1%,.500,.313,.306,.619,.097,,.275,,8.3,-3.0,.292,74
RJ Schreck,702302,last_60,A,26.1,Dunedin Blue Jays,Total,DUN,- - -,,,14,39,49,7,3,1,0,3,7,4,10,0,8,0,0,0,0,0,0,.179,20.4%,16.3%,1.250,.347,.436,.783,.256,,.143,,7.1,0.6,.356,109
Hunter Hines,702309,last_60,A,23.8,Fredericksburg Nationals,Total,FBG,- - -,,,21,82,95,26,12,6,0,8,22,25,12,0,19,1,0,0,1,0,0,.317,12.6%,20.0%,.632,.411,.683,1.093,.366,,.327,,23.1,10.2,.472,179
Bennett Hostetler,702315,last_60,AAA,29.0,Jacksonville Jumbo Shrimp,Total,JAX,- - -,,,12,42,45,13,4,3,1,5,6,12,1,0,14,1,1,0,1,1,0,.310,2.2%,31.1%,.071,.333,.786,1.119,.476,,.333,,10.5,4.7,.470,183
Noah Mendlinger,702331,last_60,AAA,26.1,Memphis Redbirds,Total,MEM,- - -,,,31,103,124,30,24,5,0,1,13,8,15,0,14,4,1,1,2,1,0,.291,12.1%,11.3%,1.071,.398,.369,.767,.078,,.326,,18.0,2.2,.358,114
Trey Lipscomb,702358,last_60,AAA,26.3,Rochester Red Wings,Total,ROC,- - -,,,38,166,175,48,24,11,0,13,33,32,7,0,46,1,0,0,3,6,1,.289,4.0%,26.3%,.152,.322,.590,.912,.301,,.327,,30.8,8.5,.398,138
Jorge Ruiz,702409,last_60,A+,22.2,Tri-City Dust Devils,Total,TRI,- - -,,,25,104,110,27,19,4,2,2,14,15,4,0,13,2,0,0,0,4,1,.260,3.6%,11.8%,.308,.300,.394,.694,.135,,.281,,12.5,-3.9,.312,76
Jhosmmel Zue,702435,last_60,A,22.6,Columbia Fireflies,Total,COL,- - -,,,16,55,64,13,9,3,1,0,6,3,7,0,21,0,1,1,1,1,0,.236,10.9%,32.8%,.333,.317,.327,.645,.091,,.371,,6.8,-1.9,.297,78
Jaxson West,702486,last_60,A+,23.1,Vancouver Canadians,Total,VAN,- - -,,,14,47,60,16,15,0,0,1,11,10,11,0,6,0,2,0,1,4,0,.340,18.3%,10.0%,1.833,.450,.404,.854,.064,,.357,,10.7,1.7,.393,119
Logan Wagner,702488,last_60,A+,22.4,Great Lakes Loons,Total,GL,- - -,,,30,96,119,17,8,4,0,5,14,17,21,0,42,2,0,0,1,2,0,.177,17.6%,35.3%,.500,.336,.375,.711,.198,,.245,,14.7,-2.2,.331,87
Mitch Voit,702491,last_60,A+,21.9,Brooklyn Cyclones,Total,BRK,- - -,,,21,87,98,23,17,5,0,1,16,11,7,0,20,3,1,0,0,4,2,.264,7.1%,20.4%,.350,.337,.356,.693,.092,,.328,,11.9,-1.4,.319,89
Josh Tate,702495,last_60,A+,23.0,Greensboro Grasshoppers,Total,GBO,- - -,,,18,67,79,19,15,2,1,1,5,11,10,0,22,0,2,0,1,6,2,.284,12.7%,27.8%,.455,.367,.388,.755,.104,,.391,,11.2,0.3,.343,103
Eli Serrano III,702501,last_60,A,23.3,St. Lucie Mets,Total,SLU,- - -,,,21,73,85,12,6,3,0,3,7,6,11,0,23,1,0,0,2,2,0,.164,12.9%,27.1%,.478,.282,.329,.611,.164,,.191,,8.0,-3.8,.285,68
Gavin Turley,702504,last_60,A,22.8,Stockton Ports,Total,STK,- - -,,,18,76,86,24,12,6,0,6,10,30,6,0,29,1,3,0,2,0,1,.316,7.0%,33.7%,.207,.360,.632,.992,.316,,.409,,17.3,4.6,.423,136
Mason White,702517,last_60,AA,23.0,Portland Sea Dogs,Total,POR,- - -,,,19,60,74,12,5,4,0,3,10,8,12,0,20,1,1,0,1,2,0,.200,16.2%,27.0%,.600,.338,.417,.755,.217,,.237,,10.3,0.3,.342,103
Jett Williams,702518,last_60,AAA,22.8,Nashville Sounds,Total,NAS,- - -,,,1,1,1,0,0,0,0,0,0,0,0,0,1,0,0,0,0,0,0,.000,0.0%,100.0%,.000,.000,.000,.000,.000,,,,-0.1,-0.3,.000,-106
Justin Thomas Jr.,702520,last_60,A+,22.9,Asheville Tourists,Total,ASH,- - -,,,27,91,124,21,14,2,0,5,23,12,26,0,31,5,2,0,1,10,2,.231,21.0%,25.0%,.839,.419,.418,.837,.187,,.281,,21.1,3.6,.388,120
Aiden Taurek,702522,last_60,A+,22.9,Everett AquaSox,Total,EVE,- - -,,,17,62,81,16,9,4,1,2,13,18,16,0,17,1,2,0,1,0,1,.258,19.8%,21.0%,.941,.407,.452,.859,.194,,.311,,14.0,1.9,.387,116
Logan Sauve,702524,last_60,A+,23.1,Lansing Lugnuts,Total,LAN,- - -,,,17,53,67,12,10,2,0,0,5,3,11,0,15,2,0,1,3,2,0,.226,16.4%,22.4%,.733,.379,.264,.643,.038,,.316,,7.7,-1.7,.318,82
Eric Snow,702526,last_60,AA,22.5,New Hampshire Fisher Cats,Total,NH,- - -,,,25,96,107,21,14,6,0,1,9,9,9,1,18,1,1,0,2,5,2,.219,8.4%,16.8%,.500,.290,.312,.602,.094,,.256,,9.2,-5.3,.274,63
Mikey Romero,702540,last_60,AAA,22.7,Worcester Red Sox,Total,WOR,- - -,,,28,107,119,30,22,6,0,2,16,15,10,0,27,1,1,0,0,0,0,.280,8.4%,22.7%,.370,.345,.393,.737,.112,,.354,,15.1,-0.0,.335,100
Jacob Reimer,702544,last_60,AA,22.6,Binghamton Rumble Ponies,Total,BNG,- - -,,,27,106,121,29,20,7,0,2,11,20,13,1,28,1,1,0,2,1,3,.274,10.7%,23.1%,.464,.355,.396,.752,.123,,.351,,16.6,0.2,.340,101
Caden Powell,702547,last_60,A+,22.9,Asheville Tourists,Total,ASH,- - -,,,21,91,97,24,15,3,0,6,11,19,5,0,28,1,0,0,4,2,3,.264,5.2%,28.9%,.179,.309,.495,.804,.231,,.316,,14.7,1.3,.356,110
Chandler Pollard,702550,last_60,A+,22.3,Hub City Spartanburgers,Total,HCS,- - -,,,14,45,52,10,8,2,0,0,4,3,5,0,18,1,0,1,0,9,1,.222,9.6%,34.6%,.278,.314,.267,.580,.044,,.370,,4.7,-2.5,.278,66
Cannon Peebles,702555,last_60,A+,22.6,Lake County Captains,Total,LC,- - -,,,17,52,78,14,6,5,0,3,13,9,23,0,19,3,0,0,1,0,0,.269,29.5%,24.4%,1.211,.513,.538,1.051,.269,,.367,,18.7,8.0,.472,175
Mason Neville,702563,last_60,A+,22.6,Dayton Dragons,Total,DAY,- - -,,,10,33,37,5,1,1,0,3,4,5,3,0,21,1,0,0,0,0,0,.152,8.1%,56.8%,.143,.243,.455,.698,.303,,.222,,4.1,-1.0,.308,81
David Mershon,702574,last_60,A+,23.3,Tri-City Dust Devils,Total,TRI,- - -,,,13,48,54,11,9,1,1,0,8,5,4,0,9,1,1,0,0,6,0,.229,7.4%,16.7%,.444,.296,.292,.588,.063,,.275,,4.5,-3.6,.272,56
Dallas Macias,702582,last_60,A,22.9,Augusta GreenJackets,Total,AUG,- - -,,,17,64,72,11,8,2,0,1,5,6,6,1,12,2,0,0,0,4,0,.172,8.3%,16.7%,.500,.264,.250,.514,.078,,.196,,4.4,-5.4,.240,45
Jace LaViolette,702593,last_60,A+,22.7,Lake County Captains,Total,LC,- - -,,,29,118,134,24,11,3,1,9,24,22,15,0,51,0,1,0,0,5,0,.203,11.2%,38.1%,.294,.291,.475,.766,.271,,.254,,18.1,-0.1,.337,100
Jack Lausch,702594,last_60,A+,22.6,Dayton Dragons,Total,DAY,- - -,,,12,32,37,3,1,1,0,1,3,4,4,0,16,1,0,0,0,1,1,.094,10.8%,43.2%,.250,.216,.219,.435,.125,,.133,,1.4,-3.7,.214,27
Dom Krupinski,702597,last_60,AA,22.5,Knoxville Smokies,Total,KNX,- - -,,,18,56,72,9,6,3,0,0,7,3,11,0,26,5,0,0,1,5,0,.161,15.3%,36.1%,.423,.347,.214,.562,.054,,.300,,6.9,-2.7,.290,72
Lamar King Jr.,702601,last_60,A+,22.7,Fort Wayne TinCaps,Total,FW,- - -,,,16,57,63,17,11,5,1,0,5,11,3,0,16,3,0,0,0,2,0,.298,4.8%,25.4%,.188,.365,.421,.786,.123,,.415,,9.4,0.8,.357,109
Dakota Jordan,702607,last_60,AA,23.3,Richmond Flying Squirrels,Total,RIC,- - -,,,12,44,50,10,7,2,0,1,7,3,6,1,19,0,0,0,2,1,0,.227,12.0%,38.0%,.316,.320,.341,.661,.114,,.375,,5.2,-1.5,.298,77
Ike Irish,702610,last_60,A+,22.8,Frederick Keys,Total,FRE,- - -,,,1,3,4,0,0,0,0,0,0,0,1,0,2,0,0,0,0,0,0,.000,25.0%,50.0%,.500,.250,.000,.250,.000,,.000,,0.0,-0.5,.178,9
Luke Hill,702619,last_60,AA,22.4,Akron RubberDucks,Total,AKR,- - -,,,20,65,77,16,12,2,0,2,13,10,9,0,16,2,1,0,3,4,1,.246,11.7%,20.8%,.562,.351,.369,.720,.123,,.292,,10.1,-0.3,.333,97
Gage Harrelson,702629,last_60,A+,22.3,Tri-City Dust Devils,Total,TRI,- - -,,,5,15,17,3,3,0,0,0,1,1,1,0,2,0,1,0,0,1,0,.200,5.9%,11.8%,.500,.235,.200,.435,.000,,.214,,0.5,-2.1,.202,19
Luke Hanson,702630,last_60,A+,23.0,Hub City Spartanburgers,Total,HCS,- - -,,,28,95,114,15,12,0,0,3,11,18,13,0,20,2,1,3,4,1,0,.158,11.4%,17.5%,.650,.270,.253,.523,.095,,.164,,7.3,-8.7,.252,45
Adonys Guzman,702631,last_60,A,22.8,Salem RidgeYaks,Total,SAL,- - -,,,14,43,58,14,8,3,0,3,10,14,13,0,13,1,1,0,2,0,0,.326,22.4%,22.4%,1.000,.483,.605,1.087,.279,,.393,,14.2,6.3,.474,180
Michael Gupton,702632,last_60,A+,22.9,South Bend Cubs,Total,SB,- - -,,,4,13,14,4,2,0,2,0,2,1,1,0,4,0,0,0,0,2,0,.308,7.1%,28.6%,.250,.357,.615,.973,.308,,.444,,2.7,0.8,.415,142
Andrew Fischer,702652,last_60,AA,22.3,Biloxi Shuckers,Total,BLX,- - -,,,31,101,132,25,10,1,0,14,23,35,27,2,43,0,4,0,0,0,1,.248,20.5%,32.6%,.628,.394,.673,1.067,.426,,.229,,28.5,10.9,.444,162
Dylan Dreiling,702662,last_60,AA,23.4,Frisco RoughRiders,Total,FRI,- - -,,,26,115,125,43,30,8,0,5,22,19,9,0,19,0,1,0,2,3,1,.374,7.2%,15.2%,.474,.416,.574,.990,.200,,.413,,25.7,7.9,.437,145
Korbyn Dickerson,702668,last_60,A+,22.8,Everett AquaSox,Total,EVE,- - -,,,18,71,84,18,12,3,0,3,16,9,12,0,25,1,0,0,2,8,1,.254,14.3%,29.8%,.480,.369,.423,.792,.169,,.349,,12.9,0.3,.362,103
Demetrio Crisantes,702679,last_60,AAA,22.0,Reno Aces,Total,RNO,- - -,,,34,120,138,31,18,8,2,3,17,14,16,0,21,0,1,1,1,0,0,.258,11.6%,15.2%,.762,.343,.433,.776,.175,,.289,,18.6,0.1,.348,100
Cutter Coffey,702690,last_60,AA,22.3,New Hampshire Fisher Cats,Total,NH,- - -,,,21,73,83,12,9,1,1,1,8,10,7,0,28,2,1,0,1,3,1,.164,8.4%,33.7%,.250,.253,.247,.500,.082,,.244,,4.7,-6.5,.237,42
Cade Climie,702691,last_60,A,22.9,Clearwater Threshers,Total,CLR,- - -,,,19,64,71,20,16,3,0,1,9,17,5,0,15,1,1,0,1,0,0,.312,7.0%,21.1%,.333,.366,.406,.772,.094,,.388,,10.3,-0.1,.350,99
Jaison Chourio,702693,last_60,AA,21.3,Akron RubberDucks,Total,AKR,- - -,,,28,109,130,30,25,4,1,0,19,11,19,0,27,0,1,1,2,15,2,.275,14.6%,20.8%,.704,.380,.330,.710,.055,,.361,,17.2,-0.4,.334,98
Easton Carmichael,702695,last_60,AA,22.9,Altoona Curve,Total,ALT,- - -,,,25,90,103,22,12,7,1,2,14,21,8,0,13,3,2,0,1,2,2,.244,7.8%,12.6%,.615,.320,.411,.731,.167,,.260,,13.2,-0.8,.328,94
Parker Brosius,702701,last_60,A,23.1,Augusta GreenJackets,Total,AUG,- - -,,,24,80,101,13,5,5,1,2,13,3,16,0,24,4,0,0,0,11,3,.163,15.8%,23.8%,.667,.330,.325,.655,.163,,.204,,12.0,-1.7,.312,87
Kolby Branch,702705,last_60,A,23.6,Hickory Crawdads,Total,HIC,- - -,,,15,52,65,9,5,3,0,1,8,3,10,0,15,0,1,1,2,2,1,.173,15.4%,23.1%,.667,.302,.288,.590,.115,,.216,,6.1,-2.8,.280,69
Emaarion Boyd,702708,last_60,AA,23.1,Pensacola Blue Wahoos,Total,PNS,- - -,,,5,17,19,2,1,0,1,0,1,1,0,0,6,2,0,0,0,0,0,.118,0.0%,31.6%,.000,.211,.235,.446,.118,,.182,,0.7,-1.9,.212,26
RJ Austin,702720,last_60,A+,22.7,Frederick Keys,Total,FRE,- - -,,,5,16,18,4,2,1,0,1,3,3,2,0,4,0,0,0,1,3,0,.250,11.1%,22.2%,.500,.333,.500,.833,.250,,.273,,2.9,0.4,.369,118
Luke Adams,702726,last_60,AAA,22.3,Nashville Sounds,Total,NAS,- - -,,,6,16,26,7,4,1,1,1,5,4,9,0,2,1,0,0,0,0,0,.438,34.6%,7.7%,4.500,.654,.812,1.466,.375,,.462,,8.9,5.5,.609,268
Austin Gauthier,702789,last_60,AAA,27.4,Oklahoma City Comets,Total,OKC,- - -,,,21,70,83,12,10,1,0,1,11,6,11,0,22,0,1,1,2,0,0,.171,13.3%,26.5%,.500,.280,.229,.509,.057,,.229,,4.7,-6.5,.248,42
Andy Lugo,702889,last_60,A+,22.5,Cedar Rapids Kernels,Total,CR,- - -,,,15,55,62,5,1,1,1,2,8,4,6,0,18,1,0,0,0,1,0,.091,9.7%,29.0%,.333,.194,.255,.448,.164,,.086,,2.2,-6.3,.211,26
Geuri Lubo,702895,last_60,A+,22.9,South Bend Cubs,Total,SB,- - -,,,10,31,34,5,4,0,0,1,3,5,1,0,11,0,2,0,0,0,0,.161,2.9%,32.4%,.091,.176,.258,.435,.097,,.190,,0.7,-4.0,.190,14
Wilfredo Lara,702906,last_60,A+,22.3,Beloit Sky Carp,Total,BEL,- - -,,,4,10,13,2,0,1,1,0,2,0,3,0,5,0,0,0,0,1,0,.200,23.1%,38.5%,.600,.385,.500,.885,.300,,.400,,2.3,0.5,.390,127
Dillon Head,702977,last_60,A+,21.9,Beloit Sky Carp,Total,BEL,- - -,,,21,95,101,22,16,4,0,2,13,9,5,0,22,0,1,0,0,4,2,.232,5.0%,21.8%,.227,.267,.337,.604,.105,,.278,,8.4,-5.4,.272,61
Antonio Anderson,702995,last_60,A+,21.2,Greenville Drive,Total,GVL,- - -,,,21,75,90,18,11,4,1,2,15,10,14,0,22,0,0,0,1,1,1,.240,15.6%,24.4%,.636,.360,.400,.760,.160,,.314,,13.1,0.7,.348,106
Alejandro Urias,703060,last_60,A+,24.2,Brooklyn Cyclones,Total,BRK,- - -,,,3,12,13,5,4,0,0,1,2,6,1,0,2,0,0,0,0,0,0,.417,7.7%,15.4%,.500,.462,.667,1.128,.250,,.444,,3.4,1.6,.497,190
Cristhian Vaquero,703143,last_60,A,22.0,Fredericksburg Nationals,Total,FBG,- - -,,,18,65,80,15,9,2,1,3,13,11,12,0,28,2,0,0,2,5,0,.231,15.0%,35.0%,.429,.367,.431,.798,.200,,.353,,12.7,1.9,.364,117
Roderick Arias,703149,last_60,AA,22.0,Somerset Patriots,Total,SOM,- - -,,,31,118,134,29,19,6,0,4,28,20,12,0,43,3,1,0,2,9,2,.246,9.0%,32.1%,.279,.328,.398,.727,.153,,.347,,17.4,-0.8,.330,96
Samuel Munoz,703153,last_60,A+,22.0,Great Lakes Loons,Total,GL,- - -,,,20,72,79,12,9,1,0,2,7,8,7,0,17,0,0,0,2,0,1,.167,8.9%,21.5%,.412,.241,.264,.504,.097,,.189,,4.4,-6.5,.236,40
Yordany De Los Santos,703154,last_60,A+,21.5,Greensboro Grasshoppers,Total,GBO,- - -,,,23,101,112,28,20,4,0,4,20,12,7,0,31,3,0,1,1,11,5,.277,6.2%,27.7%,.226,.342,.436,.778,.158,,.364,,16.6,1.2,.352,108
Lazaro Montes,703155,last_60,AAA,21.9,Tacoma Rainiers,Total,TAC,- - -,,,20,75,88,20,10,4,0,6,14,13,12,1,25,1,0,0,1,2,0,.267,13.6%,28.4%,.480,.375,.560,.935,.293,,.318,,16.0,4.2,.408,135
Tony Blanco Jr.,703156,last_60,A+,21.3,Greensboro Grasshoppers,Total,GBO,- - -,,,21,71,84,22,12,3,0,7,11,14,11,0,26,2,0,0,3,0,0,.310,13.1%,31.0%,.423,.417,.648,1.065,.338,,.395,,19.7,8.2,.463,171
Javier Osorio,703157,last_60,A,21.4,Lakeland Flying Tigers,Total,LAK,- - -,,,13,45,50,16,8,5,0,3,12,9,3,0,8,0,2,0,1,3,0,.356,6.0%,16.0%,.375,.380,.667,1.047,.311,,.361,,10.9,3.6,.444,150
Jonathan Mejía,703158,last_60,A,21.3,Palm Beach Cardinals,Total,PMB,- - -,,,1,1,1,0,0,0,0,0,0,0,0,0,0,0,0,0,0,0,0,.000,0.0%,0.0%,,.000,.000,.000,.000,,.000,,-0.1,-0.3,.000,-88
Simon Juan,703159,last_60,A,21.1,St. Lucie Mets,Total,SLU,- - -,,,2,6,7,3,1,1,0,1,2,3,0,0,2,0,1,0,0,0,0,.500,0.0%,28.6%,.000,.429,1.167,1.595,.667,,.500,,2.5,1.4,.616,242
Yasser Mercedes,703160,last_60,A+,21.8,Cedar Rapids Kernels,Total,CR,- - -,,,25,97,112,21,10,6,1,4,9,9,10,0,37,3,2,0,0,10,1,.216,8.9%,33.0%,.270,.304,.423,.726,.206,,.293,,13.9,-1.5,.324,90
Alexis Hernandez,703161,last_60,A,21.7,Myrtle Beach Pelicans,Total,MB,- - -,,,17,57,71,12,7,3,0,2,11,8,14,0,19,0,0,0,0,2,0,.211,19.7%,26.8%,.737,.366,.368,.735,.158,,.278,,10.2,0.5,.344,106
Jhonny Severino,703177,last_60,A+,21.8,Greensboro Grasshoppers,Total,GBO,- - -,,,21,83,93,19,14,2,0,3,13,13,9,0,22,1,0,0,4,1,2,.229,9.7%,23.7%,.409,.312,.361,.673,.133,,.276,,10.7,-2.1,.310,84
Braylin Tavera,703178,last_60,A+,21.5,Frederick Keys,Total,FRE,- - -,,,22,77,90,22,15,4,0,3,15,13,11,0,17,2,0,0,2,9,2,.286,12.2%,18.9%,.647,.389,.455,.843,.169,,.333,,15.5,3.1,.383,125
Nelson Rada,703185,last_60,AAA,21.1,Salt Lake Bees,Total,SL,- - -,,,30,118,143,32,22,9,0,1,21,15,19,0,30,1,1,4,3,12,1,.271,13.3%,21.0%,.633,.374,.373,.747,.102,,.352,,19.0,-0.2,.346,99
Anthuan Valencia,703188,last_60,A,21.8,Daytona Tortugas,Total,DBT,- - -,,,1,1,1,0,0,0,0,0,0,0,0,0,1,0,0,0,0,0,0,.000,0.0%,100.0%,.000,.000,.000,.000,.000,,,,-0.1,-0.3,.000,-88
Johanfran Garcia,703190,last_60,AA,21.8,Portland Sea Dogs,Total,POR,- - -,,,20,77,88,19,11,3,0,5,13,14,10,0,29,1,0,0,0,1,0,.247,11.4%,33.0%,.345,.341,.481,.821,.234,,.326,,13.9,2.0,.367,117
Yilber Herrera,703191,last_60,A+,21.6,Cedar Rapids Kernels,Total,CR,- - -,,,4,12,16,3,2,0,1,0,2,2,2,0,5,1,1,0,0,0,1,.250,12.5%,31.2%,.400,.375,.417,.792,.167,,.375,,2.3,0.1,.352,106
Abdias De La Cruz,703192,last_60,A+,21.8,Hillsboro Hops,Total,HIL,- - -,,,19,59,68,13,5,4,0,4,13,11,9,0,19,0,0,0,0,0,0,.220,13.2%,27.9%,.474,.324,.492,.815,.271,,.250,,10.4,0.2,.361,102
Randy De Jesus,703194,last_60,AA,21.6,Rocket City Trash Pandas,Total,RCT,- - -,,,13,41,44,8,5,2,0,1,3,4,3,0,19,0,0,0,1,0,0,.195,6.8%,43.2%,.158,.250,.317,.567,.122,,.333,,3.1,-2.7,.259,53
Bryan Acuña,703195,last_60,A,21.1,Fort Myers Mighty Mussels,Total,FTM,- - -,,,11,32,39,5,5,0,0,0,2,1,7,0,11,0,0,0,0,1,1,.156,17.9%,28.2%,.636,.308,.156,.464,.000,,.238,,2.4,-3.3,.244,42
Victor Izturis,703196,last_60,A,21.4,Hill City Howlers,Total,HC,- - -,,,7,20,24,3,2,1,0,0,3,0,4,0,8,0,0,0,0,0,0,.150,16.7%,33.3%,.500,.292,.200,.492,.050,,.250,,1.6,-1.7,.248,47
Michael Arroyo,703197,last_60,AAA,21.8,Tacoma Rainiers,Total,TAC,- - -,,,25,100,116,23,12,4,3,4,16,19,9,0,17,4,3,0,0,2,1,.230,7.8%,14.7%,.529,.310,.450,.760,.220,,.232,,14.4,-1.2,.335,93
Kenni Gomez,703198,last_60,A+,21.3,Asheville Tourists,Total,ASH,- - -,,,19,69,71,13,8,4,0,1,12,5,0,0,22,2,0,0,2,4,0,.188,0.0%,31.0%,.000,.211,.290,.501,.101,,.261,,3.3,-6.5,.226,34
Yoffry Solano,703200,last_60,A,21.8,Jupiter Hammerheads,Total,JUP,- - -,,,16,49,57,6,5,0,0,1,6,5,8,0,12,0,0,0,2,0,1,.122,14.0%,21.1%,.667,.246,.184,.429,.061,,.139,,2.3,-6.0,.217,28
Henry Ramos,703201,last_60,A,22.0,Columbia Fireflies,Total,COL,- - -,,,20,78,93,15,11,1,2,1,16,7,14,0,15,1,0,0,1,3,0,.192,15.1%,16.1%,.933,.323,.295,.617,.103,,.226,,9.7,-2.9,.295,77
Leandro Arias,703202,last_60,A+,21.6,Frederick Keys,Total,FRE,- - -,,,21,72,83,16,10,4,0,2,9,13,7,0,17,2,1,1,3,3,3,.222,8.4%,20.5%,.412,.305,.361,.666,.139,,.259,,9.2,-2.2,.304,81
Esmith Pineda,703204,last_60,A+,21.8,Dayton Dragons,Total,DAY,- - -,,,12,39,44,5,3,0,0,2,5,4,2,0,19,1,1,1,1,0,0,.128,4.5%,43.2%,.105,.186,.282,.468,.154,,.158,,1.6,-4.4,.212,26
Anthony Scull,703430,last_60,AA,22.6,Rocket City Trash Pandas,Total,RCT,- - -,,,27,102,110,25,15,5,1,4,15,9,6,0,29,1,1,0,1,0,0,.245,5.5%,26.4%,.207,.291,.431,.722,.186,,.300,,13.1,-1.6,.320,89
Jacob Jarrell,703447,last_60,A,23.8,Augusta GreenJackets,Total,AUG,- - -,,,14,45,54,7,2,5,0,0,6,5,6,0,23,2,0,0,1,1,0,.156,11.1%,42.6%,.261,.283,.267,.550,.111,,.318,,4.4,-2.9,.265,60
Cam Cannarella,703448,last_60,AAA,23.0,Jacksonville Jumbo Shrimp,Total,JAX,- - -,,,31,123,143,35,22,11,0,2,22,9,17,0,32,3,0,0,3,6,3,.285,11.9%,22.4%,.531,.385,.423,.807,.138,,.371,,22.0,3.8,.369,121
Nathan Hall,703449,last_60,A,23.0,Visalia Rawhide,Total,VIS,- - -,,,11,42,44,15,9,3,0,3,9,6,2,0,9,0,0,0,2,1,1,.357,4.5%,20.5%,.222,.386,.643,1.029,.286,,.400,,9.8,3.3,.451,151
Skylar King,703455,last_60,A,22.7,Salem RidgeYaks,Total,SAL,- - -,,,17,63,67,10,4,6,0,0,8,6,3,0,18,1,0,0,1,2,1,.159,4.5%,26.9%,.167,.209,.254,.463,.095,,.222,,2.7,-6.5,.213,29
Brooks Brannon,703477,last_60,AA,22.4,Portland Sea Dogs,Total,POR,- - -,,,21,83,90,25,13,8,0,4,12,13,7,0,19,0,0,0,4,0,0,.301,7.8%,21.1%,.368,.356,.542,.898,.241,,.350,,16.3,4.1,.396,133
Dixon Williams,703483,last_60,A+,22.7,Rome Emperors,Total,ROM,- - -,,,31,116,134,31,12,7,2,10,21,27,14,1,35,3,1,0,0,9,3,.267,10.4%,26.1%,.400,.358,.621,.979,.353,,.292,,26.8,8.6,.420,147
Nick Morabito,703492,last_60,AAA,23.3,Syracuse Mets,Total,SYR,- - -,,,17,66,78,17,12,2,0,3,10,8,6,0,12,2,1,2,1,8,2,.258,7.7%,15.4%,.500,.333,.424,.758,.167,,.269,,10.3,0.4,.341,104
PJ Morlando,703563,last_60,A,21.3,Jupiter Hammerheads,Total,JUP,- - -,,,17,65,71,16,8,5,0,3,8,6,5,0,31,1,0,0,0,3,0,.246,7.0%,43.7%,.161,.310,.462,.771,.215,,.419,,9.9,-0.5,.343,95
Brandon Crabtree,703569,last_60,A,22.6,Hickory Crawdads,Total,HIC,- - -,,,15,55,63,12,9,2,1,0,7,7,6,0,5,2,0,0,1,0,0,.218,9.5%,7.9%,1.200,.317,.291,.608,.073,,.240,,6.3,-2.3,.288,73
Jalin Flores,703602,last_60,A+,23.1,Peoria Chiefs,Total,PEO,- - -,,,22,89,93,23,14,6,0,3,12,16,3,0,23,1,0,0,1,0,0,.258,3.2%,24.7%,.130,.290,.427,.717,.169,,.317,,11.2,-1.6,.319,88
Grant Jay,703603,last_60,A,23.0,Inland Empire 66ers,Total,IE,- - -,,,14,49,60,9,4,4,0,1,6,5,8,0,23,3,0,0,1,1,0,.184,13.3%,38.3%,.348,.333,.327,.660,.143,,.320,,7.0,-1.9,.314,79
Jared Thomas,703606,last_60,AA,23.2,Hartford Yard Goats,Total,HFD,- - -,,,25,97,110,26,20,3,0,3,19,12,8,0,39,4,0,1,0,11,2,.268,7.3%,35.5%,.205,.349,.392,.740,.124,,.418,,15.1,0.2,.340,101
Maximus Martin,703611,last_60,A+,22.9,Greenville Drive,Total,GVL,- - -,,,17,67,73,10,2,6,0,2,9,9,3,0,34,2,1,0,1,0,0,.149,4.1%,46.6%,.088,.205,.328,.534,.179,,.250,,4.4,-5.7,.239,43
Max Williams,703637,last_60,A+,22.0,Beloit Sky Carp,Total,BEL,- - -,,,27,109,121,35,19,4,0,12,26,24,9,0,19,1,2,0,3,4,0,.321,7.4%,15.7%,.474,.372,.688,1.060,.367,,.287,,27.2,10.7,.454,165
Nico Perez,703639,last_60,A+,22.0,Great Lakes Loons,Total,GL,- - -,,,24,86,102,20,13,4,1,2,19,20,15,0,23,0,1,0,1,5,1,.233,14.7%,22.5%,.652,.343,.372,.715,.140,,.290,,13.0,-1.0,.329,93
Adrian Rodriguez,703641,last_60,A+,22.9,Hillsboro Hops,Total,HIL,- - -,,,8,23,29,5,4,1,0,0,3,3,3,0,4,0,2,1,1,0,1,.217,10.3%,13.8%,.750,.286,.261,.547,.043,,.238,,2.0,-2.4,.252,45
Kasen Wells,703673,last_60,A+,23.1,Fort Wayne TinCaps,Total,FW,- - -,,,25,98,113,19,15,3,0,1,13,10,11,0,28,0,1,3,1,6,3,.194,9.7%,24.8%,.393,.273,.255,.528,.061,,.257,,7.4,-8.1,.250,48
Ethan Frey,703676,last_60,A+,22.4,Asheville Tourists,Total,ASH,- - -,,,2,9,9,3,2,1,0,0,3,2,0,0,3,0,0,0,0,1,0,.333,0.0%,33.3%,.000,.333,.444,.778,.111,,.500,,1.3,0.1,.346,104
Brandon Compton,703680,last_60,AAA,22.9,Jacksonville Jumbo Shrimp,Total,JAX,- - -,,,35,136,160,38,14,15,0,9,27,30,22,1,54,1,0,0,1,9,1,.279,13.8%,33.8%,.407,.384,.588,.972,.309,,.397,,31.7,10.7,.423,151
Wyatt Hoffman,703715,last_60,AA,27.5,San Antonio Missions,Total,SA,- - -,,,16,54,65,6,5,1,0,0,5,1,7,0,20,2,0,2,1,1,2,.111,10.8%,30.8%,.350,.238,.130,.368,.019,,.176,,1.1,-8.1,.195,12
Dakota Harris,703766,last_60,AAA,24.6,Memphis Redbirds,Total,MEM,- - -,,,27,91,102,26,12,9,0,5,14,17,8,1,22,1,1,1,3,3,1,.286,7.8%,21.6%,.364,.347,.549,.896,.264,,.323,,17.1,3.5,.388,126
Romeo Sanabria,703804,last_60,AA,24.4,San Antonio Missions,Total,SA,- - -,,,27,95,117,40,30,8,0,2,15,20,17,0,19,1,3,1,1,2,0,.421,14.5%,16.2%,.895,.500,.568,1.068,.147,,.494,,27.3,10.6,.472,164
Victor Ortega,703861,last_60,A,22.6,Jupiter Hammerheads,Total,JUP,- - -,,,15,44,61,13,8,5,0,0,11,7,16,0,14,0,1,0,1,0,1,.295,26.2%,23.0%,1.143,.475,.409,.885,.114,,.419,,11.7,3.3,.412,138
Modeifi Marte,800029,last_60,A+,24.1,Hillsboro Hops,Total,HIL,- - -,,,5,20,21,5,4,1,0,0,2,3,1,0,6,0,0,0,0,0,0,.250,4.8%,28.6%,.167,.286,.300,.586,.050,,.357,,1.7,-1.4,.269,54
Austin Charles,800051,last_60,A+,22.8,Quad Cities River Bandits,Total,QC,- - -,,,15,57,63,14,8,2,0,4,8,6,4,0,9,1,0,1,0,2,1,.246,6.3%,14.3%,.444,.306,.491,.798,.246,,.227,,9.2,0.6,.353,107
Xavier Isaac,800060,last_60,AAA,22.8,Durham Bulls,Total,DUR,- - -,,,31,107,136,26,13,7,0,6,25,19,25,0,39,1,3,0,6,3,0,.243,18.4%,28.7%,.641,.382,.477,.859,.234,,.308,,22.6,4.9,.383,128
Marcos Torres,800106,last_60,A+,21.9,Hub City Spartanburgers,Total,HCS,- - -,,,5,18,19,6,4,2,0,0,2,1,0,0,4,1,0,0,0,2,0,.333,0.0%,21.1%,.000,.368,.444,.813,.111,,.429,,3.0,0.4,.367,116
Ronny Ugarte,800164,last_60,A,21.7,Fresno Grizzlies,Total,FRE,- - -,,,21,73,84,23,19,3,0,1,11,10,9,0,13,0,2,0,3,0,1,.315,10.7%,15.5%,.692,.381,.397,.778,.082,,.361,,12.3,-0.1,.353,99
Aroon Escobar,800169,last_60,AA,21.7,Reading Fightin Phils,Total,REA,- - -,,,30,105,123,23,11,7,1,4,19,17,14,0,18,3,1,0,1,3,1,.219,11.4%,14.6%,.778,.325,.419,.744,.200,,.226,,16.5,-0.2,.336,99
Angel Mata,800171,last_60,A+,21.7,Jersey Shore BlueClaws,Total,JS,- - -,,,9,27,30,6,5,1,0,0,0,1,3,0,11,0,0,0,0,0,0,.222,10.0%,36.7%,.273,.300,.259,.559,.037,,.375,,2.4,-1.7,.266,59
Carlos Sanchez,800176,last_60,AA,21.7,Chattanooga Lookouts,Total,CHA,- - -,,,28,106,126,24,17,3,1,3,17,7,20,0,38,0,0,0,4,2,2,.226,15.9%,30.2%,.526,.349,.358,.708,.132,,.323,,16.0,-0.9,.330,95
Nolan Beltran,800179,last_60,A,21.6,Clearwater Threshers,Total,CLR,- - -,,,19,63,83,23,14,8,0,1,14,14,15,0,13,2,1,1,3,0,0,.365,18.1%,15.7%,1.154,.494,.540,1.034,.175,,.440,,19.2,7.1,.461,159
Bryan Andrade,800182,last_60,A,21.6,Stockton Ports,Total,STK,- - -,,,23,90,101,26,19,5,0,2,15,13,6,0,20,2,3,0,1,3,1,.289,5.9%,19.8%,.300,.337,.411,.748,.122,,.338,,13.3,-1.6,.334,89
Dario Laverde,800188,last_60,A+,21.5,Tri-City Dust Devils,Total,TRI,- - -,,,2,3,5,0,0,0,0,0,0,0,2,0,1,0,0,0,0,0,0,.000,40.0%,20.0%,2.000,.400,.000,.400,.000,,.000,,0.5,-0.3,.284,62
Kelvin Hidalgo,800193,last_60,A+,21.5,Spokane Indians,Total,SPO,- - -,,,21,74,89,20,17,1,0,2,6,11,14,0,28,0,0,1,3,4,4,.270,15.7%,31.5%,.500,.386,.365,.751,.095,,.409,,12.9,-0.4,.352,97
Capri Ortiz,800194,last_60,A+,21.4,Tri-City Dust Devils,Total,TRI,- - -,,,19,67,73,17,11,4,1,1,9,12,2,0,14,2,1,1,0,5,3,.254,2.7%,19.2%,.143,.292,.388,.680,.134,,.302,,7.8,-3.1,.303,72
Jorgelys Mota,800195,last_60,A+,21.2,Wilmington Blue Rocks,Total,WIL,- - -,,,9,25,30,6,4,2,0,0,4,0,2,0,8,3,0,0,0,2,1,.240,6.7%,26.7%,.250,.367,.320,.687,.080,,.353,,3.9,-0.2,.329,95
Richard Ramirez,800197,last_60,A,21.1,Bradenton Marauders,Total,BRD,- - -,,,18,70,75,14,8,2,0,4,9,8,5,0,20,0,0,0,4,2,0,.200,6.7%,26.7%,.250,.253,.400,.653,.200,,.217,,7.5,-3.2,.292,70
Cristofer Torin,800198,last_60,AA,21.3,Amarillo Sod Poodles,Total,AMA,- - -,,,28,123,136,46,33,7,0,6,31,23,10,0,14,0,1,2,2,2,0,.374,7.4%,10.3%,.714,.418,.577,.995,.203,,.385,,28.3,8.9,.439,146
Jonathan Linares,800200,last_60,A,21.4,Rancho Cucamonga Quakes,Total,RC,- - -,,,11,37,48,14,7,4,1,2,7,10,6,0,11,4,0,1,1,1,0,.378,12.5%,22.9%,.545,.511,.703,1.213,.324,,.500,,13.5,6.4,.524,190
Rafael Ramirez Jr.,800201,last_60,A,21.1,Fredericksburg Nationals,Total,FBG,- - -,,,19,68,82,20,9,6,1,4,21,16,12,0,16,1,1,0,0,1,1,.294,14.6%,19.5%,.750,.402,.588,.991,.294,,.327,,17.3,6.2,.431,155
Kevyn Castillo,800203,last_60,A+,21.2,Tri-City Dust Devils,Total,TRI,- - -,,,22,80,96,21,15,3,0,3,13,13,12,0,19,1,1,2,1,4,1,.263,12.5%,19.8%,.632,.362,.412,.774,.150,,.305,,14.0,-0.3,.353,98
Derek Bernard,800204,last_60,A+,21.1,Spokane Indians,Total,SPO,- - -,,,15,50,61,11,7,3,0,1,7,5,11,0,16,0,0,0,0,2,0,.220,18.0%,26.2%,.688,.361,.340,.701,.120,,.303,,7.9,-1.2,.331,86
Yerald Nin,800206,last_60,A+,21.1,Hillsboro Hops,Total,HIL,- - -,,,20,71,80,20,17,2,0,1,10,7,7,0,10,0,2,0,1,5,2,.282,8.8%,12.5%,.700,.338,.352,.690,.070,,.306,,9.3,-2.6,.314,78
Axiel Plaz,800208,last_60,A+,21.1,Greensboro Grasshoppers,Total,GBO,- - -,,,19,76,87,25,13,4,0,8,14,18,8,0,14,3,0,0,4,0,1,.329,9.2%,16.1%,.571,.414,.697,1.111,.368,,.315,,21.6,9.7,.480,181
Won-Bin Cho,800231,last_60,AA,23.1,Springfield Cardinals,Total,SPR,- - -,,,21,72,86,17,10,6,0,1,11,10,13,0,16,0,1,0,2,3,2,.236,15.1%,18.6%,.812,.349,.361,.710,.125,,.286,,10.4,-1.8,.328,85
Jeffrey Mercedes,800253,last_60,A+,21.9,Lake County Captains,Total,LC,- - -,,,17,64,72,19,12,4,0,3,10,10,7,0,10,1,0,0,1,0,0,.297,9.7%,13.9%,.700,.375,.500,.875,.203,,.314,,12.7,2.8,.391,128
Abrahan Ramirez,800254,last_60,A+,21.9,Beloit Sky Carp,Total,BEL,- - -,,,12,36,40,9,8,0,0,1,4,3,3,0,8,1,0,0,0,6,1,.250,7.5%,20.0%,.375,.325,.333,.658,.083,,.296,,4.4,-1.1,.307,80
Yonatan Henriquez,800257,last_60,A+,21.9,Brooklyn Cyclones,Total,BRK,- - -,,,25,100,112,29,13,9,1,6,19,21,9,0,22,1,2,0,0,9,2,.290,8.0%,19.6%,.409,.348,.580,.928,.290,,.311,,20.9,5.5,.401,136
Yordalin Peña,800266,last_60,A,21.9,Palm Beach Cardinals,Total,PMB,- - -,,,17,61,66,15,7,4,0,4,11,8,3,0,20,2,0,0,0,3,0,.246,4.5%,30.3%,.150,.303,.508,.811,.262,,.297,,9.9,0.8,.358,109
Juan Villavicencio,800276,last_60,A+,21.8,Jersey Shore BlueClaws,Total,JS,- - -,,,25,86,106,16,11,3,2,0,8,4,20,0,30,0,0,0,0,7,2,.186,18.9%,28.3%,.667,.340,.267,.607,.081,,.286,,11.1,-3.5,.296,76
Roynier Hernandez,800281,last_60,A+,21.7,Spokane Indians,Total,SPO,- - -,,,23,87,99,23,19,3,1,0,9,11,9,1,20,0,2,1,3,0,0,.264,9.1%,20.2%,.450,.327,.322,.648,.057,,.333,,10.0,-4.0,.294,71
Enmanuel Tejeda,800285,last_60,A+,21.7,Hudson Valley Renegades,Total,HV,- - -,,,23,75,87,20,16,2,0,2,10,7,10,0,13,1,0,0,5,12,3,.267,11.5%,14.9%,.769,.360,.373,.734,.107,,.300,,12.1,0.1,.340,101
Waner Luciano,800294,last_60,A,21.6,Fayetteville Woodpeckers,Total,FAY,- - -,,,21,75,91,15,10,3,0,2,7,10,16,0,22,0,0,0,4,4,3,.200,17.6%,24.2%,.727,.341,.320,.661,.120,,.255,,10.9,-1.4,.314,88
Diomedes Hernandez,800299,last_60,A+,21.6,Hudson Valley Renegades,Total,HV,- - -,,,2,9,9,3,1,2,0,0,1,0,0,0,1,0,0,0,0,0,0,.333,0.0%,11.1%,.000,.333,.556,.889,.222,,.375,,1.6,0.4,.389,129
Mairo Martinus,800302,last_60,A+,21.6,Great Lakes Loons,Total,GL,- - -,,,26,103,106,29,19,3,1,6,16,23,3,0,26,0,0,0,1,2,4,.282,2.8%,24.5%,.115,.302,.505,.807,.223,,.324,,15.7,1.1,.355,108
Jesús  Báez,800305,last_60,AA,21.5,Springfield Cardinals,Total,SPR,- - -,,,27,108,120,39,24,5,0,10,22,32,4,0,19,4,4,0,1,2,1,.361,3.3%,15.8%,.211,.392,.685,1.077,.324,,.349,,26.9,9.8,.460,157
Jansel Luis,800306,last_60,AA,21.5,Amarillo Sod Poodles,Total,AMA,- - -,,,14,62,64,22,14,3,2,3,13,12,1,0,16,1,0,0,0,4,0,.355,1.6%,25.0%,.062,.375,.613,.988,.258,,.442,,13.0,3.8,.433,142
Alexander Albertus,800316,last_60,A,21.9,Kannapolis Cannon Ballers,Total,KAN,- - -,,,22,83,97,29,22,5,0,2,15,15,10,0,16,1,1,2,1,1,1,.349,10.3%,16.5%,.625,.421,.482,.903,.133,,.409,,18.6,5.4,.406,141
Victor Rodrigues,800332,last_60,A+,22.0,Great Lakes Loons,Total,GL,- - -,,,16,45,61,7,3,3,0,1,9,7,11,0,10,2,3,0,0,0,0,.156,18.0%,16.4%,1.100,.328,.289,.617,.133,,.162,,6.2,-2.2,.296,74
Alessandro Duran,800333,last_60,DSL,21.1,DSL Giants Black,Total,D-GIB,- - -,,,6,16,20,4,2,2,0,0,3,2,2,0,3,1,1,0,0,0,0,.250,10.0%,15.0%,.667,.350,.375,.725,.125,,.286,,2.9,-0.5,.329,86
Juan Baez,800345,last_60,A+,21.2,Wisconsin Timber Rattlers,Total,WIS,- - -,,,16,58,64,9,5,4,0,0,7,5,5,0,7,1,0,0,2,0,0,.155,7.8%,10.9%,.714,.234,.224,.459,.069,,.176,,2.7,-6.1,.219,30
Juanfel Peguero,800346,last_60,A+,21.6,Bowling Green Hot Rods,Total,BG,- - -,,,2,6,7,0,0,0,0,0,1,0,1,0,2,0,0,0,0,0,0,.000,14.3%,28.6%,.500,.143,.000,.143,.000,,.000,,-0.3,-1.3,.102,-34
Edwin Amparo,800348,last_60,A+,21.9,Frederick Keys,Total,FRE,- - -,,,15,39,44,3,3,0,0,0,5,1,5,0,15,0,0,0,1,3,1,.077,11.4%,34.1%,.333,.182,.077,.259,.000,,.125,,-0.7,-6.7,.143,-11
Esteban Mejia,800354,last_60,A+,21.8,Hub City Spartanburgers,Total,HCS,- - -,,,16,53,57,13,12,1,0,0,6,2,4,0,12,0,0,0,3,2,0,.245,7.0%,21.1%,.333,.298,.264,.562,.019,,.317,,4.5,-3.3,.264,58
Ricardo Gonzalez,800357,last_60,A+,22.2,Bowling Green Hot Rods,Total,BG,- - -,,,15,49,58,13,12,1,0,0,4,4,7,0,11,0,0,2,2,3,0,.265,12.1%,19.0%,.636,.357,.286,.643,.020,,.342,,6.6,-1.4,.307,82
Eduardo Guerrero,800370,last_60,A+,21.3,Great Lakes Loons,Total,GL,- - -,,,26,95,113,28,23,4,1,0,16,19,14,0,16,1,2,1,1,3,1,.295,12.4%,14.2%,.875,.384,.358,.742,.063,,.346,,15.7,0.2,.343,101
Larry Martinez,800371,last_60,A+,21.1,Bowling Green Hot Rods,Total,BG,- - -,,,11,38,41,5,4,1,0,0,3,1,1,0,15,1,0,1,1,0,0,.132,2.4%,36.6%,.067,.175,.158,.333,.026,,.217,,-0.1,-5.7,.160,-1
Angel Mateo,800377,last_60,A,21.6,Charleston RiverDogs,Total,CHS,- - -,,,17,57,65,13,7,4,0,2,6,6,7,0,18,1,0,0,0,5,1,.228,10.8%,27.7%,.389,.323,.404,.727,.175,,.297,,8.6,-0.2,.331,98
Dennys Riera,800378,last_60,DSL,21.5,DSL Giants Black,Total,D-GIB,- - -,,,7,22,26,6,3,2,0,1,4,4,0,0,5,4,0,0,0,0,0,.273,0.0%,19.2%,.000,.385,.500,.885,.227,,.312,,5.3,0.8,.400,118
Nicandro Aybar,800384,last_60,A+,22.0,Bowling Green Hot Rods,Total,BG,- - -,,,22,84,95,21,18,2,1,0,8,7,10,0,21,0,0,0,2,1,1,.250,10.5%,22.1%,.476,.330,.298,.627,.048,,.333,,9.8,-3.2,.295,75
Fernando Peguero,800387,last_60,AAA,21.7,Norfolk Tides,Total,NOR,- - -,,,28,86,94,19,12,5,1,1,7,10,6,0,28,0,1,1,1,9,1,.221,6.4%,29.8%,.214,.269,.337,.606,.116,,.310,,7.9,-4.7,.273,63
Darlyn De Leon,800391,last_60,A,21.6,Myrtle Beach Pelicans,Total,MB,- - -,,,13,51,54,11,8,0,0,3,8,6,3,0,12,0,0,0,2,2,0,.216,5.6%,22.2%,.250,.259,.392,.651,.176,,.222,,5.5,-1.8,.292,75
Yeremy Cabrera,800393,last_60,A+,21.2,Wilmington Blue Rocks,Total,WIL,- - -,,,24,91,99,23,16,3,2,2,15,12,7,0,25,0,1,0,0,14,0,.253,7.1%,25.3%,.280,.303,.396,.699,.143,,.323,,11.6,-2.0,.312,85
Aron Estrada,800406,last_60,AAA,21.7,Norfolk Tides,Total,NOR,- - -,,,34,120,136,34,23,2,0,9,16,23,14,0,27,0,2,0,1,1,0,.283,10.3%,19.9%,.519,.353,.525,.878,.242,,.291,,23.4,5.1,.386,128
Alfredo Velásquez,800414,last_60,A+,21.9,Frederick Keys,Total,FRE,- - -,,,1,3,3,1,1,0,0,0,0,0,0,0,1,0,0,0,0,0,0,.333,0.0%,33.3%,.000,.333,.333,.667,.000,,.500,,0.3,-0.1,.303,80
Jeral Perez,800419,last_60,A+,21.8,Winston-Salem Dash,Total,WS,- - -,,,23,94,108,31,21,5,0,5,20,16,13,0,18,0,1,0,2,1,0,.330,12.0%,16.7%,.722,.407,.543,.950,.213,,.361,,21.8,6.9,.420,147
Oswaldo Osorio,800424,last_60,A,21.4,Ontario Tower Buzzers,Total,ONT,- - -,,,22,82,100,20,12,3,0,5,12,14,15,0,27,2,1,0,2,1,0,.244,15.0%,27.0%,.556,.370,.463,.833,.220,,.294,,16.4,1.6,.375,111
Felix Cotes,800432,last_60,A+,21.1,Bowling Green Hot Rods,Total,BG,- - -,,,11,34,37,4,1,3,0,0,2,1,2,0,13,1,0,0,0,1,1,.118,5.4%,35.1%,.154,.189,.206,.395,.088,,.190,,0.7,-4.3,.188,15
Elis Cuevas,800433,last_60,A+,21.8,Frederick Keys,Total,FRE,- - -,,,3,10,13,1,1,0,0,0,2,1,2,0,6,1,0,0,0,1,0,.100,15.4%,46.2%,.333,.308,.100,.408,.000,,.250,,0.8,-1.0,.237,42
Jose Alpuria,800434,last_60,A+,21.5,Hillsboro Hops,Total,HIL,- - -,,,3,10,10,2,2,0,0,0,0,0,0,0,2,0,0,0,1,0,1,.200,0.0%,20.0%,.000,.200,.200,.400,.000,,.250,,0.1,-1.4,.182,8
Andrés Nolaya,800438,last_60,A+,21.4,Frederick Keys,Total,FRE,- - -,,,13,27,36,7,6,0,0,1,7,4,7,0,7,2,0,0,0,1,1,.259,19.4%,19.4%,1.000,.444,.370,.815,.111,,.316,,6.4,1.5,.390,129
Narciso Polanco,800440,last_60,A+,21.9,Bowling Green Hot Rods,Total,BG,- - -,,,23,87,101,23,16,5,0,2,14,11,12,0,22,0,0,2,0,4,4,.264,11.9%,21.8%,.545,.354,.391,.744,.126,,.333,,14.1,0.2,.341,102
Echedry Vargas,800448,last_60,A,21.5,Jupiter Hammerheads,Total,JUP,- - -,,,23,85,96,33,16,6,0,11,14,32,5,0,24,3,3,0,1,4,0,.388,5.2%,25.0%,.208,.427,.847,1.274,.459,,.415,,27.7,13.7,.535,198
Thomas Sosa,800449,last_60,AA,21.7,Chesapeake Baysox,Total,CHE,- - -,,,18,69,77,18,13,3,0,2,6,9,7,0,25,1,0,0,0,0,1,.261,9.1%,32.5%,.280,.338,.391,.729,.130,,.381,,10.2,-0.3,.333,97
Jean Joseph,800463,last_60,A+,21.6,Vancouver Canadians,Total,VAN,- - -,,,14,47,54,9,4,1,1,3,7,14,5,0,7,0,2,0,0,0,0,.191,9.3%,13.0%,.714,.259,.447,.706,.255,,.154,,5.9,-2.2,.305,73
Jefferson Rojas,800473,last_60,AAA,21.4,Syracuse Mets,Total,SYR,- - -,,,32,133,150,40,18,9,1,12,31,36,11,1,31,1,3,0,0,4,2,.301,7.3%,20.7%,.355,.351,.654,1.005,.353,,.301,,30.7,10.6,.427,153
Roni Cabrera,800492,last_60,A,21.1,Columbia Fireflies,Total,COL,- - -,,,19,59,76,7,6,1,0,0,6,3,13,0,22,3,0,1,0,5,2,.119,17.1%,28.9%,.591,.307,.136,.442,.017,,.189,,4.9,-5.4,.243,47
Enderson Delgado,800503,last_60,A,22.0,Lakeland Flying Tigers,Total,LAK,- - -,,,11,34,39,9,6,3,0,0,6,5,4,0,8,1,0,0,0,1,0,.265,10.3%,20.5%,.500,.359,.353,.712,.088,,.346,,5.1,-0.6,.332,89
Luis Sanchez,800506,last_60,A,22.6,Augusta GreenJackets,Total,AUG,- - -,,,3,11,12,1,1,0,0,0,0,2,1,0,2,0,0,0,1,0,0,.091,8.3%,16.7%,.500,.167,.091,.258,.000,,.111,,-0.2,-1.9,.135,-15
Samuel Gil,800510,last_60,A+,21.8,West Michigan Whitecaps,Total,WM,- - -,,,19,67,79,12,10,1,0,1,12,5,10,0,15,1,1,0,3,2,0,.179,12.7%,19.0%,.667,.291,.239,.530,.060,,.212,,5.7,-5.2,.258,52
Alberto Hernandez,800516,last_60,AA,22.6,Corpus Christi Hooks,Total,CC,- - -,,,16,53,60,6,3,2,0,1,5,3,6,0,12,1,0,0,4,0,0,.113,10.0%,20.0%,.500,.217,.208,.424,.094,,.125,,1.6,-7.0,.207,19
Josue Briceño,800522,last_60,AAA,21.9,Toledo Mud Hens,Total,TOL,- - -,,,16,54,64,10,6,4,0,0,7,8,9,0,19,0,1,0,1,0,0,.185,14.1%,29.7%,.474,.297,.259,.556,.074,,.278,,4.7,-3.5,.266,58
Ivan Sosa,800526,last_60,A,22.0,Columbia Fireflies,Total,COL,- - -,,,3,11,12,2,2,0,0,0,0,0,1,0,7,0,0,0,0,0,0,.182,8.3%,58.3%,.143,.250,.182,.432,.000,,.500,,0.5,-1.2,.211,29
Josue De Paula,800543,last_60,AA,21.3,Tulsa Drillers,Total,TUL,- - -,,,26,106,123,28,14,8,0,6,17,22,15,1,19,0,2,0,5,3,3,.264,12.2%,15.4%,.789,.350,.509,.859,.245,,.265,,19.4,1.8,.375,110
Ricardo Pena,800547,last_60,A+,21.2,Cedar Rapids Kernels,Total,CR,- - -,,,2,6,7,0,0,0,0,0,0,0,1,0,4,0,0,0,0,0,0,.000,14.3%,57.1%,.250,.143,.000,.143,.000,,.000,,-0.3,-1.3,.102,-36
Alberto Barriga,800569,last_60,AA,21.8,Amarillo Sod Poodles,Total,AMA,- - -,,,20,82,88,17,13,3,0,1,11,6,5,0,17,1,0,0,1,1,0,.207,5.7%,19.3%,.294,.261,.280,.542,.073,,.250,,5.4,-7.2,.251,43
Roch Cholowsky,800604,last_60,A+,21.4,Winston-Salem Dash,Total,WS,- - -,,,6,22,30,3,2,1,0,0,3,3,5,0,6,2,1,0,1,3,0,.136,16.7%,20.0%,.833,.333,.182,.515,.045,,.176,,2.6,-1.6,.272,62
Will Gasparino,800605,last_60,A,21.7,Clearwater Threshers,Total,CLR,- - -,,,17,66,81,16,12,2,1,1,12,4,12,0,18,3,0,0,0,4,4,.242,14.8%,22.2%,.667,.383,.348,.731,.106,,.319,,11.4,-0.4,.346,97
Gavin Grahovac,800606,last_60,A,21.7,Rancho Cucamonga Quakes,Total,RC,- - -,,,21,79,94,25,13,4,1,7,19,16,13,0,24,2,0,0,2,13,1,.316,13.8%,25.5%,.542,.426,.658,1.084,.342,,.375,,22.3,8.5,.470,161
Roman Martin,800610,last_60,A,22.0,Stockton Ports,Total,STK,- - -,,,23,81,108,16,9,7,0,0,14,13,16,0,24,10,1,0,4,7,0,.198,14.8%,22.2%,.667,.389,.284,.673,.086,,.276,,14.2,-1.7,.334,89
Bryce Rainer,800614,last_60,A+,21.2,West Michigan Whitecaps,Total,WM,- - -,,,21,86,101,23,12,3,0,8,19,14,13,1,39,1,1,0,2,1,1,.267,12.9%,38.6%,.333,.366,.581,.948,.314,,.375,,19.3,5.4,.410,139
Luke Scherrer,800615,last_60,A,21.7,Bradenton Marauders,Total,BRD,- - -,,,15,48,55,8,6,0,0,2,5,7,6,0,18,1,0,0,2,1,1,.167,10.9%,32.7%,.333,.273,.292,.564,.125,,.214,,4.4,-3.6,.267,55
Logun Clark,800621,last_60,AA,23.2,Akron RubberDucks,Total,AKR,- - -,,,5,14,19,2,2,0,0,0,1,1,4,0,6,1,0,0,0,0,0,.143,21.1%,31.6%,.667,.368,.143,.511,.000,,.250,,1.8,-0.8,.285,69
Dean West,800632,last_60,A,22.1,Dunedin Blue Jays,Total,DUN,- - -,,,14,31,46,8,6,2,0,0,6,4,14,0,5,1,0,0,0,3,1,.258,30.4%,10.9%,2.800,.500,.323,.823,.065,,.308,,8.7,2.0,.408,130
Ty Hanchey,800643,last_60,AA,26.7,Richmond Flying Squirrels,Total,RIC,- - -,,,11,33,39,7,5,1,0,1,4,5,3,0,15,3,0,0,1,0,0,.212,7.7%,38.5%,.200,.333,.333,.667,.121,,.353,,4.6,-0.7,.316,87
Blake Rambusch,800683,last_60,AA,27.0,Arkansas Travelers,Total,ARK,- - -,,,4,13,15,3,3,0,0,0,2,2,1,0,2,0,1,0,0,0,1,.231,6.7%,13.3%,.500,.267,.231,.497,.000,,.250,,0.7,-1.5,.229,31
Wallace Clark,800712,last_60,A+,24.2,Hillsboro Hops,Total,HIL,- - -,,,11,37,41,9,5,2,0,2,10,4,4,0,7,0,0,0,1,0,0,.243,9.8%,17.1%,.571,.317,.459,.777,.216,,.250,,5.8,-0.3,.346,94
Eric Bitonti,800724,last_60,A+,20.8,Wisconsin Timber Rattlers,Total,WIS,- - -,,,32,121,146,31,13,10,0,8,21,34,19,0,41,0,6,0,1,5,1,.256,13.0%,28.1%,.463,.342,.537,.880,.281,,.295,,24.2,4.2,.378,121
Chase Heath,800840,last_60,AA,23.2,Springfield Cardinals,Total,SPR,- - -,,,6,20,21,5,5,0,0,0,2,0,1,0,7,0,0,0,2,1,0,.250,4.8%,33.3%,.143,.286,.250,.536,.000,,.385,,1.3,-1.7,.251,42
Brady Day,800953,last_60,A,24.4,Clearwater Threshers,Total,CLR,- - -,,,18,77,80,19,14,3,1,1,8,4,3,0,15,0,0,0,1,3,0,.247,3.8%,18.8%,.200,.275,.351,.626,.104,,.295,,7.4,-3.8,.281,66
Brendan Jones,800957,last_60,AAA,24.4,Jacksonville Jumbo Shrimp,Total,JAX,- - -,,,24,82,95,18,12,4,0,2,12,9,13,0,27,0,0,0,0,12,1,.220,13.7%,28.4%,.481,.326,.341,.668,.122,,.302,,10.3,-1.8,.311,85
Nick Goodwin,800959,last_60,AAA,25.0,Buffalo Bisons,Total,BUF,- - -,,,27,90,102,26,15,9,0,2,14,8,9,0,21,3,0,0,0,0,0,.289,8.8%,20.6%,.429,.373,.456,.828,.167,,.358,,16.1,3.1,.374,124
John Garcia,801039,last_60,A+,25.9,Asheville Tourists,Total,ASH,- - -,,,17,56,68,16,12,3,0,1,8,9,12,1,9,0,0,0,3,6,0,.286,17.6%,13.2%,1.333,.412,.393,.805,.107,,.326,,11.0,1.6,.369,118
Walker Janek,801075,last_60,AA,24.0,Corpus Christi Hooks,Total,CC,- - -,,,26,96,104,23,18,2,1,2,9,11,7,0,36,0,1,0,2,8,0,.240,6.7%,34.6%,.194,.288,.344,.632,.104,,.356,,9.2,-5.6,.287,62
Brock Rodden,801126,last_60,AAA,26.2,Tacoma Rainiers,Total,TAC,- - -,,,3,13,14,4,2,1,0,1,2,2,1,0,4,0,0,0,0,0,0,.308,7.1%,28.6%,.250,.357,.615,.973,.308,,.375,,2.7,0.8,.424,144
Alex Birge,801130,last_60,A,24.0,Palm Beach Cardinals,Total,PMB,- - -,,,8,23,29,5,3,2,0,0,4,3,5,0,9,0,1,0,0,2,0,.217,17.2%,31.0%,.556,.345,.304,.649,.087,,.333,,3.2,-0.8,.306,80
Max Anderson,801194,last_60,AAA,24.6,Toledo Mud Hens,Total,TOL,- - -,,,35,134,155,36,28,5,0,3,18,16,17,0,25,2,2,0,7,1,1,.269,11.0%,16.1%,.680,.355,.373,.728,.104,,.306,,19.6,-0.1,.335,99
Juan Matheus,801276,last_60,AAA,22.4,Jacksonville Jumbo Shrimp,Total,JAX,- - -,,,34,124,148,32,21,9,0,2,17,22,20,0,25,2,2,0,5,10,1,.258,13.5%,16.9%,.800,.365,.379,.744,.121,,.303,,20.0,0.6,.342,103
Max Viera,801290,last_60,A+,25.2,Vancouver Canadians,Total,VAN,- - -,,,17,57,69,11,5,1,3,2,10,11,10,0,22,2,0,0,2,3,1,.193,14.5%,31.9%,.455,.333,.421,.754,.228,,.273,,9.5,-0.8,.342,92
Luis Hernandez,801346,last_60,A+,24.1,Cedar Rapids Kernels,Total,CR,- - -,,,12,41,47,6,5,0,0,1,5,4,4,0,15,1,1,0,0,2,0,.146,8.5%,31.9%,.267,.234,.220,.454,.073,,.192,,1.7,-5.0,.218,25
Jared Dickey,801406,last_60,AAA,24.6,Las Vegas Aviators,Total,LV,- - -,,,31,111,131,31,26,4,0,1,15,16,20,1,22,0,0,0,1,2,0,.279,15.3%,16.8%,.909,.389,.342,.732,.063,,.341,,17.0,-0.6,.342,97
Alex Fernandes,801427,last_60,A+,23.9,Lansing Lugnuts,Total,LAN,- - -,,,6,25,31,9,7,1,1,0,8,3,4,0,1,0,2,0,0,5,0,.360,12.9%,3.2%,4.000,.419,.480,.899,.120,,.346,,5.5,1.2,.392,129
Jack Pineda,801442,last_60,AAA,27.0,Omaha Storm Chasers,Total,OMA,- - -,,,9,35,37,12,5,7,0,0,7,8,1,0,7,1,0,0,1,0,0,.343,2.7%,18.9%,.143,.378,.543,.921,.200,,.429,,6.8,2.1,.407,144
Tyce Armstrong,801489,last_60,A,23.2,Tampa Tarpons,Total,TAM,- - -,,,18,61,75,20,10,4,0,6,18,23,12,0,17,0,2,0,2,2,0,.328,16.0%,22.7%,.706,.427,.689,1.115,.361,,.350,,18.0,7.1,.473,165
Nate Furman,801501,last_60,AAA,25.1,Sacramento River Cats,Total,SAC,- - -,,,7,29,34,12,9,3,0,0,6,6,4,0,1,0,1,0,0,1,0,.414,11.8%,2.9%,4.000,.471,.517,.988,.103,,.414,,7.0,2.4,.439,153
Jake Cunningham,801507,last_60,AA,24.1,San Antonio Missions,Total,SA,- - -,,,3,10,11,4,3,1,0,0,1,3,1,0,3,0,0,0,0,0,0,.400,9.1%,27.3%,.333,.455,.500,.955,.100,,.571,,2.2,0.6,.430,141
Carlos Sanchez,801522,last_60,A,22.0,Jupiter Hammerheads,Total,JUP,- - -,,,11,30,42,6,4,2,0,0,5,4,11,0,8,0,1,0,1,1,0,.200,26.2%,19.0%,1.375,.405,.267,.671,.067,,.261,,5.6,-0.5,.334,92
Chris Suero,801523,last_60,AA,22.6,Binghamton Rumble Ponies,Total,BNG,- - -,,,28,94,117,19,11,4,0,4,16,11,20,0,31,2,1,0,0,10,4,.202,17.1%,26.5%,.645,.350,.372,.723,.170,,.250,,15.7,-0.1,.336,99
Nathan Humphreys,801537,last_60,A+,24.1,Jersey Shore BlueClaws,Total,JS,- - -,,,19,62,73,10,5,3,1,1,7,4,9,0,14,2,0,0,0,2,2,.161,12.3%,19.2%,.643,.288,.290,.578,.129,,.191,,6.4,-3.6,.275,64
Matt Halbach,801561,last_60,A+,23.6,South Bend Cubs,Total,SB,- - -,,,22,80,92,22,18,2,0,2,16,9,9,0,21,1,1,0,1,2,1,.275,9.8%,22.8%,.429,.352,.375,.727,.100,,.345,,12.1,-0.6,.333,95
Austin Smith,801563,last_60,A+,23.4,Vancouver Canadians,Total,VAN,- - -,,,21,84,95,23,10,9,0,4,17,8,5,0,7,4,1,1,4,3,0,.274,5.3%,7.4%,.714,.340,.524,.864,.250,,.257,,15.9,1.7,.380,112
Aaron Parker,801590,last_60,AA,23.7,New Hampshire Fisher Cats,Total,NH,- - -,,,25,93,103,24,16,2,0,6,14,14,10,0,39,0,0,0,1,3,0,.258,9.7%,37.9%,.256,.330,.473,.803,.215,,.375,,15.6,1.7,.358,112
Zander Darby,801592,last_60,A+,23.7,Eugene Emeralds,Total,EUG,- - -,,,23,85,91,24,16,4,0,4,15,16,4,0,32,1,1,0,2,4,0,.282,4.4%,35.2%,.125,.319,.471,.789,.188,,.400,,13.0,-0.1,.349,99
Cade McGee,801629,last_60,A+,23.6,Peoria Chiefs,Total,PEO,- - -,,,22,79,91,26,13,6,2,5,21,12,10,0,16,2,0,0,0,1,0,.329,11.0%,17.6%,.625,.418,.646,1.063,.316,,.362,,20.8,8.1,.462,164
Mike Boeve,801670,last_60,AA,24.4,Biloxi Shuckers,Total,BLX,- - -,,,31,106,122,29,23,3,1,2,11,10,16,0,26,0,0,0,0,1,0,.274,13.1%,21.3%,.615,.369,.377,.746,.104,,.346,,16.9,0.6,.345,104
Michael Carico,801686,last_60,A+,23.9,South Bend Cubs,Total,SB,- - -,,,3,9,11,1,1,0,0,0,0,0,2,0,3,0,0,0,0,0,0,.111,18.2%,27.3%,.667,.273,.111,.384,.000,,.167,,0.4,-1.1,.212,26
Brandon Nigh,801853,last_60,A,22.9,Fayetteville Woodpeckers,Total,FAY,- - -,,,13,38,47,5,5,0,0,0,4,0,8,0,21,1,0,0,0,1,0,.132,17.0%,44.7%,.381,.298,.132,.429,.000,,.294,,2.6,-3.8,.234,41
Ben Wilmes,801854,last_60,AAA,23.7,Albuquerque Isotopes,Total,ABQ,- - -,,,1,1,1,0,0,0,0,0,0,0,0,0,1,0,0,0,0,0,0,.000,0.0%,100.0%,.000,.000,.000,.000,.000,,,,-0.1,-0.3,.000,-102
Jacob Jenkins-Cowart,801881,last_60,A+,23.7,Beloit Sky Carp,Total,BEL,- - -,,,14,45,52,8,5,1,0,2,5,4,6,0,21,1,0,0,0,1,0,.178,11.5%,40.4%,.286,.288,.333,.622,.156,,.273,,5.1,-2.1,.290,71
Kole Myers,801887,last_60,AA,25.7,Tulsa Drillers,Total,TUL,- - -,,,29,108,132,29,16,5,2,6,23,14,22,0,25,1,1,0,2,7,1,.269,16.7%,18.9%,.880,.394,.519,.912,.250,,.295,,23.8,5.0,.404,127
Owen Carapellotti,801928,last_60,A,23.3,Dunedin Blue Jays,Total,DUN,- - -,,,14,47,54,13,5,1,0,7,11,10,7,0,13,0,0,0,0,0,0,.277,13.0%,24.1%,.538,.370,.745,1.115,.468,,.222,,13.0,5.2,.474,165
Alex McCoy,801932,last_60,A+,24.5,Fort Wayne TinCaps,Total,FW,- - -,,,29,116,131,37,28,5,0,4,20,18,11,0,33,2,2,0,2,5,3,.319,8.4%,25.2%,.333,.382,.466,.847,.147,,.407,,21.2,2.6,.379,114
Avery Owusu-Asiedu,801938,last_60,A+,23.2,Hillsboro Hops,Total,HIL,- - -,,,32,121,148,40,18,6,2,14,25,37,19,0,36,4,4,0,1,7,1,.331,12.8%,24.3%,.528,.426,.760,1.186,.430,,.347,,37.4,16.3,.496,177
Beau Ankeney,801954,last_60,A+,23.4,West Michigan Whitecaps,Total,WM,- - -,,,18,70,81,22,10,5,0,7,12,16,10,0,21,0,1,0,1,0,0,.314,12.3%,25.9%,.476,.395,.686,1.081,.371,,.349,,18.8,7.7,.462,169
Dub Gleed,801957,last_60,AA,24.0,New Hampshire Fisher Cats,Total,NH,- - -,,,28,114,126,34,23,7,1,3,16,11,10,0,21,2,0,0,3,1,0,.298,7.9%,16.7%,.476,.365,.456,.821,.158,,.344,,20.2,3.1,.369,118
Callan Moss,801978,last_60,AA,23.0,Altoona Curve,Total,ALT,- - -,,,27,102,115,24,15,3,2,4,14,14,10,0,29,2,1,0,5,3,1,.235,8.7%,25.2%,.345,.313,.422,.735,.186,,.286,,14.8,-0.8,.329,95
Henry Hunter,802001,last_60,A,23.6,Daytona Tortugas,Total,DBT,- - -,,,13,38,47,9,7,1,0,1,8,6,8,0,17,1,0,0,0,0,0,.237,17.0%,36.2%,.471,.383,.342,.725,.105,,.400,,6.6,-0.3,.345,96
Gunner Gouldsmith,802005,last_60,A+,25.0,Lansing Lugnuts,Total,LAN,- - -,,,18,58,71,11,8,2,0,1,10,4,13,0,11,0,0,0,2,2,0,.190,18.3%,15.5%,1.182,.338,.276,.614,.086,,.217,,7.4,-2.4,.299,76
Ryan Burrowes,802018,last_60,AA,22.1,Birmingham Barons,Total,BIR,- - -,,,29,102,119,25,20,2,1,2,13,11,13,0,24,2,1,1,1,9,2,.245,10.9%,20.2%,.542,.339,.343,.682,.098,,.299,,13.9,-2.0,.317,87
Patrick Clohisy,802117,last_60,AAA,24.8,Gwinnett Stripers,Total,GWN,- - -,,,21,74,87,20,17,3,0,0,17,4,12,0,24,0,1,0,1,14,2,.270,13.8%,27.6%,.500,.368,.311,.679,.041,,.392,,10.1,-1.0,.321,91
Dayne Leonard,802143,last_60,AAA,26.4,Louisville Bats,Total,LOU,- - -,,,8,24,31,4,4,0,0,0,5,2,2,0,7,2,1,2,1,0,0,.167,6.5%,22.6%,.286,.276,.167,.443,.000,,.222,,1.3,-2.7,.226,33
Woody Hadeen,802219,last_60,A+,24.1,West Michigan Whitecaps,Total,WM,- - -,,,28,112,130,34,22,8,2,2,27,14,17,0,24,1,0,0,5,12,1,.304,13.1%,18.5%,.708,.400,.464,.864,.161,,.372,,22.9,5.3,.390,130
Tanner Schobel,802355,last_60,AAA,25.3,St. Paul Saints,Total,STP,- - -,,,29,101,116,23,14,5,0,4,16,13,13,0,14,1,1,0,4,3,0,.228,11.2%,12.1%,.929,.319,.396,.715,.168,,.226,,13.8,-1.0,.324,93
Angel Arredondo,802397,last_60,A,19.9,Rancho Cucamonga Quakes,Total,RC,- - -,,,18,73,82,23,16,6,0,1,14,10,9,0,14,0,0,0,1,2,0,.315,11.0%,17.1%,.643,.390,.438,.829,.123,,.379,,13.5,1.4,.376,111
Sebastian Baquera,802398,last_60,A,19.6,Hickory Crawdads,Total,HIC,- - -,,,12,38,48,11,9,2,0,0,6,6,7,0,11,2,0,1,0,1,1,.289,14.6%,22.9%,.636,.426,.342,.768,.053,,.407,,7.7,1.2,.367,119
Travis Honeyman,802469,last_60,A,24.9,Palm Beach Cardinals,Total,PMB,- - -,,,9,30,37,6,4,1,0,1,4,2,4,0,6,3,0,0,0,1,1,.200,10.8%,16.2%,.667,.351,.333,.685,.133,,.217,,4.7,-0.7,.327,87
Cameron Leary,802474,last_60,AA,24.8,Midland RockHounds,Total,MID,- - -,,,26,89,113,24,12,6,1,5,17,31,24,0,28,0,0,0,0,15,1,.270,21.2%,24.8%,.857,.425,.528,.953,.258,,.339,,22.2,6.1,.424,138
Ty Doucette,802494,last_60,A,22.5,Daytona Tortugas,Total,DBT,- - -,,,23,84,101,27,14,5,1,7,14,19,15,0,20,2,0,0,3,1,0,.321,14.9%,19.8%,.750,.436,.655,1.090,.333,,.351,,24.3,10.4,.473,175
Deiten Lachance,802500,last_60,A,21.4,Hill City Howlers,Total,HC,- - -,,,17,64,75,18,11,5,0,2,12,11,6,0,13,1,4,0,5,7,0,.281,8.0%,17.3%,.462,.333,.453,.786,.172,,.302,,10.7,0.5,.343,105
Myles Naylor,802504,last_60,A+,21.4,Lansing Lugnuts,Total,LAN,- - -,,,19,72,84,15,8,5,0,2,8,9,10,0,29,1,1,0,2,2,0,.208,11.9%,34.5%,.345,.310,.361,.671,.153,,.310,,9.3,-2.2,.307,81
Dylan O'Rae,802506,last_60,AA,22.6,Biloxi Shuckers,Total,BLX,- - -,,,18,66,78,17,15,0,1,1,15,4,11,0,16,0,0,1,2,11,1,.258,14.1%,20.5%,.688,.364,.333,.697,.076,,.327,,9.8,-0.7,.328,94
Agustin Acosta,802528,last_60,AA,22.0,Tulsa Drillers,Total,TUL,- - -,,,1,4,4,0,0,0,0,0,0,0,0,0,3,0,0,0,0,0,0,.000,0.0%,75.0%,.000,.000,.000,.000,.000,,.000,,-0.5,-1.1,.000,-95
Bryan Broecker,802541,last_60,A+,24.6,Bowling Green Hot Rods,Total,BG,- - -,,,13,41,50,8,8,0,0,0,7,1,9,0,13,0,0,0,0,1,0,.195,18.0%,26.0%,.692,.340,.195,.535,.000,,.286,,4.3,-2.5,.274,63
Ichiro Cano,802560,last_60,A,21.6,Daytona Tortugas,Total,DBT,- - -,,,23,87,100,32,25,6,0,1,21,14,11,0,14,2,0,0,2,0,0,.368,11.0%,14.0%,.786,.450,.471,.921,.103,,.431,,19.9,5.3,.419,136
Max Holy,802959,last_60,AA,24.2,Corpus Christi Hooks,Total,CC,- - -,,,17,50,63,11,8,2,0,1,6,7,12,1,14,0,1,0,0,3,1,.220,19.0%,22.2%,.857,.365,.320,.685,.100,,.278,,7.2,-1.8,.319,80
E.J. Exposito,802991,last_60,AA,25.4,Erie SeaWolves,Total,ERI,- - -,,,29,113,123,30,18,6,1,5,20,19,6,0,26,2,2,0,3,8,0,.265,4.9%,21.1%,.231,.309,.469,.778,.204,,.298,,17.1,0.4,.342,103
Ben Hartl,803015,last_60,A+,23.6,Winston-Salem Dash,Total,WS,- - -,,,2,4,6,1,0,0,1,0,1,0,0,0,1,2,0,0,0,0,0,.250,0.0%,16.7%,.000,.500,.750,1.250,.500,,.333,,1.7,0.9,.521,204
Matthew Etzel,803033,last_60,AAA,24.4,Jacksonville Jumbo Shrimp,Total,JAX,- - -,,,31,112,133,26,11,8,0,7,19,23,20,0,34,0,1,0,1,7,1,.232,15.0%,25.6%,.588,.346,.491,.837,.259,,.264,,20.6,3.7,.371,122
Brady Marget,803067,last_60,A,23.9,Charleston RiverDogs,Total,CHS,- - -,,,3,12,13,1,1,0,0,0,0,1,0,0,1,0,1,0,1,0,0,.083,0.0%,7.7%,.000,.077,.083,.160,.000,,.083,,-0.9,-2.7,.070,-52
Cooper McMurray,803102,last_60,A,24.7,Augusta GreenJackets,Total,AUG,- - -,,,25,88,106,25,16,8,0,1,9,20,14,0,31,0,4,0,0,2,0,.284,13.2%,29.2%,.452,.368,.409,.777,.125,,.400,,15.6,1.2,.349,108
Tristan Bissetta,803124,last_60,A+,23.3,Peoria Chiefs,Total,PEO,- - -,,,18,68,77,12,7,3,0,2,9,11,8,0,31,0,1,0,1,3,0,.176,10.4%,40.3%,.258,.260,.309,.569,.132,,.278,,5.8,-4.8,.262,55
Camden Troyer,803131,last_60,A+,24.1,Hudson Valley Renegades,Total,HV,- - -,,,12,37,43,3,2,1,0,0,7,2,6,0,10,0,0,0,2,1,0,.081,14.0%,23.3%,.600,.209,.108,.317,.027,,.111,,0.3,-5.6,.172,5
Tommy Hawke,803142,last_60,A+,24.2,Lake County Captains,Total,LC,- - -,,,25,102,121,28,19,8,0,1,19,10,19,0,20,0,0,0,0,8,2,.275,15.7%,16.5%,.950,.388,.382,.771,.108,,.333,,18.1,1.5,.358,109
Jake Reinisch,803152,last_60,A+,24.6,Lansing Lugnuts,Total,LAN,- - -,,,25,90,113,29,19,5,2,3,13,17,23,1,23,0,0,0,0,1,1,.322,20.4%,20.4%,1.000,.460,.522,.982,.200,,.406,,24.0,8.5,.438,155
Griff O'Ferrall,803172,last_60,AA,23.6,Chesapeake Baysox,Total,CHE,- - -,,,24,91,102,24,21,2,0,1,13,5,10,0,21,1,0,0,1,12,0,.264,9.8%,20.6%,.476,.343,.319,.662,.055,,.333,,11.7,-2.2,.310,84
Ethan Anderson,803175,last_60,AAA,23.0,Norfolk Tides,Total,NOR,- - -,,,25,96,106,32,20,5,0,7,18,22,8,0,18,1,0,0,2,2,0,.333,7.5%,17.0%,.444,.390,.604,.995,.271,,.352,,22.5,8.3,.437,158
Jose Escobar,803241,last_60,A+,22.0,South Bend Cubs,Total,SB,- - -,,,23,86,98,15,12,3,0,0,9,8,10,0,12,1,1,0,0,2,1,.174,10.2%,12.2%,.833,.265,.209,.475,.035,,.200,,5.0,-8.4,.231,37
Max Belyeu,803284,last_60,A+,22.7,Spokane Indians,Total,SPO,- - -,,,5,19,23,2,0,1,0,1,2,2,2,0,9,2,0,0,2,0,0,.105,8.7%,39.1%,.222,.261,.316,.577,.211,,.111,,2.0,-1.5,.274,57
Estevan Moreno,803290,last_60,A,22.9,Inland Empire 66ers,Total,IE,- - -,,,19,74,82,22,13,6,0,3,12,13,6,0,33,1,1,0,0,7,0,.297,7.3%,40.2%,.182,.354,.500,.854,.203,,.487,,13.6,1.5,.377,112
Jay Harry,803385,last_60,A,24.1,Dunedin Blue Jays,Total,DUN,- - -,,,28,108,117,27,21,5,0,1,14,9,5,0,18,3,1,0,2,0,0,.250,4.3%,15.4%,.278,.299,.324,.623,.074,,.289,,10.4,-4.6,.286,69
Carlos Cauro,803426,last_60,A,21.2,Fayetteville Woodpeckers,Total,FAY,- - -,,,12,36,43,7,4,3,0,0,7,3,5,0,11,1,1,0,0,1,0,.194,11.6%,25.6%,.455,.302,.278,.580,.083,,.269,,3.8,-2.0,.275,66
Colby Jones,803475,last_60,A+,22.9,Rome Emperors,Total,ROM,- - -,,,23,72,92,12,7,3,1,1,10,12,16,0,20,0,3,1,2,6,0,.167,17.4%,21.7%,.800,.308,.278,.585,.111,,.204,,8.4,-4.3,.279,66
Jalen Hairston,803630,last_60,A,22.5,Daytona Tortugas,Total,DBT,- - -,,,14,45,65,16,8,6,1,1,14,8,18,0,10,2,0,0,0,1,0,.356,27.7%,15.4%,1.800,.554,.600,1.154,.244,,.441,,17.5,8.0,.509,184
Sammy Hernandez,803679,last_60,A+,22.3,Peoria Chiefs,Total,PEO,- - -,,,19,64,80,13,6,5,0,2,8,7,14,0,16,1,1,0,0,6,2,.203,17.5%,20.0%,.875,.350,.375,.725,.172,,.234,,10.6,-0.4,.336,97
Jordan Yost,803723,last_60,A,19.7,Lakeland Flying Tigers,Total,LAK,- - -,,,19,75,83,20,13,3,1,3,12,12,6,0,10,0,2,0,0,3,1,.267,7.2%,12.0%,.600,.313,.453,.767,.187,,.266,,11.1,-1.0,.337,92
Hayden Yost,803734,last_60,A,21.5,Inland Empire 66ers,Total,IE,- - -,,,21,86,105,25,13,4,1,7,22,22,15,0,24,2,2,0,3,1,0,.291,14.3%,22.9%,.625,.400,.605,1.005,.314,,.316,,22.0,6.5,.434,142
Adrian Santana,803745,last_60,AA,21.2,Pensacola Blue Wahoos,Total,PNS,- - -,,,27,114,129,28,21,7,0,0,22,11,13,0,18,1,0,1,1,7,0,.246,10.1%,14.0%,.722,.328,.307,.635,.061,,.292,,13.2,-4.1,.298,76
Josh Hogue,803811,last_60,A,22.7,Jupiter Hammerheads,Total,JUP,- - -,,,15,46,58,8,4,3,0,1,8,6,10,0,15,0,2,0,0,1,0,.174,17.2%,25.9%,.667,.310,.304,.615,.130,,.219,,5.6,-2.9,.289,66
Devin Fitz-Gerald,803849,last_60,AA,21.1,Harrisburg Senators,Total,HBG,- - -,,,25,98,113,32,20,5,0,7,21,22,11,0,26,2,2,0,2,0,2,.327,9.7%,23.0%,.423,.398,.592,.990,.265,,.373,,23.6,8.3,.431,154
Brayden Dowd,804053,last_60,A,22.0,Visalia Rawhide,Total,VIS,- - -,,,20,79,92,13,8,4,0,1,9,8,12,0,18,0,1,0,2,2,1,.165,13.0%,19.6%,.667,.272,.253,.525,.089,,.197,,6.1,-7.4,.251,45
Aiva Arquette,804109,last_60,AA,22.9,Pensacola Blue Wahoos,Total,PNS,- - -,,,23,97,106,32,26,3,0,3,17,12,6,1,23,2,1,0,2,9,0,.330,5.7%,21.7%,.261,.377,.454,.831,.124,,.403,,16.8,2.7,.371,119
Luke Pelzer,804114,last_60,AA,23.7,Northwest Arkansas Naturals,Total,NWA,- - -,,,26,106,120,36,27,7,2,0,19,8,12,2,24,1,1,0,1,12,3,.340,10.0%,20.0%,.500,.408,.443,.852,.104,,.434,,19.3,2.2,.379,113
Bobby Boser,804119,last_60,AA,23.8,Midland RockHounds,Total,MID,- - -,,,21,79,93,17,10,3,0,4,12,8,11,0,37,2,1,0,1,3,0,.215,11.8%,39.8%,.297,.323,.405,.728,.190,,.333,,11.4,-1.8,.330,86
Braden Holcomb,804133,last_60,A,21.8,Kannapolis Cannon Ballers,Total,KAN,- - -,,,9,33,38,10,5,2,2,1,7,6,4,0,12,1,0,0,0,1,0,.303,10.5%,31.6%,.333,.395,.576,.970,.273,,.450,,7.8,2.6,.424,151
Jacob Burke,804240,last_60,AA,25.5,Birmingham Barons,Total,BIR,- - -,,,14,51,56,9,9,0,0,0,3,4,4,0,10,1,0,0,2,0,2,.176,7.1%,17.9%,.400,.250,.176,.426,.000,,.220,,1.9,-5.6,.210,25
Zach Levenson,804241,last_60,AAA,24.5,Memphis Redbirds,Total,MEM,- - -,,,26,99,109,26,15,4,0,7,16,25,7,0,27,1,1,0,2,0,0,.263,6.4%,24.8%,.259,.315,.515,.830,.253,,.288,,16.2,1.7,.364,112
Eddie Micheletti Jr.,804446,last_60,AA,24.7,Rocket City Trash Pandas,Total,RCT,- - -,,,24,86,100,17,6,6,1,4,12,17,10,0,20,4,0,0,2,2,0,.198,10.0%,20.0%,.500,.310,.430,.740,.233,,.210,,13.0,-0.4,.334,97
Carter Garate,804466,last_60,A+,22.7,Hub City Spartanburgers,Total,HCS,- - -,,,14,49,54,9,6,3,0,0,10,3,4,0,16,1,0,0,1,0,0,.184,7.4%,29.6%,.250,.259,.245,.504,.061,,.273,,3.3,-4.2,.239,44
Bradley Frye,804503,last_60,A+,24.1,Fort Wayne TinCaps,Total,FW,- - -,,,15,54,62,15,10,2,1,2,12,9,7,0,15,0,0,1,2,4,0,.278,11.3%,24.2%,.467,.361,.463,.824,.185,,.351,,9.9,1.4,.369,116
Raudi Rodriguez,804558,last_60,AAA,23.2,Salt Lake Bees,Total,SL,- - -,,,34,132,155,36,28,1,3,4,28,21,23,0,30,0,0,0,2,9,2,.273,14.8%,19.4%,.767,.381,.417,.797,.144,,.327,,22.8,2.0,.364,110
Charles Davalan,804560,last_60,A+,22.7,Great Lakes Loons,Total,GL,- - -,,,23,91,107,23,14,3,1,5,18,10,8,0,11,5,3,0,0,1,1,.253,7.5%,10.3%,.727,.336,.473,.809,.220,,.231,,16.0,1.3,.357,109
Eric Guevara,804561,last_60,A,21.9,Jupiter Hammerheads,Total,JUP,- - -,,,15,50,61,12,10,0,0,2,11,7,11,0,15,0,0,0,0,6,0,.240,18.0%,24.6%,.733,.377,.360,.737,.120,,.303,,8.6,-0.2,.347,97
Tre Phelps,804569,last_60,A,22.2,Bradenton Marauders,Total,BRD,- - -,,,15,53,67,9,8,1,0,0,7,4,7,0,16,6,1,0,1,5,2,.170,10.4%,23.9%,.438,.328,.189,.517,.019,,.237,,5.4,-4.3,.269,56
Konnor Griffin,804606,last_60,AAA,20.4,Indianapolis Indians,Total,IND,- - -,,,3,11,13,3,3,0,0,0,0,0,2,0,4,0,0,0,0,0,0,.273,15.4%,30.8%,.500,.385,.273,.657,.000,,.429,,1.5,-0.2,.319,90
Marco Vargas,804614,last_60,AA,21.3,Binghamton Rumble Ponies,Total,BNG,- - -,,,24,98,107,34,25,5,2,2,16,16,8,1,33,0,1,0,1,15,1,.347,7.5%,30.8%,.242,.393,.500,.893,.153,,.500,,19.2,4.7,.393,132
Caden Connor,804645,last_60,AAA,26.1,Charlotte Knights,Total,CLT,- - -,,,25,79,90,19,15,3,0,1,9,9,8,0,15,1,2,0,2,5,0,.241,8.9%,16.7%,.533,.311,.316,.628,.076,,.277,,8.2,-3.2,.290,72
Logan Poteet,804751,last_60,A+,22.8,South Bend Cubs,Total,SB,- - -,,,15,57,61,18,9,6,0,3,11,14,4,0,20,0,0,0,2,0,0,.316,6.6%,32.8%,.200,.361,.579,.940,.263,,.441,,11.7,3.4,.412,140
Jake Ogden,804826,last_60,A,22.6,St. Lucie Mets,Total,SLU,- - -,,,12,41,52,11,9,1,0,1,9,8,7,0,7,3,1,0,2,4,1,.268,13.5%,13.5%,1.000,.404,.366,.770,.098,,.294,,8.0,0.4,.362,105
Bryan Rincon,804858,last_60,AA,22.6,Reading Fightin Phils,Total,REA,- - -,,,28,102,133,31,16,7,0,8,25,17,27,0,27,3,1,0,1,5,0,.304,20.3%,20.3%,1.000,.459,.608,1.066,.304,,.338,,31.3,13.3,.466,174
Robert Phelps,804859,last_60,A+,22.6,Jersey Shore BlueClaws,Total,JS,- - -,,,22,88,96,17,15,1,0,1,9,5,8,0,17,0,0,0,1,8,4,.193,8.3%,17.7%,.471,.260,.239,.499,.045,,.229,,5.6,-7.6,.237,42
Brendan Summerhill,804911,last_60,A+,22.8,Bowling Green Hot Rods,Total,BG,- - -,,,12,50,57,13,13,0,0,0,11,5,4,0,11,2,1,0,1,6,0,.260,7.0%,19.3%,.364,.333,.260,.593,.000,,.325,,5.4,-2.4,.284,69
Jackson Lovich,804944,last_60,A+,22.8,Hudson Valley Renegades,Total,HV,- - -,,,24,90,104,27,15,4,2,6,20,20,13,0,28,0,1,0,3,15,1,.300,12.5%,26.9%,.464,.385,.589,.974,.289,,.368,,21.2,6.9,.423,148
Tyler Howard,804946,last_60,A+,22.4,Lake County Captains,Total,LC,- - -,,,14,50,59,11,8,2,0,1,8,5,8,0,5,1,0,0,2,0,0,.220,13.6%,8.5%,1.600,.339,.320,.659,.100,,.227,,6.8,-1.4,.312,83
Henry Godbout,804995,last_60,A,22.8,Salem RidgeYaks,Total,SAL,- - -,,,23,92,101,28,16,4,0,8,17,20,6,0,25,2,1,0,0,6,1,.304,5.9%,24.8%,.240,.356,.609,.965,.304,,.333,,20.2,6.5,.419,147
Drew Smith,805021,last_60,A,23.2,San Jose Giants,Total,SJ,- - -,,,3,12,12,4,2,1,0,1,2,7,0,0,3,0,0,0,0,0,0,.333,0.0%,25.0%,.000,.333,.667,1.000,.333,,.375,,2.5,0.8,.435,143
Rylan Galvan,805025,last_60,A,23.2,Kannapolis Cannon Ballers,Total,KAN,- - -,,,13,42,56,6,3,0,1,2,8,8,10,0,21,2,1,1,2,0,0,.143,17.9%,37.5%,.476,.327,.333,.661,.190,,.200,,6.7,-1.0,.312,87
Luis Marquez,805058,last_60,A,21.0,Hickory Crawdads,Total,HIC,- - -,,,4,16,17,1,1,0,0,0,0,2,0,0,5,0,1,0,0,1,0,.062,0.0%,29.4%,.000,.059,.062,.121,.000,,.083,,-1.4,-3.7,.054,-61
Erick Torres,805075,last_60,A+,21.7,Quad Cities River Bandits,Total,QC,- - -,,,18,64,72,14,10,1,1,2,8,12,6,0,9,1,1,0,0,2,0,.219,8.3%,12.5%,.667,.292,.359,.651,.141,,.222,,7.3,-2.6,.295,74
Ronny Hernandez,805082,last_60,A+,21.8,Greenville Drive,Total,GVL,- - -,,,18,69,76,22,16,2,0,4,11,12,5,0,15,1,1,0,2,0,0,.319,6.6%,19.7%,.333,.368,.522,.890,.203,,.353,,13.7,3.3,.393,131
Byron Chourio,805102,last_60,A+,21.3,Cedar Rapids Kernels,Total,CR,- - -,,,21,68,84,20,13,4,1,2,10,16,13,0,18,1,1,1,2,11,0,.294,15.5%,21.4%,.722,.410,.471,.880,.176,,.367,,15.1,3.6,.396,131
Jean Carlos Sió,805117,last_60,AA,22.4,Richmond Flying Squirrels,Total,RIC,- - -,,,24,64,84,16,14,2,0,0,11,3,14,0,23,3,1,2,2,3,1,.250,16.7%,27.4%,.609,.402,.281,.684,.031,,.381,,11.2,-0.1,.335,99
Charlie Szykowny,805126,last_60,AA,26.2,Richmond Flying Squirrels,Total,RIC,- - -,,,33,128,139,33,24,5,1,3,13,13,9,0,18,1,0,0,2,3,1,.258,6.5%,12.9%,.500,.312,.383,.694,.125,,.280,,15.7,-3.0,.315,84
Devin Taylor,805127,last_60,AAA,22.7,Las Vegas Aviators,Total,LV,- - -,,,35,136,163,38,24,7,0,7,24,22,27,0,57,0,0,0,3,1,1,.279,16.6%,35.0%,.474,.399,.485,.884,.206,,.431,,28.5,5.8,.398,126
Jake Bold,805145,last_60,A,22.6,Lake Elsinore Storm,Total,LE,- - -,,,3,6,9,1,1,0,0,0,0,0,3,0,2,0,0,0,0,0,0,.167,33.3%,22.2%,1.500,.444,.167,.611,.000,,.250,,1.2,-0.1,.338,91
Alejandro Nuñez,805168,last_60,AA,22.0,Corpus Christi Hooks,Total,CC,- - -,,,30,110,119,22,17,3,0,2,12,5,6,0,30,1,0,2,2,6,2,.200,5.0%,25.2%,.200,.248,.282,.530,.082,,.256,,6.6,-10.3,.244,39
Isaiah Lane,805182,last_60,A,21.6,Fort Myers Mighty Mussels,Total,FTM,- - -,,,18,56,75,15,8,3,2,2,7,14,17,0,16,1,1,0,1,3,1,.268,22.7%,21.3%,1.062,.440,.500,.940,.232,,.333,,14.9,4.0,.420,136
Caden Bodine,805207,last_60,AAA,22.8,Durham Bulls,Total,DUR,- - -,,,27,100,119,36,25,5,0,6,18,23,15,0,10,1,3,0,2,4,0,.360,12.6%,8.4%,1.500,.437,.590,1.027,.230,,.345,,25.8,10.3,.448,166
Jacob Galloway,805212,last_60,A,23.3,Inland Empire 66ers,Total,IE,- - -,,,2,5,5,1,1,0,0,0,0,0,0,0,2,0,0,0,1,0,0,.200,0.0%,40.0%,.000,.200,.200,.400,.000,,.333,,0.1,-0.7,.182,9
Nu'u Contrades,805225,last_60,A,22.9,Lake Elsinore Storm,Total,LE,- - -,,,22,76,85,20,12,6,0,2,15,12,9,0,17,0,0,0,3,6,2,.263,10.6%,20.0%,.529,.341,.421,.762,.158,,.316,,11.9,-0.6,.345,95
Otto Kemp,805249,last_60,AAA,27.0,Lehigh Valley IronPigs,Total,LHV,- - -,,,34,123,139,28,18,3,2,5,19,14,9,0,32,6,1,0,1,3,2,.228,6.5%,23.0%,.281,.309,.407,.716,.179,,.264,,16.4,-1.3,.323,93
Ethan Hedges,805260,last_60,A+,22.4,Spokane Indians,Total,SPO,- - -,,,21,89,98,18,11,4,0,3,11,15,7,0,29,2,0,0,2,0,1,.202,7.1%,29.6%,.241,.276,.348,.624,.146,,.263,,9.2,-5.5,.285,63
Peyton Williams,805268,last_60,A+,25.9,Vancouver Canadians,Total,VAN,- - -,,,29,100,109,28,17,5,0,6,11,19,8,0,28,1,0,0,1,0,0,.280,7.3%,25.7%,.286,.339,.510,.849,.230,,.333,,17.5,3.3,.376,123
Jordan Dissin,805301,last_60,AAA,24.3,Lehigh Valley IronPigs,Total,LHV,- - -,,,6,22,23,4,4,0,0,0,2,1,1,0,4,0,0,0,4,0,0,.182,4.3%,17.4%,.250,.217,.182,.399,.000,,.222,,0.3,-2.6,.189,10
Dervy Ventura,805319,last_60,A,22.6,Inland Empire 66ers,Total,IE,- - -,,,16,46,66,13,8,4,0,1,13,5,19,0,12,0,1,0,0,3,2,.283,28.8%,18.2%,1.583,.485,.435,.920,.152,,.353,,13.4,3.7,.425,138
Ben Ross,805346,last_60,AAA,25.3,St. Paul Saints,Total,STP,- - -,,,21,87,96,19,10,3,1,5,13,10,7,0,33,1,0,1,1,1,0,.218,7.3%,34.4%,.212,.284,.448,.732,.230,,.286,,11.4,-0.8,.325,94
Jim Jarvis,805347,last_60,AAA,25.9,Gwinnett Stripers,Total,GWN,- - -,,,24,95,112,23,17,3,3,0,15,11,16,0,20,0,1,0,1,8,3,.242,14.3%,17.9%,.800,.348,.337,.685,.095,,.303,,12.8,-1.5,.318,89
Isaiah Jackson,805365,last_60,A+,22.3,Greenville Drive,Total,GVL,- - -,,,25,90,103,25,14,5,0,6,18,17,10,1,21,2,1,0,1,5,0,.278,9.7%,20.4%,.476,.359,.533,.893,.256,,.297,,18.3,4.2,.390,129
Rod Barajas Jr.,805371,last_60,A,22.2,San Jose Giants,Total,SJ,- - -,,,15,59,68,17,7,9,0,1,14,9,9,0,10,0,0,0,1,0,0,.288,13.2%,14.7%,.900,.382,.492,.874,.203,,.333,,11.9,1.9,.390,119
Will Vierling,805416,last_60,A,23.0,Clearwater Threshers,Total,CLR,- - -,,,14,45,55,16,8,5,0,3,12,12,10,0,6,0,0,0,0,0,0,.356,18.2%,10.9%,1.667,.473,.667,1.139,.311,,.361,,14.1,6.1,.494,176
Aaron Piasecki,805491,last_60,A,22.8,Fayetteville Woodpeckers,Total,FAY,- - -,,,20,68,82,23,17,6,0,0,11,15,12,0,13,0,2,0,0,5,4,.338,14.6%,15.9%,.923,.427,.426,.853,.088,,.404,,14.5,3.4,.387,130
Ryan Weingartner,805550,last_60,A,22.1,Palm Beach Cardinals,Total,PMB,- - -,,,13,35,43,8,6,2,0,0,2,2,8,0,8,0,0,0,0,3,0,.229,18.6%,18.6%,1.000,.372,.286,.658,.057,,.296,,5.2,-0.7,.319,87
Drew Wyers,805587,last_60,AA,23.2,Corpus Christi Hooks,Total,CC,- - -,,,1,3,4,1,1,0,0,0,1,1,0,0,0,0,1,0,0,0,0,.333,0.0%,0.0%,,.250,.333,.583,.000,,.250,,0.2,-0.4,.228,30
Dylan Palmer,805590,last_60,A+,22.9,Greensboro Grasshoppers,Total,GBO,- - -,,,22,80,96,28,21,5,2,0,15,10,12,0,10,0,2,0,1,6,2,.350,12.5%,10.4%,1.200,.426,.463,.888,.113,,.389,,17.7,4.5,.398,134
Collin Price,805672,last_60,AAA,26.8,Sugar Land Space Cowboys,Total,SUG,- - -,,,28,100,117,16,7,3,0,6,15,13,15,0,37,1,1,0,2,3,1,.160,12.8%,31.6%,.405,.274,.370,.644,.210,,.172,,10.7,-5.0,.293,68
Ricson Gonzalez,805692,last_60,A,21.2,Columbia Fireflies,Total,COL,- - -,,,14,48,54,16,13,3,0,0,6,5,5,0,6,0,0,1,1,1,0,.333,9.3%,11.1%,.833,.396,.396,.792,.062,,.381,,8.5,1.1,.364,115
Keaton Anthony,805704,last_60,AAA,25.2,Lehigh Valley IronPigs,Total,LHV,- - -,,,30,103,125,30,20,5,0,5,13,22,19,0,18,1,2,0,5,0,0,.291,15.2%,14.4%,1.056,.400,.485,.885,.194,,.305,,21.8,5.9,.396,137
Ryder Helfrick,805785,last_60,A,21.5,Visalia Rawhide,Total,VIS,- - -,,,21,81,95,19,8,6,2,3,16,14,11,0,24,0,3,0,0,0,0,.235,11.6%,25.3%,.458,.316,.469,.785,.235,,.281,,13.1,-0.9,.342,93
Aidan Miller,805795,last_60,A,22.2,Clearwater Threshers,Total,CLR,- - -,,,4,12,14,4,1,3,0,0,3,2,2,0,1,0,0,0,1,1,1,.333,14.3%,7.1%,2.000,.429,.583,1.012,.250,,.364,,3.1,1.1,.444,158
Arjun Nimmala,805796,last_60,AA,20.9,Rocket City Trash Pandas,Total,RCT,- - -,,,25,99,118,25,10,7,0,8,20,14,18,0,29,1,0,0,2,0,2,.253,15.3%,24.6%,.621,.373,.566,.939,.313,,.274,,22.5,6.7,.412,143
Zion Rose,805799,last_60,A+,21.3,Quad Cities River Bandits,Total,QC,- - -,,,17,63,80,17,14,2,0,1,14,11,13,0,14,1,3,0,0,10,1,.270,16.2%,17.5%,.929,.388,.349,.737,.079,,.314,,11.1,0.1,.343,101
Nazzan Zanetello,805801,last_60,A+,21.3,Greenville Drive,Total,GVL,- - -,,,19,71,80,16,8,3,1,4,11,8,7,0,27,2,0,0,1,3,1,.225,8.8%,33.8%,.259,.312,.465,.777,.239,,.300,,11.5,0.5,.346,105
George Wolkow,805804,last_60,A+,20.6,Winston-Salem Dash,Total,WS,- - -,,,23,100,110,27,16,4,1,6,18,26,4,0,37,4,2,0,1,3,0,.270,3.6%,33.6%,.108,.318,.510,.828,.240,,.356,,17.2,2.1,.362,114
Walker Jenkins,805805,last_60,AAA,21.5,St. Paul Saints,Total,STP,- - -,,,13,50,61,22,14,1,1,6,12,11,11,0,9,0,0,0,0,7,2,.440,18.0%,14.8%,1.222,.541,.860,1.401,.420,,.457,,20.0,12.3,.593,258
Blake Mitchell,805810,last_60,A+,22.1,Quad Cities River Bandits,Total,QC,- - -,,,21,67,93,11,8,0,0,3,12,15,18,0,37,5,2,1,1,4,2,.164,19.4%,39.8%,.486,.370,.299,.668,.134,,.276,,11.8,-1.0,.327,92
Javier Vaz,805834,last_60,AAA,26.0,Omaha Storm Chasers,Total,OMA,- - -,,,26,94,118,19,9,9,0,1,17,10,18,0,21,4,0,2,0,11,0,.202,15.3%,17.8%,.857,.353,.330,.683,.128,,.250,,14.0,-2.3,.325,86
Hyungchan Um,805870,last_60,A+,22.3,Quad Cities River Bandits,Total,QC,- - -,,,15,48,61,14,10,1,2,1,9,7,9,0,15,1,0,3,1,1,1,.292,14.8%,24.6%,.600,.414,.458,.872,.167,,.406,,10.7,2.1,.395,125
Tanner Thach,805880,last_60,A+,22.5,Spokane Indians,Total,SPO,- - -,,,23,94,102,26,20,4,0,2,11,15,6,0,19,2,0,0,1,2,0,.277,5.9%,18.6%,.316,.333,.383,.716,.106,,.329,,12.8,-2.4,.327,84
Kaden Carpenter,805890,last_60,A,23.2,Hickory Crawdads,Total,HIC,- - -,,,25,82,107,18,8,3,2,5,23,17,21,0,25,3,1,0,1,7,2,.220,19.6%,23.4%,.840,.393,.488,.880,.268,,.245,,19.5,5.0,.394,134
Taylor Young,805891,last_60,AA,28.1,Tulsa Drillers,Total,TUL,- - -,,,27,107,126,34,29,2,1,2,21,9,18,0,19,1,0,0,0,5,2,.318,14.3%,15.1%,.947,.421,.411,.832,.093,,.372,,20.7,2.8,.384,116
Zach Cole,805904,last_60,AAA,26.1,Sugar Land Space Cowboys,Total,SUG,- - -,,,29,105,117,26,10,9,1,6,15,17,11,0,44,1,0,0,1,5,0,.248,9.4%,37.6%,.250,.325,.524,.849,.276,,.364,,18.0,2.3,.373,115
Jhoander Irigoyen,805910,last_60,A,23.7,Myrtle Beach Pelicans,Total,MB,- - -,,,16,60,67,12,10,2,0,0,8,6,6,0,10,0,1,0,1,0,0,.200,9.0%,14.9%,.600,.269,.233,.502,.033,,.235,,4.1,-5.0,.238,45
Antonis Macias,805950,last_60,A+,21.6,Hub City Spartanburgers,Total,HCS,- - -,,,25,86,99,21,14,3,1,3,15,14,9,0,14,2,1,1,0,2,0,.244,9.1%,14.1%,.643,.327,.407,.734,.163,,.257,,13.1,-0.5,.331,96
Boston Baro,805951,last_60,A,22.0,St. Lucie Mets,Total,SLU,- - -,,,8,29,33,7,5,2,0,0,4,3,4,0,4,0,0,0,1,3,0,.241,12.1%,12.1%,1.000,.333,.310,.644,.069,,.280,,3.5,-1.3,.302,74
Anthony Huezo,805953,last_60,A+,20.8,Asheville Tourists,Total,ASH,- - -,,,26,104,119,23,10,8,0,5,20,18,13,0,35,2,0,0,3,14,0,.221,10.9%,29.4%,.371,.319,.442,.762,.221,,.281,,16.6,0.2,.342,101
Kai Roberts,805956,last_60,AA,25.5,San Antonio Missions,Total,SA,- - -,,,20,63,74,13,11,0,1,1,8,6,7,0,23,0,2,2,2,9,1,.206,9.5%,31.1%,.304,.278,.286,.563,.079,,.293,,5.0,-5.5,.260,48
Caleb Farmer,805957,last_60,A+,27.0,Wilmington Blue Rocks,Total,WIL,- - -,,,18,52,60,9,6,3,0,0,4,6,6,0,20,0,2,0,0,0,0,.173,10.0%,33.3%,.300,.250,.231,.481,.058,,.265,,3.0,-5.2,.227,37
Stanley Tucker,805964,last_60,A+,24.4,Greenville Drive,Total,GVL,- - -,,,17,53,62,14,11,2,0,1,8,6,7,0,12,1,0,1,0,8,1,.264,11.3%,19.4%,.583,.361,.358,.719,.094,,.325,,8.4,-0.2,.335,98
Grant Kipp,805990,last_60,AAA,26.7,Iowa Cubs,Total,IOW,- - -,,,1,1,1,0,0,0,0,0,0,0,0,0,1,0,0,0,0,0,0,.000,0.0%,100.0%,.000,.000,.000,.000,.000,,,,-0.1,-0.3,.000,-106
Ryan McCarty,806005,last_60,AA,27.4,Altoona Curve,Total,ALT,- - -,,,12,34,42,7,6,1,0,0,1,2,8,0,12,0,0,0,0,3,2,.206,19.0%,28.6%,.667,.357,.235,.592,.029,,.318,,4.3,-1.4,.296,76
Brayden Bakes,806025,last_60,A,21.8,Clearwater Threshers,Total,CLR,- - -,,,9,38,41,9,5,3,0,1,3,2,2,0,13,0,0,0,1,2,0,.237,4.9%,31.7%,.154,.275,.395,.670,.158,,.333,,4.3,-1.7,.299,72
Eric Becker,806027,last_60,A+,21.4,Dayton Dragons,Total,DAY,- - -,,,19,75,85,15,8,4,0,3,10,10,6,0,20,3,0,1,0,0,2,.200,7.1%,23.5%,.300,.286,.373,.659,.173,,.231,,9.0,-2.7,.301,77
Drew Burress,806039,last_60,A,21.8,Stockton Ports,Total,STK,- - -,,,25,98,120,30,16,6,3,5,28,12,21,1,34,1,0,0,2,14,1,.306,17.5%,28.3%,.618,.433,.582,1.015,.276,,.424,,26.0,8.3,.443,147
Dean Curley,806053,last_60,AA,22.4,Akron RubberDucks,Total,AKR,- - -,,,28,103,119,29,19,5,0,5,20,17,15,0,35,1,0,0,1,2,3,.282,12.6%,29.4%,.429,.378,.476,.854,.194,,.381,,20.5,4.3,.384,127
Mason Eckelman,806065,last_60,A,21.9,Inland Empire 66ers,Total,IE,- - -,,,6,25,29,5,2,2,0,1,5,3,4,0,6,0,0,0,0,0,0,.200,13.8%,20.7%,.667,.310,.400,.710,.200,,.222,,3.6,-0.7,.323,83
Jonny Farmelo,806071,last_60,AA,22.0,Arkansas Travelers,Total,ARK,- - -,,,30,115,138,28,18,6,2,2,18,20,21,0,38,1,1,0,2,10,0,.243,15.2%,27.5%,.553,.362,.383,.745,.139,,.342,,18.3,-1.4,.343,93
J.D. Gonzalez,806083,last_60,A,20.9,Charleston RiverDogs,Total,CHS,- - -,,,8,22,26,4,4,0,0,0,4,1,3,0,2,0,0,1,0,2,0,.182,11.5%,7.7%,1.500,.280,.182,.462,.000,,.200,,1.4,-2.1,.231,41
Kyle Henley,806120,last_60,A,21.7,Daytona Tortugas,Total,DBT,- - -,,,11,39,39,16,12,3,0,1,10,7,0,0,15,0,0,0,1,2,0,.410,0.0%,38.5%,.000,.410,.564,.974,.154,,.652,,8.2,2.8,.434,152
Colin Houck,806124,last_60,A+,21.9,Brooklyn Cyclones,Total,BRK,- - -,,,16,57,69,14,9,3,0,2,10,8,10,0,19,2,0,0,1,2,0,.246,14.5%,27.5%,.526,.377,.404,.780,.158,,.333,,10.7,1.2,.361,113
Antonio Jimenez,806128,last_60,A+,22.2,Brooklyn Cyclones,Total,BRK,- - -,,,22,71,83,16,10,2,2,2,7,4,11,0,25,1,0,0,3,3,2,.225,13.3%,30.1%,.440,.337,.394,.732,.169,,.318,,11.2,-0.3,.334,98
Dee Kennedy,806131,last_60,A,21.4,Palm Beach Cardinals,Total,PMB,- - -,,,20,73,88,11,8,2,0,1,12,5,13,0,20,2,0,0,0,6,1,.151,14.8%,22.7%,.650,.295,.219,.515,.068,,.192,,6.4,-6.4,.258,50
Walker Martin,806152,last_60,A+,22.5,Eugene Emeralds,Total,EUG,- - -,,,22,76,91,16,11,4,0,1,18,5,14,0,33,1,0,0,0,6,0,.211,15.4%,36.3%,.424,.341,.303,.643,.092,,.357,,10.1,-3.5,.308,74
David McCann,806154,last_60,A+,22.5,Hudson Valley Renegades,Total,HV,- - -,,,21,82,90,19,11,1,0,7,11,17,4,0,22,4,0,0,0,2,0,.232,4.4%,24.4%,.182,.300,.500,.800,.268,,.226,,13.5,1.1,.354,109
Tyler Minnick,806166,last_60,A,22.0,Clearwater Threshers,Total,CLR,- - -,,,2,7,9,2,2,0,0,0,1,3,0,0,0,2,0,0,0,0,0,.286,0.0%,0.0%,,.444,.286,.730,.000,,.286,,1.4,0.1,.367,108
Lucas Moore,806169,last_60,A,21.4,Hill City Howlers,Total,HC,- - -,,,12,50,57,15,11,4,0,0,11,7,7,0,12,0,0,0,1,5,2,.300,12.3%,21.1%,.583,.386,.380,.766,.080,,.395,,8.6,0.9,.354,111
Cameron Nelson,806174,last_60,A+,22.2,Spokane Indians,Total,SPO,- - -,,,4,15,17,4,2,1,0,1,2,2,1,0,5,1,0,0,0,2,0,.267,5.9%,29.4%,.200,.353,.533,.886,.267,,.333,,3.0,0.5,.393,119
Jose Ortiz,806176,last_60,A+,21.6,Eugene Emeralds,Total,EUG,- - -,,,12,49,54,7,6,1,0,0,4,1,4,0,19,0,0,1,1,2,1,.143,7.4%,35.2%,.211,.208,.163,.371,.020,,.233,,0.6,-7.4,.181,8
Tai Peete,806191,last_60,AA,21.1,Springfield Cardinals,Total,SPR,- - -,,,17,78,82,26,17,5,1,3,22,15,4,0,18,0,0,0,1,3,1,.333,4.9%,22.0%,.222,.366,.538,.904,.205,,.404,,14.5,2.8,.399,124
Hideki Prather,806197,last_60,A,21.9,Fort Myers Mighty Mussels,Total,FTM,- - -,,,14,39,48,5,3,2,0,0,5,2,5,0,9,2,2,0,2,0,0,.128,10.4%,18.8%,.556,.250,.179,.429,.051,,.156,,1.9,-5.1,.216,27
Cooper Pratt,806198,last_60,A+,22.0,Wisconsin Timber Rattlers,Total,WIS,- - -,,,1,2,3,1,1,0,0,0,1,1,0,0,0,0,1,0,1,0,0,.500,0.0%,0.0%,,.333,.500,.833,.000,,.333,,0.3,-0.1,.303,78
Alfonsin Rosario,806210,last_60,AAA,22.2,Columbus Clippers,Total,COL,- - -,,,26,92,102,12,6,5,0,1,7,7,9,0,44,1,0,0,1,2,1,.130,8.8%,43.1%,.205,.216,.217,.433,.087,,.234,,2.8,-10.2,.208,22
Stone Russell,806212,last_60,A+,22.2,Quad Cities River Bandits,Total,QC,- - -,,,17,51,61,11,6,4,0,1,6,8,6,0,19,2,1,1,2,2,1,.216,9.8%,31.1%,.316,.317,.353,.670,.137,,.312,,6.8,-1.6,.308,81
Easton Shelton,806221,last_60,A,21.0,Ontario Tower Buzzers,Total,ONT,- - -,,,13,44,56,12,5,2,1,4,6,10,10,0,19,1,1,0,1,0,1,.273,17.9%,33.9%,.526,.411,.636,1.047,.364,,.364,,12.3,4.1,.448,149
Aidan Smith,806223,last_60,A+,22.1,Brooklyn Cyclones,Total,BRK,- - -,,,18,74,85,22,17,2,0,3,15,10,11,0,28,0,0,0,2,9,1,.297,12.9%,32.9%,.393,.388,.446,.834,.149,,.442,,14.4,2.7,.379,123
Alex Sosa,806227,last_60,A,21.8,Stockton Ports,Total,STK,- - -,,,16,54,67,16,10,4,0,2,8,8,12,0,10,0,1,0,2,0,0,.296,17.9%,14.9%,1.200,.418,.481,.899,.185,,.326,,12.4,2.6,.403,126
Sammy Stafura,806230,last_60,A+,21.8,Brooklyn Cyclones,Total,BRK,- - -,,,19,74,89,18,9,7,0,2,11,5,10,0,22,4,1,0,1,2,1,.243,11.2%,24.7%,.455,.360,.419,.778,.176,,.314,,13.4,1.1,.354,109
Luke Stevenson,806233,last_60,A+,22.1,Everett AquaSox,Total,EVE,- - -,,,23,88,111,19,11,1,0,7,20,13,22,0,36,1,0,0,2,2,2,.216,19.8%,32.4%,.611,.378,.466,.844,.250,,.267,,18.8,2.2,.383,113
Carson Tinney,806245,last_60,A,21.4,Fort Myers Mighty Mussels,Total,FTM,- - -,,,17,58,74,14,5,2,0,7,18,12,14,0,19,2,0,0,1,1,0,.241,18.9%,25.7%,.737,.405,.638,1.043,.397,,.219,,16.5,5.7,.451,153
Ralphy Velazquez,806252,last_60,AAA,21.3,Columbus Clippers,Total,COL,- - -,,,28,104,123,35,18,5,0,12,26,33,16,0,23,1,2,0,1,1,0,.337,13.0%,18.7%,.696,.423,.731,1.154,.394,,.324,,30.5,14.9,.490,195
Jaxon Willits,806261,last_60,A,21.9,Rancho Cucamonga Quakes,Total,RC,- - -,,,22,83,102,28,19,7,0,2,18,12,17,0,23,1,1,0,1,11,1,.337,16.7%,22.5%,.739,.451,.494,.945,.157,,.441,,20.7,5.7,.425,138
Brandon Winokur,806263,last_60,AA,21.7,Wichita Wind Surge,Total,WCH,- - -,,,29,125,137,29,19,2,1,7,18,23,7,0,34,2,2,0,2,4,2,.232,5.1%,24.8%,.206,.279,.432,.711,.200,,.256,,15.1,-4.4,.314,77
Macon Winslow,806264,last_60,A,21.6,Clearwater Threshers,Total,CLR,- - -,,,14,59,65,15,9,4,0,2,8,13,6,0,17,0,0,0,1,0,0,.254,9.2%,26.2%,.353,.323,.424,.747,.169,,.325,,8.7,-0.8,.336,92
Adam Retzbach,806273,last_60,AA,25.7,Chesapeake Baysox,Total,CHE,- - -,,,2,2,5,0,0,0,0,0,0,0,3,0,2,0,0,0,0,0,0,.000,60.0%,40.0%,1.500,.600,.000,.600,.000,,,,1.0,0.3,.427,151
Jack Goodman,806275,last_60,A,22.9,Lakeland Flying Tigers,Total,LAK,- - -,,,10,37,39,9,5,3,0,1,6,5,2,0,17,0,0,0,0,2,0,.243,5.1%,43.6%,.118,.282,.405,.687,.162,,.421,,4.3,-1.2,.307,78
Turner Hill,806367,last_60,AAA,27.4,Sacramento River Cats,Total,SAC,- - -,,,4,16,18,8,1,6,0,1,6,5,1,0,1,0,1,0,0,0,1,.500,5.6%,5.6%,1.000,.500,1.062,1.562,.562,,.467,,6.5,4.1,.639,269
Dayson Croes,806401,last_60,AA,26.9,Richmond Flying Squirrels,Total,RIC,- - -,,,31,127,141,39,31,6,1,1,18,14,9,0,19,2,1,2,2,4,3,.307,6.4%,13.5%,.474,.360,.394,.753,.087,,.352,,19.6,0.5,.343,103
Connor Charping,806464,last_60,AA,27.4,Arkansas Travelers,Total,ARK,- - -,,,15,52,60,9,5,3,0,1,7,3,3,0,13,4,1,0,0,2,1,.173,5.0%,21.7%,.231,.267,.288,.555,.115,,.205,,4.1,-4.4,.261,48
Caden Bogenpohl,806470,last_60,A,21.4,Clearwater Threshers,Total,CLR,- - -,,,15,56,61,13,8,4,0,1,4,9,4,0,17,0,1,0,2,0,0,.232,6.6%,27.9%,.235,.279,.357,.636,.125,,.308,,5.7,-3.2,.285,64
Kam Durnin,806494,last_60,A,22.1,Fayetteville Woodpeckers,Total,FAY,- - -,,,19,73,87,20,14,4,0,2,19,10,10,0,23,3,1,0,0,9,1,.274,11.5%,26.4%,.435,.379,.411,.790,.137,,.367,,13.7,1.9,.362,116
Cam Kozeal,806498,last_60,A,21.8,Jupiter Hammerheads,Total,JUP,- - -,,,6,24,27,5,1,2,0,2,4,2,3,0,5,0,0,0,1,0,0,.208,11.1%,18.5%,.600,.296,.542,.838,.333,,.176,,4.2,0.3,.365,107
Avery Ortiz,806499,last_60,A,21.2,Fredericksburg Nationals,Total,FBG,- - -,,,18,61,72,15,8,4,0,3,11,12,11,0,24,0,0,0,0,2,0,.246,15.3%,33.3%,.458,.361,.459,.820,.213,,.353,,11.8,2.0,.370,120
Ben Gobbel,806534,last_60,AAA,26.9,Salt Lake Bees,Total,SL,- - -,,,28,103,116,27,22,3,0,2,12,17,9,0,27,3,1,0,2,0,1,.262,7.8%,23.3%,.333,.336,.350,.686,.087,,.333,,12.8,-2.8,.317,82
Sir Jamison Jones,806550,last_60,A,20.3,Fredericksburg Nationals,Total,FBG,- - -,,,13,42,53,14,12,1,0,1,4,9,8,0,8,2,1,0,1,1,0,.333,15.1%,15.1%,1.000,.453,.429,.881,.095,,.382,,10.2,2.9,.406,141
Jancel Villarroel,806611,last_60,AA,21.7,Richmond Flying Squirrels,Total,RIC,- - -,,,24,85,97,18,12,4,1,1,7,10,10,0,21,0,1,1,3,1,0,.212,10.3%,21.6%,.476,.292,.318,.609,.106,,.266,,8.8,-4.3,.281,67
Chris Hacopian,806680,last_60,A+,22.0,Wilmington Blue Rocks,Total,WIL,- - -,,,13,40,48,11,10,0,0,1,5,1,8,0,8,0,0,0,0,2,1,.275,16.7%,16.7%,1.000,.396,.350,.746,.075,,.323,,7.1,0.5,.352,108
Jake Brown,806701,last_60,A,21.6,Inland Empire 66ers,Total,IE,- - -,,,21,90,99,29,21,7,0,1,12,12,7,0,10,0,2,0,0,7,4,.322,7.1%,10.1%,.700,.364,.433,.797,.111,,.346,,14.7,0.1,.356,101
Drew Davies,806730,last_60,A,20.8,Daytona Tortugas,Total,DBT,- - -,,,25,72,94,25,14,5,1,5,19,24,18,0,21,1,3,0,0,0,0,.347,19.1%,22.3%,.857,.468,.653,1.121,.306,,.408,,23.0,9.3,.478,168
Abel Lorenzo,806867,last_60,A,21.1,Ontario Tower Buzzers,Total,ONT,- - -,,,25,91,99,20,14,5,0,1,11,12,5,0,22,3,0,0,2,6,2,.220,5.1%,22.2%,.227,.283,.308,.591,.088,,.279,,8.4,-6.2,.274,57
Carlos Gutierrez,806872,last_60,A+,22.0,Greenville Drive,Total,GVL,- - -,,,12,47,54,13,9,4,0,0,8,5,5,0,9,1,0,1,1,4,2,.277,9.3%,16.7%,.556,.358,.362,.720,.085,,.342,,7.2,-0.2,.333,97
Yael Romero,806873,last_60,A,20.9,Daytona Tortugas,Total,DBT,- - -,,,3,9,12,0,0,0,0,0,1,1,3,0,6,0,0,0,1,0,0,.000,25.0%,50.0%,.500,.250,.000,.250,.000,,.000,,0.1,-1.6,.178,7
Luis Escudero,806884,last_60,A,20.6,Tampa Tarpons,Total,TAM,- - -,,,17,51,67,20,12,5,0,3,18,11,14,0,7,2,0,0,1,6,1,.392,20.9%,10.4%,2.000,.537,.667,1.204,.275,,.415,,18.8,9.1,.525,193
Jose Gonzalez,806919,last_60,A,21.6,Ontario Tower Buzzers,Total,ONT,- - -,,,4,18,19,4,2,0,1,1,5,3,1,0,7,0,0,0,0,1,0,.222,5.3%,36.8%,.143,.263,.500,.763,.278,,.300,,2.4,-0.4,.331,87
Yannic Walther,806921,last_60,A+,22.4,Wisconsin Timber Rattlers,Total,WIS,- - -,,,13,47,51,10,8,2,0,0,6,4,4,0,19,0,0,0,0,0,0,.213,7.8%,37.3%,.211,.275,.255,.530,.043,,.357,,3.3,-3.7,.249,48
Eduardo Tait,806953,last_60,A+,20.0,Cedar Rapids Kernels,Total,CR,- - -,,,21,89,96,17,10,4,0,3,10,9,6,1,16,0,1,0,1,2,0,.191,6.2%,16.7%,.375,.240,.337,.577,.146,,.197,,6.7,-6.5,.254,51
Ethan Salas,806956,last_60,AAA,20.2,El Paso Chihuahuas,Total,ELP,- - -,,,17,62,71,20,14,3,1,2,9,16,8,0,5,0,1,0,1,3,2,.323,11.3%,7.0%,1.600,.394,.500,.894,.177,,.321,,12.3,2.7,.397,129
Alfredo Duno,806957,last_60,AA,20.7,Chattanooga Lookouts,Total,CHA,- - -,,,14,55,60,20,15,4,1,0,6,6,5,0,10,0,0,0,1,2,0,.364,8.3%,16.7%,.500,.417,.473,.889,.109,,.444,,10.9,2.9,.400,136
Felnin Celesten,806958,last_60,AA,20.9,Arkansas Travelers,Total,ARK,- - -,,,17,68,73,11,8,1,0,2,6,8,4,0,25,1,0,0,0,4,2,.162,5.5%,34.2%,.160,.219,.265,.484,.103,,.220,,2.9,-7.5,.224,28
Joendry Vargas,806959,last_60,A,20.8,Ontario Tower Buzzers,Total,ONT,- - -,,,22,92,100,30,19,7,1,3,14,19,4,0,16,1,2,0,3,2,1,.326,4.0%,16.0%,.250,.354,.522,.875,.196,,.360,,17.0,2.2,.383,115
Derniche Valdez,806961,last_60,A,20.4,Myrtle Beach Pelicans,Total,MB,- - -,,,17,60,64,12,7,1,2,2,4,9,2,0,22,1,1,0,3,0,0,.200,3.1%,34.4%,.091,.234,.383,.618,.183,,.270,,5.5,-3.2,.271,63
Enmanuel Bonilla,806962,last_60,A,20.6,Dunedin Blue Jays,Total,DUN,- - -,,,14,35,40,8,7,1,0,0,4,1,5,0,18,0,0,0,0,3,2,.229,12.5%,45.0%,.278,.325,.257,.582,.029,,.471,,3.6,-2.2,.280,62
Brando Mayea,806963,last_60,A,21.0,Tampa Tarpons,Total,TAM,- - -,,,14,47,54,16,12,1,0,3,16,11,6,0,12,1,0,0,1,3,1,.340,11.1%,22.2%,.500,.426,.553,.979,.213,,.406,,11.4,3.6,.436,145
Sebastian Walcott,806964,last_60,AAA,20.5,Round Rock Express,Total,RR,- - -,,,26,108,124,35,21,8,0,6,31,11,14,0,29,2,0,0,0,9,0,.324,11.3%,23.4%,.483,.411,.565,.976,.241,,.397,,25.0,7.5,.432,142
Starlyn Caba,806965,last_60,A+,20.7,Beloit Sky Carp,Total,BEL,- - -,,,12,40,52,10,8,0,1,1,8,5,12,0,14,0,0,0,1,1,0,.250,23.1%,26.9%,.857,.423,.375,.798,.125,,.360,,8.6,1.4,.376,120
Camilo Diaz,806969,last_60,A,20.9,Fayetteville Woodpeckers,Total,FAY,- - -,,,1,4,4,1,1,0,0,0,0,0,0,0,1,0,0,0,0,0,1,.250,0.0%,25.0%,.000,.250,.250,.500,.000,,.333,,0.2,-0.3,.228,39
Robert Calaz,806978,last_60,A+,20.8,Spokane Indians,Total,SPO,- - -,,,19,67,75,25,11,6,0,8,16,14,8,0,20,0,0,0,1,1,1,.373,10.7%,26.7%,.400,.440,.821,1.261,.448,,.436,,21.8,10.6,.538,195
Angel Cepeda,806980,last_60,A+,20.9,South Bend Cubs,Total,SB,- - -,,,27,103,123,31,19,3,1,8,23,24,14,0,31,4,2,0,3,4,1,.301,11.4%,25.2%,.452,.398,.583,.981,.282,,.348,,25.2,8.3,.428,149
Esmil Valencia,806982,last_60,A+,20.9,Beloit Sky Carp,Total,BEL,- - -,,,15,51,55,10,5,2,1,2,4,12,2,0,9,0,2,0,2,1,0,.196,3.6%,16.4%,.222,.218,.392,.610,.196,,.190,,4.2,-3.4,.262,55
Yophery Rodriguez,806983,last_60,A+,20.8,Greenville Drive,Total,GVL,- - -,,,17,65,68,18,7,8,0,3,10,13,3,0,13,0,0,0,0,0,1,.277,4.4%,19.1%,.231,.309,.538,.847,.262,,.306,,11.1,1.7,.370,118
Arnaldo Lantigua,806984,last_60,A,20.7,Daytona Tortugas,Total,DBT,- - -,,,23,86,105,25,15,6,0,4,18,18,15,0,12,2,2,0,5,2,0,.291,14.3%,11.4%,1.250,.400,.500,.900,.209,,.292,,19.3,4.0,.400,126
Yoeilin Cespedes,806985,last_60,AA,21.0,Portland Sea Dogs,Total,POR,- - -,,,21,83,90,18,11,5,0,2,7,6,6,0,20,0,0,0,2,2,0,.217,6.7%,22.2%,.300,.270,.349,.619,.133,,.262,,8.2,-4.0,.281,67
Raymond Mola,806986,last_60,A,20.8,Bradenton Marauders,Total,BRD,- - -,,,10,20,24,3,2,1,0,0,2,3,4,0,11,0,0,0,0,2,0,.150,16.7%,45.8%,.364,.292,.200,.492,.050,,.333,,1.6,-1.9,.248,45
Daiverson Gutierrez,806987,last_60,A+,21.0,Brooklyn Cyclones,Total,BRK,- - -,,,15,51,63,11,7,3,0,1,6,6,10,0,11,2,0,0,2,1,0,.216,15.9%,17.5%,.909,.365,.333,.698,.118,,.256,,8.4,-0.3,.333,97
Welbyn Francisca,806988,last_60,A+,20.3,Lake County Captains,Total,LC,- - -,,,27,113,126,34,20,7,0,7,22,15,13,0,33,0,0,0,1,5,2,.301,10.3%,26.2%,.394,.373,.549,.922,.248,,.370,,23.8,6.5,.407,138
German Ramirez,806993,last_60,A,20.1,Fayetteville Woodpeckers,Total,FAY,- - -,,,14,46,51,11,8,3,0,0,7,11,5,0,18,0,0,0,1,2,0,.239,9.8%,35.3%,.278,.314,.304,.618,.065,,.393,,5.1,-1.8,.289,74
Luis Guanipa,806994,last_60,A+,20.7,Rome Emperors,Total,ROM,- - -,,,27,120,128,27,15,8,1,3,16,19,4,0,18,0,4,0,4,5,1,.225,3.1%,14.1%,.222,.242,.383,.626,.158,,.233,,11.0,-6.6,.272,62
Filippo Di Turi,806995,last_60,A,20.8,Wilson Warbirds,Total,WIL,- - -,,,21,69,91,11,10,0,0,1,12,6,20,0,16,1,1,0,1,5,1,.159,22.0%,17.6%,1.250,.352,.203,.555,.043,,.189,,9.0,-3.3,.288,73
Yerlin Luis,806997,last_60,A,20.9,Hill City Howlers,Total,HC,- - -,,,8,18,27,0,0,0,0,0,6,1,9,0,9,0,0,0,1,1,1,.000,33.3%,33.3%,1.000,.333,.000,.333,.000,,.000,,1.6,-2.1,.237,44
Manuel Cabrera,806999,last_60,A,20.6,Fredericksburg Nationals,Total,FBG,- - -,,,19,53,67,14,12,1,0,1,10,12,8,0,18,3,3,0,1,2,0,.264,11.9%,26.9%,.444,.373,.340,.713,.075,,.351,,9.0,-0.1,.332,99
Jeremy Rodriguez,807007,last_60,A,20.2,St. Lucie Mets,Total,SLU,- - -,,,15,44,56,10,9,1,0,0,8,2,11,0,9,0,1,0,3,2,0,.227,19.6%,16.1%,1.222,.375,.250,.625,.023,,.278,,6.3,-1.9,.309,77
Anibal Salas,807010,last_60,A,20.9,Lakeland Flying Tigers,Total,LAK,- - -,,,18,66,73,18,13,4,0,1,7,15,4,0,18,1,2,0,0,0,1,.273,5.5%,24.7%,.222,.315,.379,.694,.106,,.347,,8.3,-2.3,.311,78
Carter Beck,807061,last_60,A,21.1,Augusta GreenJackets,Total,AUG,- - -,,,26,100,120,26,19,4,1,2,18,13,20,0,21,0,0,0,1,10,2,.260,16.7%,17.5%,.952,.383,.380,.763,.120,,.312,,18.1,1.6,.355,110
Eric Hartman,807080,last_60,AA,20.2,Columbus Clingstones,Total,COL,- - -,,,30,117,139,21,16,2,1,2,18,10,19,0,43,3,0,0,2,14,2,.179,13.7%,30.9%,.442,.309,.265,.574,.085,,.264,,12.1,-6.5,.279,65
Nathan Flewelling,807083,last_60,A+,19.8,Bowling Green Hot Rods,Total,BG,- - -,,,15,60,65,16,9,4,0,3,10,9,5,0,20,0,0,0,0,1,1,.267,7.7%,30.8%,.250,.323,.483,.806,.217,,.351,,9.9,1.0,.358,111
Ryan Wynn,807231,last_60,A,21.8,Inland Empire 66ers,Total,IE,- - -,,,21,71,85,17,11,4,0,2,15,9,10,0,26,4,0,0,0,4,0,.239,11.8%,30.6%,.385,.365,.380,.745,.141,,.349,,12.0,-0.5,.347,96
Bernard Moon,807239,last_60,A,21.3,Daytona Tortugas,Total,DBT,- - -,,,5,19,21,2,2,0,0,0,1,1,2,0,2,0,0,0,2,1,0,.105,9.5%,9.5%,1.000,.190,.105,.296,.000,,.118,,-0.2,-3.2,.154,-6
Josh Springer,807256,last_60,A,20.2,Hickory Crawdads,Total,HIC,- - -,,,9,30,37,10,8,1,0,1,4,6,5,0,1,2,0,0,1,1,0,.333,13.5%,2.7%,5.000,.459,.467,.926,.133,,.321,,7.6,2.6,.425,152
Ty Southisene,807257,last_60,A+,21.1,Vancouver Canadians,Total,VAN,- - -,,,9,34,41,10,6,2,1,1,8,4,6,0,5,1,0,0,0,3,0,.294,14.6%,12.2%,1.200,.415,.500,.915,.206,,.321,,7.8,1.7,.410,128
JD Dix,807267,last_60,A+,20.9,Hillsboro Hops,Total,HIL,- - -,,,19,74,83,23,11,7,2,3,13,12,8,0,26,1,0,0,0,4,1,.311,9.6%,31.3%,.308,.386,.581,.967,.270,,.444,,16.7,4.3,.423,134
Dalton Wentz,807275,last_60,A+,21.1,Eugene Emeralds,Total,EUG,- - -,,,13,49,57,13,7,5,0,1,9,10,8,0,19,0,0,0,1,3,0,.265,14.0%,33.3%,.421,.368,.429,.797,.163,,.414,,8.7,0.2,.362,103
Dante Nori,807276,last_60,A,21.9,Clearwater Threshers,Total,CLR,- - -,,,20,78,90,17,13,2,1,1,9,7,12,0,10,0,0,0,2,5,0,.218,13.3%,11.1%,1.200,.322,.308,.630,.090,,.239,,9.3,-2.9,.297,76
Nick Montgomery,807277,last_60,A,20.8,Augusta GreenJackets,Total,AUG,- - -,,,9,28,37,4,2,1,0,1,2,3,8,0,8,1,0,0,2,0,0,.143,21.6%,21.6%,1.000,.351,.286,.637,.143,,.158,,4.5,-0.6,.315,89
Chris Rembert,807300,last_60,A,21.2,Bradenton Marauders,Total,BRD,- - -,,,17,64,78,18,14,4,0,0,9,4,13,0,19,1,0,0,1,9,3,.281,16.7%,24.4%,.684,.410,.344,.754,.062,,.400,,11.7,0.4,.358,103
Justin Lebron,807311,last_60,A+,21.8,Dayton Dragons,Total,DAY,- - -,,,23,96,104,28,15,5,0,8,22,16,8,0,28,0,0,0,0,6,2,.292,7.7%,26.9%,.286,.346,.594,.940,.302,,.333,,19.9,5.6,.410,139
Kaleb Freeman,807461,last_60,A+,23.8,Winston-Salem Dash,Total,WS,- - -,,,19,61,82,14,9,3,1,1,15,11,17,0,27,4,0,0,1,1,1,.230,20.7%,32.9%,.630,.427,.361,.787,.131,,.394,,13.7,2.5,.377,122
Nelly Taylor,807511,last_60,AA,23.6,Portland Sea Dogs,Total,POR,- - -,,,17,58,66,10,4,3,0,3,10,10,6,0,25,1,1,0,1,1,0,.172,9.1%,37.9%,.240,.258,.379,.637,.207,,.226,,6.3,-2.7,.286,70
Alfredo Alcantara,807643,last_60,A+,20.9,Dayton Dragons,Total,DAY,- - -,,,15,49,57,10,7,1,0,2,8,3,7,0,16,1,0,0,2,0,0,.204,12.3%,28.1%,.438,.316,.347,.663,.143,,.258,,6.4,-1.4,.309,82
Adolfo Sanchez,807645,last_60,A,20.0,Daytona Tortugas,Total,DBT,- - -,,,19,71,83,12,5,5,0,2,6,9,11,0,25,1,0,0,0,0,1,.169,13.3%,30.1%,.440,.289,.324,.613,.155,,.227,,7.9,-4.2,.287,65
Matt Shaw,807713,last_60,AAA,24.8,Iowa Cubs,Total,IOW,- - -,,,5,19,20,6,5,1,0,0,3,4,1,0,7,0,0,0,1,1,0,.316,5.0%,35.0%,.143,.350,.368,.718,.053,,.500,,2.4,-0.1,.328,95
Carter Trice,807714,last_60,AA,24.1,Knoxville Smokies,Total,KNX,- - -,,,26,95,108,22,12,6,1,3,13,13,10,0,31,2,1,0,2,2,1,.232,9.3%,28.7%,.323,.315,.411,.725,.179,,.306,,13.4,-1.0,.326,93
Garret Forrester,807720,last_60,AAA,24.8,Jacksonville Jumbo Shrimp,Total,JAX,- - -,,,16,42,59,7,1,5,0,1,10,1,16,1,21,1,0,0,1,1,0,.167,27.1%,35.6%,.762,.407,.357,.764,.190,,.300,,8.7,1.1,.360,115
Ryan Cooney,807721,last_60,A,21.9,Dunedin Blue Jays,Total,DUN,- - -,,,18,59,69,12,8,2,0,2,9,8,7,0,20,2,1,0,2,3,0,.203,10.1%,29.0%,.350,.304,.339,.643,.136,,.263,,7.2,-2.9,.298,71
Maxton Martin,807722,last_60,A+,21.3,Hub City Spartanburgers,Total,HCS,- - -,,,24,97,103,22,13,4,0,5,9,21,3,0,22,0,3,0,0,3,1,.227,2.9%,21.4%,.136,.243,.423,.665,.196,,.233,,10.1,-4.0,.288,72
John Peck,807726,last_60,A,24.1,Lakeland Flying Tigers,Total,LAK,- - -,,,10,29,35,8,7,1,0,0,4,1,5,0,9,1,0,0,0,3,0,.276,14.3%,25.7%,.556,.400,.310,.710,.034,,.400,,4.7,0.0,.342,101
Charles McAdoo,807727,last_60,AAA,24.4,Buffalo Bisons,Total,BUF,- - -,,,2,9,10,4,2,0,0,2,4,3,1,0,1,0,0,0,0,0,0,.444,10.0%,10.0%,1.000,.500,1.111,1.611,.667,,.333,,3.9,2.7,.675,309
Carter Graham,807728,last_60,AA,25.0,Chattanooga Lookouts,Total,CHA,- - -,,,30,113,131,35,19,9,1,6,19,18,16,0,37,2,0,0,4,4,1,.310,12.2%,28.2%,.432,.405,.566,.971,.257,,.414,,26.7,9.2,.428,152
TJayy Walton,807737,last_60,A+,21.6,Jersey Shore BlueClaws,Total,JS,- - -,,,18,64,77,16,13,2,0,1,11,8,12,0,16,0,1,0,0,4,2,.250,15.6%,20.8%,.750,.364,.328,.692,.078,,.312,,9.8,-0.8,.325,93
Luke Shliger,807740,last_60,A+,24.9,West Michigan Whitecaps,Total,WM,- - -,,,19,65,80,26,13,6,1,6,16,19,11,0,16,1,3,0,0,3,1,.400,13.8%,20.0%,.688,.475,.800,1.275,.400,,.435,,22.9,12.0,.531,211
Colton Ledbetter,807742,last_60,AAA,24.8,Memphis Redbirds,Total,MEM,- - -,,,33,125,143,36,21,9,0,6,25,16,15,0,30,0,3,0,2,8,3,.288,10.5%,21.0%,.500,.357,.504,.861,.216,,.326,,23.0,4.8,.378,126
Rikuu Nishida,807747,last_60,AAA,25.4,Charlotte Knights,Total,CLT,- - -,,,31,108,141,27,26,0,1,0,24,10,28,0,25,0,0,5,2,9,3,.250,19.9%,17.7%,1.120,.404,.269,.673,.019,,.325,,17.6,-0.3,.332,98
Ethan O'Donnell,807751,last_60,AA,24.5,Pensacola Blue Wahoos,Total,PNS,- - -,,,26,88,107,24,15,4,0,5,21,13,14,0,22,4,1,0,0,9,1,.273,13.1%,20.6%,.636,.393,.489,.881,.216,,.306,,19.1,4.7,.395,133
Rafhlmil Torres,807951,last_60,A,21.0,Daytona Tortugas,Total,DBT,- - -,,,23,89,99,28,21,7,0,0,17,9,9,0,17,1,0,0,2,5,5,.315,9.1%,17.2%,.529,.384,.393,.777,.079,,.389,,14.8,0.4,.357,103
Yassel Soler,807957,last_60,A+,20.6,Hillsboro Hops,Total,HIL,- - -,,,22,80,93,26,22,1,1,2,11,14,10,0,17,3,0,0,2,0,0,.325,10.8%,18.3%,.588,.419,.438,.857,.112,,.393,,16.5,2.6,.393,119
Ramon Landaeta,807983,last_60,A,20.4,Stockton Ports,Total,STK,- - -,,,11,44,46,12,8,2,1,1,5,8,2,0,15,0,0,0,2,0,0,.273,4.3%,32.6%,.133,.304,.432,.736,.159,,.393,,5.8,-1.0,.327,85
Anielson Buten,808004,last_60,A,21.0,Daytona Tortugas,Total,DBT,- - -,,,20,78,82,23,19,4,0,0,11,8,2,0,20,1,0,1,2,6,1,.295,2.4%,24.4%,.100,.321,.346,.667,.051,,.397,,8.9,-3.1,.304,74
Carlos Virahonda,808024,last_60,A+,20.7,Hillsboro Hops,Total,HIL,- - -,,,22,81,97,21,13,6,0,2,14,17,8,0,15,6,1,1,1,2,2,.259,8.2%,15.5%,.533,.365,.407,.772,.148,,.292,,14.1,-0.2,.354,98
Juan Sierra,808027,last_60,A,20.7,Fayetteville Woodpeckers,Total,FAY,- - -,,,14,47,55,8,6,1,0,1,4,8,6,0,14,1,1,0,1,1,2,.170,10.9%,25.5%,.429,.273,.255,.528,.085,,.212,,3.9,-3.5,.252,53
Jonathan Rivero,808033,last_60,A+,20.7,Greensboro Grasshoppers,Total,GBO,- - -,,,2,2,3,0,0,0,0,0,0,0,0,0,1,0,0,1,0,0,0,.000,0.0%,33.3%,.000,.000,.000,.000,.000,,.000,,-0.4,-0.8,.000,-92
Juan Hernandez,808037,last_60,A+,20.4,West Michigan Whitecaps,Total,WM,- - -,,,18,57,63,13,10,2,0,1,9,11,5,0,22,0,1,0,1,0,0,.228,7.9%,34.9%,.227,.286,.316,.602,.088,,.343,,5.4,-3.2,.275,63
Eduardo Perez,808039,last_60,DSL,20.1,DSL Astros Blue,Total,D-ASB,- - -,,,6,17,21,5,4,1,0,0,3,0,3,0,6,1,0,0,1,0,0,.294,14.3%,28.6%,.500,.429,.353,.782,.059,,.455,,3.8,0.2,.372,105
Abraham Nunez,808041,last_60,A,20.5,Kannapolis Cannon Ballers,Total,KAN,- - -,,,10,41,48,12,7,5,0,0,6,5,5,1,6,1,0,1,2,4,1,.293,10.4%,12.5%,.833,.383,.415,.798,.122,,.343,,7.4,0.9,.357,113
Yoiber Ocopio,808060,last_60,A+,22.0,Fort Wayne TinCaps,Total,FW,- - -,,,14,50,55,14,12,1,0,1,8,4,3,0,12,2,0,0,2,0,0,.280,5.5%,21.8%,.250,.345,.360,.705,.080,,.351,,6.9,-0.6,.326,91
Branny De Oleo,808067,last_60,A,21.3,St. Lucie Mets,Total,SLU,- - -,,,10,30,39,9,3,3,0,3,7,9,8,0,15,1,0,0,0,2,0,.300,20.5%,38.5%,.533,.462,.700,1.162,.400,,.500,,10.1,4.5,.497,180
Vladi Gomez,808082,last_60,A,21.0,St. Lucie Mets,Total,SLU,- - -,,,20,70,81,10,8,2,0,0,7,3,10,0,18,0,1,0,0,7,2,.143,12.3%,22.2%,.556,.247,.171,.418,.029,,.189,,2.8,-9.0,.210,24
Kelvin Alcantara,808083,last_60,A,21.0,Inland Empire 66ers,Total,IE,- - -,,,4,14,15,5,3,1,0,1,3,4,1,0,6,0,0,0,0,0,0,.357,6.7%,40.0%,.167,.400,.643,1.043,.286,,.571,,3.4,1.2,.456,154
José Mejía,808090,last_60,A+,20.9,Hillsboro Hops,Total,HIL,- - -,,,21,70,87,11,10,1,0,0,11,5,14,0,16,1,2,0,0,3,0,.157,16.1%,18.4%,.875,.299,.171,.470,.014,,.196,,5.2,-7.8,.242,40
Jhorvic Abreus,808094,last_60,A,20.9,Hill City Howlers,Total,HC,- - -,,,15,48,61,8,3,3,1,1,9,6,12,0,12,0,1,0,0,5,1,.167,19.7%,19.7%,1.000,.328,.333,.661,.167,,.194,,7.1,-1.2,.310,86
Reiner Herrera,808096,last_60,A,20.9,Hill City Howlers,Total,HC,- - -,,,17,51,70,14,10,2,0,2,6,10,15,1,15,3,0,0,0,4,1,.275,21.4%,21.4%,1.000,.464,.431,.895,.157,,.353,,13.8,4.3,.413,145
Andruw Musett,808104,last_60,A,20.8,Salem RidgeYaks,Total,SAL,- - -,,,14,41,44,12,5,4,1,2,6,13,3,0,11,0,0,0,0,0,0,.293,6.8%,25.0%,.273,.341,.585,.926,.293,,.357,,8.3,2.3,.403,139
Anyelo Marquez,808113,last_60,A,20.7,Rancho Cucamonga Quakes,Total,RC,- - -,,,21,70,89,17,13,1,0,3,7,12,15,0,23,1,2,1,3,1,2,.243,16.9%,25.8%,.652,.375,.386,.761,.143,,.304,,12.9,-0.3,.351,98
Pedro Dalmagro,808116,last_60,A,20.7,Hill City Howlers,Total,HC,- - -,,,17,55,59,10,4,4,0,2,8,8,3,0,17,1,0,0,0,3,0,.182,5.1%,28.8%,.176,.237,.364,.601,.182,,.222,,5.0,-3.0,.270,63
Félix Amparo,808118,last_60,A,20.5,Delmarva Shorebirds,Total,DEL,- - -,,,17,50,58,17,17,0,0,0,11,3,6,0,12,2,0,0,3,6,1,.340,10.3%,20.7%,.500,.431,.340,.771,.000,,.447,,9.3,1.4,.366,118
Samil Dishmey,808120,last_60,A,20.7,Rancho Cucamonga Quakes,Total,RC,- - -,,,9,29,31,6,2,3,0,1,5,3,1,0,14,1,0,0,0,2,0,.207,3.2%,45.2%,.071,.258,.414,.672,.207,,.357,,3.2,-1.3,.299,71
Juan Flores,808129,last_60,AA,20.6,Rocket City Trash Pandas,Total,RCT,- - -,,,22,86,92,12,9,2,0,1,6,10,1,0,25,4,1,0,2,0,0,.140,1.1%,27.2%,.040,.185,.198,.382,.058,,.180,,0.9,-11.4,.180,7
Pablo Arosemena,808132,last_60,DSL,20.5,DSL CLE Mendoza,Total,D-CLM,- - -,,,4,8,12,3,2,1,0,0,1,4,3,0,2,0,1,0,0,0,0,.375,25.0%,16.7%,1.500,.500,.500,1.000,.125,,.429,,2.8,0.7,.437,135
José Pirela,808141,last_60,A,20.3,Hill City Howlers,Total,HC,- - -,,,25,92,106,29,14,8,1,6,15,24,13,0,28,1,0,0,0,0,1,.315,12.3%,26.4%,.464,.406,.620,1.025,.304,,.397,,23.3,8.8,.447,160
Sebastian De Andrade,808143,last_60,A+,20.3,Everett AquaSox,Total,EVE,- - -,,,2,3,6,0,0,0,0,0,0,0,3,0,2,0,0,0,0,0,0,.000,50.0%,33.3%,1.500,.500,.000,.500,.000,,.000,,0.9,-0.0,.355,99
Eliesbert Alejos,808148,last_60,A,20.2,Visalia Rawhide,Total,VIS,- - -,,,1,1,4,0,0,0,0,0,0,0,1,0,1,2,0,0,0,0,0,.000,25.0%,25.0%,1.000,.750,.000,.750,.000,,,,1.2,0.6,.549,203
Richard Meran,808152,last_60,DSL,20.1,DSL NYY Bombers,Total,D-NYB,- - -,,,6,14,22,2,1,1,0,0,3,2,5,0,6,2,1,0,0,0,0,.143,22.7%,27.3%,.833,.409,.214,.623,.071,,.222,,3.3,-0.5,.329,86
Luis Merejo,808153,last_60,A,20.2,Hill City Howlers,Total,HC,- - -,,,3,8,8,1,1,0,0,0,0,0,0,0,4,0,0,0,0,0,0,.125,0.0%,50.0%,.000,.125,.125,.250,.000,,.250,,-0.3,-1.4,.114,-27
Jonathan Martinez,808159,last_60,A,20.0,Hill City Howlers,Total,HC,- - -,,,8,20,37,5,4,1,0,0,8,2,17,0,10,0,0,0,0,6,1,.250,45.9%,27.0%,1.700,.595,.300,.895,.050,,.500,,8.7,3.6,.460,172
Joshua Liranzo,808162,last_60,A,20.0,Delmarva Shorebirds,Total,DEL,- - -,,,18,61,68,14,11,3,0,0,7,1,7,0,14,0,0,0,1,3,0,.230,10.3%,20.6%,.500,.309,.279,.588,.049,,.298,,6.2,-3.0,.277,67
Carter Dierdorf,808170,last_60,A+,23.0,Brooklyn Cyclones,Total,BRK,- - -,,,4,10,13,0,0,0,0,0,0,1,3,0,7,0,0,0,0,0,0,.000,23.1%,53.8%,.429,.231,.000,.231,.000,,.000,,0.0,-1.8,.164,1
Raimundo De Los Santos,808220,last_60,A+,21.4,Vancouver Canadians,Total,VAN,- - -,,,20,66,75,16,13,2,0,1,9,11,8,0,22,1,0,0,0,3,1,.242,10.7%,29.3%,.364,.333,.318,.652,.076,,.349,,8.3,-2.7,.306,75
Javier Herrera,808223,last_60,A,21.6,Ontario Tower Buzzers,Total,ONT,- - -,,,21,78,94,18,17,1,0,0,17,8,14,0,24,1,1,0,1,8,2,.231,14.9%,25.5%,.583,.351,.244,.595,.013,,.327,,9.3,-4.6,.292,67
Eduardo Quintero,808234,last_60,A+,21.0,Great Lakes Loons,Total,GL,- - -,,,25,85,113,27,17,6,1,3,26,17,20,0,24,6,2,0,1,7,1,.318,17.7%,21.2%,.833,.469,.518,.987,.200,,.400,,24.3,8.8,.441,156
Luiyin Alastre,808236,last_60,A+,20.9,Wisconsin Timber Rattlers,Total,WIS,- - -,,,21,73,88,9,7,2,0,0,5,8,13,0,19,1,1,0,2,2,3,.123,14.8%,21.6%,.684,.261,.151,.412,.027,,.164,,3.4,-8.7,.215,28
Yirer Garcia,808237,last_60,A,21.0,Charleston RiverDogs,Total,CHS,- - -,,,10,33,37,5,5,0,0,0,3,1,3,0,5,1,0,0,1,1,0,.152,8.1%,13.5%,.600,.243,.152,.395,.000,,.179,,1.2,-3.9,.201,23
Antonio Pimentel,808240,last_60,A,20.9,Bradenton Marauders,Total,BRD,- - -,,,22,84,91,21,16,4,0,1,7,11,5,0,25,1,0,1,1,9,0,.250,5.5%,27.5%,.200,.300,.333,.633,.083,,.345,,8.9,-4.4,.290,67
Starlyn Nunez,808245,last_60,A,20.9,Salem RidgeYaks,Total,SAL,- - -,,,20,74,86,16,10,5,0,1,14,9,9,0,18,1,1,0,1,4,2,.216,10.5%,20.9%,.500,.306,.324,.630,.108,,.268,,8.8,-2.8,.292,76
Franklin Arias,808265,last_60,AAA,20.8,Worcester Red Sox,Total,WOR,- - -,,,31,119,134,40,29,8,0,3,22,25,11,1,19,1,3,0,0,4,2,.336,8.2%,14.2%,.579,.388,.479,.867,.143,,.370,,22.0,5.0,.383,129
Gerardo Rodriguez,808269,last_60,A+,20.7,Greenville Drive,Total,GVL,- - -,,,18,68,79,17,14,2,0,1,10,8,10,0,15,0,1,0,5,0,0,.250,12.7%,19.0%,.667,.342,.324,.665,.074,,.302,,9.2,-1.7,.311,84
Miguel Rodríguez,808277,last_60,A,20.7,Delmarva Shorebirds,Total,DEL,- - -,,,17,53,66,16,13,2,0,1,4,10,11,0,6,1,1,0,0,0,0,.302,16.7%,9.1%,1.833,.424,.396,.820,.094,,.319,,11.3,2.4,.380,126
Elian Soto,808279,last_60,A,20.7,Fredericksburg Nationals,Total,FBG,- - -,,,9,30,35,9,7,0,1,1,6,6,5,0,13,0,0,0,0,0,0,.300,14.3%,37.1%,.385,.400,.467,.867,.167,,.500,,6.3,1.5,.391,132
Victor Cardoza,808282,last_60,A,20.6,Clearwater Threshers,Total,CLR,- - -,,,14,44,51,9,6,3,0,0,7,6,4,0,19,1,0,2,0,1,0,.205,7.8%,37.3%,.211,.286,.273,.558,.068,,.360,,3.9,-3.5,.264,53
Alberth Palma,808285,last_60,A,20.6,Charleston RiverDogs,Total,CHS,- - -,,,22,68,88,15,13,2,0,0,5,6,16,0,11,1,1,1,0,8,3,.221,18.2%,12.5%,1.455,.372,.250,.622,.029,,.259,,10.2,-1.8,.309,85
Cristian Jauregui,808286,last_60,A,20.6,Bradenton Marauders,Total,BRD,- - -,,,18,61,70,17,10,3,2,2,7,15,7,0,16,1,1,0,0,2,2,.279,10.0%,22.9%,.438,.357,.492,.849,.213,,.341,,11.4,1.2,.374,112
Luis Lameda,808288,last_60,A+,20.6,Wisconsin Timber Rattlers,Total,WIS,- - -,,,7,26,30,6,4,1,1,0,5,3,4,0,8,0,0,0,1,0,0,.231,13.3%,26.7%,.500,.333,.346,.679,.115,,.333,,3.5,-0.6,.314,84
Julio Zayas,808289,last_60,A,20.6,St. Lucie Mets,Total,SLU,- - -,,,20,68,78,11,7,1,0,3,9,7,10,1,27,0,0,0,2,0,0,.162,12.8%,34.6%,.370,.269,.309,.578,.147,,.211,,6.1,-5.3,.265,53
Tyler Rodriguez,808291,last_60,A+,20.6,Wisconsin Timber Rattlers,Total,WIS,- - -,,,16,51,66,11,5,5,0,1,7,3,13,0,15,2,0,0,1,2,0,.216,19.7%,22.7%,.867,.394,.373,.766,.157,,.286,,10.1,1.0,.361,111
Deward Tovar,808297,last_60,A,20.4,Hickory Crawdads,Total,HIC,- - -,,,21,68,83,20,11,4,0,5,15,19,13,0,25,2,0,0,0,1,1,.294,15.7%,30.1%,.520,.422,.574,.995,.279,,.395,,18.1,6.8,.439,160
Heriberto Rincon,808298,last_60,A+,20.5,Brooklyn Cyclones,Total,BRK,- - -,,,2,8,8,2,2,0,0,0,0,0,0,0,5,0,0,0,0,0,1,.250,0.0%,62.5%,.000,.250,.250,.500,.000,,.667,,0.4,-0.7,.228,37
Juan Ortega,808302,last_60,A,20.4,Delmarva Shorebirds,Total,DEL,- - -,,,8,20,25,5,3,1,0,1,5,5,4,0,3,1,0,0,0,0,0,.250,16.0%,12.0%,1.333,.400,.450,.850,.200,,.250,,4.5,1.1,.389,131
Kleyver Salazar,808307,last_60,A,20.4,Salem RidgeYaks,Total,SAL,- - -,,,17,64,76,25,16,5,1,3,16,15,9,0,13,2,1,0,4,0,1,.391,11.8%,17.1%,.692,.474,.641,1.114,.250,,.449,,19.3,9.0,.485,187
Pablo Guerrero,808326,last_60,A,20.1,Hickory Crawdads,Total,HIC,- - -,,,14,46,57,18,11,5,0,2,9,14,8,0,11,3,0,0,2,1,0,.391,14.0%,19.3%,.727,.509,.630,1.139,.239,,.485,,15.2,7.5,.502,196
Adriander Mejía,808337,last_60,A,20.0,Delmarva Shorebirds,Total,DEL,- - -,,,11,35,41,9,7,2,0,0,3,4,5,0,10,1,0,0,2,1,0,.257,12.2%,24.4%,.500,.366,.314,.680,.057,,.360,,5.2,-0.4,.323,94
Pedro Ibarguen,808338,last_60,A,20.2,Wilson Warbirds,Total,WIL,- - -,,,17,47,59,13,11,2,0,0,8,7,11,0,10,1,0,0,2,5,1,.277,18.6%,16.9%,1.100,.424,.319,.743,.043,,.351,,9.1,1.1,.359,114
Dameury Pena,808365,last_60,A+,21.0,Vancouver Canadians,Total,VAN,- - -,,,21,85,94,26,18,6,1,1,14,9,5,0,7,4,0,0,2,4,0,.306,5.3%,7.4%,.714,.372,.435,.808,.129,,.325,,14.7,0.9,.366,106
Willian Berti,808379,last_60,DSL,20.8,DSL Tigers 2,Total,D-TI2,- - -,,,8,17,30,3,1,1,0,1,7,3,11,0,4,2,0,0,0,0,0,.176,36.7%,13.3%,2.750,.533,.412,.945,.235,,.167,,7.4,2.2,.454,142
Enyervert Perez,808381,last_60,A,20.9,Visalia Rawhide,Total,VIS,- - -,,,11,42,49,6,5,1,0,0,7,6,3,0,14,2,1,0,1,0,0,.143,6.1%,28.6%,.214,.229,.167,.396,.024,,.207,,1.2,-6.0,.197,17
Adrian Hoyte,808388,last_60,DSL,20.6,DSL Tigers 1,Total,D-TI1,- - -,,,1,2,3,0,0,0,0,0,0,0,1,0,2,0,0,0,0,0,0,.000,33.3%,66.7%,.500,.333,.000,.333,.000,,,,0.2,-0.3,.237,44
Keiberg Camacaro,808395,last_60,DSL,20.0,DSL Giants Black,Total,D-GIB,- - -,,,8,26,34,6,4,1,0,1,5,9,6,0,7,0,2,0,0,2,0,.231,17.6%,20.6%,.857,.353,.385,.738,.154,,.250,,5.1,-0.7,.333,87
Angel Guzman,808401,last_60,A,20.8,San Jose Giants,Total,SJ,- - -,,,20,71,85,21,14,3,1,3,15,13,11,1,19,2,0,1,1,0,0,.296,12.9%,22.4%,.579,.405,.493,.898,.197,,.367,,15.6,3.0,.400,124
Jeremy Almonte,808503,last_60,A,20.9,Jupiter Hammerheads,Total,JUP,- - -,,,13,43,47,14,11,2,0,1,7,4,3,0,9,1,0,0,3,0,0,.326,6.4%,19.1%,.333,.383,.442,.825,.116,,.394,,7.7,0.8,.374,112
Andres Valor,808516,last_60,A,20.8,Jupiter Hammerheads,Total,JUP,- - -,,,18,66,78,10,8,1,0,1,7,3,11,0,33,1,0,0,0,12,2,.152,14.1%,42.3%,.333,.282,.212,.494,.061,,.281,,5.0,-6.4,.247,44
John Gil,808535,last_60,AA,20.3,Columbus Clingstones,Total,COL,- - -,,,31,127,143,41,33,4,2,2,19,12,15,0,23,1,0,0,2,15,5,.323,10.5%,16.1%,.652,.399,.433,.832,.110,,.382,,23.6,4.5,.378,123
Scott Mudler,808564,last_60,A+,23.3,Jersey Shore BlueClaws,Total,JS,- - -,,,21,59,69,8,7,1,0,0,4,5,8,0,17,1,1,0,0,0,0,.136,11.6%,24.6%,.471,.246,.153,.399,.017,,.186,,2.3,-7.2,.204,24
D'Angelo Ortiz,808571,last_60,A,22.2,Salem RidgeYaks,Total,SAL,- - -,,,14,44,51,10,7,3,0,0,7,8,7,0,6,0,0,0,2,0,0,.227,13.7%,11.8%,1.167,.333,.295,.629,.068,,.263,,5.5,-1.4,.299,79
Angel Acosta,808665,last_60,A+,23.5,Quad Cities River Bandits,Total,QC,- - -,,,19,65,76,17,14,1,0,2,9,7,8,0,10,1,1,1,3,3,1,.262,10.5%,13.2%,.800,.347,.369,.716,.108,,.278,,9.3,-1.5,.329,86
Ramon Ramirez,808675,last_60,A+,21.2,Quad Cities River Bandits,Total,QC,- - -,,,10,39,43,6,4,0,0,2,9,6,4,0,14,0,0,0,1,2,0,.154,9.3%,32.6%,.286,.233,.308,.540,.154,,.174,,2.8,-3.1,.249,47
Javier Mogollon,808684,last_60,A+,20.8,Winston-Salem Dash,Total,WS,- - -,,,25,105,124,29,21,3,0,5,25,15,15,0,33,3,1,0,0,12,3,.276,12.1%,26.6%,.455,.379,.448,.827,.171,,.353,,20.6,3.5,.374,121
Daniel Lopez,808693,last_60,A,21.0,Columbia Fireflies,Total,COL,- - -,,,19,58,69,17,12,3,2,0,11,3,9,0,13,2,0,0,1,12,2,.293,13.0%,18.8%,.692,.406,.414,.820,.121,,.378,,11.6,2.3,.376,124
Nixon Chirinos,808694,last_60,A,20.8,Jupiter Hammerheads,Total,JUP,- - -,,,1,3,3,1,1,0,0,0,0,0,0,0,0,0,0,0,0,0,0,.333,0.0%,0.0%,,.333,.333,.667,.000,,.333,,0.3,-0.1,.303,74
Stiven Flores,808696,last_60,A,20.7,Kannapolis Cannon Ballers,Total,KAN,- - -,,,17,70,77,17,12,5,0,0,9,10,3,0,8,1,3,0,2,1,0,.243,3.9%,10.4%,.375,.273,.314,.587,.071,,.262,,6.2,-4.3,.263,59
Pedro Roque,808698,last_60,A+,20.6,Quad Cities River Bandits,Total,QC,- - -,,,1,3,4,0,0,0,0,0,1,0,1,0,3,0,0,0,0,0,0,.000,25.0%,75.0%,.333,.250,.000,.250,.000,,,,0.0,-0.5,.178,7
Asbel Gonzalez,808706,last_60,A+,20.7,Quad Cities River Bandits,Total,QC,- - -,,,20,70,92,14,11,3,0,0,15,2,17,0,26,3,0,2,1,13,2,.200,18.5%,28.3%,.654,.378,.243,.621,.043,,.318,,10.6,-2.0,.313,84
Cal Stark,808744,last_60,A+,24.1,Hub City Spartanburgers,Total,HCS,- - -,,,11,38,39,5,4,1,0,0,2,4,1,0,14,0,0,0,1,1,1,.132,2.6%,35.9%,.071,.154,.158,.312,.026,,.208,,-0.5,-5.9,.145,-10
Ben McLaughlin,808768,last_60,AA,24.3,Amarillo Sod Poodles,Total,AMA,- - -,,,25,102,113,34,19,9,1,5,16,23,7,0,12,3,0,0,3,2,0,.333,6.2%,10.6%,.583,.393,.588,.981,.255,,.341,,22.8,6.7,.432,142
Jake Duer,808786,last_60,A,23.3,Visalia Rawhide,Total,VIS,- - -,,,15,49,56,11,6,4,1,0,5,6,5,0,11,0,2,0,1,0,0,.224,8.9%,19.6%,.455,.286,.347,.633,.122,,.275,,5.1,-3.1,.283,62
Henry Kaczmar,808793,last_60,A+,23.5,Everett AquaSox,Total,EVE,- - -,,,3,11,12,4,3,1,0,0,0,2,1,0,2,0,0,0,0,0,1,.364,8.3%,16.7%,.500,.417,.455,.871,.091,,.444,,2.1,0.4,.395,120
Tyler Pettorini,808805,last_60,A+,23.7,Jersey Shore BlueClaws,Total,JS,- - -,,,2,8,8,3,2,0,0,1,1,3,0,0,2,0,0,0,0,1,0,.375,0.0%,25.0%,.000,.375,.750,1.125,.375,,.400,,2.1,1.0,.491,187
Gable Mitchell,808852,last_60,A+,22.8,Vancouver Canadians,Total,VAN,- - -,,,17,56,74,12,8,2,0,2,10,9,11,1,14,6,1,0,1,3,1,.214,14.9%,18.9%,.786,.392,.357,.749,.143,,.244,,10.7,-0.3,.351,97
Raider Tello,808864,last_60,AAA,25.6,Lehigh Valley IronPigs,Total,LHV,- - -,,,25,86,96,29,20,6,0,3,21,21,8,0,28,0,1,1,2,0,0,.337,8.3%,29.2%,.286,.389,.512,.901,.174,,.464,,17.6,4.7,.400,136
Emilio Barreras,808903,last_60,A+,23.0,Beloit Sky Carp,Total,BEL,- - -,,,13,43,50,7,4,2,0,1,6,4,7,0,10,0,0,0,0,3,0,.163,14.0%,20.0%,.700,.280,.279,.559,.116,,.188,,3.9,-2.9,.266,57
Hyeseong Kim,808975,last_60,AAA,27.6,Oklahoma City Comets,Total,OKC,- - -,,,29,113,128,28,21,4,1,2,16,11,12,0,32,0,2,1,1,8,2,.248,9.4%,25.0%,.375,.315,.354,.669,.106,,.321,,12.9,-4.3,.305,75
Jack Toomey,809057,last_60,A,23.3,St. Lucie Mets,Total,SLU,- - -,,,13,44,53,11,9,1,0,1,7,7,9,0,18,0,0,0,0,2,1,.250,17.0%,34.0%,.500,.377,.341,.718,.091,,.400,,7.2,-0.5,.339,93
Ben Newton,809091,last_60,A,24.2,Stockton Ports,Total,STK,- - -,,,3,10,10,2,2,0,0,0,1,0,0,0,5,0,0,0,0,0,0,.200,0.0%,50.0%,.000,.200,.200,.400,.000,,.400,,0.1,-1.3,.182,9
Murf Gray,809092,last_60,AA,22.7,Altoona Curve,Total,ALT,- - -,,,28,101,121,30,18,7,0,5,23,17,15,0,25,2,3,0,2,2,0,.297,12.4%,20.7%,.600,.388,.515,.903,.218,,.338,,22.1,5.7,.398,135
Tommy Hopfe,809101,last_60,A+,23.9,Spokane Indians,Total,SPO,- - -,,,19,65,83,19,12,6,0,1,13,7,11,0,11,7,0,0,0,4,1,.292,13.3%,13.3%,1.000,.446,.431,.877,.138,,.340,,15.7,3.3,.407,126
Kyle Walker,809143,last_60,A+,23.7,Asheville Tourists,Total,ASH,- - -,,,20,76,87,19,9,7,1,2,11,9,7,0,16,2,2,0,1,6,3,.250,8.0%,18.4%,.438,.322,.447,.769,.197,,.283,,12.1,0.1,.340,101
Tom Poole,809231,last_60,A,23.9,Charleston RiverDogs,Total,CHS,- - -,,,18,63,72,13,6,5,0,2,8,10,6,0,24,2,1,0,0,2,1,.206,8.3%,33.3%,.250,.292,.381,.673,.175,,.289,,8.1,-1.7,.304,83
Brian Sanchez,809331,last_60,A+,22.2,Beloit Sky Carp,Total,BEL,- - -,,,19,61,73,17,7,6,0,4,8,16,10,0,19,0,2,0,0,1,0,.279,13.7%,26.0%,.526,.370,.574,.944,.295,,.325,,13.7,3.7,.407,137
Trevor Austin,809338,last_60,AAA,25.0,Sugar Land Space Cowboys,Total,SUG,- - -,,,30,99,113,21,12,4,0,5,11,17,12,0,27,1,1,0,5,1,0,.212,10.6%,23.9%,.444,.301,.404,.705,.192,,.235,,12.7,-3.1,.318,80
Victor Figueroa,809372,last_60,AA,22.7,Chesapeake Baysox,Total,CHE,- - -,,,26,100,110,27,19,4,0,4,15,11,9,0,41,1,0,0,0,2,0,.270,8.2%,37.3%,.220,.336,.430,.766,.160,,.418,,15.6,0.7,.346,105
Juan Cruz,809397,last_60,A,22.0,Fredericksburg Nationals,Total,FBG,- - -,,,21,83,94,28,19,5,1,3,19,18,6,0,21,3,2,0,1,3,2,.337,6.4%,22.3%,.286,.394,.530,.924,.193,,.410,,18.1,5.3,.407,141
Damian Ruiz,809452,last_60,A+,22.4,Dayton Dragons,Total,DAY,- - -,,,12,43,51,8,5,1,0,2,7,5,5,0,13,2,0,1,0,3,0,.186,9.8%,25.5%,.385,.300,.349,.649,.163,,.214,,5.4,-1.6,.302,78
Maika Niu,809569,last_60,A+,22.7,Hudson Valley Renegades,Total,HV,- - -,,,22,82,96,17,9,4,0,4,14,13,12,0,27,1,1,0,2,6,0,.207,12.5%,28.1%,.444,.312,.402,.715,.195,,.250,,12.1,-1.1,.324,92
Michael Dattalo,809633,last_60,A+,22.6,Peoria Chiefs,Total,PEO,- - -,,,18,59,64,14,13,1,0,0,4,6,3,0,15,1,1,0,3,0,0,.237,4.7%,23.4%,.200,.281,.254,.535,.017,,.311,,4.2,-4.6,.250,48
Cam Maldonado,809686,last_60,A+,22.8,Eugene Emeralds,Total,EUG,- - -,,,21,77,92,22,10,4,1,7,16,24,9,0,21,3,2,0,0,5,2,.286,9.8%,22.8%,.429,.374,.636,1.010,.351,,.294,,19.1,5.4,.432,139
Charlie Condon,809707,last_60,AAA,23.4,Albuquerque Isotopes,Total,ABQ,- - -,,,35,134,160,33,20,7,1,5,21,28,22,1,40,3,1,0,2,2,2,.246,13.8%,25.0%,.550,.362,.425,.788,.179,,.311,,22.5,1.1,.356,105
Damian Bravo,809720,last_60,A+,23.0,Eugene Emeralds,Total,EUG,- - -,,,17,66,75,17,7,6,0,4,15,10,8,0,22,1,0,0,0,4,1,.258,10.7%,29.3%,.364,.347,.530,.877,.273,,.325,,12.9,1.7,.387,116
Weber Neels,809730,last_60,A,23.2,Visalia Rawhide,Total,VIS,- - -,,,12,52,56,19,5,11,0,3,9,10,2,0,13,2,0,0,1,0,0,.365,3.6%,23.2%,.154,.411,.750,1.161,.385,,.444,,14.6,6.4,.500,177
Kaeden Kent,809763,last_60,A+,23.0,Eugene Emeralds,Total,EUG,- - -,,,10,45,46,12,6,4,0,2,5,5,1,0,7,0,0,0,2,4,0,.267,2.2%,15.2%,.143,.283,.489,.771,.222,,.278,,6.2,-0.7,.338,90
Luis Puello,809772,last_60,A,20.6,Tampa Tarpons,Total,TAM,- - -,,,16,64,71,15,9,2,0,4,12,9,5,0,18,2,0,0,3,1,1,.234,7.0%,25.4%,.278,.310,.453,.763,.219,,.262,,9.8,-0.6,.342,95
Kien Vu,809844,last_60,A+,22.9,Dayton Dragons,Total,DAY,- - -,,,24,81,97,19,11,0,1,7,18,19,12,1,31,3,1,0,0,3,2,.235,12.4%,32.0%,.387,.351,.519,.869,.284,,.273,,16.1,3.0,.380,123
Chase Meggers,809861,last_60,A+,23.7,Brooklyn Cyclones,Total,BRK,- - -,,,16,52,63,13,10,3,0,0,9,4,10,0,13,1,0,0,1,0,0,.250,15.9%,20.6%,.769,.381,.308,.689,.058,,.333,,8.3,-0.4,.331,96
Elijah Hainline,809944,last_60,AA,23.7,Tulsa Drillers,Total,TUL,- - -,,,30,104,129,26,20,3,0,3,17,16,22,0,35,1,2,0,2,4,2,.250,17.1%,27.1%,.629,.380,.365,.745,.115,,.338,,17.5,-0.8,.347,95
Jonah Advincula,809945,last_60,A+,25.6,Lake County Captains,Total,LC,- - -,,,2,6,9,1,0,1,0,0,1,1,3,0,1,0,0,0,0,3,1,.167,33.3%,11.1%,3.000,.444,.333,.778,.167,,.200,,1.5,0.3,.381,122
Kodey Shojinaga,809975,last_60,A+,23.5,Jersey Shore BlueClaws,Total,JS,- - -,,,20,70,74,14,11,2,0,1,4,7,4,0,7,0,0,0,6,0,0,.200,5.4%,9.5%,.571,.243,.271,.515,.071,,.210,,4.3,-5.8,.237,43
Ryan Jackson,810838,last_60,AA,24.8,San Antonio Missions,Total,SA,- - -,,,25,93,110,16,13,1,0,2,13,7,14,0,32,2,0,1,3,3,2,.172,12.7%,29.1%,.438,.294,.247,.541,.075,,.237,,7.8,-7.9,.264,50
Jay Beshears,810891,last_60,AA,24.4,Pensacola Blue Wahoos,Total,PNS,- - -,,,17,61,69,11,7,3,0,1,11,6,7,0,16,0,0,1,1,0,0,.180,10.1%,23.2%,.438,.265,.279,.543,.098,,.227,,4.7,-4.5,.255,51
Ben Williamson,810938,last_60,AAA,25.9,Durham Bulls,Total,DUR,- - -,,,3,9,9,1,0,1,0,0,0,0,0,0,4,0,0,0,1,0,0,.111,0.0%,44.4%,.000,.111,.222,.333,.111,,.200,,-0.2,-1.3,.144,-18
Wagnel Luna,810981,last_60,DSL,20.7,DSL Tigers 2,Total,D-TI2,- - -,,,4,6,11,0,0,0,0,0,3,1,5,0,2,0,0,0,0,3,0,.000,45.5%,18.2%,2.500,.455,.000,.455,.000,,.000,,1.6,-0.3,.323,83
Andrew Tess,811083,last_60,A,20.0,Delmarva Shorebirds,Total,DEL,- - -,,,1,2,2,1,1,0,0,0,0,0,0,0,1,0,0,0,0,0,1,.500,0.0%,50.0%,.000,.500,.500,1.000,.000,,1.000,,0.5,0.2,.455,169
Connor Rasmussen,811278,last_60,A,22.5,Columbia Fireflies,Total,COL,- - -,,,24,80,95,16,9,3,1,3,12,11,13,0,19,1,0,0,1,4,0,.200,13.7%,20.0%,.684,.319,.375,.694,.175,,.224,,11.7,-1.3,.319,90
Carson Roccaforte,811287,last_60,AAA,24.5,Omaha Storm Chasers,Total,OMA,- - -,,,36,135,154,38,21,9,0,8,17,24,15,1,43,0,2,2,3,12,0,.281,9.7%,27.9%,.349,.349,.526,.875,.244,,.349,,25.1,5.0,.381,125
Spencer Nivens,811289,last_60,AA,24.8,Northwest Arkansas Naturals,Total,NWA,- - -,,,30,115,135,36,22,11,2,1,18,16,16,0,25,1,2,1,0,2,2,.313,11.9%,18.5%,.640,.396,.470,.865,.157,,.385,,22.5,3.2,.386,117
Caden Sorrell,811294,last_60,A,21.5,Myrtle Beach Pelicans,Total,MB,- - -,,,19,77,83,22,15,1,2,4,13,16,5,0,30,1,0,0,0,7,2,.286,6.0%,36.1%,.167,.337,.506,.844,.221,,.419,,13.8,2.5,.373,122
Justin Riemer,811312,last_60,AAA,24.5,Las Vegas Aviators,Total,LV,- - -,,,10,33,44,13,11,1,0,1,10,8,10,0,6,1,0,0,0,1,1,.394,22.7%,13.6%,1.667,.545,.515,1.061,.121,,.462,,10.6,4.5,.483,172
Bryan Gonzalez Garcia,811314,last_60,A,21.1,Ontario Tower Buzzers,Total,ONT,- - -,,,11,39,44,10,7,2,1,0,3,9,4,0,11,0,1,0,3,0,0,.256,9.1%,25.0%,.364,.318,.359,.677,.103,,.345,,4.8,-1.7,.305,74
Josh Kross,811339,last_60,A+,23.5,Peoria Chiefs,Total,PEO,- - -,,,1,2,3,1,0,1,0,0,1,0,0,0,0,1,0,0,0,0,0,.500,0.0%,0.0%,,.667,1.000,1.667,.500,,.500,,1.2,0.8,.679,292
Jake Berkland,811443,last_60,A,21.1,Kannapolis Cannon Ballers,Total,KAN,- - -,,,18,50,75,11,9,1,1,0,16,4,22,0,14,1,0,2,1,10,4,.220,29.3%,18.7%,1.571,.466,.280,.746,.060,,.306,,12.7,2.5,.377,124
Yimy Tovar,811602,last_60,A+,20.4,Fort Wayne TinCaps,Total,FW,- - -,,,14,50,58,12,9,2,0,1,7,7,8,0,12,0,0,0,1,3,0,.240,13.8%,20.7%,.667,.345,.340,.685,.100,,.297,,7.0,-1.1,.320,86
Omar Bustamante,811607,last_60,DSL,21.0,DSL Tigers 1,Total,D-TI1,- - -,,,8,18,28,4,4,0,0,0,2,4,8,0,6,0,2,0,0,0,0,.222,28.6%,21.4%,1.333,.429,.222,.651,.000,,.286,,4.2,-0.6,.333,88
Yosweld Vasquez,811633,last_60,A+,21.8,Asheville Tourists,Total,ASH,- - -,,,9,34,39,11,9,2,0,0,7,5,4,0,10,0,1,0,1,2,0,.324,10.3%,25.6%,.400,.385,.382,.767,.059,,.440,,5.7,0.3,.349,106
Landyn Vidourek,811716,last_60,A,22.8,Fresno Grizzlies,Total,FRE,- - -,,,21,78,89,10,4,4,1,1,7,6,10,0,32,1,0,0,0,5,0,.128,11.2%,36.0%,.312,.236,.244,.480,.115,,.200,,4.4,-8.7,.229,34
Josh Wakefield,811718,last_60,A,22.2,Fayetteville Woodpeckers,Total,FAY,- - -,,,1,2,3,2,2,0,0,0,1,0,1,0,0,0,0,0,0,0,0,1.000,33.3%,0.0%,,1.000,1.000,2.000,.000,,1.000,,1.6,1.2,.844,393
Cody Miller,811764,last_60,A+,22.2,Rome Emperors,Total,ROM,- - -,,,25,88,108,20,15,3,1,1,15,13,14,0,28,5,1,0,2,8,2,.227,13.0%,25.9%,.500,.361,.318,.679,.091,,.317,,13.6,-1.2,.324,92
Deniel Ortiz,811765,last_60,AA,22.1,Springfield Cardinals,Total,SPR,- - -,,,26,93,113,29,18,5,0,6,17,22,13,0,20,2,4,0,3,4,3,.312,11.5%,17.7%,.650,.393,.559,.952,.247,,.324,,21.2,5.1,.413,131
Joel Dragoo,811780,last_60,A+,23.6,Jersey Shore BlueClaws,Total,JS,- - -,,,1,3,3,0,0,0,0,0,0,0,0,0,1,0,0,0,0,0,0,.000,0.0%,33.3%,.000,.000,.000,.000,.000,,.000,,-0.4,-0.8,.000,-92
Tony Santa Maria,811948,last_60,A+,24.4,Bowling Green Hot Rods,Total,BG,- - -,,,23,90,105,28,17,7,0,4,22,14,11,0,24,3,1,0,3,10,2,.311,10.5%,22.9%,.458,.400,.522,.922,.211,,.381,,20.3,5.9,.410,141
Joshua Kuroda-Grauer,811965,last_60,AAA,23.6,Las Vegas Aviators,Total,LV,- - -,,,3,9,10,2,1,1,0,0,1,0,1,0,2,0,0,0,2,0,0,.222,10.0%,20.0%,.500,.300,.333,.633,.111,,.286,,0.9,-0.4,.291,67
Dashyll Tejeda,812158,last_60,A,20.5,Fredericksburg Nationals,Total,FBG,- - -,,,25,85,100,19,15,3,0,1,14,13,15,0,26,0,0,0,0,9,3,.224,15.0%,26.0%,.577,.340,.294,.634,.071,,.310,,11.1,-2.5,.303,82
Clay Burdette,812185,last_60,A,22.2,Kannapolis Cannon Ballers,Total,KAN,- - -,,,24,88,104,26,15,4,5,2,21,19,12,0,36,3,1,0,1,11,2,.295,11.5%,34.6%,.333,.394,.523,.917,.227,,.471,,19.8,5.6,.404,140
Heriberto Caraballo,812430,last_60,A,21.5,Palm Beach Cardinals,Total,PMB,- - -,,,4,15,16,4,2,1,1,0,1,1,1,0,5,0,0,0,1,0,0,.267,6.2%,31.2%,.200,.312,.467,.779,.200,,.400,,2.2,-0.1,.342,94
Stephen Hrustich,812442,last_60,A+,25.0,West Michigan Whitecaps,Total,WM,- - -,,,18,60,75,10,5,4,0,1,8,8,12,1,21,1,2,0,0,2,1,.167,16.0%,28.0%,.571,.307,.283,.590,.117,,.225,,6.5,-3.8,.276,63
Ryan Franden,812469,last_60,A,23.1,Dunedin Blue Jays,Total,DUN,- - -,,,14,45,48,9,6,2,0,1,8,4,3,0,10,0,0,0,1,1,1,.200,6.2%,20.8%,.300,.250,.311,.561,.111,,.235,,3.4,-3.6,.256,49
Camden Janik,812518,last_60,A+,24.1,Greensboro Grasshoppers,Total,GBO,- - -,,,15,49,57,12,10,1,1,0,7,4,5,0,11,3,0,0,0,0,0,.245,8.8%,19.3%,.455,.351,.306,.657,.061,,.316,,6.6,-1.1,.313,85
Qrey Lott,812540,last_60,A,21.8,Lake Elsinore Storm,Total,LE,- - -,,,21,65,81,18,10,3,2,3,18,10,11,0,22,3,2,0,1,7,2,.277,13.6%,27.2%,.500,.395,.523,.918,.246,,.357,,15.0,3.1,.403,126
Carson Kerce,812668,last_60,A,21.8,Visalia Rawhide,Total,VIS,- - -,,,21,80,99,22,15,5,0,2,19,8,16,0,20,3,0,0,1,5,1,.275,16.2%,20.2%,.800,.414,.412,.827,.137,,.345,,16.8,2.2,.383,115
Kyle Jones,812807,last_60,A,21.6,Wilson Warbirds,Total,WIL,- - -,,,23,92,105,23,20,2,0,1,12,15,11,0,20,0,2,0,1,7,2,.250,10.5%,19.0%,.550,.324,.304,.628,.054,,.301,,10.8,-3.4,.293,76
Sherman Johnson,812818,last_60,A,21.6,Daytona Tortugas,Total,DBT,- - -,,,13,50,57,15,11,3,0,1,7,9,6,0,11,0,1,0,0,2,0,.300,10.5%,19.3%,.545,.368,.420,.788,.120,,.359,,8.5,0.2,.356,102
Jacob Lombard,813075,last_60,A,18.9,Jupiter Hammerheads,Total,JUP,- - -,,,19,69,84,14,9,2,0,3,13,15,11,0,35,3,1,0,0,11,2,.203,13.1%,41.7%,.314,.333,.362,.696,.159,,.344,,10.4,-1.9,.323,85
Logan Hughes,813314,last_60,A,21.4,Fayetteville Woodpeckers,Total,FAY,- - -,,,20,77,93,26,13,8,1,4,18,25,13,0,19,3,0,0,0,8,2,.338,14.0%,20.4%,.684,.452,.623,1.075,.286,,.407,,22.5,9.9,.470,178
Aidan Teel,813359,last_60,A,22.0,Fort Myers Mighty Mussels,Total,FTM,- - -,,,13,44,52,8,4,3,1,0,3,6,7,0,15,0,1,0,1,2,0,.182,13.5%,28.8%,.467,.288,.295,.584,.114,,.267,,4.3,-3.2,.272,57
Justin Johnson,813386,last_60,AA,26.4,Northwest Arkansas Naturals,Total,NWA,- - -,,,27,99,111,30,16,6,0,8,18,27,9,0,25,1,2,0,0,2,3,.303,8.1%,22.5%,.360,.360,.606,.966,.303,,.324,,21.2,5.4,.418,134
Jack Winnay,813400,last_60,AA,23.2,Portland Sea Dogs,Total,POR,- - -,,,12,44,49,11,6,3,0,2,7,4,3,0,10,2,0,0,1,0,0,.250,6.1%,20.4%,.300,.327,.455,.781,.205,,.281,,7.1,0.5,.351,107
Lucas Ramirez,813429,last_60,A,20.6,Rancho Cucamonga Quakes,Total,RC,- - -,,,18,62,73,16,6,6,1,3,13,11,9,0,23,1,1,0,0,3,1,.258,12.3%,31.5%,.391,.356,.532,.888,.274,,.351,,12.7,1.9,.388,118
Jayden Lobliner,813488,last_60,A,22.4,Palm Beach Cardinals,Total,PMB,- - -,,,13,46,50,10,6,0,0,4,6,10,3,0,23,1,0,0,1,1,0,.217,6.0%,46.0%,.130,.280,.478,.758,.261,,.316,,6.7,-0.6,.336,91
Carson Rucker,813620,last_60,A,22.0,Lakeland Flying Tigers,Total,LAK,- - -,,,19,62,73,13,8,1,0,4,12,12,10,0,20,1,0,0,2,1,0,.210,13.7%,27.4%,.500,.329,.419,.748,.210,,.237,,10.0,-0.1,.341,99
Justin DeCriscio,813664,last_60,A+,23.4,Fort Wayne TinCaps,Total,FW,- - -,,,28,95,116,21,17,3,0,1,8,5,12,0,25,7,0,2,5,6,1,.221,10.3%,21.6%,.480,.351,.284,.635,.063,,.290,,12.4,-3.9,.309,76
Ariel Armas,813666,last_60,AA,23.8,Knoxville Smokies,Total,KNX,- - -,,,25,96,106,28,19,5,0,4,13,14,6,0,17,2,2,0,4,2,0,.292,5.7%,16.0%,.353,.340,.469,.808,.177,,.312,,15.8,1.6,.358,111
Jack Gurevitch,813668,last_60,AA,22.5,Springfield Cardinals,Total,SPR,- - -,,,28,117,125,31,18,4,0,9,17,25,4,0,47,3,1,0,1,0,1,.265,3.2%,37.6%,.085,.304,.530,.834,.265,,.355,,18.7,0.9,.365,105
Sam Biller,813697,last_60,A+,24.2,Brooklyn Cyclones,Total,BRK,- - -,,,1,3,3,2,1,1,0,0,1,0,0,0,0,0,0,0,0,0,0,.667,0.0%,0.0%,,.667,1.000,1.667,.333,,.667,,1.3,0.9,.735,325
Khadim Diaw,813715,last_60,AA,23.1,Wichita Wind Surge,Total,WCH,- - -,,,14,52,63,19,11,6,0,2,7,5,4,0,7,4,2,0,1,1,2,.365,6.3%,11.1%,.571,.435,.596,1.032,.231,,.378,,13.5,4.6,.449,151
Robert Hipwell,813771,last_60,A+,23.5,Eugene Emeralds,Total,EUG,- - -,,,16,56,63,18,9,4,1,4,11,16,6,0,17,0,0,1,0,0,0,.321,9.5%,27.0%,.353,.387,.643,1.030,.321,,.400,,13.8,4.4,.447,147
Colton Coates,813832,last_60,A,21.7,Salem RidgeYaks,Total,SAL,- - -,,,16,62,74,16,12,3,1,0,11,9,11,0,10,0,1,0,0,1,2,.258,14.9%,13.5%,1.100,.365,.339,.704,.081,,.302,,9.7,-0.4,.328,96
Cole Conn,813833,last_60,AAA,25.2,Las Vegas Aviators,Total,LV,- - -,,,32,132,146,39,22,11,1,5,30,22,13,0,36,1,0,0,0,4,3,.295,8.9%,24.7%,.361,.363,.508,.871,.212,,.374,,24.0,4.4,.387,123
Jonah Cox,813841,last_60,AAA,25.0,Sacramento River Cats,Total,SAC,- - -,,,3,12,14,6,2,3,0,1,4,4,2,0,2,0,0,0,0,1,0,.500,14.3%,14.3%,1.000,.571,1.000,1.571,.500,,.556,,5.3,3.4,.660,282
Chase Call,813842,last_60,AA,24.3,Corpus Christi Hooks,Total,CC,- - -,,,25,82,92,11,8,1,0,2,4,12,6,0,44,1,2,0,0,3,0,.134,6.5%,47.8%,.136,.198,.220,.417,.085,,.237,,1.6,-11.5,.196,12
Will Bush,813844,last_60,AA,22.5,Corpus Christi Hooks,Total,CC,- - -,,,29,96,123,19,14,2,0,3,13,10,25,0,38,2,0,0,1,6,1,.198,20.3%,30.9%,.658,.374,.312,.686,.115,,.291,,15.3,-2.2,.333,87
Colton Becker,813851,last_60,AAA,25.4,Omaha Storm Chasers,Total,OMA,- - -,,,27,84,98,15,14,0,0,1,11,8,11,0,23,3,0,0,1,7,1,.179,11.2%,23.5%,.478,.296,.214,.510,.036,,.233,,6.2,-7.0,.254,47
Trey Paige,813852,last_60,AAA,25.9,Memphis Redbirds,Total,MEM,- - -,,,18,65,72,21,14,3,2,2,10,14,6,0,13,1,0,0,0,1,0,.323,8.3%,18.1%,.462,.389,.523,.912,.200,,.380,,13.0,3.7,.405,139
Charlie Pagliarini,813860,last_60,AA,25.7,Arkansas Travelers,Total,ARK,- - -,,,30,124,136,31,13,9,0,9,22,29,10,0,44,1,1,0,1,2,1,.250,7.4%,32.4%,.227,.309,.540,.849,.290,,.306,,20.9,1.5,.370,108
Devin Saltiban,813880,last_60,A+,21.6,Jersey Shore BlueClaws,Total,JS,- - -,,,17,59,65,17,12,2,0,3,6,9,6,0,16,0,0,0,2,6,0,.288,9.2%,24.6%,.375,.354,.475,.828,.186,,.350,,10.6,1.7,.371,119
Ryan Ignoffo,813883,last_60,AA,26.1,Pensacola Blue Wahoos,Total,PNS,- - -,,,17,60,66,12,7,3,0,2,10,3,4,0,14,1,0,1,2,1,0,.200,6.1%,21.2%,.286,.262,.350,.612,.150,,.227,,5.7,-3.1,.278,65
Kellon Lindsey,813916,last_60,A,21.0,Ontario Tower Buzzers,Total,ONT,- - -,,,24,87,114,24,13,4,1,6,23,13,23,0,27,2,1,1,0,9,0,.276,20.2%,23.7%,.852,.434,.552,.985,.276,,.327,,24.0,7.2,.435,143
Jack Lines,813922,last_60,A,20.8,Charleston RiverDogs,Total,CHS,- - -,,,15,45,54,9,3,5,0,1,8,4,3,0,14,6,0,0,2,0,2,.200,5.6%,25.9%,.214,.333,.378,.711,.178,,.267,,7.2,-0.1,.332,98
Ivan Luciano,813930,last_60,A+,19.8,Hillsboro Hops,Total,HIL,- - -,,,14,53,61,17,9,6,0,2,10,14,6,0,18,1,0,1,2,0,0,.321,9.8%,29.5%,.333,.400,.547,.947,.226,,.455,,12.1,3.0,.420,133
Ty Head,813935,last_60,A,21.3,Delmarva Shorebirds,Total,DEL,- - -,,,20,71,83,22,18,1,1,2,13,7,9,0,20,1,0,2,1,10,2,.310,10.8%,24.1%,.450,.395,.437,.832,.127,,.408,,14.1,2.8,.379,125
Jan Luis Reyes,813939,last_60,A,20.9,Myrtle Beach Pelicans,Total,MB,- - -,,,14,49,51,4,4,0,0,0,3,5,2,0,18,0,0,0,2,0,0,.082,3.9%,35.3%,.111,.118,.082,.199,.000,,.129,,-2.4,-9.4,.099,-35
John Wimmer,814091,last_60,A,21.5,Rancho Cucamonga Quakes,Total,RC,- - -,,,19,73,88,17,8,7,0,2,11,17,11,0,34,2,1,1,1,4,2,.233,12.5%,38.6%,.324,.345,.411,.756,.178,,.395,,12.2,-0.8,.343,94
Ben Cleary,814097,last_60,A,21.3,Hill City Howlers,Total,HC,- - -,,,11,39,46,11,8,3,0,0,6,7,6,0,9,1,0,0,3,3,2,.282,13.0%,19.6%,.667,.391,.359,.750,.077,,.367,,6.9,0.6,.352,110
Derik Alcantara,814131,last_60,A,21.5,Myrtle Beach Pelicans,Total,MB,- - -,,,17,51,60,12,8,2,1,1,7,4,8,0,8,0,1,0,1,2,1,.235,13.3%,13.3%,1.000,.333,.373,.706,.137,,.256,,7.6,-0.6,.322,93
Scott Bandura,814154,last_60,AAA,25.1,Sacramento River Cats,Total,SAC,- - -,,,30,126,143,45,25,15,1,4,26,20,14,0,11,2,1,0,3,9,1,.357,9.8%,7.7%,1.273,.427,.587,1.014,.230,,.366,,30.1,10.9,.445,157
Cashel Dugger,814158,last_60,A,21.1,Fredericksburg Nationals,Total,FBG,- - -,,,15,44,59,8,4,3,1,0,5,6,11,0,16,2,2,0,4,0,1,.182,18.6%,27.1%,.688,.356,.295,.651,.114,,.267,,7.0,-1.0,.313,88
Chase Jaworsky,814172,last_60,A+,22.1,Beloit Sky Carp,Total,BEL,- - -,,,16,55,66,21,15,1,0,5,10,14,10,0,10,0,1,0,1,7,1,.382,15.2%,15.2%,1.000,.470,.673,1.142,.291,,.390,,16.9,7.9,.494,187
Jayson Bass,814188,last_60,A+,20.3,Cedar Rapids Kernels,Total,CR,- - -,,,15,54,59,9,7,0,0,2,4,5,4,0,20,1,0,0,1,2,1,.167,6.8%,33.9%,.200,.237,.278,.515,.111,,.219,,3.4,-4.7,.240,43
Quinn McDaniel,814194,last_60,A+,23.9,Cedar Rapids Kernels,Total,CR,- - -,,,25,86,100,20,12,6,0,2,11,8,14,0,19,0,0,0,0,4,0,.233,14.0%,19.0%,.737,.340,.372,.712,.140,,.277,,12.5,-1.5,.329,89
Carlos Caro,814261,last_60,AAA,21.8,Indianapolis Indians,Total,IND,- - -,,,14,47,56,7,6,1,0,0,9,2,7,0,15,2,0,0,1,0,0,.149,12.5%,26.8%,.467,.286,.170,.456,.021,,.219,,3.2,-4.5,.236,42
Kevin Verde,814269,last_60,AA,20.7,Somerset Patriots,Total,SOM,- - -,,,4,8,9,2,2,0,0,0,1,0,0,0,0,0,0,1,0,0,0,.250,0.0%,0.0%,,.250,.250,.500,.000,,.250,,0.4,-0.8,.228,36
Franco Willias,814293,last_60,DSL,21.4,DSL Giants Black,Total,D-GIB,- - -,,,6,19,28,9,6,2,1,0,11,5,3,0,1,4,0,2,0,5,0,.474,10.7%,3.6%,3.000,.615,.684,1.300,.211,,.500,,9.4,4.6,.569,194
Dario Reynoso,814294,last_60,AAA,21.4,Sacramento River Cats,Total,SAC,- - -,,,16,62,72,17,9,4,1,3,12,14,10,0,25,0,0,0,0,3,0,.274,13.9%,34.7%,.400,.375,.516,.891,.242,,.412,,12.9,2.3,.395,122
Pascanel Ferreras,814299,last_60,AAA,24.8,Sugar Land Space Cowboys,Total,SUG,- - -,,,33,133,147,37,22,12,0,3,14,16,9,0,34,3,0,1,3,3,3,.278,6.1%,23.1%,.265,.338,.436,.774,.158,,.354,,19.8,0.1,.348,100
Zyhir Hope,814307,last_60,AA,21.6,Erie SeaWolves,Total,ERI,- - -,,,26,103,120,31,22,3,1,5,16,22,14,1,30,1,2,0,1,8,2,.301,11.7%,25.0%,.467,.383,.495,.878,.194,,.371,,20.9,4.6,.387,129
Alberto Rios,814362,last_60,A+,24.5,Tri-City Dust Devils,Total,TRI,- - -,,,10,35,42,11,10,1,0,0,3,7,5,0,4,0,1,1,0,0,0,.314,11.9%,9.5%,1.250,.390,.343,.733,.029,,.344,,5.7,-0.6,.340,91
Jack Natili,814385,last_60,A,21.5,Fresno Grizzlies,Total,FRE,- - -,,,15,56,67,14,7,3,0,4,11,11,6,0,19,3,1,1,1,0,0,.250,9.0%,28.4%,.316,.348,.518,.866,.268,,.294,,11.3,1.4,.382,114
Seaver King,814409,last_60,AAA,23.4,Rochester Red Wings,Total,ROC,- - -,,,38,164,183,51,32,7,1,11,33,20,16,0,44,2,0,0,1,6,1,.311,8.7%,24.0%,.364,.379,.567,.946,.256,,.367,,34.9,11.7,.417,150
Jacob Humphrey,814410,last_60,AA,23.6,Hartford Yard Goats,Total,HFD,- - -,,,18,73,81,24,20,4,0,0,9,4,6,0,17,2,0,0,1,6,0,.329,7.4%,21.0%,.353,.395,.384,.779,.055,,.429,,12.4,1.4,.360,113
Matt Scannell,814411,last_60,A,25.0,Augusta GreenJackets,Total,AUG,- - -,,,17,56,68,10,7,3,0,0,10,4,12,0,23,0,0,0,1,5,0,.179,17.6%,33.8%,.522,.324,.232,.556,.054,,.303,,6.2,-3.1,.276,67
Ian Petrutz,814413,last_60,A+,24.0,Peoria Chiefs,Total,PEO,- - -,,,22,79,88,19,10,5,1,3,12,16,5,0,16,2,0,0,1,3,1,.241,5.7%,18.2%,.312,.302,.443,.745,.203,,.267,,11.3,-1.0,.332,92
Kyle DeBarge,814414,last_60,AA,23.2,Wichita Wind Surge,Total,WCH,- - -,,,29,102,123,26,23,2,0,1,16,10,17,0,31,2,1,1,1,16,2,.255,13.8%,25.2%,.548,.369,.304,.673,.049,,.352,,14.2,-3.3,.321,81
Brett Callahan,814430,last_60,AAA,24.8,Toledo Mud Hens,Total,TOL,- - -,,,6,21,23,2,1,1,0,0,1,1,1,0,4,1,0,0,0,0,0,.095,4.3%,17.4%,.250,.174,.143,.317,.048,,.118,,-0.2,-3.2,.159,-8
Jackson Castillo,814431,last_60,AA,23.4,Somerset Patriots,Total,SOM,- - -,,,21,63,76,14,11,2,0,1,9,4,12,0,20,1,0,0,1,1,1,.222,15.8%,26.3%,.600,.355,.302,.657,.079,,.310,,9.0,-1.3,.316,87
Ryan Galanie,814436,last_60,AAA,26.3,Charlotte Knights,Total,CLT,- - -,,,27,102,114,25,20,3,1,1,13,11,10,0,26,1,1,0,2,3,2,.245,8.8%,22.8%,.385,.316,.324,.639,.078,,.316,,10.9,-3.6,.295,75
Ivan Brethowr,814442,last_60,AA,23.5,Altoona Curve,Total,ALT,- - -,,,12,40,46,6,5,1,0,0,4,2,5,0,18,1,0,0,1,1,0,.150,10.9%,39.1%,.278,.261,.175,.436,.025,,.273,,2.0,-4.2,.220,32
Will Turner,814444,last_60,AA,24.0,Portland Sea Dogs,Total,POR,- - -,,,24,92,106,19,6,6,1,6,12,14,13,0,27,1,0,0,1,1,2,.207,12.3%,25.5%,.481,.311,.489,.800,.283,,.220,,15.7,1.3,.354,109
Jared Sprague-Lott,814445,last_60,A+,24.8,Lansing Lugnuts,Total,LAN,- - -,,,29,112,130,29,21,5,2,1,18,12,17,1,27,1,0,0,7,5,1,.259,13.1%,20.8%,.630,.362,.366,.728,.107,,.333,,16.4,-1.9,.334,90
Wehiwa Aloy,814450,last_60,A+,22.6,Frederick Keys,Total,FRE,- - -,,,29,109,118,30,18,4,0,8,18,17,8,0,36,1,0,0,5,6,2,.275,6.8%,30.5%,.222,.331,.532,.863,.257,,.338,,19.9,3.9,.380,124
Jakob Christian,814451,last_60,A+,24.0,Eugene Emeralds,Total,EUG,- - -,,,1,3,5,0,0,0,0,0,0,0,2,0,2,0,0,0,0,0,0,.000,40.0%,40.0%,1.000,.400,.000,.400,.000,,.000,,0.5,-0.3,.284,62
Anthony Martinez,814452,last_60,A+,22.4,Lake County Captains,Total,LC,- - -,,,19,75,88,25,10,9,0,6,20,19,8,0,16,4,1,0,3,0,0,.333,9.1%,18.2%,.500,.420,.693,1.114,.360,,.352,,21.5,9.4,.478,178
Nick Mitchell,814455,last_60,AA,23.0,Harrisburg Senators,Total,HBG,- - -,,,26,105,118,35,31,2,1,1,15,13,9,0,22,3,1,0,0,5,1,.333,7.6%,18.6%,.409,.398,.400,.798,.067,,.410,,18.6,2.6,.366,116
Jake Casey,814457,last_60,A+,23.4,Vancouver Canadians,Total,VAN,- - -,,,25,99,117,26,10,7,1,8,16,32,14,0,35,2,2,0,2,5,0,.263,12.0%,29.9%,.400,.359,.596,.955,.333,,.310,,22.4,5.0,.411,128
Fenwick Trimble,814458,last_60,AA,24.0,Pensacola Blue Wahoos,Total,PNS,- - -,,,7,22,26,6,3,1,0,2,2,6,4,0,2,0,0,0,0,1,2,.273,15.4%,7.7%,2.000,.385,.591,.976,.318,,.222,,5.3,1.8,.426,151
Crew McChesney,814469,last_60,A,21.7,Kannapolis Cannon Ballers,Total,KAN,- - -,,,14,46,51,8,5,3,0,0,2,5,5,0,16,0,0,0,1,1,1,.174,9.8%,31.4%,.312,.255,.239,.494,.065,,.267,,3.0,-4.0,.235,43
Brady Cerkownyk,814499,last_60,A+,23.6,Wilmington Blue Rocks,Total,WIL,- - -,,,7,19,27,2,2,0,0,0,2,2,7,0,10,0,1,0,1,0,1,.105,25.9%,37.0%,.700,.333,.105,.439,.000,,.200,,1.9,-1.8,.252,51
Dylan Fien,814504,last_60,A+,20.9,Lansing Lugnuts,Total,LAN,- - -,,,16,62,68,13,11,1,1,0,6,5,5,0,18,0,1,0,0,0,0,.210,7.4%,26.5%,.278,.265,.258,.523,.048,,.289,,4.1,-5.2,.243,44
Ace Reese,814505,last_60,A,21.4,Inland Empire 66ers,Total,IE,- - -,,,20,73,98,32,21,8,0,3,21,19,19,0,11,1,5,0,2,2,0,.438,19.4%,11.2%,1.727,.531,.671,1.202,.233,,.453,,26.4,12.0,.511,183
Caden Kendle,814522,last_60,AA,24.5,Wichita Wind Surge,Total,WCH,- - -,,,24,101,111,36,18,9,0,9,20,29,7,0,29,2,1,0,1,5,1,.356,6.3%,26.1%,.241,.405,.713,1.118,.356,,.422,,26.8,10.9,.482,169
Sam Kulasingam,814528,last_60,AA,25.2,Northwest Arkansas Naturals,Total,NWA,- - -,,,29,110,134,30,19,6,2,3,23,21,19,0,32,3,2,0,3,8,1,.273,14.2%,23.9%,.594,.388,.445,.834,.173,,.351,,21.2,2.1,.376,111
Jaron Elkins,814696,last_60,A+,21.8,Great Lakes Loons,Total,GL,- - -,,,24,85,106,18,16,2,0,0,15,6,17,0,23,3,1,0,3,6,0,.212,16.0%,21.7%,.739,.358,.235,.594,.024,,.286,,10.9,-3.7,.297,75
Dariel Ramon,814748,last_60,A+,20.5,Vancouver Canadians,Total,VAN,- - -,,,12,37,45,7,5,2,0,0,7,6,6,0,10,1,1,0,0,2,0,.189,13.3%,22.2%,.600,.311,.243,.554,.054,,.250,,3.7,-3.1,.270,54
Gabe Camacho,814761,last_60,A,20.9,Palm Beach Cardinals,Total,PMB,- - -,,,23,74,85,21,13,7,0,1,12,10,3,0,17,8,0,0,1,1,0,.284,3.5%,20.0%,.176,.376,.419,.795,.135,,.357,,13.3,0.9,.366,107
Jonathan Hogart,814781,last_60,A,24.4,Clearwater Threshers,Total,CLR,- - -,,,19,64,80,13,11,0,0,2,9,9,12,0,23,4,0,0,0,2,0,.203,15.0%,28.7%,.522,.362,.297,.659,.094,,.282,,9.8,-1.9,.322,84
Jared Sundstrom,814791,last_60,AA,25.2,Arkansas Travelers,Total,ARK,- - -,,,17,56,63,17,10,4,0,3,13,7,7,0,17,0,0,0,0,3,0,.304,11.1%,27.0%,.412,.381,.536,.917,.232,,.389,,11.5,2.5,.406,128
Edgar Lugo,814812,last_60,DSL,22.0,DSL Tigers 2,Total,D-TI2,- - -,,,7,19,23,6,5,0,0,1,3,3,2,0,3,1,0,1,2,2,0,.316,8.7%,13.0%,.667,.409,.474,.883,.158,,.333,,4.7,0.7,.401,118
Henry Ford,814822,last_60,A,22.1,Inland Empire 66ers,Total,IE,- - -,,,10,36,44,9,7,0,0,2,6,9,7,0,14,1,0,0,0,1,1,.250,15.9%,31.8%,.500,.386,.417,.803,.167,,.350,,7.0,0.6,.371,109
Maddox Molony,814829,last_60,A,21.9,Lakeland Flying Tigers,Total,LAK,- - -,,,8,22,25,5,5,0,0,0,3,3,2,0,5,1,0,0,0,1,0,.227,8.0%,20.0%,.400,.320,.227,.547,.000,,.294,,2.0,-1.6,.269,55
Neurelin Montero,814842,last_60,A+,20.3,Hub City Spartanburgers,Total,HCS,- - -,,,2,6,8,0,0,0,0,0,2,0,1,0,4,1,0,0,0,0,0,.000,12.5%,50.0%,.250,.250,.000,.250,.000,,.000,,0.1,-1.0,.182,11
Matthew Ferrara,814955,last_60,A,19.3,Clearwater Threshers,Total,CLR,- - -,,,22,86,98,30,25,5,0,0,24,9,9,0,17,2,1,0,2,17,3,.349,9.2%,17.3%,.529,.418,.407,.825,.058,,.429,,16.3,2.1,.379,114
Reece Moroney,814964,last_60,A,21.4,Clearwater Threshers,Total,CLR,- - -,,,14,56,66,24,20,3,1,0,12,8,10,0,18,0,0,0,0,0,1,.429,15.2%,27.3%,.556,.515,.518,1.033,.089,,.632,,15.6,5.9,.467,162
Juan Monso,815021,last_60,DSL,19.8,DSL Cubs Red,Total,D-CUR,- - -,,,2,5,5,0,0,0,0,0,0,0,0,0,3,0,0,0,0,0,0,.000,0.0%,60.0%,.000,.000,.000,.000,.000,,.000,,-0.5,-1.4,.000,-63
Sam Mongelli,815044,last_60,AA,25.4,Tulsa Drillers,Total,TUL,- - -,,,2,7,8,2,2,0,0,0,1,2,1,0,3,0,0,0,0,0,0,.286,12.5%,37.5%,.333,.375,.286,.661,.000,,.500,,0.9,-0.2,.316,78
Derek Berg,815074,last_60,AAA,25.0,Indianapolis Indians,Total,IND,- - -,,,26,88,97,16,11,3,0,2,10,9,5,1,37,2,0,2,3,1,0,.182,5.2%,38.1%,.135,.242,.284,.526,.102,,.286,,5.0,-7.3,.239,41
Coby Morales,815089,last_60,AA,24.8,Somerset Patriots,Total,SOM,- - -,,,29,99,120,32,28,1,0,3,24,9,20,0,23,0,1,0,1,4,1,.323,16.7%,19.2%,.870,.433,.424,.858,.101,,.392,,21.6,5.3,.394,133
Jackson Appel,815096,last_60,A+,25.0,Winston-Salem Dash,Total,WS,- - -,,,14,45,57,8,6,1,0,1,9,5,9,0,11,1,2,0,3,1,0,.178,15.8%,19.3%,.818,.316,.267,.582,.089,,.200,,5.3,-2.6,.281,67
Graysen Tarlow,815104,last_60,AAA,25.2,Memphis Redbirds,Total,MEM,- - -,,,12,40,47,12,9,3,0,0,9,6,5,0,5,1,1,0,2,1,0,.300,10.6%,10.6%,1.000,.383,.375,.758,.075,,.333,,6.5,0.5,.348,108
Alexey Lumpuy,815121,last_60,A+,22.5,South Bend Cubs,Total,SB,- - -,,,21,76,85,28,19,4,2,3,16,15,8,0,23,1,0,0,0,13,2,.368,9.4%,27.1%,.348,.435,.592,1.027,.224,,.500,,19.1,7.4,.453,164
Mac McCroskey,815151,last_60,AA,26.7,Rocket City Trash Pandas,Total,RCT,- - -,,,13,45,50,8,7,1,0,0,5,4,5,0,17,0,0,0,1,1,1,.178,10.0%,34.0%,.294,.260,.200,.460,.022,,.286,,2.2,-4.5,.224,33
Theo Hardy,815152,last_60,AAA,24.8,Round Rock Express,Total,RR,- - -,,,14,35,44,6,3,1,1,1,7,4,6,0,12,2,0,1,0,1,0,.171,13.6%,27.3%,.500,.326,.343,.668,.171,,.227,,4.8,-1.3,.315,79
Slade Caldwell,815154,last_60,A+,20.2,Hillsboro Hops,Total,HIL,- - -,,,13,51,58,9,7,0,1,1,7,6,6,0,19,0,0,1,2,4,2,.176,10.3%,32.8%,.316,.263,.275,.538,.098,,.258,,3.9,-4.7,.252,45
Wilder Dalis,815195,last_60,A+,20.1,Spokane Indians,Total,SPO,- - -,,,21,86,91,29,23,2,0,4,14,9,5,0,20,0,0,0,2,6,0,.337,5.5%,22.0%,.250,.374,.500,.874,.163,,.403,,16.0,2.4,.390,118
Aldo Gaxiola,815220,last_60,A,20.2,Dunedin Blue Jays,Total,DUN,- - -,,,20,69,79,25,13,5,0,7,21,18,5,0,17,4,1,0,0,0,0,.362,6.3%,21.5%,.294,.430,.739,1.170,.377,,.391,,20.7,9.2,.501,180
Patrick Lee,815268,last_60,AA,26.9,Erie SeaWolves,Total,ERI,- - -,,,20,67,76,13,6,4,0,3,11,9,8,0,30,1,0,0,0,6,2,.194,10.5%,39.5%,.267,.289,.388,.678,.194,,.294,,8.5,-1.8,.308,83
Will Verdung,815299,last_60,A+,23.2,Rome Emperors,Total,ROM,- - -,,,19,66,79,24,19,2,1,2,12,13,9,0,8,2,2,0,0,3,1,.364,11.4%,10.1%,1.125,.443,.515,.958,.152,,.379,,16.1,5.4,.426,150
Josh Adamczewski,815304,last_60,AA,21.3,Biloxi Shuckers,Total,BLX,- - -,,,26,92,110,21,15,4,0,2,16,6,17,0,25,1,0,0,0,3,1,.228,15.5%,22.7%,.680,.355,.337,.692,.109,,.292,,13.6,-1.1,.326,93
Jesus Guerrero,815334,last_60,DSL,19.2,DSL NYY Bombers,Total,D-NYB,- - -,,,4,4,9,1,1,0,0,0,3,1,5,0,2,0,0,0,0,0,0,.250,55.6%,22.2%,2.500,.667,.250,.917,.000,,.500,,2.5,1.0,.496,161
Caleb Bonemer,815352,last_60,AA,20.9,Birmingham Barons,Total,BIR,- - -,,,32,119,146,31,13,7,2,9,24,19,22,1,36,3,2,0,1,3,1,.261,15.1%,24.7%,.611,.384,.580,.963,.319,,.289,,28.4,8.8,.416,145
Luke Dickerson,815380,last_60,A+,21.1,Wilmington Blue Rocks,Total,WIL,- - -,,,25,81,96,11,8,3,0,0,12,2,15,0,42,0,0,0,0,6,0,.136,15.6%,43.8%,.357,.271,.173,.444,.037,,.282,,4.9,-8.3,.227,37
Theo Gillen,815394,last_60,AA,21.0,Montgomery Biscuits,Total,MTG,- - -,,,27,100,119,28,18,6,2,2,19,17,14,0,23,2,2,1,1,5,2,.280,11.8%,19.3%,.609,.373,.440,.813,.160,,.338,,18.4,2.5,.365,116
Alex Hernandez,815415,last_60,A,21.1,Stockton Ports,Total,STK,- - -,,,18,62,65,11,7,2,1,1,7,5,3,0,16,0,0,0,2,0,0,.177,4.6%,24.6%,.188,.215,.290,.506,.113,,.222,,3.2,-6.4,.228,33
Jesus Freitez,815438,last_60,A,20.7,Fresno Grizzlies,Total,FRE,- - -,,,5,17,17,4,2,1,1,0,2,1,0,0,3,0,0,0,1,0,0,.235,0.0%,17.6%,.000,.235,.412,.647,.176,,.286,,1.5,-1.0,.280,60
Lisbel Diaz,815464,last_60,A+,21.1,Eugene Emeralds,Total,EUG,- - -,,,29,115,123,25,16,3,0,6,12,23,4,0,31,1,3,0,1,9,1,.217,3.3%,25.2%,.129,.244,.400,.644,.183,,.235,,11.3,-5.8,.282,66
Augie Lopez,815488,last_60,A,21.2,Lake Elsinore Storm,Total,LE,- - -,,,11,33,36,3,1,0,0,2,5,2,3,0,11,0,0,0,1,0,1,.091,8.3%,30.6%,.273,.167,.273,.439,.182,,.050,,1.0,-4.3,.202,19
Wills Maginnis,815491,last_60,A,21.2,Salem RidgeYaks,Total,SAL,- - -,,,17,60,81,8,6,1,0,1,16,3,14,0,11,7,0,0,4,6,0,.133,17.3%,13.6%,1.273,.358,.200,.558,.067,,.146,,8.6,-2.4,.297,78
Braylon Payne,815520,last_60,A+,20.0,Wisconsin Timber Rattlers,Total,WIS,- - -,,,30,124,134,32,18,6,2,6,21,13,8,0,38,0,1,0,3,3,0,.258,6.0%,28.4%,.211,.301,.484,.785,.226,,.321,,18.6,0.6,.344,103
Ediel Rivera,815528,last_60,A,20.9,Tampa Tarpons,Total,TAM,- - -,,,5,18,21,6,5,0,0,1,4,8,2,0,6,1,0,0,1,1,0,.333,9.5%,28.6%,.333,.429,.500,.929,.167,,.455,,4.2,1.1,.420,137
Trey Snyder,815551,last_60,A+,21.0,Brooklyn Cyclones,Total,BRK,- - -,,,25,95,108,26,22,3,0,1,15,19,9,0,27,1,3,0,0,10,0,.274,8.3%,25.0%,.333,.333,.337,.670,.063,,.357,,12.2,-2.6,.307,82
Joe Olsavsky,815586,last_60,A,24.4,Augusta GreenJackets,Total,AUG,- - -,,,11,32,39,6,5,1,0,0,8,0,4,0,12,3,0,0,0,3,0,.188,10.3%,30.8%,.333,.333,.219,.552,.031,,.300,,3.6,-1.7,.280,69
Bo Davidson,815589,last_60,AAA,24.2,Sacramento River Cats,Total,SAC,- - -,,,33,128,147,48,24,13,1,10,28,34,16,1,25,2,1,0,1,2,1,.375,10.9%,17.0%,.640,.449,.727,1.176,.352,,.404,,37.7,17.9,.504,191
Matthew Boughton,815592,last_60,A,21.0,Kannapolis Cannon Ballers,Total,KAN,- - -,,,21,82,101,14,10,3,1,0,16,3,15,0,20,4,0,0,1,6,3,.171,14.9%,19.8%,.750,.327,.232,.558,.061,,.226,,9.4,-4.3,.280,69
Wyatt Sanford,815608,last_60,A+,20.8,Greensboro Grasshoppers,Total,GBO,- - -,,,22,92,112,28,16,5,0,7,22,14,15,0,28,4,1,0,1,10,0,.304,13.4%,25.0%,.536,.420,.587,1.007,.283,,.362,,24.4,9.0,.441,159
Kayson Cunningham,815617,last_60,A+,20.2,Hillsboro Hops,Total,HIL,- - -,,,23,88,104,24,15,7,0,2,21,12,15,0,25,1,0,0,0,10,1,.273,14.4%,24.0%,.600,.385,.420,.805,.148,,.361,,16.5,0.9,.369,106
Tytus Cissell,815632,last_60,A,20.4,Visalia Rawhide,Total,VIS,- - -,,,20,61,76,15,13,2,0,0,6,6,10,0,19,5,0,0,1,12,2,.246,13.2%,25.0%,.526,.395,.279,.673,.033,,.357,,9.9,-1.3,.332,88
Tyson Lewis,815653,last_60,A+,20.7,Dayton Dragons,Total,DAY,- - -,,,23,97,104,26,17,7,1,1,9,9,5,0,31,1,1,0,0,7,3,.268,4.8%,29.8%,.161,.308,.392,.699,.124,,.379,,12.0,-2.3,.313,84
Eli Lovich,815654,last_60,A,21.1,Myrtle Beach Pelicans,Total,MB,- - -,,,14,42,51,8,5,2,1,0,6,4,8,0,19,0,0,1,1,1,0,.190,15.7%,37.3%,.421,.320,.286,.606,.095,,.348,,5.1,-1.8,.289,74
Brendan Tunink,815665,last_60,A,20.9,Ontario Tower Buzzers,Total,ONT,- - -,,,13,52,56,9,6,3,0,0,5,1,4,0,28,0,0,0,0,1,0,.173,7.1%,50.0%,.143,.232,.231,.463,.058,,.375,,2.3,-6.0,.218,28
Grady Emerson,815690,last_60,A,18.5,Charleston RiverDogs,Total,CHS,- - -,,,13,51,60,9,8,0,1,0,6,3,8,0,13,0,1,0,1,2,0,.176,13.3%,21.7%,.615,.283,.216,.499,.039,,.231,,3.9,-4.3,.243,48
Arturo Disla,815697,last_60,AA,25.9,Frisco RoughRiders,Total,FRI,- - -,,,26,111,122,27,15,6,0,6,16,18,9,1,34,1,1,0,4,1,1,.243,7.4%,27.9%,.265,.303,.459,.763,.216,,.292,,15.4,-2.0,.335,89
Jadyn Fielder,815723,last_60,A,22.0,Fayetteville Woodpeckers,Total,FAY,- - -,,,16,46,52,9,3,5,0,1,11,3,4,0,16,1,1,0,2,2,0,.196,7.7%,30.8%,.250,.269,.370,.639,.174,,.267,,5.1,-2.0,.286,72
Dylan Jasso,815734,last_60,AA,23.8,Pensacola Blue Wahoos,Total,PNS,- - -,,,14,48,57,16,9,6,0,1,12,12,5,0,13,2,2,0,0,1,0,.333,8.8%,22.8%,.385,.404,.521,.924,.188,,.417,,10.6,3.0,.405,139
Kegnnalex Seijas,815767,last_60,DSL,20.8,DSL Brewers Gold,Total,D-BWG,- - -,,,2,4,7,1,1,0,0,0,1,1,3,0,0,0,0,0,0,0,0,.250,42.9%,0.0%,,.571,.250,.821,.000,,.250,,1.6,0.4,.435,134
Chase Harlan,815792,last_60,A+,20.1,Great Lakes Loons,Total,GL,- - -,,,2,3,3,1,1,0,0,0,0,0,0,0,2,0,0,0,0,1,0,.333,0.0%,66.7%,.000,.333,.333,.667,.000,,1.000,,0.3,-0.1,.303,78
Carter Johnson,815793,last_60,A+,20.5,Beloit Sky Carp,Total,BEL,- - -,,,20,78,87,16,11,4,1,0,14,10,8,0,20,1,0,0,1,4,2,.205,9.2%,23.0%,.400,.287,.282,.569,.077,,.276,,6.9,-5.0,.267,58
Billy Carlson,815814,last_60,A,20.0,Kannapolis Cannon Ballers,Total,KAN,- - -,,,1,3,4,0,0,0,0,0,0,0,1,0,0,0,0,0,0,0,0,.000,25.0%,0.0%,,.250,.000,.250,.000,,.000,,0.1,-0.5,.178,10
Brady Ebel,815816,last_60,A,19.1,Wilson Warbirds,Total,WIL,- - -,,,19,66,86,14,6,6,1,1,16,11,16,0,21,3,1,0,3,7,1,.212,18.6%,24.4%,.762,.384,.379,.763,.167,,.289,,12.9,1.2,.356,110
Gavin Fien,815818,last_60,A,19.5,Fredericksburg Nationals,Total,FBG,- - -,,,14,49,59,13,10,2,0,1,10,4,9,0,13,0,1,0,1,1,0,.265,15.3%,22.0%,.692,.373,.367,.740,.102,,.333,,8.4,0.4,.342,105
Sean Gamble,815819,last_60,A,20.2,Columbia Fireflies,Total,COL,- - -,,,20,72,85,13,8,3,1,1,6,5,11,0,21,1,0,1,1,11,0,.181,12.9%,24.7%,.524,.298,.292,.589,.111,,.240,,7.9,-3.7,.279,68
Josiah Hartshorn,815824,last_60,A+,19.6,South Bend Cubs,Total,SB,- - -,,,29,103,129,30,17,7,0,6,19,22,23,1,31,1,2,0,3,8,1,.291,17.8%,24.0%,.742,.419,.534,.953,.243,,.353,,25.5,7.8,.419,144
Ryan Mitchell,815829,last_60,A,19.6,Palm Beach Cardinals,Total,PMB,- - -,,,22,85,101,25,21,1,0,3,15,12,14,0,30,1,1,0,1,7,0,.294,13.9%,29.7%,.467,.396,.412,.808,.118,,.415,,16.2,1.5,.371,110
Dean Moss,815830,last_60,A,20.4,Charleston RiverDogs,Total,CHS,- - -,,,22,82,92,26,20,5,0,1,9,7,10,0,12,0,0,0,1,8,4,.317,10.9%,13.0%,.833,.391,.415,.806,.098,,.362,,15.0,2.4,.368,119
Xavier Neyens,815832,last_60,A+,19.9,Asheville Tourists,Total,ASH,- - -,,,20,73,92,15,7,4,0,4,18,9,18,0,41,1,0,0,1,1,2,.205,19.6%,44.6%,.439,.370,.425,.794,.219,,.393,,14.5,1.9,.364,115
Quentin Young,815839,last_60,A,19.5,Fort Myers Mighty Mussels,Total,FTM,- - -,,,18,61,71,13,9,3,0,1,2,10,8,0,32,0,2,0,1,2,1,.213,11.3%,45.1%,.250,.296,.311,.607,.098,,.400,,6.4,-4.0,.280,61
Josh Hammond,815843,last_60,A,20.0,Columbia Fireflies,Total,COL,- - -,,,16,63,68,14,12,2,0,0,7,4,5,0,11,0,0,0,1,4,1,.222,7.4%,16.2%,.455,.279,.254,.533,.032,,.269,,4.8,-4.4,.251,52
Jarol Capellan,815857,last_60,DSL,20.2,DSL Orioles Orange,Total,D-ORO,- - -,,,5,15,20,4,2,1,0,1,5,4,1,0,1,4,0,0,0,0,1,.267,5.0%,5.0%,1.000,.450,.533,.983,.267,,.231,,4.8,1.3,.445,138
Sean Keys,815873,last_60,AAA,23.3,Buffalo Bisons,Total,BUF,- - -,,,19,73,91,29,17,4,2,6,18,21,13,0,17,4,0,1,0,0,0,.397,14.3%,18.7%,.765,.511,.753,1.265,.356,,.460,,26.3,14.7,.542,227
Jeremiah Jenkins,815877,last_60,A,23.3,San Jose Giants,Total,SJ,- - -,,,24,95,113,18,12,3,1,2,16,17,13,0,30,3,2,0,2,0,0,.189,11.5%,26.5%,.433,.301,.305,.606,.116,,.246,,10.5,-6.2,.284,63
Leo De Vries,815888,last_60,AA,19.8,Midland RockHounds,Total,MID,- - -,,,3,13,14,4,1,3,0,0,1,2,1,0,4,0,0,0,0,1,0,.308,7.1%,28.6%,.250,.357,.538,.896,.231,,.444,,2.4,0.4,.393,121
Paulino Santana,815889,last_60,A,19.8,Hickory Crawdads,Total,HIC,- - -,,,24,87,104,20,14,4,0,2,19,6,15,0,24,2,0,0,3,10,4,.230,14.4%,23.1%,.625,.356,.345,.701,.115,,.295,,13.8,-0.4,.330,97
Fernando Cruz,815890,last_60,A,19.8,Myrtle Beach Pelicans,Total,MB,- - -,,,8,27,31,7,5,2,0,0,3,1,3,0,14,1,0,0,1,1,1,.259,9.7%,45.2%,.214,.355,.333,.688,.074,,.538,,3.9,-0.3,.323,93
Dawel Joseph,815892,last_60,DSL,19.3,DSL Mariners,Total,D-MRN,- - -,,,7,17,24,3,2,0,0,1,4,4,4,0,8,2,1,0,0,0,0,.176,16.7%,33.3%,.500,.375,.353,.728,.176,,.222,,3.8,-0.3,.344,93
Jorge Quintana,815894,last_60,A,19.4,Lake Elsinore Storm,Total,LE,- - -,,,18,68,77,16,9,3,0,4,12,13,7,0,18,1,1,0,3,5,0,.235,9.1%,23.4%,.389,.312,.456,.768,.221,,.255,,10.5,-0.8,.341,93
Adriel Radney,815895,last_60,A,19.2,Visalia Rawhide,Total,VIS,- - -,,,18,63,70,15,14,1,0,0,8,7,4,0,17,3,0,0,1,0,0,.238,5.7%,24.3%,.235,.314,.254,.568,.016,,.326,,5.9,-4.5,.273,57
Emil Morales,815896,last_60,A+,20.0,Great Lakes Loons,Total,GL,- - -,,,24,93,109,30,18,7,0,5,18,25,15,0,28,1,0,0,4,2,2,.323,13.8%,25.7%,.536,.422,.559,.981,.237,,.417,,22.9,8.0,.435,153
Yovanny Rodriguez,815898,last_60,A,19.8,St. Lucie Mets,Total,SLU,- - -,,,19,66,77,14,7,2,0,5,11,12,9,0,29,0,2,0,1,2,1,.212,11.7%,37.7%,.310,.299,.470,.768,.258,,.265,,10.3,-0.9,.336,92
Yandel Ricardo,815902,last_60,A,19.9,Columbia Fireflies,Total,COL,- - -,,,15,52,64,13,12,1,0,0,4,6,6,0,8,3,2,1,0,4,4,.250,9.4%,12.5%,.750,.349,.269,.618,.019,,.283,,6.8,-1.9,.297,78
Ashly Andujar,815903,last_60,A,19.1,Fresno Grizzlies,Total,FRE,- - -,,,23,97,108,23,19,3,1,0,12,6,8,0,25,1,2,0,1,3,2,.237,7.4%,23.1%,.320,.296,.289,.585,.052,,.311,,8.9,-7.1,.271,56
Belfi Rivera,815905,last_60,DSL,19.7,DSL Arizona Black,Total,D-ARB,- - -,,,8,24,28,8,5,2,1,0,3,4,4,0,6,0,0,0,0,2,1,.333,14.3%,21.4%,.667,.429,.500,.929,.167,,.444,,6.0,1.2,.415,125
Angel Feliz,815906,last_60,A+,19.8,Wilmington Blue Rocks,Total,WIL,- - -,,,25,82,96,16,8,6,1,1,15,5,11,0,25,1,1,1,1,8,1,.195,11.5%,26.0%,.440,.295,.329,.624,.134,,.263,,9.4,-3.8,.288,71
Curley Martha,815907,last_60,A,20.0,Hickory Crawdads,Total,HIC,- - -,,,20,63,68,12,10,1,0,1,10,12,4,0,12,1,0,0,1,2,1,.190,5.9%,17.6%,.333,.250,.254,.504,.063,,.220,,4.1,-5.2,.237,44
Jesús Made,815908,last_60,AA,19.4,Biloxi Shuckers,Total,BLX,- - -,,,27,105,119,23,17,4,1,1,13,14,10,0,21,0,4,0,2,5,4,.219,8.4%,17.6%,.476,.277,.305,.582,.086,,.253,,9.1,-6.9,.265,57
Luis Cova,815909,last_60,A,19.6,Jupiter Hammerheads,Total,JUP,- - -,,,17,58,65,7,4,2,0,1,4,5,7,0,18,0,0,0,1,5,1,.121,10.8%,27.7%,.389,.215,.207,.422,.086,,.154,,2.0,-7.5,.205,21
Edgar Montero,815911,last_60,A,19.8,Stockton Ports,Total,STK,- - -,,,21,72,88,20,13,5,0,2,15,9,14,0,29,1,1,0,0,4,0,.278,15.9%,33.0%,.483,.398,.431,.828,.153,,.429,,14.6,1.6,.377,112
Stiven Martinez,815913,last_60,A,19.1,Delmarva Shorebirds,Total,DEL,- - -,,,25,91,107,27,18,2,2,5,13,21,15,0,27,1,0,0,3,5,1,.297,14.0%,25.2%,.556,.402,.527,.929,.231,,.373,,21.1,6.6,.413,145
Joswa Lugo,815915,last_60,A,19.6,Rancho Cucamonga Quakes,Total,RC,- - -,,,23,92,104,23,16,4,0,3,16,12,7,0,24,3,2,0,1,1,0,.250,6.7%,23.1%,.292,.317,.391,.709,.141,,.299,,12.5,-2.8,.320,82
Bralyn Brazoban,815923,last_60,A,20.0,Bradenton Marauders,Total,BRD,- - -,,,20,58,77,12,8,3,0,1,9,5,18,0,28,1,0,0,0,2,1,.207,23.4%,36.4%,.643,.403,.310,.713,.103,,.379,,11.0,-0.2,.348,98
Jose Ramos,815927,last_60,A,19.9,Stockton Ports,Total,STK,- - -,,,8,30,32,5,4,1,0,0,2,1,2,0,11,0,0,0,1,2,0,.167,6.2%,34.4%,.182,.219,.200,.419,.033,,.263,,0.8,-3.9,.199,17
Jhonny Level,815929,last_60,A+,19.4,Eugene Emeralds,Total,EUG,- - -,,,22,97,107,30,20,8,0,2,19,12,8,0,23,1,1,0,0,9,2,.309,7.5%,21.5%,.348,.364,.454,.818,.144,,.384,,16.8,0.8,.366,105
Yolfran Castillo,815931,last_60,A,19.6,Hickory Crawdads,Total,HIC,- - -,,,19,67,82,22,15,3,1,3,15,13,9,0,8,3,2,1,1,10,0,.328,11.0%,9.8%,1.125,.420,.537,.957,.209,,.328,,16.7,5.6,.421,150
Irvin Nunez,815966,last_60,A,20.5,Fort Myers Mighty Mussels,Total,FTM,- - -,,,17,53,66,16,12,2,0,2,9,8,9,0,16,3,1,0,1,0,0,.302,13.6%,24.2%,.562,.424,.453,.877,.151,,.389,,12.1,2.9,.399,132
Coy James,815983,last_60,A,19.6,Fredericksburg Nationals,Total,FBG,- - -,,,22,89,104,18,12,2,2,2,14,10,10,0,16,2,3,0,1,8,0,.202,9.6%,15.4%,.625,.288,.337,.626,.135,,.216,,10.1,-4.0,.285,71
Eli Willits,816113,last_60,A+,18.7,Wilmington Blue Rocks,Total,WIL,- - -,,,28,102,122,27,13,8,5,1,18,17,16,0,30,3,0,1,3,17,3,.265,13.1%,24.6%,.533,.380,.471,.851,.206,,.366,,20.8,4.1,.381,124
Griffin Burkholder,816120,last_60,A+,21.0,Jersey Shore BlueClaws,Total,JS,- - -,,,22,77,94,11,11,0,0,0,10,2,11,0,26,6,0,0,3,9,1,.143,11.7%,27.7%,.423,.298,.143,.441,.000,,.216,,5.5,-7.4,.237,43
DJ Layton,816152,last_60,A,20.0,Delmarva Shorebirds,Total,DEL,- - -,,,24,77,98,21,11,8,0,2,20,11,19,1,35,0,0,2,0,13,4,.273,19.4%,35.7%,.543,.417,.455,.871,.182,,.475,,17.7,4.2,.393,131
Jared Davis,816207,last_60,A+,22.4,Lansing Lugnuts,Total,LAN,- - -,,,13,49,58,18,11,6,1,0,10,8,8,0,7,0,0,1,0,5,1,.367,13.8%,12.1%,1.143,.456,.531,.987,.163,,.429,,12.5,4.5,.440,156
Ronnyel Espinoza,816335,last_60,DSL,21.0,DSL Cubs Red,Total,D-CUR,- - -,,,2,5,5,2,1,1,0,0,0,1,0,0,1,0,0,0,0,0,1,.400,0.0%,20.0%,.000,.400,.600,1.000,.200,,.500,,1.2,0.3,.441,136
Bohan Adderley,816339,last_60,A,19.8,St. Lucie Mets,Total,SLU,- - -,,,8,25,30,8,6,2,0,0,6,3,4,0,6,1,0,0,0,5,0,.320,13.3%,20.0%,.667,.433,.400,.833,.080,,.421,,5.2,0.8,.388,119
Ivan Cespedes,816406,last_60,A,21.1,Myrtle Beach Pelicans,Total,MB,- - -,,,16,50,57,10,9,1,0,0,4,4,6,0,17,1,0,0,1,0,0,.200,10.5%,29.8%,.353,.298,.220,.518,.020,,.303,,4.2,-3.6,.254,54
Sawyer Strosnider,820831,last_60,A+,21.2,Wisconsin Timber Rattlers,Total,WIS,- - -,,,22,87,103,24,15,5,2,2,15,14,12,0,30,4,0,0,0,7,0,.276,11.7%,29.1%,.400,.388,.448,.837,.172,,.400,,17.2,3.1,.380,122
Kade Snell,820835,last_60,A+,24.1,South Bend Cubs,Total,SB,- - -,,,26,101,113,31,20,7,2,2,17,14,8,0,21,1,1,0,2,6,0,.307,7.1%,18.6%,.381,.360,.475,.836,.168,,.367,,18.1,2.6,.371,117
Bryce Chance,820842,last_60,A+,23.9,Vancouver Canadians,Total,VAN,- - -,,,19,73,85,19,16,3,0,0,14,10,10,0,8,0,1,1,1,4,1,.260,11.8%,9.4%,1.250,.345,.301,.647,.041,,.288,,9.2,-3.5,.304,72
Jordan Sanchez,820847,last_60,A,20.8,Delmarva Shorebirds,Total,DEL,- - -,,,22,73,82,17,12,2,1,2,10,8,7,0,19,2,0,0,2,2,3,.233,8.5%,23.2%,.368,.317,.370,.687,.137,,.288,,9.8,-1.5,.315,87
Nayerich Waterfort,820938,last_60,DSL,20.4,DSL Rojos,Total,D-ROJ,- - -,,,5,9,17,1,1,0,0,0,5,2,5,0,2,3,0,0,0,2,2,.111,29.4%,11.8%,2.500,.529,.111,.641,.000,,.143,,3.4,0.4,.394,115
Jesmaylin Arias,820942,last_60,A,19.4,Lake Elsinore Storm,Total,LE,- - -,,,20,66,73,13,7,5,1,0,11,6,5,0,19,2,0,0,0,2,1,.197,6.8%,26.0%,.263,.274,.303,.577,.106,,.277,,5.8,-5.0,.267,54
Danny Cancro,820943,last_60,DSL,19.3,DSL Rockies,Total,D-RCK,- - -,,,9,31,41,15,12,2,1,0,10,11,7,0,2,2,0,1,0,5,2,.484,17.1%,4.9%,3.500,.600,.613,1.213,.129,,.517,,12.8,5.8,.540,181
Gregori Arias,820954,last_60,DSL,19.8,DSL Miami,Total,D-MIA,- - -,,,6,21,26,7,2,2,1,2,6,7,5,0,4,0,0,0,0,3,0,.333,19.2%,15.4%,1.250,.462,.810,1.271,.476,,.333,,8.0,3.5,.532,178
Leandy Mella,820985,last_60,DSL,19.5,DSL Tigers 1,Total,D-TI1,- - -,,,5,8,11,0,0,0,0,0,2,0,2,0,6,1,0,0,0,0,0,.000,18.2%,54.5%,.333,.273,.000,.273,.000,,.000,,0.5,-1.4,.197,26
Hayden Alvarez,820986,last_60,A+,19.5,Tri-City Dust Devils,Total,TRI,- - -,,,18,75,87,20,14,5,0,1,14,7,11,0,18,1,0,0,1,7,0,.267,12.6%,20.7%,.611,.368,.373,.741,.107,,.339,,12.1,-0.9,.343,93
Franchely Silverio,821002,last_60,DSL,19.7,DSL Astros Orange,Total,D-ASO,- - -,,,8,29,33,12,8,3,0,1,7,11,4,0,2,0,0,0,1,2,0,.414,12.1%,6.1%,2.000,.485,.621,1.106,.207,,.423,,9.0,3.3,.488,158
Christian Sáez,821015,last_60,DSL,19.5,DSL Cardinals,Total,D-CAR,- - -,,,2,6,7,1,1,0,0,0,1,0,1,0,2,0,0,0,0,0,0,.167,14.3%,28.6%,.500,.286,.167,.452,.000,,.250,,0.5,-0.7,.232,42
Alexi Quiroz,821018,last_60,A+,19.8,Asheville Tourists,Total,ASH,- - -,,,2,7,7,1,0,0,0,1,1,1,0,0,2,0,0,0,0,0,0,.143,0.0%,28.6%,.000,.143,.571,.714,.429,,.000,,0.8,-0.2,.301,79
Jonathan Moya,821030,last_60,DSL,19.9,DSL Tigers 2,Total,D-TI2,- - -,,,7,19,25,5,4,1,0,0,3,1,4,0,8,2,0,0,0,1,0,.263,16.0%,32.0%,.500,.440,.316,.756,.053,,.455,,4.5,0.2,.371,105
Cristofer Lebrón,821036,last_60,A,19.5,Palm Beach Cardinals,Total,PMB,- - -,,,8,26,28,3,3,0,0,0,3,1,2,0,16,0,0,0,0,3,1,.115,7.1%,57.1%,.125,.179,.115,.294,.000,,.300,,-0.4,-4.5,.148,-9
Roldy Brito,821041,last_60,A+,19.4,Spokane Indians,Total,SPO,- - -,,,19,81,86,21,17,3,0,1,10,4,4,0,21,0,0,1,2,11,2,.259,4.7%,24.4%,.190,.294,.333,.627,.074,,.339,,8.1,-4.8,.286,63
Iverson Allen,821044,last_60,DSL,19.0,DSL Pirates Black,Total,D-PIB,- - -,,,8,18,26,4,4,0,0,0,5,2,7,0,6,1,0,0,2,2,0,.222,26.9%,23.1%,1.167,.462,.222,.684,.000,,.333,,4.5,-0.0,.360,100
Jose Rodriguez,821072,last_60,DSL,19.4,DSL Arizona Black,Total,D-ARB,- - -,,,3,6,9,2,2,0,0,0,2,3,2,0,2,0,1,0,0,0,0,.333,22.2%,22.2%,1.000,.444,.333,.778,.000,,.400,,1.5,-0.0,.360,100
Jirvin Morillo,821073,last_60,A,19.7,Daytona Tortugas,Total,DBT,- - -,,,15,51,63,16,11,3,0,2,10,12,12,0,13,0,0,0,0,0,0,.314,19.0%,20.6%,.923,.444,.490,.935,.176,,.389,,12.7,3.5,.423,138
Merphy Hernandez,821075,last_60,A,19.7,Fort Myers Mighty Mussels,Total,FTM,- - -,,,17,66,76,22,16,3,1,2,17,9,9,0,14,1,0,0,1,18,4,.333,11.8%,18.4%,.643,.421,.500,.921,.167,,.400,,14.8,3.7,.414,133
Randy Soto,821079,last_60,DSL,19.8,DSL Blue Jays Blue,Total,D-BJB,- - -,,,6,18,21,3,1,1,0,1,2,1,3,0,4,0,0,0,0,0,0,.167,14.3%,19.0%,.750,.286,.389,.675,.222,,.154,,2.7,-0.9,.307,76
Osmar Torrealba,821091,last_60,DSL,19.4,DSL CLE Goryl,Total,D-CLG,- - -,,,3,7,9,4,2,2,0,0,2,1,1,0,1,1,0,0,0,0,0,.571,11.1%,11.1%,1.000,.667,.857,1.524,.286,,.667,,3.6,2.0,.651,232
Frankeli Mesta,821094,last_60,DSL,19.2,DSL Pirates Black,Total,D-PIB,- - -,,,9,27,30,8,6,0,0,2,6,5,3,0,7,0,0,0,0,4,0,.296,10.0%,23.3%,.429,.367,.519,.885,.222,,.333,,5.9,0.8,.394,115
Justin Gonzales,821100,last_60,A+,19.6,Greenville Drive,Total,GVL,- - -,,,24,96,114,25,18,2,1,4,19,18,15,0,27,2,1,0,3,3,1,.260,13.2%,23.7%,.556,.368,.427,.796,.167,,.318,,17.6,2.1,.361,114
Luis Plicet,821104,last_60,DSL,19.4,DSL Athletics,Total,D-ATH,- - -,,,4,5,6,1,1,0,0,0,0,1,1,0,1,0,0,0,0,0,0,.200,16.7%,16.7%,1.000,.333,.200,.533,.000,,.250,,0.6,-0.4,.270,59
Yairo Padilla,821107,last_60,A,19.1,Palm Beach Cardinals,Total,PMB,- - -,,,11,42,48,11,7,2,1,1,6,4,6,0,10,0,0,0,3,1,2,.262,12.5%,20.8%,.600,.354,.429,.783,.167,,.323,,7.1,0.2,.354,103
Santiago Ustariz,821108,last_60,DSL,19.8,DSL CLE Goryl,Total,D-CLG,- - -,,,7,15,21,2,2,0,0,0,1,1,5,0,4,1,0,0,0,0,0,.133,23.8%,19.0%,1.250,.381,.133,.514,.000,,.182,,2.5,-1.1,.291,69
Anderson Fermin,821112,last_60,A,20.0,Salem RidgeYaks,Total,SAL,- - -,,,13,42,47,16,12,4,0,0,3,5,5,0,4,0,0,0,1,0,1,.381,10.6%,8.5%,1.250,.447,.476,.923,.095,,.421,,9.5,3.1,.418,148
Sebastian Rojas,821121,last_60,DSL,19.4,DSL Athletics,Total,D-ATH,- - -,,,4,8,13,1,0,1,0,0,2,0,2,0,1,3,0,0,0,0,0,.125,15.4%,7.7%,2.000,.462,.250,.712,.125,,.143,,2.4,0.2,.380,109
Avinson Pinto,821130,last_60,A,19.3,Salem RidgeYaks,Total,SAL,- - -,,,19,69,72,8,6,2,0,0,7,6,3,0,17,0,0,0,1,2,0,.116,4.2%,23.6%,.176,.153,.145,.298,.029,,.154,,-1.1,-10.9,.141,-11
Handelfry Encarnacion,821136,last_60,A,19.2,Wilson Warbirds,Total,WIL,- - -,,,15,62,74,21,13,6,0,2,13,17,9,0,5,1,2,0,0,5,1,.339,12.2%,6.8%,1.800,.419,.532,.951,.194,,.333,,14.9,4.8,.418,148
Luis De La Cruz,821139,last_60,A+,19.9,Lake County Captains,Total,LC,- - -,,,10,41,45,11,5,5,0,1,4,7,3,0,10,0,1,0,0,0,2,.268,6.7%,22.2%,.300,.311,.463,.775,.195,,.323,,6.1,-0.1,.339,99
Frandy Lafond,821143,last_60,DSL,19.6,DSL Brewers Gold,Total,D-BWG,- - -,,,8,23,29,5,4,1,0,0,4,3,5,0,7,1,0,0,0,7,1,.217,17.2%,24.1%,.714,.379,.261,.640,.043,,.312,,4.0,-1.0,.318,81
Josue Brito,821147,last_60,A,19.4,Salem RidgeYaks,Total,SAL,- - -,,,18,65,80,14,8,4,0,2,9,8,15,0,21,0,0,0,2,2,1,.215,18.8%,26.2%,.714,.362,.369,.732,.154,,.286,,11.3,0.5,.342,104
Frederi Montero,821149,last_60,A,19.6,Wilson Warbirds,Total,WIL,- - -,,,19,64,78,16,8,5,0,3,15,10,13,0,13,1,0,0,3,0,2,.250,16.7%,16.7%,1.000,.385,.469,.853,.219,,.271,,13.7,3.1,.385,129
Enddy Azocar,821150,last_60,A+,19.5,Frederick Keys,Total,FRE,- - -,,,22,89,97,27,18,5,1,3,19,18,7,0,17,1,0,0,2,9,1,.303,7.2%,17.5%,.412,.361,.483,.844,.180,,.348,,16.3,2.9,.377,122
Yeiferth Castillo,821151,last_60,A,19.8,Hill City Howlers,Total,HC,- - -,,,20,75,79,18,17,1,0,0,7,6,1,0,7,0,2,1,6,0,1,.240,1.3%,8.9%,.143,.244,.253,.497,.013,,.257,,3.9,-6.8,.224,37
Carlos Done,821152,last_60,DSL,19.6,DSL Brewers Gold,Total,D-BWG,- - -,,,6,21,22,3,2,1,0,0,2,1,1,0,5,0,0,0,1,1,0,.143,4.5%,22.7%,.200,.182,.190,.372,.048,,.188,,0.6,-3.2,.174,15
Givian Sirvania,821154,last_60,A+,19.1,Greenville Drive,Total,GVL,- - -,,,5,18,20,2,0,0,0,2,3,5,2,0,5,0,0,0,1,0,0,.111,10.0%,25.0%,.400,.200,.444,.644,.333,,.000,,1.9,-0.9,.282,68
Carl Calixte,821156,last_60,A,19.8,Bradenton Marauders,Total,BRD,- - -,,,7,24,25,4,3,1,0,0,3,1,1,0,11,0,0,0,1,0,0,.167,4.0%,44.0%,.091,.200,.208,.408,.042,,.308,,0.5,-3.2,.189,13
Jonnhan Sanchez,821169,last_60,DSL,19.3,DSL Mets Orange,Total,D-MEO,- - -,,,5,12,17,2,2,0,0,0,2,0,4,0,1,1,0,0,1,0,1,.167,23.5%,5.9%,4.000,.412,.167,.578,.000,,.182,,2.4,-0.6,.318,81
Dauri Fernández,821171,last_60,A,19.4,Hill City Howlers,Total,HC,- - -,,,16,66,71,15,4,7,2,2,11,11,5,0,13,0,0,0,2,9,2,.227,7.0%,18.3%,.385,.282,.485,.767,.258,,.255,,9.4,-0.4,.335,96
Edgar Jimenez,821173,last_60,DSL,19.8,DSL NYY Bombers,Total,D-NYB,- - -,,,6,17,20,2,2,0,0,0,3,1,3,0,4,0,0,0,2,1,0,.118,15.0%,20.0%,.750,.250,.118,.368,.000,,.154,,0.9,-2.5,.198,26
Juneiker Caceres,821181,last_60,A+,19.1,Lake County Captains,Total,LC,- - -,,,10,35,46,8,7,1,0,0,5,4,7,0,10,4,0,0,0,0,0,.229,15.2%,21.7%,.700,.413,.257,.670,.029,,.320,,6.2,-0.1,.339,99
Juan Ortuno,821187,last_60,A,19.3,Wilson Warbirds,Total,WIL,- - -,,,26,95,121,23,16,5,0,2,20,17,16,0,19,7,2,0,0,16,2,.242,13.2%,15.7%,.842,.383,.358,.741,.116,,.276,,17.7,1.2,.349,107
Juan Martinez,821197,last_60,A,19.4,Wilson Warbirds,Total,WIL,- - -,,,22,77,91,21,13,5,2,1,13,16,12,0,13,1,1,0,1,2,2,.273,13.2%,14.3%,.923,.374,.429,.802,.156,,.312,,14.0,0.6,.362,104
Moises Polanco,821199,last_60,A,19.3,Wilson Warbirds,Total,WIL,- - -,,,9,30,33,10,9,1,0,0,3,2,2,0,7,0,1,0,3,1,0,.333,6.1%,21.2%,.286,.364,.367,.730,.033,,.417,,4.4,-0.1,.330,98
Efren Teran,821236,last_60,A,19.8,Kannapolis Cannon Ballers,Total,KAN,- - -,,,22,76,84,29,25,4,0,0,8,10,4,0,8,2,0,2,0,2,0,.382,4.8%,9.5%,.500,.427,.434,.861,.053,,.426,,15.3,3.9,.393,134
Kevin Garcia,821237,last_60,A,19.1,Wilson Warbirds,Total,WIL,- - -,,,18,63,71,13,11,1,1,0,10,4,5,0,20,2,1,0,1,2,0,.206,7.0%,28.2%,.250,.282,.254,.536,.048,,.295,,5.2,-4.5,.253,53
Marlon Quintero,821238,last_60,A,19.8,Rancho Cucamonga Quakes,Total,RC,- - -,,,15,59,63,13,9,3,1,0,5,5,3,0,14,1,0,0,2,3,0,.220,4.8%,22.2%,.214,.270,.305,.575,.085,,.289,,4.8,-4.5,.263,52
Yohandy Cruz,821241,last_60,DSL,19.2,DSL Tigers 2,Total,D-TI2,- - -,,,4,6,7,0,0,0,0,0,2,0,1,0,3,0,0,0,0,0,0,.000,14.3%,42.9%,.333,.143,.000,.143,.000,,.000,,-0.2,-1.4,.102,-17
Francisco Loreto,821244,last_60,A,19.2,Bradenton Marauders,Total,BRD,- - -,,,3,9,9,1,0,0,1,0,0,1,0,0,1,0,0,0,0,0,0,.111,0.0%,11.1%,.000,.111,.333,.444,.222,,.125,,0.1,-1.2,.182,9
Alejandro Blasco,821246,last_60,A,19.4,Hill City Howlers,Total,HC,- - -,,,20,75,88,20,16,2,1,1,13,11,10,0,20,2,0,1,2,6,4,.267,11.4%,22.7%,.500,.368,.360,.728,.093,,.352,,12.3,0.3,.339,103
Diego Gonzalez,821249,last_60,DSL,19.4,DSL Cubs Blue,Total,D-CUB,- - -,,,6,15,20,5,2,2,0,1,4,4,4,0,1,1,0,0,0,0,0,.333,20.0%,5.0%,4.000,.500,.667,1.167,.333,,.308,,5.7,2.3,.505,166
Carlos Caripa,821256,last_60,DSL,19.1,DSL CLE Goryl,Total,D-CLG,- - -,,,5,15,19,3,3,0,0,0,0,6,4,0,7,0,0,0,0,0,0,.200,21.1%,36.8%,.571,.368,.200,.568,.000,,.375,,2.3,-1.0,.293,70
Angel Gonzalez,821259,last_60,DSL,19.6,DSL Brewers Blue,Total,D-BWB,- - -,,,6,14,23,7,6,0,1,0,7,4,6,0,0,1,2,0,0,6,0,.500,26.1%,0.0%,,.609,.643,1.252,.143,,.438,,6.9,3.0,.526,175
José Anderson,821262,last_60,A,19.8,Wilson Warbirds,Total,WIL,- - -,,,18,60,74,7,4,2,0,1,8,6,11,0,28,2,1,0,0,2,1,.117,14.9%,37.8%,.393,.270,.200,.470,.083,,.188,,4.5,-5.5,.238,45
Yoneiker Lugo,821268,last_60,DSL,19.3,DSL Brewers Blue,Total,D-BWB,- - -,,,3,8,12,2,2,0,0,0,1,1,4,0,1,0,0,0,0,0,0,.250,33.3%,8.3%,4.000,.500,.250,.750,.000,,.286,,2.3,0.3,.389,113
Luis Peña,821270,last_60,A+,19.8,Wisconsin Timber Rattlers,Total,WIS,- - -,,,22,83,91,20,18,1,0,1,9,5,6,0,20,2,0,0,1,8,0,.241,6.6%,22.0%,.300,.308,.289,.597,.048,,.306,,8.1,-4.2,.281,66
Edward Florentino,821273,last_60,A+,19.8,Greensboro Grasshoppers,Total,GBO,- - -,,,25,94,120,23,8,6,1,8,18,27,21,0,24,3,2,0,0,3,2,.245,17.5%,20.0%,.875,.392,.585,.977,.340,,.234,,24.4,7.9,.423,148
Jose Camacho,821277,last_60,DSL,19.6,DSL Angels,Total,D-ANG,- - -,,,9,24,34,5,3,1,0,1,5,4,8,0,10,2,0,0,0,3,1,.208,23.5%,29.4%,.800,.441,.375,.816,.167,,.308,,6.7,0.8,.391,114
Edgardo De Leon,821279,last_60,A,19.5,Jupiter Hammerheads,Total,JUP,- - -,,,1,3,3,0,0,0,0,0,0,0,0,0,1,0,0,0,0,0,0,.000,0.0%,33.3%,.000,.000,.000,.000,.000,,.000,,-0.4,-0.8,.000,-88
Manuel Baez,821281,last_60,DSL,21.2,DSL Mariners,Total,D-MRN,- - -,,,2,2,4,1,1,0,0,0,1,1,2,0,1,0,0,0,0,0,0,.500,50.0%,25.0%,2.000,.750,.500,1.250,.000,,1.000,,1.4,0.7,.583,201
Connor McGinnis,821296,last_60,AAA,23.8,Scranton/Wilkes-Barre RailRiders,Total,SWB,- - -,,,20,58,72,17,11,3,0,3,11,15,10,0,18,3,1,0,1,2,0,.293,13.9%,25.0%,.556,.417,.500,.917,.207,,.368,,13.8,4.1,.411,142
Caden Ferraro,821299,last_60,A+,21.8,Peoria Chiefs,Total,PEO,- - -,,,20,71,81,15,8,3,1,3,8,12,8,0,18,1,1,0,2,0,0,.211,9.9%,22.2%,.444,.296,.408,.705,.197,,.235,,9.5,-1.6,.316,85
Jake Bennett,821327,last_60,A,22.1,Dunedin Blue Jays,Total,DUN,- - -,,,18,56,64,19,9,2,1,7,15,20,5,0,18,3,0,0,4,1,0,.339,7.8%,28.1%,.278,.422,.786,1.208,.446,,.387,,17.5,8.2,.515,188
Brent Iredale,821348,last_60,A,23.2,Bradenton Marauders,Total,BRD,- - -,,,21,69,86,17,8,3,0,6,20,9,14,0,26,2,0,0,0,5,0,.246,16.3%,30.2%,.538,.388,.551,.939,.304,,.297,,16.8,4.3,.415,134
Juan Mateo,821379,last_60,A,19.3,Augusta GreenJackets,Total,AUG,- - -,,,21,82,90,17,10,4,0,3,13,7,8,0,15,0,0,0,2,5,3,.207,8.9%,16.7%,.533,.278,.366,.644,.159,,.219,,9.3,-3.0,.292,76
Pedro Blanco,821380,last_60,A,19.4,Visalia Rawhide,Total,VIS,- - -,,,23,85,103,22,12,4,1,5,15,19,14,0,38,1,3,0,0,1,0,.259,13.6%,36.9%,.368,.359,.506,.865,.247,,.378,,17.1,1.9,.378,113
Juarlin Soto,821419,last_60,DSL,19.7,DSL Blue Jays Blue,Total,D-BJB,- - -,,,4,11,13,2,2,0,0,0,3,0,2,0,3,0,0,0,0,0,0,.182,15.4%,23.1%,.667,.308,.182,.490,.000,,.250,,1.1,-1.1,.249,50
Tre Broussard,821507,last_60,A,21.0,Hill City Howlers,Total,HC,- - -,,,3,12,14,6,3,2,0,1,4,2,1,0,2,1,0,0,0,6,0,.500,7.1%,14.3%,.500,.571,.917,1.488,.417,,.556,,5.2,3.3,.634,272
Yeisy Celesten,821592,last_60,DSL,21.1,DSL Rangers Blue,Total,D-RNB,- - -,,,4,11,13,4,3,1,0,0,2,1,2,0,3,0,0,0,0,0,0,.364,15.4%,23.1%,.667,.462,.455,.916,.091,,.500,,2.8,0.6,.419,126
Daniel Flames,821599,last_60,A,19.9,Hickory Crawdads,Total,HIC,- - -,,,13,47,53,10,8,2,0,0,5,4,3,0,16,1,1,1,2,1,0,.213,5.7%,30.2%,.188,.269,.255,.525,.043,,.312,,3.5,-3.7,.245,49
Armando Lao,821603,last_60,DSL,19.7,DSL Tigers 1,Total,D-TI1,- - -,,,4,7,10,1,1,0,0,0,0,1,2,0,2,1,0,0,0,0,0,.143,20.0%,20.0%,1.000,.400,.143,.543,.000,,.200,,1.3,-0.4,.307,76
Jose Marcano,821607,last_60,DSL,19.8,DSL Rangers Blue,Total,D-RNB,- - -,,,6,15,18,1,1,0,0,0,2,1,2,0,3,1,0,0,1,0,0,.067,11.1%,16.7%,.667,.222,.067,.289,.000,,.083,,0.4,-2.7,.171,14
Luis Fragoza,821613,last_60,A,19.8,Fort Myers Mighty Mussels,Total,FTM,- - -,,,20,60,83,22,16,3,0,3,16,7,16,0,23,4,0,0,1,10,0,.367,19.3%,27.7%,.696,.525,.567,1.092,.200,,.559,,21.0,9.4,.489,181
Brandon Vasquez,821616,last_60,DSL,19.7,DSL Giants Orange,Total,D-GIO,- - -,,,4,10,13,2,1,1,0,0,1,3,3,0,1,0,0,0,0,0,0,.200,23.1%,7.7%,3.000,.385,.300,.685,.100,,.222,,2.0,-0.3,.334,88
Angel Rodriguez,821623,last_60,DSL,19.9,DSL Tigers 2,Total,D-TI2,- - -,,,4,10,13,2,2,0,0,0,1,3,3,0,5,0,0,0,0,0,1,.200,23.1%,38.5%,.600,.385,.200,.585,.000,,.400,,1.7,-0.6,.304,74
Robert Lantigua,821624,last_60,DSL,19.2,DSL Arizona Red,Total,D-ARR,- - -,,,3,9,10,3,2,1,0,0,2,1,1,0,2,0,0,0,0,1,0,.333,10.0%,20.0%,.500,.400,.444,.844,.111,,.429,,1.9,0.2,.383,110
Fernando Pena,821627,last_60,DSL,19.4,DSL Giants Orange,Total,D-GIO,- - -,,,4,11,16,4,4,0,0,0,1,2,4,0,5,1,0,0,0,0,0,.364,25.0%,31.2%,.800,.562,.364,.926,.000,,.667,,3.9,1.1,.452,141
Dayquer Alfonzo,821628,last_60,DSL,19.0,DSL Padres Gold,Total,D-PAG,- - -,,,7,23,28,6,4,1,1,0,6,3,4,0,6,0,1,0,0,0,0,.261,14.3%,21.4%,.667,.357,.391,.748,.130,,.333,,4.3,-0.5,.336,89
Anderson Garcia,821629,last_60,DSL,19.9,DSL Royals Fortuna,Total,D-ROF,- - -,,,7,19,27,5,4,0,1,0,6,7,5,1,8,2,1,0,1,0,0,.263,18.5%,29.6%,.625,.444,.368,.813,.105,,.417,,4.8,0.2,.370,104
Yorvin Morla,821631,last_60,DSL,20.6,DSL Padres Gold,Total,D-PAG,- - -,,,6,17,22,5,5,0,0,0,3,3,4,0,2,0,1,0,0,2,1,.294,18.2%,9.1%,2.000,.409,.294,.703,.000,,.312,,3.4,-0.4,.336,89
Wilberson De Pena,821648,last_60,A,19.8,Tampa Tarpons,Total,TAM,- - -,,,13,49,57,9,6,1,0,2,7,8,6,0,18,2,0,0,1,1,2,.184,10.5%,31.6%,.333,.298,.327,.625,.143,,.241,,5.7,-2.6,.293,69
Boris Sarduy,821652,last_60,DSL,19.5,DSL Giants Black,Total,D-GIB,- - -,,,4,8,11,1,0,1,0,0,0,0,2,0,3,1,0,0,0,1,0,.125,18.2%,27.3%,.667,.364,.250,.614,.125,,.200,,1.5,-0.4,.314,79
Alexander Rincon,821654,last_60,DSL,19.9,DSL Orioles Black,Total,D-ORB,- - -,,,5,14,15,6,5,1,0,0,1,6,1,0,1,0,0,0,0,2,1,.429,6.7%,6.7%,1.000,.467,.500,.967,.071,,.462,,3.5,0.9,.437,135
Gabriel Rodriguez,821657,last_60,A,19.3,Hill City Howlers,Total,HC,- - -,,,21,73,86,11,10,1,0,0,7,5,10,0,22,1,2,0,1,6,1,.151,11.6%,25.6%,.455,.256,.164,.420,.014,,.208,,3.5,-8.2,.212,30
Azaeel Pacheco,821668,last_60,DSL,19.7,DSL Athletics,Total,D-ATH,- - -,,,9,25,35,4,4,0,0,0,8,3,7,0,5,3,0,0,0,2,0,.160,20.0%,14.3%,1.400,.400,.160,.560,.000,,.200,,4.6,-1.4,.310,77
Ricardo Paez,821671,last_60,A,19.4,Fort Myers Mighty Mussels,Total,FTM,- - -,,,2,7,8,1,1,0,0,0,1,0,1,0,3,0,0,0,0,0,0,.143,12.5%,37.5%,.333,.250,.143,.393,.000,,.250,,0.2,-0.9,.203,20
Eduardo Rojas,821672,last_60,A,19.5,Ontario Tower Buzzers,Total,ONT,- - -,,,1,4,4,1,1,0,0,0,1,2,0,0,1,0,0,0,0,0,0,.250,0.0%,25.0%,.000,.250,.250,.500,.000,,.333,,0.2,-0.4,.228,33
David Carrera,821683,last_60,DSL,19.9,DSL NYY Bombers,Total,D-NYB,- - -,,,6,22,26,6,3,3,0,0,4,1,4,0,10,0,0,0,0,0,1,.273,15.4%,38.5%,.400,.385,.409,.794,.136,,.500,,4.5,0.1,.364,101
Gabriel Guanchez,821687,last_60,DSL,19.4,DSL Mariners,Total,D-MRN,- - -,,,4,11,15,5,5,0,0,0,4,1,4,0,1,0,0,0,0,0,0,.455,26.7%,6.7%,4.000,.600,.455,1.055,.000,,.500,,4.1,1.6,.493,160
Jemone Nuel,821688,last_60,A,19.7,Delmarva Shorebirds,Total,DEL,- - -,,,24,83,97,15,12,3,0,0,2,10,12,0,28,1,1,0,1,6,2,.181,12.4%,28.9%,.429,.289,.217,.506,.036,,.268,,6.7,-6.5,.248,50
Francisco Espinoza,821689,last_60,A,19.5,Ontario Tower Buzzers,Total,ONT,- - -,,,15,52,61,14,12,2,0,0,9,3,7,0,12,1,1,0,2,0,1,.269,11.5%,19.7%,.583,.361,.308,.668,.038,,.341,,7.1,-1.9,.315,79
Cristian Arguelles,821692,last_60,A,19.2,Fresno Grizzlies,Total,FRE,- - -,,,26,103,117,23,17,5,1,0,12,11,11,0,13,2,1,0,5,4,2,.223,9.4%,11.1%,.846,.308,.291,.599,.068,,.253,,10.6,-6.7,.281,61
Kendrick Herrera,821696,last_60,A,19.6,Bradenton Marauders,Total,BRD,- - -,,,10,28,35,6,6,0,0,0,3,4,6,0,14,1,0,0,1,2,0,.214,17.1%,40.0%,.429,.371,.214,.586,.000,,.429,,3.7,-1.4,.299,72
Argenis Valdez,821703,last_60,DSL,19.6,DSL Orioles Black,Total,D-ORB,- - -,,,5,16,18,4,3,1,0,0,1,1,1,0,5,0,0,1,0,0,0,.250,5.6%,27.8%,.200,.294,.312,.607,.062,,.364,,1.9,-1.2,.279,63
Jhonayker Ugarte,821716,last_60,A,19.5,Columbia Fireflies,Total,COL,- - -,,,15,54,61,9,8,1,0,0,8,5,5,0,14,1,0,1,4,0,1,.167,8.2%,23.0%,.357,.250,.185,.435,.019,,.225,,2.6,-5.7,.215,31
Elvin Garcia,821751,last_60,A,19.6,Delmarva Shorebirds,Total,DEL,- - -,,,12,43,47,9,8,0,0,1,3,3,4,0,18,0,0,0,3,0,1,.209,8.5%,38.3%,.222,.277,.279,.556,.070,,.333,,3.7,-2.7,.260,57
Amauri Ramirez,821752,last_60,DSL,19.6,DSL Astros Blue,Total,D-ASB,- - -,,,7,14,19,1,1,0,0,0,1,3,4,0,4,0,1,0,0,0,0,.071,21.1%,21.1%,1.000,.263,.071,.335,.000,,.091,,0.9,-2.4,.198,26
Jeyson Moya,821758,last_60,DSL,19.8,DSL Giants Orange,Total,D-GIO,- - -,,,1,4,4,4,2,2,0,0,0,1,0,0,0,0,0,0,0,0,0,1.000,0.0%,0.0%,,1.000,1.500,2.500,.500,,1.000,,3.0,2.3,1.102,436
Johan Rodriguez,821759,last_60,A,19.1,Hill City Howlers,Total,HC,- - -,,,20,70,84,12,7,4,0,1,8,10,11,1,18,2,1,0,0,1,0,.171,13.1%,21.4%,.611,.298,.271,.569,.100,,.212,,7.1,-4.4,.268,62
Oliver Tejada,821762,last_60,A,19.7,San Jose Giants,Total,SJ,- - -,,,20,70,84,17,11,3,0,3,18,18,11,0,18,2,1,0,1,2,0,.243,13.1%,21.4%,.611,.357,.414,.771,.171,,.280,,12.2,-0.2,.352,98
Hector Campusano,821763,last_60,A,19.4,Delmarva Shorebirds,Total,DEL,- - -,,,11,31,38,5,5,0,0,0,3,1,5,0,9,0,0,2,2,0,0,.161,13.2%,23.7%,.556,.278,.161,.439,.000,,.227,,1.9,-3.2,.225,37
Jesus Pinto,821765,last_60,A,19.4,Lakeland Flying Tigers,Total,LAK,- - -,,,20,67,89,21,19,2,0,0,16,9,19,0,9,1,2,0,2,9,2,.313,21.3%,10.1%,2.111,.461,.343,.804,.030,,.350,,15.2,2.2,.383,117
Albert Jimenez,821767,last_60,DSL,19.8,DSL Giants Orange,Total,D-GIO,- - -,,,6,17,22,4,3,0,1,0,4,0,5,0,2,0,0,0,0,0,0,.235,22.7%,9.1%,2.500,.409,.353,.762,.118,,.267,,3.8,-0.0,.360,100
Andres Torres,821770,last_60,A,19.4,Charleston RiverDogs,Total,CHS,- - -,,,12,37,47,5,5,0,0,0,4,3,10,0,15,0,0,0,1,1,1,.135,21.3%,31.9%,.667,.319,.135,.454,.000,,.227,,3.2,-3.2,.248,50
Vinicius Dos Santos,821778,last_60,DSL,19.2,DSL Giants Black,Total,D-GIB,- - -,,,7,18,24,3,3,0,0,0,5,1,5,0,6,1,0,0,1,1,1,.167,20.8%,25.0%,.833,.375,.167,.542,.000,,.250,,2.9,-1.3,.293,69
Andreimi Antunez,821782,last_60,A,19.8,Charleston RiverDogs,Total,CHS,- - -,,,22,88,95,19,8,7,2,2,13,11,5,0,22,1,1,0,4,2,0,.216,5.3%,23.2%,.227,.263,.409,.672,.193,,.262,,10.1,-2.8,.296,78
Erny Orellana,821786,last_60,DSL,19.5,DSL LAD Mega,Total,D-LAM,- - -,,,6,20,22,3,2,1,0,0,2,3,2,0,3,0,0,0,0,2,0,.150,9.1%,13.6%,.667,.227,.200,.427,.050,,.176,,1.1,-2.7,.206,30
Darian Castillo,821789,last_60,DSL,19.9,DSL Padres Gold,Total,D-PAG,- - -,,,3,5,10,2,1,0,1,0,4,2,4,0,0,0,0,1,0,1,0,.400,40.0%,0.0%,,.667,.800,1.467,.400,,.400,,3.6,1.9,.599,208
Ronald Ramirez,821790,last_60,A,19.9,Lakeland Flying Tigers,Total,LAK,- - -,,,6,12,13,4,3,1,0,0,2,0,1,0,5,0,0,0,0,0,0,.333,7.7%,38.5%,.200,.385,.417,.801,.083,,.571,,2.0,0.1,.364,107
Angel Brachi,821791,last_60,A,19.7,Jupiter Hammerheads,Total,JUP,- - -,,,5,17,18,2,2,0,0,0,2,1,1,0,6,0,0,0,1,1,0,.118,5.6%,33.3%,.167,.167,.118,.284,.000,,.182,,-0.3,-3.0,.141,-13
Brayan Cota,821794,last_60,DSL,19.3,DSL Athletics,Total,D-ATH,- - -,,,9,22,31,6,5,1,0,0,4,5,7,0,5,2,0,0,2,1,0,.273,22.6%,16.1%,1.400,.484,.318,.802,.045,,.353,,6.2,0.9,.397,117
Kendrick Hernandez,821796,last_60,DSL,19.9,DSL Tigers 1,Total,D-TI1,- - -,,,3,6,6,0,0,0,0,0,0,0,0,0,3,0,0,0,1,0,0,.000,0.0%,50.0%,.000,.000,.000,.000,.000,,.000,,-0.7,-1.7,.000,-63
Jeiker Gudino,821799,last_60,DSL,19.8,DSL Tigers 2,Total,D-TI2,- - -,,,2,3,4,1,1,0,0,0,0,0,1,0,2,0,0,0,0,1,0,.333,25.0%,50.0%,.500,.500,.333,.833,.000,,1.000,,0.8,0.1,.405,120
Rafy Peguero,821801,last_60,DSL,19.9,DSL LAD Mega,Total,D-LAM,- - -,,,6,18,22,2,2,0,0,0,3,0,2,0,6,2,0,0,1,1,0,.111,9.1%,27.3%,.333,.273,.111,.384,.000,,.167,,1.3,-2.5,.215,34
Endy Rios,821810,last_60,DSL,19.5,DSL Padres Gold,Total,D-PAG,- - -,,,7,21,25,6,5,1,0,0,4,2,3,0,3,0,0,1,0,2,2,.286,12.0%,12.0%,1.000,.375,.333,.708,.048,,.333,,3.8,-0.5,.332,87
Ricardo Crespo,821811,last_60,DSL,19.9,DSL Giants Orange,Total,D-GIO,- - -,,,6,13,20,5,4,1,0,0,5,2,7,0,2,0,0,0,0,0,0,.385,35.0%,10.0%,3.500,.600,.462,1.062,.077,,.455,,5.6,2.1,.496,161
Blake Schaaf,821877,last_60,A,21.2,Tampa Tarpons,Total,TAM,- - -,,,5,12,20,1,1,0,0,0,1,1,6,0,7,1,1,0,0,2,1,.083,30.0%,35.0%,.857,.400,.083,.483,.000,,.167,,2.0,-0.9,.296,70
Kuhio Aloy,821920,last_60,A,21.1,St. Lucie Mets,Total,SLU,- - -,,,17,62,76,14,6,4,0,4,14,14,12,0,17,2,0,0,1,5,0,.226,15.8%,22.4%,.706,.368,.484,.852,.258,,.244,,12.9,1.8,.383,117
Trey Ebel,821931,last_60,A,17.9,Wilson Warbirds,Total,WIL,- - -,,,13,42,59,8,6,1,0,1,9,5,16,0,13,1,0,0,1,2,1,.190,27.1%,22.0%,1.231,.424,.286,.709,.095,,.250,,9.0,1.0,.356,112
Landon Hodge,821933,last_60,A,19.5,Kannapolis Cannon Ballers,Total,KAN,- - -,,,4,14,14,4,4,0,0,0,0,3,0,0,7,0,0,0,0,0,0,.286,0.0%,50.0%,.000,.286,.286,.571,.000,,.571,,1.1,-0.8,.260,57
Ryan Tayman,822034,last_60,A,21.0,St. Lucie Mets,Total,SLU,- - -,,,15,52,68,16,9,3,0,4,11,11,12,0,14,3,1,0,0,0,0,.308,17.6%,20.6%,.857,.456,.596,1.052,.288,,.343,,15.7,5.7,.460,158
Jeffery Heard,822153,last_60,A,23.5,Rancho Cucamonga Quakes,Total,RC,- - -,,,24,86,105,24,12,7,2,3,19,18,17,0,24,2,0,0,1,10,0,.279,16.2%,22.9%,.708,.410,.512,.921,.233,,.356,,20.1,4.6,.411,130
Brandon Forrester,822162,last_60,AA,22.8,Corpus Christi Hooks,Total,CC,- - -,,,8,22,26,3,3,0,0,0,3,1,3,0,11,0,0,1,0,1,0,.136,11.5%,42.3%,.273,.240,.136,.376,.000,,.273,,0.4,-3.3,.195,12
Canon Reeder,822165,last_60,A,23.4,Bradenton Marauders,Total,BRD,- - -,,,13,41,47,7,6,1,0,0,2,1,5,0,14,0,0,1,0,2,1,.171,10.6%,29.8%,.357,.261,.195,.456,.024,,.259,,2.2,-4.7,.224,32
Jose Cerice,822177,last_60,A+,21.3,Quad Cities River Bandits,Total,QC,- - -,,,21,76,91,16,11,3,0,2,14,16,5,0,12,10,0,0,2,2,1,.211,5.5%,13.2%,.417,.341,.329,.670,.118,,.226,,11.0,-1.5,.320,88
Juan Mosqueda,822178,last_60,DSL,17.3,DSL Rangers Red,Total,D-RNR,- - -,,,5,15,23,2,1,0,0,1,5,3,7,0,9,0,1,0,0,1,0,.133,30.4%,39.1%,.778,.391,.333,.725,.200,,.167,,3.7,-0.2,.348,94
Angel Chacon,822179,last_60,DSL,17.8,DSL Arizona Black,Total,D-ARB,- - -,,,1,2,2,0,0,0,0,0,0,0,0,0,0,0,0,0,0,0,0,.000,0.0%,0.0%,,.000,.000,.000,.000,,.000,,-0.2,-0.6,.000,-63
Poly Ojeda,822180,last_60,DSL,17.8,DSL NYY Yankees,Total,D-NYY,- - -,,,5,16,21,4,1,1,2,0,7,2,5,0,1,0,0,0,0,0,0,.250,23.8%,4.8%,5.000,.429,.562,.991,.312,,.267,,4.8,1.1,.430,132
Manny Almonte,822190,last_60,DSL,17.4,DSL Arizona Red,Total,D-ARR,- - -,,,8,28,33,10,7,1,2,0,4,4,2,0,8,2,1,0,0,4,2,.357,6.1%,24.2%,.250,.424,.536,.960,.179,,.476,,7.2,1.5,.420,127
Joscar Hernandez,822191,last_60,DSL,17.6,DSL Arizona Black,Total,D-ARB,- - -,,,8,19,27,6,5,1,0,0,4,3,4,0,4,4,0,0,0,7,2,.316,14.8%,14.8%,1.000,.519,.368,.887,.053,,.400,,6.2,1.5,.432,132
Angelo Ugueto,822193,last_60,DSL,17.8,DSL Giants Orange,Total,D-GIO,- - -,,,3,8,11,2,2,0,0,0,0,3,2,0,2,0,1,0,0,2,1,.250,18.2%,18.2%,1.000,.364,.250,.614,.000,,.286,,1.3,-0.6,.295,70
Bernardo Doc,822204,last_60,DSL,17.7,DSL Miami,Total,D-MIA,- - -,,,6,20,24,7,6,0,0,1,7,4,4,0,6,0,0,0,0,4,1,.350,16.7%,25.0%,.667,.458,.500,.958,.150,,.462,,5.5,1.4,.434,133
Gabriel Porras,822205,last_60,DSL,17.3,DSL Blue Jays Red,Total,D-BJR,- - -,,,6,19,21,6,5,1,0,0,6,2,2,0,2,0,0,0,0,1,0,.316,9.5%,9.5%,1.000,.381,.368,.749,.053,,.353,,3.4,-0.2,.346,93
Jesus Linares,822208,last_60,DSL,17.9,DSL Arizona Black,Total,D-ARB,- - -,,,4,11,13,3,3,0,0,0,3,5,2,0,1,0,0,0,0,1,0,.273,15.4%,7.7%,2.000,.385,.273,.657,.000,,.300,,1.8,-0.4,.319,81
Cesar Lopez,822210,last_60,DSL,17.6,DSL NYY Yankees,Total,D-NYY,- - -,,,3,8,10,2,2,0,0,0,3,2,2,0,3,0,0,0,0,0,0,.250,20.0%,30.0%,.667,.400,.250,.650,.000,,.400,,1.4,-0.3,.324,84
Yanfri Serrano,822218,last_60,DSL,17.1,DSL Cubs Red,Total,D-CUR,- - -,,,8,23,28,6,4,2,0,0,2,3,5,0,7,0,0,0,0,2,2,.261,17.9%,25.0%,.714,.393,.348,.741,.087,,.375,,4.6,-0.2,.349,95
Enyer Antonio,822230,last_60,DSL,17.6,DSL Marlins,Total,D-MRL,- - -,,,7,16,20,1,0,0,1,0,3,1,3,0,13,1,0,0,0,1,1,.062,15.0%,65.0%,.231,.250,.188,.438,.125,,.333,,1.3,-2.1,.226,39
Roberth Castillo,822233,last_60,DSL,17.6,DSL Cardinals,Total,D-CAR,- - -,,,7,24,28,4,3,1,0,0,5,2,4,0,9,0,0,0,1,0,0,.167,14.3%,32.1%,.444,.286,.208,.494,.042,,.267,,2.3,-2.5,.245,48
Sebastian Mendez,822234,last_60,DSL,17.9,DSL Astros Orange,Total,D-ASO,- - -,,,8,29,36,13,9,3,0,1,9,7,5,0,7,0,2,0,0,3,1,.448,13.9%,19.4%,.714,.500,.655,1.155,.207,,.522,,9.9,3.7,.493,160
Germayhoni Beltre,822236,last_60,DSL,17.6,DSL NYY Bombers,Total,D-NYB,- - -,,,8,26,32,11,5,4,1,1,10,8,3,0,5,2,1,0,1,5,0,.423,9.4%,15.6%,.600,.500,.769,1.269,.346,,.476,,9.9,4.3,.534,179
Sebastian Nadales,822238,last_60,DSL,17.7,DSL Padres Gold,Total,D-PAG,- - -,,,7,17,26,6,5,1,0,0,6,2,6,0,2,2,1,0,0,0,1,.353,23.1%,7.7%,3.000,.538,.412,.950,.059,,.375,,6.2,1.7,.446,139
Aaron Guzman,822239,last_60,DSL,17.5,DSL LAD Bautista,Total,D-LAB,- - -,,,5,14,19,4,3,0,1,0,4,4,3,0,2,0,2,0,1,0,1,.286,15.8%,10.5%,1.500,.368,.429,.797,.143,,.286,,3.0,-0.3,.342,92
Santiago Pereira,822240,last_60,DSL,17.8,DSL Mariners,Total,D-MRN,- - -,,,2,5,5,0,0,0,0,0,1,0,0,0,2,0,0,0,0,0,0,.000,0.0%,40.0%,.000,.000,.000,.000,.000,,.000,,-0.5,-1.4,.000,-63
Max De La Cruz,822244,last_60,DSL,17.8,DSL Royals Ventura,Total,D-ROV,- - -,,,7,14,23,5,4,1,0,0,8,3,7,0,2,1,1,0,0,2,1,.357,30.4%,8.7%,3.500,.565,.429,.994,.071,,.385,,5.8,1.8,.463,147
Brayan Figueroa,822257,last_60,DSL,17.3,DSL Arizona Black,Total,D-ARB,- - -,,,8,22,25,3,2,1,0,0,2,3,3,0,7,0,0,0,0,2,1,.136,12.0%,28.0%,.429,.240,.182,.422,.045,,.200,,1.4,-2.9,.210,32
Alexandel Pio,822259,last_60,DSL,17.6,DSL Pirates Gold,Total,D-PIG,- - -,,,7,19,26,3,2,1,0,0,3,5,6,1,8,0,1,0,0,5,0,.158,23.1%,30.8%,.750,.346,.211,.557,.053,,.250,,2.6,-1.9,.267,58
Abrahan Pichardo,822264,last_60,DSL,17.4,DSL NYY Yankees,Total,D-NYY,- - -,,,4,12,13,2,1,1,0,0,2,2,1,0,1,0,0,0,0,0,0,.167,7.7%,7.7%,1.000,.231,.250,.481,.083,,.182,,0.9,-1.4,.224,38
Jose Gudino,822267,last_60,DSL,17.9,DSL Colorado,Total,D-COL,- - -,,,6,12,19,3,3,0,0,0,1,3,6,0,2,1,0,0,1,0,0,.250,31.6%,10.5%,3.000,.526,.250,.776,.000,,.300,,4.0,0.7,.407,121
Carlos Mueses,822268,last_60,DSL,17.6,DSL Nationals,Total,D-NAT,- - -,,,2,4,4,1,1,0,0,0,0,0,0,0,1,0,0,0,0,0,0,.250,0.0%,25.0%,.000,.250,.250,.500,.000,,.333,,0.3,-0.4,.228,40
Jean Paredes,822273,last_60,DSL,17.7,DSL Rays,Total,D-RAY,- - -,,,8,19,25,3,3,0,0,0,6,0,6,0,5,0,0,0,0,2,0,.158,24.0%,20.0%,1.200,.360,.158,.518,.000,,.214,,2.7,-1.6,.280,63
Christopher Vargas,822275,last_60,DSL,17.9,DSL Cardinals,Total,D-CAR,- - -,,,1,2,3,2,2,0,0,0,0,2,0,0,0,1,0,0,0,0,0,1.000,0.0%,0.0%,,1.000,1.000,2.000,.000,,1.000,,1.7,1.2,.854,324
Santiago Rivas,822278,last_60,DSL,17.9,DSL Rangers Red,Total,D-RNR,- - -,,,5,20,24,9,7,0,1,1,6,5,4,0,5,0,0,0,1,1,0,.450,16.7%,20.8%,.800,.542,.700,1.242,.250,,.571,,7.5,3.4,.540,181
Gemerson Blanco,822293,last_60,DSL,17.0,DSL Rockies,Total,D-RCK,- - -,,,7,22,30,7,5,2,0,0,7,5,4,0,6,1,1,2,0,6,2,.318,13.3%,20.0%,.667,.429,.409,.838,.091,,.412,,5.7,0.5,.383,110
Eduardo Gonzalez,822294,last_60,DSL,17.9,DSL Cubs Blue,Total,D-CUB,- - -,,,7,19,23,7,6,0,0,1,2,9,3,0,2,0,1,0,0,4,1,.368,13.0%,8.7%,1.500,.435,.526,.961,.158,,.353,,5.1,1.1,.422,128
Giancarlos Mendoza,822295,last_60,DSL,17.7,DSL Cubs Red,Total,D-CUR,- - -,,,5,15,16,3,3,0,0,0,0,2,1,0,3,0,0,0,0,2,0,.200,6.2%,18.8%,.333,.250,.200,.450,.000,,.250,,0.9,-1.8,.215,34
Blake Penso,822324,last_60,A+,24.7,Spokane Indians,Total,SPO,- - -,,,5,15,16,4,3,1,0,0,1,1,0,0,5,1,0,0,0,0,0,.267,0.0%,31.2%,.000,.312,.333,.646,.067,,.400,,1.7,-0.7,.298,69
Jack Spanier,822384,last_60,A,22.2,Visalia Rawhide,Total,VIS,- - -,,,16,60,65,17,15,2,0,0,14,9,5,0,13,0,0,0,0,3,0,.283,7.7%,20.0%,.385,.338,.317,.655,.033,,.362,,7.1,-2.5,.305,74
Dylan Carey,822406,last_60,A,23.1,St. Lucie Mets,Total,SLU,- - -,,,16,48,55,8,5,1,0,2,3,7,5,0,15,2,0,0,0,3,1,.167,9.1%,27.3%,.333,.273,.312,.585,.146,,.194,,4.7,-3.3,.275,59
Zach MacDonald,822487,last_60,A,23.1,Lakeland Flying Tigers,Total,LAK,- - -,,,19,60,77,12,7,1,1,3,15,12,15,0,17,1,1,0,4,9,3,.200,19.5%,22.1%,.882,.364,.400,.764,.200,,.220,,11.2,-0.0,.351,100
Bayram Hot,822496,last_60,A,22.5,Tampa Tarpons,Total,TAM,- - -,,,4,13,18,1,1,0,0,0,3,0,4,0,8,1,0,0,0,3,0,.077,22.2%,44.4%,.500,.333,.077,.410,.000,,.200,,1.2,-1.4,.250,45
Jon Jon Gazdar,822501,last_60,AA,24.5,Springfield Cardinals,Total,SPR,- - -,,,12,42,50,8,5,2,0,1,3,5,4,0,7,2,2,0,2,3,0,.190,8.0%,14.0%,.571,.280,.310,.590,.119,,.194,,3.8,-3.3,.272,54
Vahn Lackey,822518,last_60,A,21.1,Fort Myers Mighty Mussels,Total,FTM,- - -,,,18,70,92,18,11,2,2,3,14,14,21,0,16,0,1,0,0,11,2,.257,22.8%,17.4%,1.312,.424,.471,.895,.214,,.288,,17.1,4.2,.404,132
Kyle Fossum,822531,last_60,A,24.2,Fresno Grizzlies,Total,FRE,- - -,,,8,18,21,4,3,1,0,0,2,1,2,0,9,0,0,1,2,0,0,.222,9.5%,42.9%,.222,.300,.278,.578,.056,,.444,,1.8,-1.3,.272,56
Brandon Butterworth,822578,last_60,AAA,24.1,Norfolk Tides,Total,NOR,- - -,,,33,119,135,26,17,3,1,5,13,11,15,1,39,0,0,1,3,9,0,.218,11.1%,28.9%,.385,.306,.387,.693,.168,,.280,,14.9,-2.5,.312,85
Christian Gonzalez,822619,last_60,A,20.0,Kannapolis Cannon Ballers,Total,KAN,- - -,,,12,35,47,7,4,1,2,0,4,4,11,0,10,1,0,0,0,0,2,.200,23.4%,21.3%,1.100,.404,.343,.747,.143,,.280,,7.2,0.8,.357,113
Alex Lodise,822676,last_60,A+,22.4,Rome Emperors,Total,ROM,- - -,,,31,127,143,41,28,8,0,5,27,20,11,1,22,4,1,0,5,2,0,.323,7.7%,15.4%,.500,.392,.504,.896,.181,,.356,,26.0,6.7,.398,135
Cort MacDonald,822679,last_60,A,23.1,Fresno Grizzlies,Total,FRE,- - -,,,19,73,84,21,13,4,3,1,11,13,8,0,6,0,1,2,1,1,1,.288,9.5%,7.1%,1.333,.354,.466,.819,.178,,.299,,12.9,0.5,.362,104
Tyriq Kemp,822743,last_60,A+,23.8,Quad Cities River Bandits,Total,QC,- - -,,,20,71,78,13,7,2,1,3,9,8,6,0,13,0,0,1,0,7,2,.183,7.7%,16.7%,.462,.247,.366,.613,.183,,.182,,6.7,-4.0,.275,62
Scott Gell,822796,last_60,A,21.9,San Jose Giants,Total,SJ,- - -,,,2,8,9,0,0,0,0,0,1,0,1,0,2,0,0,0,1,0,0,.000,11.1%,22.2%,.500,.111,.000,.111,.000,,.000,,-0.6,-1.9,.079,-46
Ryan Gerety,822815,last_60,A+,22.2,Fort Wayne TinCaps,Total,FW,- - -,,,9,30,43,7,5,2,0,0,5,2,12,0,8,1,0,0,0,4,1,.233,27.9%,18.6%,1.500,.465,.300,.765,.067,,.318,,7.3,1.4,.382,123
Luke Cantwell,822877,last_60,A+,23.6,Fort Wayne TinCaps,Total,FW,- - -,,,21,64,79,14,10,4,0,0,12,5,12,0,18,2,1,0,0,0,0,.219,15.2%,22.8%,.667,.354,.281,.636,.062,,.298,,8.8,-2.1,.308,81
Rashawn Galloway,822904,last_60,A,23.0,Fayetteville Woodpeckers,Total,FAY,- - -,,,8,18,24,3,2,1,0,0,6,3,5,0,2,1,0,0,0,0,0,.167,20.8%,8.3%,2.500,.375,.222,.597,.056,,.188,,2.8,-0.5,.309,85
John Taylor,822966,last_60,AAA,25.4,Round Rock Express,Total,RR,- - -,,,38,136,168,33,25,6,0,2,24,21,26,0,40,3,2,1,1,10,4,.243,15.5%,23.8%,.650,.371,.331,.702,.088,,.323,,20.5,-2.0,.332,91
Esteban Romero,823015,last_60,DSL,19.7,DSL Astros Blue,Total,D-ASB,- - -,,,4,11,14,3,3,0,0,0,3,1,3,0,3,0,0,0,0,1,1,.273,21.4%,21.4%,1.000,.429,.273,.701,.000,,.375,,2.3,-0.1,.347,94
Mulivai Levu,823050,last_60,A,22.1,Daytona Tortugas,Total,DBT,- - -,,,21,78,91,17,11,4,0,2,11,12,10,0,15,2,1,0,2,0,0,.218,11.0%,16.5%,.667,.319,.346,.665,.128,,.242,,10.1,-3.1,.308,76
Nolan Sailors,823073,last_60,A+,23.2,Quad Cities River Bandits,Total,QC,- - -,,,17,58,74,13,10,1,0,2,10,12,13,0,28,0,0,3,0,6,0,.224,17.6%,37.8%,.464,.366,.345,.711,.121,,.393,,9.9,-0.3,.336,97
Ben North,823079,last_60,A+,23.8,Quad Cities River Bandits,Total,QC,- - -,,,14,48,57,11,5,1,0,5,11,10,6,0,14,1,0,0,1,3,2,.229,10.5%,24.6%,.429,.327,.562,.890,.333,,.207,,10.0,2.1,.389,127
Nolan McCarthy,823114,last_60,A,24.5,Lakeland Flying Tigers,Total,LAK,- - -,,,15,52,57,12,8,3,0,1,5,8,3,0,14,0,2,0,2,0,0,.231,5.3%,24.6%,.214,.263,.346,.609,.115,,.282,,4.7,-3.2,.270,59
Matt King,823153,last_60,AA,24.1,Altoona Curve,Total,ALT,- - -,,,14,41,48,15,14,1,0,0,9,3,5,0,6,1,0,0,0,6,0,.366,10.4%,12.5%,.833,.447,.390,.837,.024,,.429,,8.5,2.0,.390,130
James Taussig,823173,last_60,A+,23.4,Winston-Salem Dash,Total,WS,- - -,,,20,80,84,21,9,7,1,4,11,10,4,0,31,0,0,0,0,1,0,.263,4.8%,36.9%,.129,.298,.525,.823,.263,,.378,,12.8,1.4,.359,112
Zane Zielinski,823185,last_60,A+,25.1,Eugene Emeralds,Total,EUG,- - -,,,24,77,84,12,6,6,0,0,7,4,6,0,29,0,0,1,0,1,0,.156,7.1%,34.5%,.207,.217,.234,.451,.078,,.250,,2.9,-8.9,.211,24
Jay Thomason,823295,last_60,AA,24.4,Wichita Wind Surge,Total,WCH,- - -,,,10,33,39,11,10,0,0,1,5,6,5,0,13,1,0,0,0,3,2,.333,12.8%,33.3%,.385,.436,.424,.860,.091,,.526,,6.8,1.3,.398,123
Luke Nixon,823352,last_60,A,21.9,San Jose Giants,Total,SJ,- - -,,,12,47,54,10,7,3,0,0,10,6,7,0,11,0,0,0,1,2,0,.213,13.0%,20.4%,.636,.315,.277,.591,.064,,.278,,4.9,-3.1,.282,62
Payton Eeles,823356,last_60,AAA,26.8,Norfolk Tides,Total,NOR,- - -,,,30,105,122,22,19,2,0,1,12,10,12,0,24,4,1,0,3,2,2,.210,9.8%,19.7%,.500,.311,.257,.569,.048,,.259,,9.7,-5.8,.275,63
Petey Soto Jr.,823455,last_60,A,21.4,Fayetteville Woodpeckers,Total,FAY,- - -,,,11,29,38,9,8,1,0,0,7,6,7,0,11,2,0,0,0,1,1,.310,18.4%,28.9%,.636,.474,.345,.819,.034,,.500,,7.0,1.8,.396,135
Sung-Mun Song,823550,last_60,AAA,30.0,El Paso Chihuahuas,Total,ELP,- - -,,,3,14,15,1,1,0,0,0,2,0,1,0,2,0,0,0,2,0,1,.071,6.7%,13.3%,.500,.133,.071,.205,.000,,.083,,-0.8,-2.8,.108,-39
J.P. Cabrera,823651,last_60,A,19.8,Palm Beach Cardinals,Total,PMB,- - -,,,17,61,67,12,6,5,0,1,9,11,2,0,16,1,0,0,1,0,0,.197,3.0%,23.9%,.125,.234,.328,.562,.131,,.250,,4.6,-5.2,.253,47
Daniel Dickinson,823658,last_60,A+,22.8,Wisconsin Timber Rattlers,Total,WIS,- - -,,,29,114,137,40,24,9,2,5,30,20,17,0,18,6,0,0,3,21,4,.351,12.4%,13.1%,.944,.460,.596,1.056,.246,,.385,,32.1,13.4,.466,171
Alex Madera,823702,last_60,AA,25.9,Knoxville Smokies,Total,KNX,- - -,,,28,90,113,38,32,5,1,0,23,12,21,0,23,0,2,0,1,9,2,.422,18.6%,20.4%,.913,.522,.500,1.022,.078,,.551,,26.0,10.9,.462,172
Anthony Donofrio,823703,last_60,A+,26.2,Everett AquaSox,Total,EVE,- - -,,,19,67,82,10,5,1,1,3,9,11,14,0,27,0,1,0,2,0,1,.149,17.1%,32.9%,.519,.293,.328,.621,.179,,.184,,7.9,-4.3,.290,65
Ramiro Dominguez,823719,last_60,A,19.4,Fort Myers Mighty Mussels,Total,FTM,- - -,,,19,63,81,18,10,4,1,3,14,15,13,0,12,3,2,0,0,6,1,.286,16.0%,14.8%,1.083,.420,.524,.944,.238,,.300,,15.9,4.4,.416,138
Robbie Burnett,823754,last_60,A+,23.8,Hudson Valley Renegades,Total,HV,- - -,,,16,50,66,8,6,2,0,0,7,5,16,0,23,0,0,0,0,4,0,.160,24.2%,34.8%,.696,.364,.200,.564,.040,,.296,,6.8,-2.3,.294,75
Eric Genther,823759,last_60,A+,24.2,Hudson Valley Renegades,Total,HV,- - -,,,20,68,83,20,12,5,0,3,13,14,12,1,17,3,0,0,0,2,0,.294,14.5%,20.5%,.706,.422,.500,.922,.206,,.354,,16.2,4.8,.412,142
Jimmy Keenan,823766,last_60,A,22.5,Fort Myers Mighty Mussels,Total,FTM,- - -,,,11,31,38,7,5,0,0,2,7,6,4,0,18,3,0,0,0,0,0,.226,10.5%,47.4%,.222,.368,.419,.788,.194,,.455,,5.9,0.4,.364,107
Lorenzo Meola,823768,last_60,A,22.7,San Jose Giants,Total,SJ,- - -,,,24,96,116,29,17,6,2,4,26,20,12,0,25,5,3,0,2,2,1,.302,10.3%,21.6%,.480,.397,.531,.928,.229,,.357,,21.9,4.7,.407,128
JP Smith II,823770,last_60,A+,21.8,Cedar Rapids Kernels,Total,CR,- - -,,,25,86,106,22,16,2,0,4,14,13,18,0,22,1,1,0,3,2,1,.256,17.0%,20.8%,.818,.387,.419,.805,.163,,.295,,16.9,2.3,.369,116
DJ Newman,823775,last_60,A+,23.1,Asheville Tourists,Total,ASH,- - -,,,19,68,72,29,22,4,0,3,12,15,4,0,17,0,0,0,0,5,0,.426,5.6%,23.6%,.235,.458,.618,1.076,.191,,.542,,17.7,7.8,.477,179
Ryan Sprock,823779,last_60,A+,21.9,Vancouver Canadians,Total,VAN,- - -,,,17,59,73,21,13,4,1,3,16,14,12,0,10,0,2,0,3,1,1,.356,16.4%,13.7%,1.200,.452,.610,1.062,.254,,.375,,16.7,5.8,.459,153
Rainiel Rodriguez,823787,last_60,AA,19.7,Springfield Cardinals,Total,SPR,- - -,,,27,108,129,46,27,10,0,9,27,28,14,0,14,4,3,0,2,1,2,.426,10.9%,10.9%,1.000,.496,.769,1.265,.343,,.420,,36.8,18.4,.538,200
Nick Rodriguez,823795,last_60,AA,23.9,Rocket City Trash Pandas,Total,RCT,- - -,,,27,109,122,24,18,5,0,1,12,7,9,0,31,1,0,3,4,2,2,.220,7.4%,25.4%,.290,.286,.294,.579,.073,,.299,,9.8,-6.6,.270,60
Kane Kepley,823807,last_60,AA,22.6,Knoxville Smokies,Total,KNX,- - -,,,30,111,140,24,15,4,2,3,22,16,23,0,23,6,0,0,1,20,1,.216,16.4%,16.4%,1.000,.379,.369,.748,.153,,.247,,20.2,1.4,.352,108
Nick Monistere,823809,last_60,A+,22.6,Asheville Tourists,Total,ASH,- - -,,,19,66,77,5,2,2,0,1,6,5,8,0,32,1,1,0,1,4,0,.076,10.4%,41.6%,.250,.184,.152,.336,.076,,.118,,0.5,-10.1,.170,5
Jake McCutcheon,823817,last_60,A,22.8,Jupiter Hammerheads,Total,JUP,- - -,,,16,47,66,13,9,2,0,2,7,10,14,0,23,3,2,0,0,2,0,.277,21.2%,34.8%,.609,.455,.447,.901,.170,,.458,,12.7,3.1,.412,132
Robinson Chacon,823850,last_60,DSL,19.3,DSL Royals Fortuna,Total,D-ROF,- - -,,,8,24,30,10,8,2,0,0,7,5,3,0,7,2,1,0,0,3,0,.417,10.0%,23.3%,.429,.500,.500,1.000,.083,,.556,,7.3,2.1,.450,140
Yoxander Benitez,823853,last_60,DSL,19.8,DSL Giants Orange,Total,D-GIO,- - -,,,5,15,18,3,1,2,0,0,1,4,2,0,3,0,1,0,0,1,0,.200,11.1%,16.7%,.667,.278,.333,.611,.133,,.231,,1.9,-1.2,.273,60
Anthony Longo,823856,last_60,DSL,19.5,DSL Royals Ventura,Total,D-ROV,- - -,,,8,26,32,11,9,0,2,0,9,5,5,0,4,1,0,0,0,0,1,.423,15.6%,12.5%,1.250,.531,.577,1.108,.154,,.500,,8.8,3.3,.493,160
Marwin Rivero,823869,last_60,DSL,19.8,DSL Royals Ventura,Total,D-ROV,- - -,,,5,13,14,3,2,1,0,0,1,2,1,0,3,0,0,0,1,0,0,.231,7.1%,21.4%,.333,.286,.308,.593,.077,,.300,,1.5,-1.0,.273,60
Jose Sabino,823873,last_60,DSL,19.2,DSL Rojos,Total,D-ROJ,- - -,,,4,9,13,2,1,1,0,0,3,1,3,0,2,1,0,0,0,0,0,.222,23.1%,15.4%,1.500,.462,.333,.795,.111,,.286,,2.5,0.3,.391,114
Samuell Sanchez,823882,last_60,DSL,21.0,DSL Tigers 2,Total,D-TI2,- - -,,,7,18,24,4,1,0,2,1,4,4,3,0,5,3,0,0,0,1,1,.222,12.5%,20.8%,.600,.417,.611,1.028,.389,,.250,,5.7,1.6,.444,138
Kyle West,823918,last_60,A+,23.8,Hudson Valley Renegades,Total,HV,- - -,,,24,82,101,19,12,4,1,2,12,8,16,0,29,1,1,0,1,8,0,.232,15.8%,28.7%,.552,.360,.378,.738,.146,,.327,,14.1,0.2,.341,101
Maddox Latta,823944,last_60,A+,23.6,Vancouver Canadians,Total,VAN,- - -,,,21,79,99,20,10,4,0,6,22,17,16,0,17,3,1,0,0,2,0,.253,16.2%,17.2%,.941,.394,.532,.926,.278,,.246,,18.9,4.1,.410,127
Gage Miller,824028,last_60,AAA,23.6,Jacksonville Jumbo Shrimp,Total,JAX,- - -,,,19,65,74,8,5,2,0,1,3,3,9,0,21,0,0,0,2,1,1,.123,12.2%,28.4%,.429,.230,.200,.430,.077,,.163,,2.2,-7.2,.211,24
Bear Harrison,824424,last_60,A,21.6,Tampa Tarpons,Total,TAM,- - -,,,18,68,81,9,7,2,0,0,9,8,10,0,26,2,1,0,1,0,0,.132,12.3%,32.1%,.385,.259,.162,.421,.029,,.209,,3.3,-8.5,.217,28
Diego Castellanos,824425,last_60,A,21.6,Tampa Tarpons,Total,TAM,- - -,,,17,62,72,18,14,1,0,3,13,9,9,0,8,1,0,0,1,3,1,.290,12.5%,11.1%,1.125,.389,.452,.841,.161,,.294,,12.2,1.7,.382,116
Alex Conover,824558,last_60,A,21.0,Lake Elsinore Storm,Total,LE,- - -,,,17,67,74,18,13,4,0,1,8,15,6,0,12,1,0,0,2,7,1,.269,8.1%,16.2%,.500,.338,.373,.711,.104,,.315,,9.3,-1.6,.326,85
Chris McHugh,824569,last_60,A,21.1,Lake Elsinore Storm,Total,LE,- - -,,,17,63,71,18,12,5,0,1,6,3,4,0,17,3,1,0,0,2,3,.286,5.6%,23.9%,.235,.352,.413,.765,.127,,.370,,10.0,-0.5,.346,96
Connor Hujsak,824615,last_60,AA,24.6,Montgomery Biscuits,Total,MTG,- - -,,,25,97,103,25,14,9,1,1,10,13,3,0,33,2,1,0,2,5,0,.258,2.9%,32.0%,.091,.291,.402,.693,.144,,.375,,11.3,-2.4,.308,82
Andrew Williamson,824713,last_60,A+,21.2,Peoria Chiefs,Total,PEO,- - -,,,19,70,84,14,7,2,0,5,14,14,10,0,23,2,2,0,1,3,2,.200,11.9%,27.4%,.435,.310,.443,.752,.243,,.205,,11.1,-0.4,.335,96
Logan Braunschweig,824742,last_60,A+,23.8,Rome Emperors,Total,ROM,- - -,,,15,47,62,9,8,1,0,0,6,8,15,0,6,0,0,0,0,3,1,.191,24.2%,9.7%,2.500,.387,.213,.600,.021,,.220,,7.2,-1.4,.310,84
Emdys Rosillo,824768,last_60,DSL,20.0,DSL Reds,Total,D-RED,- - -,,,5,13,16,3,3,0,0,0,3,2,2,0,0,0,1,0,1,0,0,.231,12.5%,0.0%,,.312,.231,.543,.000,,.214,,1.5,-1.3,.260,54
Wilber Reinoso,824897,last_60,DSL,17.7,DSL CLE Mendoza,Total,D-CLM,- - -,,,5,22,22,8,6,2,0,0,3,3,0,0,4,0,0,0,0,0,0,.364,0.0%,18.2%,.000,.364,.455,.818,.091,,.444,,3.9,0.1,.366,102
Jeferson Abreu,824914,last_60,DSL,17.5,DSL Twins,Total,D-TWI,- - -,,,9,21,33,9,2,3,1,3,12,8,10,0,4,1,1,0,0,3,0,.429,30.3%,12.1%,2.500,.606,1.095,1.701,.667,,.400,,13.2,7.5,.652,232
Isay Veras,824918,last_60,DSL,18.3,DSL Blue Jays Blue,Total,D-BJB,- - -,,,8,23,31,5,1,2,0,2,7,5,7,0,3,0,0,1,0,0,1,.217,22.6%,9.7%,2.333,.400,.565,.965,.348,,.167,,6.9,1.5,.423,128
Samir Guerrero,824932,last_60,DSL,17.9,DSL Cubs Blue,Total,D-CUB,- - -,,,4,9,10,1,1,0,0,0,0,0,1,0,2,0,0,0,0,0,0,.111,10.0%,20.0%,.500,.200,.111,.311,.000,,.143,,0.2,-1.5,.162,10
Emill Olivo,824941,last_60,DSL,19.1,DSL Cubs Blue,Total,D-CUB,- - -,,,4,8,10,2,2,0,0,0,0,0,2,0,3,0,0,0,0,1,0,.250,20.0%,30.0%,.667,.400,.250,.650,.000,,.400,,1.4,-0.3,.324,84
Emil Perez,824950,last_60,DSL,17.9,DSL Rockies,Total,D-RCK,- - -,,,9,33,44,10,8,1,1,0,7,8,9,0,10,0,2,0,0,7,0,.303,20.5%,22.7%,.900,.432,.394,.826,.091,,.400,,8.2,0.6,.378,108
Luis Perez,824973,last_60,DSL,18.7,DSL Tampa Bay,Total,D-TAM,- - -,,,8,26,33,7,5,2,0,0,2,1,4,0,2,1,1,1,0,0,1,.269,12.1%,6.1%,2.000,.375,.346,.721,.077,,.280,,5.0,-0.7,.335,89
Albert Moreno,824976,last_60,DSL,17.6,DSL Cubs Red,Total,D-CUR,- - -,,,6,16,17,1,1,0,0,0,0,1,1,0,5,0,0,0,0,0,0,.062,5.9%,29.4%,.200,.118,.062,.180,.000,,.091,,-0.6,-3.5,.095,-20
Nick Dumesnil,825094,last_60,A,22.4,Lakeland Flying Tigers,Total,LAK,- - -,,,8,31,35,11,9,2,0,0,5,3,3,0,9,1,0,0,0,4,0,.355,8.6%,25.7%,.333,.429,.419,.848,.065,,.500,,6.2,1.0,.390,121
Camden Johnson,825128,last_60,A,21.9,Columbia Fireflies,Total,COL,- - -,,,18,59,76,12,9,1,1,1,5,13,11,0,24,2,4,0,0,12,3,.203,14.5%,31.6%,.458,.329,.305,.634,.102,,.289,,8.1,-2.2,.297,78
Lane Haworth,825130,last_60,A,21.4,Clearwater Threshers,Total,CLR,- - -,,,6,16,23,4,3,1,0,0,3,0,6,0,4,1,0,0,1,1,0,.250,26.1%,17.4%,1.500,.478,.312,.791,.062,,.333,,4.1,0.7,.393,122
Juan Torres,825153,last_60,DSL,18.9,DSL NYY Yankees,Total,D-NYY,- - -,,,8,29,36,11,7,4,0,0,8,5,7,0,2,0,0,0,0,4,1,.379,19.4%,5.6%,3.500,.500,.517,1.017,.138,,.407,,9.0,2.8,.459,145
Yunior Amparo,825159,last_60,A,20.0,St. Lucie Mets,Total,SLU,- - -,,,3,13,14,2,2,0,0,0,0,1,1,0,8,0,0,0,0,0,0,.154,7.1%,57.1%,.125,.214,.154,.368,.000,,.400,,0.2,-1.9,.181,8
Jose Suarez,825163,last_60,DSL,17.2,DSL White Sox,Total,D-WSX,- - -,,,6,17,23,5,4,1,0,0,6,0,3,0,3,3,0,0,0,1,0,.294,13.0%,13.0%,1.000,.478,.353,.831,.059,,.357,,4.7,0.8,.404,120
Emerson Estevez,825178,last_60,DSL,17.9,DSL Mets Blue,Total,D-MEB,- - -,,,8,24,31,3,2,0,1,0,4,2,3,0,7,4,0,0,0,2,0,.125,9.7%,22.6%,.429,.323,.208,.531,.083,,.176,,3.3,-2.0,.276,62
Jhonael Cuello,825182,last_60,DSL,18.8,DSL Mets Orange,Total,D-MEO,- - -,,,8,23,26,3,1,2,0,0,3,2,3,0,6,0,0,0,1,2,1,.130,11.5%,23.1%,.500,.231,.217,.448,.087,,.176,,1.6,-2.9,.217,35
Jose Peralta,825186,last_60,DSL,18.9,DSL NYY Yankees,Total,D-NYY,- - -,,,6,15,21,5,2,1,0,2,7,6,6,0,6,0,0,0,0,2,0,.333,28.6%,28.6%,1.000,.524,.800,1.324,.467,,.429,,6.8,3.1,.552,187
Johnderis Sanchez,825214,last_60,DSL,17.9,DSL Mets Orange,Total,D-MEO,- - -,,,6,13,16,2,2,0,0,0,0,0,2,0,4,0,0,1,0,2,0,.154,12.5%,25.0%,.500,.267,.154,.421,.000,,.222,,1.0,-1.8,.216,35
Edelson Cabral,825227,last_60,DSL,17.1,DSL Braves,Total,D-BRV,- - -,,,6,17,26,0,0,0,0,0,4,1,6,0,7,2,1,0,0,2,1,.000,23.1%,26.9%,.857,.308,.000,.308,.000,,.000,,1.7,-2.8,.221,37
Cesar Mateo,825234,last_60,DSL,17.5,DSL Rangers Blue,Total,D-RNB,- - -,,,7,31,37,11,6,1,1,3,9,7,6,0,7,0,0,0,0,3,1,.355,16.2%,18.9%,.857,.459,.742,1.201,.387,,.381,,10.8,4.4,.513,169
Dariel Santana,825266,last_60,DSL,18.2,DSL NYY Bombers,Total,D-NYB,- - -,,,8,27,34,4,1,0,2,1,5,4,5,0,12,2,0,0,0,2,2,.148,14.7%,35.3%,.417,.324,.407,.731,.259,,.214,,5.1,-0.7,.334,88
Jose Verdugo,825269,last_60,A,18.9,Lake Elsinore Storm,Total,LE,- - -,,,15,56,62,20,17,2,1,0,6,5,3,0,7,0,2,1,2,8,0,.357,4.8%,11.3%,.429,.377,.429,.806,.071,,.392,,9.3,0.2,.358,102
Anyelo Jean,825392,last_60,DSL,17.7,DSL Pirates Gold,Total,D-PIG,- - -,,,8,20,23,3,3,0,0,0,3,2,3,0,11,0,0,0,1,1,1,.150,13.0%,47.8%,.273,.261,.150,.411,.000,,.333,,1.3,-2.7,.211,32
Luis Cruz,825411,last_60,DSL,18.2,DSL NYY Yankees,Total,D-NYY,- - -,,,6,26,29,7,6,0,1,0,1,7,1,0,5,1,1,0,0,1,1,.269,3.4%,17.2%,.200,.310,.346,.656,.077,,.318,,3.5,-1.5,.295,70
Angeibel Gomez,825412,last_60,DSL,17.7,DSL Royals Ventura,Total,D-ROV,- - -,,,8,19,24,8,4,1,0,3,8,10,4,1,2,0,1,0,0,2,0,.421,16.7%,8.3%,2.000,.500,.947,1.447,.526,,.333,,8.3,4.2,.582,201
Santiago Martinez,825422,last_60,DSL,18.9,DSL Astros Blue,Total,D-ASB,- - -,,,10,27,37,9,7,1,0,1,6,8,6,0,5,2,2,0,0,4,1,.333,16.2%,13.5%,1.200,.459,.481,.941,.148,,.348,,8.1,1.7,.420,127
Rendy Naveo,825430,last_60,DSL,18.8,DSL Miami,Total,D-MIA,- - -,,,2,5,5,0,0,0,0,0,0,1,0,0,1,0,0,0,0,0,0,.000,0.0%,20.0%,.000,.000,.000,.000,.000,,.000,,-0.5,-1.4,.000,-63
Rafael Moran,825438,last_60,DSL,17.4,DSL Padres Brown,Total,D-PAB,- - -,,,9,24,29,5,4,1,0,0,2,5,4,0,6,1,0,0,0,1,1,.208,13.8%,20.7%,.667,.345,.250,.595,.042,,.278,,3.5,-1.5,.294,70
Joshddy Castillo,825450,last_60,DSL,17.0,DSL Orioles Orange,Total,D-ORO,- - -,,,7,22,24,6,5,1,0,0,4,5,1,0,2,0,1,0,1,1,2,.273,4.2%,8.3%,.500,.292,.318,.610,.045,,.286,,2.5,-1.6,.273,60
Magz German,825456,last_60,DSL,18.9,DSL Mariners,Total,D-MRN,- - -,,,3,2,5,0,0,0,0,0,0,1,2,0,0,0,1,0,0,1,0,.000,40.0%,0.0%,,.400,.000,.400,.000,,.000,,0.6,-0.3,.284,66
Raylin Castillo,825471,last_60,DSL,18.2,DSL Tigers 2,Total,D-TI2,- - -,,,1,2,3,0,0,0,0,0,0,0,0,0,1,1,0,0,0,0,0,.000,0.0%,33.3%,.000,.333,.000,.333,.000,,.000,,0.3,-0.3,.248,49
Felix Lebron,825473,last_60,DSL,17.7,DSL White Sox,Total,D-WSX,- - -,,,9,27,36,5,4,1,0,0,8,1,7,1,14,2,0,0,0,3,1,.185,19.4%,38.9%,.500,.389,.222,.611,.037,,.385,,4.7,-1.6,.305,75
Jonathan Valle,825476,last_60,DSL,18.8,DSL Giants Orange,Total,D-GIO,- - -,,,4,9,11,1,0,1,0,0,1,0,1,0,1,0,0,1,0,1,0,.111,9.1%,9.1%,1.000,.200,.222,.422,.111,,.125,,0.5,-1.4,.200,27
Luis De Leon,825479,last_60,A,19.6,Fayetteville Woodpeckers,Total,FAY,- - -,,,9,28,30,5,5,0,0,0,4,2,2,0,5,0,0,0,0,1,0,.179,6.7%,16.7%,.400,.233,.179,.412,.000,,.217,,0.9,-3.2,.199,22
Alexander Frias,825484,last_60,A,18.5,Palm Beach Cardinals,Total,PMB,- - -,,,24,86,102,20,14,3,1,2,14,11,12,0,29,3,1,0,0,4,0,.233,11.8%,28.4%,.414,.343,.360,.704,.128,,.321,,12.8,-2.0,.326,86
Feliz Genao,825488,last_60,DSL,18.6,DSL Arizona Black,Total,D-ARB,- - -,,,7,17,23,2,1,1,0,0,6,0,6,0,3,0,0,0,0,0,0,.118,26.1%,13.0%,2.000,.348,.176,.524,.059,,.143,,2.5,-1.4,.281,64
Jhoendris Santos,825494,last_60,DSL,17.1,DSL Pirates Black,Total,D-PIB,- - -,,,8,28,33,7,6,0,0,1,7,3,5,0,7,0,0,0,0,3,0,.250,15.2%,21.2%,.714,.364,.357,.721,.107,,.300,,5.1,-0.6,.337,89
Samuel Orellana,825496,last_60,DSL,17.6,DSL Blue Jays Red,Total,D-BJR,- - -,,,7,19,27,7,4,3,0,0,7,6,6,0,1,2,0,0,0,1,0,.368,22.2%,3.7%,6.000,.556,.526,1.082,.158,,.389,,7.4,2.8,.492,159
Victor Familia,825497,last_60,DSL,19.5,DSL Pirates Gold,Total,D-PIG,- - -,,,4,11,15,3,2,1,0,0,1,4,2,0,2,2,0,0,0,0,0,.273,13.3%,13.3%,1.000,.467,.364,.830,.091,,.333,,3.1,0.5,.401,119
Yensi De La Cruz,825570,last_60,DSL,19.2,DSL Astros Orange,Total,D-ASO,- - -,,,10,29,34,8,3,1,2,2,7,8,4,0,6,0,1,0,1,4,1,.276,11.8%,17.6%,.667,.353,.655,1.008,.379,,.273,,7.5,1.6,.423,128
Matt Quintanar,825578,last_60,A,22.4,Clearwater Threshers,Total,CLR,- - -,,,13,48,51,12,11,1,0,0,8,4,3,0,5,0,0,0,1,0,0,.250,5.9%,9.8%,.600,.294,.271,.565,.021,,.279,,3.9,-3.5,.263,53
Maikel Acosta,825591,last_60,DSL,17.1,DSL Marlins,Total,D-MRL,- - -,,,7,17,23,4,4,0,0,0,4,2,4,0,1,1,1,0,0,4,2,.235,17.4%,4.3%,4.000,.391,.235,.627,.000,,.235,,3.1,-0.8,.314,79
Angel Salio,825620,last_60,DSL,18.5,DSL Reds,Total,D-RED,- - -,,,8,24,35,6,5,0,1,0,6,8,9,0,6,0,2,0,1,5,2,.250,25.7%,17.1%,1.500,.429,.333,.762,.083,,.300,,6.0,-0.0,.360,100
Juan Sanchez,825646,last_60,A,18.9,Dunedin Blue Jays,Total,DUN,- - -,,,16,55,62,9,5,4,0,0,9,0,5,0,13,2,0,0,1,1,0,.164,8.1%,21.0%,.385,.258,.236,.494,.073,,.214,,3.5,-5.5,.238,39
Jose Santana,825658,last_60,DSL,18.3,DSL Angels,Total,D-ANG,- - -,,,1,1,1,0,0,0,0,0,0,0,0,0,0,0,0,0,0,0,0,.000,0.0%,0.0%,,.000,.000,.000,.000,,.000,,-0.1,-0.3,.000,-63
Dawry Guerrero,825671,last_60,DSL,18.9,DSL Padres Gold,Total,D-PAG,- - -,,,8,24,32,4,2,1,1,0,6,6,7,0,6,0,1,0,0,0,0,.167,21.9%,18.8%,1.167,.344,.292,.635,.125,,.211,,4.1,-1.4,.304,74
Darling Pena,825677,last_60,DSL,17.7,DSL Rockies,Total,D-RCK,- - -,,,8,31,35,4,4,0,0,0,4,2,3,0,9,1,0,0,1,0,0,.129,8.6%,25.7%,.333,.229,.129,.358,.000,,.182,,1.3,-4.8,.186,21
Samuel Luis,825680,last_60,DSL,17.5,DSL White Sox,Total,D-WSX,- - -,,,9,28,36,7,2,3,0,2,5,8,5,0,6,1,0,1,0,1,1,.250,13.9%,16.7%,.833,.382,.571,.954,.321,,.250,,7.8,1.6,.418,126
Johanse Gomez,825685,last_60,DSL,18.8,DSL Orioles Black,Total,D-ORB,- - -,,,8,31,34,8,5,1,0,2,8,9,3,0,8,0,0,0,0,1,0,.258,8.8%,23.5%,.375,.324,.484,.807,.226,,.286,,5.8,-0.0,.359,99
Francisco De Marchena,825718,last_60,DSL,17.1,DSL Brewers Gold,Total,D-BWG,- - -,,,3,8,10,0,0,0,0,0,1,0,1,0,0,1,0,0,0,0,0,.000,10.0%,0.0%,,.200,.000,.200,.000,,.000,,0.0,-1.7,.145,2
Maicor Degollado,825723,last_60,DSL,18.1,DSL Orioles Orange,Total,D-ORO,- - -,,,5,19,22,5,3,0,1,1,4,4,3,0,0,0,0,0,0,2,0,.263,13.6%,0.0%,,.364,.526,.890,.263,,.222,,4.3,0.5,.391,114
Ryan Cesarini,825761,last_60,AA,23.7,Akron RubberDucks,Total,AKR,- - -,,,26,107,123,31,15,5,0,11,23,29,11,0,13,2,3,0,2,9,1,.290,8.9%,10.6%,.846,.358,.645,1.003,.355,,.233,,25.3,8.7,.428,152
Trevor Condon,825891,last_60,A,18.7,Palm Beach Cardinals,Total,PMB,- - -,,,7,28,31,9,5,3,0,1,3,5,3,0,6,0,0,0,0,2,1,.321,9.7%,19.4%,.500,.387,.536,.923,.214,,.381,,5.9,1.4,.409,131
Jackson Strong,825924,last_60,A+,23.0,West Michigan Whitecaps,Total,WM,- - -,,,23,83,106,15,4,4,0,7,17,16,22,0,31,0,1,0,0,4,1,.181,20.8%,29.2%,.710,.349,.482,.831,.301,,.174,,16.9,2.4,.370,116
Rafe Perich,825927,last_60,AA,24.3,Frisco RoughRiders,Total,FRI,- - -,,,26,95,112,39,25,9,0,5,26,21,14,0,14,2,1,0,1,2,0,.411,12.5%,12.5%,1.000,.491,.663,1.154,.253,,.442,,28.9,12.9,.503,181
Riley Nelson,826043,last_60,A,22.6,Hill City Howlers,Total,HC,- - -,,,17,61,74,9,7,2,0,0,7,10,13,1,20,0,0,0,0,0,0,.148,17.6%,27.0%,.650,.297,.180,.478,.033,,.220,,4.3,-5.8,.240,42
Carter Dorighi,826163,last_60,A+,23.2,Everett AquaSox,Total,EVE,- - -,,,19,70,81,17,14,3,0,0,14,7,9,0,9,2,0,0,2,3,2,.243,11.1%,11.1%,1.000,.346,.286,.631,.043,,.279,,8.6,-3.4,.303,71
Yassel Pena,826523,last_60,DSL,18.7,DSL Braves,Total,D-BRV,- - -,,,7,20,27,2,2,0,0,0,0,1,6,0,4,1,0,0,0,3,1,.100,22.2%,14.8%,1.500,.333,.100,.433,.000,,.125,,2.4,-2.3,.253,51
Brendan Durfee,826545,last_60,AA,25.1,San Antonio Missions,Total,SA,- - -,,,14,47,54,6,2,2,0,2,5,5,6,0,21,0,1,0,2,0,0,.128,11.1%,38.9%,.286,.222,.298,.520,.170,,.160,,2.8,-4.9,.239,36
Ronny Cruz,826723,last_60,A+,20.0,Wilmington Blue Rocks,Total,WIL,- - -,,,25,91,105,22,10,6,0,6,18,18,12,0,17,1,1,0,2,18,1,.242,11.4%,16.2%,.706,.333,.505,.839,.264,,.232,,17.0,2.6,.370,118
Owen Carey,826928,last_60,AA,20.1,Columbus Clingstones,Total,COL,- - -,,,31,119,135,26,17,5,2,2,15,17,11,0,36,3,2,0,3,2,1,.218,8.1%,26.7%,.306,.296,.345,.641,.126,,.289,,13.2,-4.9,.293,73
Jay McQueen,827084,last_60,A,19.9,Hickory Crawdads,Total,HIC,- - -,,,19,66,78,21,19,2,0,0,13,7,11,1,16,1,0,0,3,1,2,.318,14.1%,20.5%,.688,.423,.348,.772,.030,,.420,,12.2,1.6,.360,115
Jhon Franganten,827274,last_60,DSL,17.0,DSL Cardinals,Total,D-CAR,- - -,,,9,29,37,8,4,3,1,0,3,11,7,0,11,1,0,0,1,0,0,.276,18.9%,29.7%,.636,.432,.448,.881,.172,,.444,,7.6,1.2,.402,119
Carlos Renzullo,827281,last_60,A,19.9,Fresno Grizzlies,Total,FRE,- - -,,,20,66,81,16,15,1,0,0,6,5,12,0,11,1,0,2,1,2,2,.242,14.8%,13.6%,1.091,.367,.258,.625,.015,,.291,,8.9,-3.0,.307,75
Diwarys Encarnacion,827285,last_60,DSL,20.8,DSL Marlins,Total,D-MRL,- - -,,,5,11,11,3,2,0,1,0,3,3,0,0,3,0,0,0,0,0,0,.273,0.0%,27.3%,.000,.273,.455,.727,.182,,.375,,1.5,-0.4,.314,79
Paul Gutierrez-Contreras II,827290,last_60,A,21.1,Tampa Tarpons,Total,TAM,- - -,,,14,55,67,16,12,1,1,2,13,10,8,0,9,2,2,0,1,3,2,.291,11.9%,13.4%,.889,.388,.455,.843,.164,,.304,,11.1,1.3,.377,113
Edgar Alvarez,827294,last_60,AA,25.6,Knoxville Smokies,Total,KNX,- - -,,,24,80,98,23,14,7,0,2,15,14,16,0,21,0,2,0,3,0,1,.287,16.3%,21.4%,.762,.398,.450,.848,.163,,.356,,16.4,3.3,.382,125
Richard De Los Santos,827342,last_60,DSL,17.2,DSL Colorado,Total,D-COL,- - -,,,4,12,13,1,1,0,0,0,3,0,0,0,4,1,0,0,0,1,0,.083,0.0%,30.8%,.000,.154,.083,.237,.000,,.125,,-0.1,-2.4,.127,-6
Oscar Borges,827382,last_60,DSL,17.9,DSL Pirates Black,Total,D-PIB,- - -,,,6,17,24,4,4,0,0,0,1,4,6,0,2,0,1,0,0,0,0,.235,25.0%,8.3%,3.000,.417,.235,.652,.000,,.250,,3.6,-0.6,.329,86
Nelson Prieto,827413,last_60,DSL,18.9,DSL Phillies,Total,D-PHI,- - -,,,6,19,22,7,4,1,0,2,5,5,3,0,7,0,0,0,0,0,2,.368,13.6%,31.8%,.429,.455,.737,1.191,.368,,.500,,6.4,2.6,.513,169
Deivis Velasquez,827414,last_60,DSL,18.9,DSL Phillies,Total,D-PHI,- - -,,,5,14,17,4,3,1,0,0,3,2,3,0,1,0,0,0,0,2,0,.286,17.6%,5.9%,3.000,.412,.357,.769,.071,,.308,,3.0,0.0,.362,101
Nieves Izaguirre,827417,last_60,DSL,18.6,DSL Phillies,Total,D-PHI,- - -,,,6,20,22,3,0,2,1,0,4,3,2,0,5,0,0,0,0,0,1,.150,9.1%,22.7%,.400,.227,.350,.577,.200,,.200,,2.0,-1.8,.257,53
Carlos Severino,827423,last_60,DSL,18.4,DSL Phillies,Total,D-PHI,- - -,,,4,11,17,2,1,1,0,0,4,5,5,0,6,0,1,0,0,0,1,.182,29.4%,35.3%,.833,.412,.273,.684,.091,,.333,,2.6,-0.3,.339,90
Elian Adames,827424,last_60,DSL,18.9,DSL Phillies,Total,D-PHI,- - -,,,7,24,29,8,7,1,0,0,5,4,4,0,5,1,0,0,1,1,1,.333,13.8%,17.2%,.800,.448,.375,.823,.042,,.421,,5.6,0.6,.388,112
Dayber Cruceta,827426,last_60,DSL,18.4,DSL Phillies,Total,D-PHI,- - -,,,4,9,12,0,0,0,0,0,1,0,3,0,2,0,0,0,0,1,0,.000,25.0%,16.7%,1.500,.250,.000,.250,.000,,.000,,0.4,-1.7,.178,17
Hector Salas,827504,last_60,A+,22.4,Asheville Tourists,Total,ASH,- - -,,,19,57,70,15,14,0,0,1,12,3,11,0,16,1,0,1,1,4,0,.263,15.7%,22.9%,.688,.391,.316,.707,.053,,.350,,9.2,-0.7,.339,93
Kyle Lodise,827517,last_60,A+,22.9,Winston-Salem Dash,Total,WS,- - -,,,25,100,123,29,14,7,2,6,24,22,21,0,37,1,1,0,1,10,1,.290,17.1%,30.1%,.568,.415,.580,.995,.290,,.397,,26.1,9.2,.434,155
Colby Turner,827522,last_60,A,21.8,Fort Myers Mighty Mussels,Total,FTM,- - -,,,19,70,83,25,19,2,1,3,14,17,7,0,15,5,1,0,2,7,2,.357,8.4%,18.1%,.467,.446,.543,.989,.186,,.415,,17.8,5.7,.440,147
Michael Hallquist,827624,last_60,A+,24.8,South Bend Cubs,Total,SB,- - -,,,12,40,45,6,3,2,0,1,5,3,4,0,16,0,1,0,1,2,0,.150,8.9%,35.6%,.250,.222,.275,.497,.125,,.208,,2.2,-4.0,.228,36
Garrett Howe,827628,last_60,A+,24.2,Lake County Captains,Total,LC,- - -,,,22,67,85,12,9,2,0,1,9,7,16,0,24,1,1,0,1,2,0,.179,18.8%,28.2%,.667,.341,.254,.595,.075,,.256,,8.5,-3.1,.294,73
Austin Machado,827629,last_60,AA,25.3,Columbus Clingstones,Total,COL,- - -,,,3,10,11,0,0,0,0,0,0,0,1,0,2,0,0,0,0,0,0,.000,9.1%,18.2%,.500,.091,.000,.091,.000,,.000,,-0.9,-2.4,.065,-60
Trent Youngblood,827636,last_60,AAA,25.0,Reno Aces,Total,RNO,- - -,,,34,132,157,39,25,6,3,5,31,17,21,0,31,4,0,0,1,4,3,.295,13.4%,19.7%,.677,.408,.500,.908,.205,,.354,,28.6,6.4,.407,129
Dalton McIntyre,827637,last_60,AA,23.2,Columbus Clingstones,Total,COL,- - -,,,13,40,47,6,6,0,0,0,7,2,6,0,14,0,0,1,0,3,0,.150,12.8%,29.8%,.429,.261,.150,.411,.000,,.231,,1.6,-4.7,.211,26
Cesar Paredes,827650,last_60,DSL,18.2,DSL Angels,Total,D-ANG,- - -,,,7,18,24,4,1,1,1,1,5,8,3,0,5,1,1,1,0,4,1,.222,12.5%,20.8%,.600,.348,.556,.903,.333,,.231,,4.6,0.4,.384,111
Dillon Lewis,827665,last_60,AA,23.3,Pensacola Blue Wahoos,Total,PNS,- - -,,,23,93,95,23,19,2,1,1,5,5,2,0,25,0,0,0,3,6,1,.247,2.1%,26.3%,.080,.263,.323,.586,.075,,.328,,7.1,-5.6,.264,56
Reed Stallman,827671,last_60,A,23.5,St. Lucie Mets,Total,SLU,- - -,,,15,49,56,12,8,4,0,0,4,0,6,0,18,1,0,0,0,0,0,.245,10.7%,32.1%,.333,.339,.327,.666,.082,,.387,,6.4,-1.7,.312,79
Jude Warwick,827672,last_60,A,21.0,Lakeland Flying Tigers,Total,LAK,- - -,,,21,66,76,11,6,3,0,2,9,7,9,0,24,0,1,0,0,2,0,.167,11.8%,31.6%,.375,.263,.303,.566,.136,,.220,,5.8,-5.3,.263,52
Jake Munroe,827719,last_60,AA,23.0,Rocket City Trash Pandas,Total,RCT,- - -,,,28,104,128,31,20,5,1,5,29,14,15,0,23,8,1,0,3,1,1,.298,11.7%,18.0%,.652,.422,.510,.931,.212,,.338,,25.0,7.9,.418,146
Hanley Ramirez,827755,last_60,DSL,19.2,DSL Pirates Gold,Total,D-PIG,- - -,,,7,17,23,6,5,1,0,0,5,1,5,0,6,1,0,0,0,0,1,.353,21.7%,26.1%,.833,.522,.412,.934,.059,,.545,,5.4,1.4,.441,136
Daniel Bucciero,827759,last_60,A+,21.9,Lansing Lugnuts,Total,LAN,- - -,,,21,81,93,17,11,3,1,2,11,13,12,0,28,0,0,0,1,0,2,.210,12.9%,30.1%,.429,.312,.346,.658,.136,,.294,,10.1,-2.7,.304,79
Franklin Merisu,828002,last_60,DSL,18.2,DSL Rays,Total,D-RAY,- - -,,,8,26,28,6,5,1,0,0,2,4,2,0,5,0,0,0,2,1,2,.231,7.1%,17.9%,.400,.286,.269,.555,.038,,.286,,2.6,-2.2,.260,54
TJ Ford,828074,last_60,A,20.5,Rancho Cucamonga Quakes,Total,RC,- - -,,,12,44,48,6,6,0,0,0,2,2,3,0,20,1,0,0,1,4,0,.136,6.2%,41.7%,.150,.208,.136,.345,.000,,.250,,0.3,-6.8,.174,4
Dax Kilby,828076,last_60,A,19.8,Tampa Tarpons,Total,TAM,- - -,,,22,78,109,20,14,1,2,3,22,15,31,0,21,0,0,0,1,9,2,.256,28.4%,19.3%,1.476,.468,.436,.904,.179,,.315,,21.6,5.7,.419,136
JoJo Parker,828098,last_60,A+,20.1,Vancouver Canadians,Total,VAN,- - -,,,21,79,97,25,18,6,1,0,17,7,17,0,18,1,0,0,1,6,1,.316,17.5%,18.6%,.944,.443,.418,.861,.101,,.410,,17.6,3.1,.398,121
Aidan West,828140,last_60,A,19.3,Ontario Tower Buzzers,Total,ONT,- - -,,,6,22,22,6,4,1,0,1,1,5,0,0,5,0,0,0,0,0,0,.273,0.0%,22.7%,.000,.273,.455,.727,.182,,.312,,2.7,-0.6,.320,82
Conor Essenburg,828148,last_60,A+,20.0,Rome Emperors,Total,ROM,- - -,,,25,86,118,20,11,6,0,3,27,14,27,0,28,3,2,0,0,5,0,.233,22.9%,23.7%,.964,.424,.407,.831,.174,,.298,,20.6,4.4,.386,127
Slater de Brun,828173,last_60,A,19.2,Charleston RiverDogs,Total,CHS,- - -,,,21,73,99,21,19,2,0,0,20,3,15,0,13,11,0,0,0,16,3,.288,15.2%,13.1%,1.154,.475,.315,.790,.027,,.350,,17.8,4.4,.391,133
Bruin Agbayani,828202,last_60,A,19.4,St. Lucie Mets,Total,SLU,- - -,,,3,12,13,2,1,1,0,0,1,2,1,0,5,0,0,0,0,1,0,.167,7.7%,38.5%,.200,.231,.250,.481,.083,,.286,,0.6,-1.3,.224,32
Cooper Flemming,828237,last_60,A,20.1,Charleston RiverDogs,Total,CHS,- - -,,,22,90,99,25,15,7,1,2,16,17,5,0,22,3,1,0,1,3,2,.278,5.1%,22.2%,.227,.333,.444,.778,.167,,.343,,14.4,1.0,.347,107
Ethan Conrad,828255,last_60,A,22.1,Myrtle Beach Pelicans,Total,MB,- - -,,,9,35,41,13,6,3,2,2,9,10,6,0,7,0,0,0,0,0,0,.371,14.6%,17.1%,.857,.463,.743,1.206,.371,,.423,,11.3,5.7,.515,203
Jaden Fauske,828262,last_60,A,19.8,Kannapolis Cannon Ballers,Total,KAN,- - -,,,24,87,114,20,15,4,1,0,19,10,26,0,27,0,1,0,0,9,3,.230,22.8%,23.7%,.963,.404,.299,.702,.069,,.328,,16.1,0.6,.342,104
Jaiden Lo Re,828318,last_60,A,19.5,Delmarva Shorebirds,Total,DEL,- - -,,,24,84,100,23,17,4,1,1,10,15,13,0,12,2,1,0,1,4,2,.274,13.0%,12.0%,1.083,.380,.381,.761,.107,,.306,,14.8,1.2,.351,109
John Smith III,828333,last_60,A,22.7,St. Lucie Mets,Total,SLU,- - -,,,10,38,43,11,7,3,0,1,6,3,3,0,8,2,0,0,3,3,0,.289,7.0%,18.6%,.375,.372,.447,.819,.158,,.345,,7.0,0.9,.372,115
Titus Dumitru,828335,last_60,AA,23.3,Altoona Curve,Total,ALT,- - -,,,27,102,117,26,18,6,1,1,17,15,12,0,21,1,2,0,2,1,5,.255,10.3%,17.9%,.571,.333,.363,.696,.108,,.305,,14.0,-1.8,.318,88
Stharling De Los Santos,828377,last_60,DSL,18.5,DSL Cubs Blue,Total,D-CUB,- - -,,,1,3,3,2,1,1,0,0,0,0,0,0,0,0,0,0,0,0,0,.667,0.0%,0.0%,,.667,1.000,1.667,.333,,.667,,1.4,0.9,.735,270
Jason Schiavone,828395,last_60,AAA,23.5,Sugar Land Space Cowboys,Total,SUG,- - -,,,32,113,129,25,9,7,0,9,17,24,14,0,47,2,0,0,2,8,4,.221,10.9%,36.4%,.298,.318,.522,.840,.301,,.281,,19.7,1.6,.370,109
Evan Bouldin,828408,last_60,A,22.4,Clearwater Threshers,Total,CLR,- - -,,,1,4,4,1,1,0,0,0,0,1,0,0,0,0,0,0,1,0,0,.250,0.0%,0.0%,,.250,.250,.500,.000,,.250,,0.2,-0.4,.228,33
Andy Polanco,828489,last_60,A,21.4,San Jose Giants,Total,SJ,- - -,,,13,49,55,18,14,4,0,0,7,4,6,0,13,0,0,0,4,6,5,.367,10.9%,23.6%,.462,.436,.449,.885,.082,,.500,,10.2,2.1,.403,126
Braylon Whitaker,828519,last_60,A+,20.5,Frederick Keys,Total,FRE,- - -,,,18,56,64,11,6,3,1,1,6,5,8,0,9,0,0,0,0,5,1,.196,12.5%,14.1%,.889,.297,.339,.636,.143,,.217,,6.6,-2.2,.293,75
Blaine Bullard,828557,last_60,A,20.1,Dunedin Blue Jays,Total,DUN,- - -,,,17,66,72,10,8,2,0,0,4,8,4,0,24,1,1,0,1,4,1,.152,5.6%,33.3%,.167,.208,.182,.390,.030,,.233,,1.2,-9.3,.187,12
Max Durrington,828589,last_60,A,19.6,Stockton Ports,Total,STK,- - -,,,20,58,72,17,14,2,0,1,10,5,11,0,11,2,0,1,1,7,0,.293,15.3%,15.3%,1.000,.423,.379,.802,.086,,.348,,11.9,1.2,.377,112
Lucas Spence,828599,last_60,AAA,23.6,Sugar Land Space Cowboys,Total,SUG,- - -,,,32,105,129,20,8,4,1,7,16,15,24,0,30,0,0,0,3,4,0,.190,18.6%,23.3%,.800,.341,.448,.789,.257,,.191,,18.2,0.9,.356,105
Parker Coddou,828620,last_60,A+,24.4,Spokane Indians,Total,SPO,- - -,,,7,24,28,4,3,0,0,1,6,3,2,0,5,1,1,0,1,3,0,.167,7.1%,17.9%,.400,.250,.292,.542,.125,,.158,,1.8,-2.3,.250,44
Aiden Robbins,828657,last_60,A,21.6,St. Lucie Mets,Total,SLU,- - -,,,21,76,89,21,15,1,0,5,11,15,13,0,24,0,0,0,2,3,0,.276,14.6%,27.0%,.542,.382,.487,.869,.211,,.340,,15.7,2.9,.390,123
Ching-Hsien Ko,828667,last_60,A,20.1,Ontario Tower Buzzers,Total,ONT,- - -,,,25,95,117,25,16,2,2,5,22,16,19,1,25,2,1,0,0,0,0,.263,16.2%,21.4%,.760,.393,.484,.877,.221,,.303,,20.5,3.3,.390,119
Taitn Gray,828685,last_60,A,19.1,Charleston RiverDogs,Total,CHS,- - -,,,22,78,89,26,18,6,0,2,10,20,8,0,16,1,2,0,1,8,3,.333,9.0%,18.0%,.500,.393,.487,.880,.154,,.387,,16.0,3.9,.391,132
Daniel Jackson,828714,last_60,A,21.8,Fresno Grizzlies,Total,FRE,- - -,,,22,81,98,25,14,5,0,6,20,19,14,0,22,1,2,0,0,3,0,.309,14.3%,22.4%,.636,.408,.593,1.001,.284,,.345,,20.6,6.1,.434,142
Abel Valdes,828785,last_60,DSL,20.1,DSL Rangers Red,Total,D-RNR,- - -,,,3,11,15,3,2,0,0,1,2,2,4,0,1,0,0,0,0,0,0,.273,26.7%,6.7%,4.000,.467,.545,1.012,.273,,.222,,3.7,1.1,.452,141
Wessley Roberson,828808,last_60,A,18.5,Jupiter Hammerheads,Total,JUP,- - -,,,6,18,25,5,3,2,0,0,8,1,7,0,9,0,0,0,0,4,0,.278,28.0%,36.0%,.778,.480,.389,.869,.111,,.556,,4.8,1.2,.412,132
Tyler Spangler,828811,last_60,A,18.9,Clearwater Threshers,Total,CLR,- - -,,,9,34,42,6,4,1,0,1,9,6,6,0,10,1,1,0,1,0,0,.176,14.3%,23.8%,.600,.310,.294,.604,.118,,.208,,4.0,-2.1,.287,65
Josiah Ragsdale,828824,last_60,AA,22.7,Springfield Cardinals,Total,SPR,- - -,,,27,106,128,25,17,3,1,4,22,12,17,0,32,3,2,0,4,6,0,.236,13.3%,25.0%,.531,.352,.396,.748,.160,,.292,,16.9,-1.4,.342,92
Elliot Lascelles,828900,last_60,A,18.6,Lake Elsinore Storm,Total,LE,- - -,,,15,56,64,18,13,4,1,0,11,5,7,0,10,1,0,0,0,6,0,.321,10.9%,15.6%,.700,.406,.429,.835,.107,,.391,,10.8,1.3,.381,114
Tyson Moran,828903,last_60,A,20.6,Columbia Fireflies,Total,COL,- - -,,,16,57,63,14,11,1,1,1,7,6,6,0,9,0,0,0,1,2,0,.246,9.5%,14.3%,.667,.317,.351,.668,.105,,.277,,7.2,-1.4,.307,84
Elian Peña,829033,last_60,A,18.8,St. Lucie Mets,Total,SLU,- - -,,,24,95,110,19,11,4,1,3,16,12,14,0,35,0,1,0,1,3,2,.200,12.7%,31.8%,.400,.300,.358,.658,.158,,.276,,11.9,-3.6,.301,77
Josuar Gonzalez,829034,last_60,A,18.9,San Jose Giants,Total,SJ,- - -,,,22,95,111,35,23,6,5,1,25,26,15,0,23,0,1,0,2,11,2,.368,13.5%,20.7%,.652,.450,.568,1.019,.200,,.472,,24.4,8.1,.447,149
Kendry Martínez,829036,last_60,DSL,18.9,DSL Mariners,Total,D-MRN,- - -,,,5,14,16,5,5,0,0,0,2,3,2,0,4,0,0,0,0,0,0,.357,12.5%,25.0%,.500,.438,.357,.795,.000,,.500,,2.9,0.2,.373,106
Kevin Alvarez,829037,last_60,A,18.6,Fayetteville Woodpeckers,Total,FAY,- - -,,,20,73,87,15,10,3,0,2,9,12,11,0,20,1,2,0,2,3,3,.205,12.6%,23.0%,.550,.310,.329,.639,.123,,.245,,9.2,-2.6,.296,78
Cris Rodriguez,829038,last_60,A,18.6,Lakeland Flying Tigers,Total,LAK,- - -,,,8,32,33,11,3,4,1,3,7,9,1,0,13,0,0,0,3,0,1,.344,3.0%,39.4%,.077,.364,.812,1.176,.469,,.500,,8.7,3.9,.503,181
Juan Cabada,829040,last_60,A,18.3,Myrtle Beach Pelicans,Total,MB,- - -,,,17,65,74,14,10,2,0,2,5,13,3,0,18,5,1,0,0,1,1,.215,4.1%,24.3%,.167,.297,.338,.636,.123,,.261,,7.7,-2.3,.294,77
Ayden Johnson,829042,last_60,DSL,18.5,DSL Athletics,Total,D-ATH,- - -,,,7,18,21,6,6,0,0,0,5,2,3,0,8,0,0,0,0,2,0,.333,14.3%,38.1%,.375,.429,.333,.762,.000,,.600,,3.6,0.0,.362,100
Maykel Coret,829044,last_60,DSL,18.9,DSL Tampa Bay,Total,D-TAM,- - -,,,9,38,40,15,9,3,1,2,8,9,2,0,9,0,0,0,0,2,2,.395,5.0%,22.5%,.222,.425,.684,1.109,.289,,.481,,10.7,3.9,.484,156
Yorger Bautista,829045,last_60,A,19.0,Inland Empire 66ers,Total,IE,- - -,,,21,92,98,21,16,4,0,1,8,11,4,0,31,1,1,0,3,3,1,.228,4.1%,31.6%,.129,.265,.304,.570,.076,,.328,,7.2,-7.3,.260,50
Warel Solano,829046,last_60,DSL,18.9,DSL Tampa Bay,Total,D-TAM,- - -,,,9,31,38,10,8,0,1,1,10,3,5,0,8,2,0,0,1,1,1,.323,13.2%,21.1%,.625,.447,.484,.931,.161,,.409,,8.4,1.9,.423,128
Darwing Ozuna,829048,last_60,DSL,18.4,DSL Athletics,Total,D-ATH,- - -,,,9,33,38,10,7,2,0,1,9,8,4,0,6,1,0,0,0,3,1,.303,10.5%,15.8%,.667,.395,.455,.849,.152,,.346,,7.3,0.7,.386,111
Larry Suero,829050,last_60,DSL,18.3,DSL Colorado,Total,D-COL,- - -,,,4,10,18,1,1,0,0,0,6,0,6,0,2,2,0,0,0,1,0,.100,33.3%,11.1%,3.000,.500,.100,.600,.000,,.125,,3.2,0.1,.370,104
Breyson Guedez,829052,last_60,A+,18.9,Lansing Lugnuts,Total,LAN,- - -,,,25,104,115,29,24,3,0,2,17,18,4,0,21,4,2,0,5,0,0,.279,3.5%,18.3%,.190,.325,.365,.690,.087,,.325,,13.3,-2.5,.314,84
Eliomar Garces,829055,last_60,DSL,18.8,DSL Tampa Bay,Total,D-TAM,- - -,,,9,32,41,11,11,0,0,0,9,5,7,0,5,1,0,1,0,2,0,.344,17.1%,12.2%,1.400,.475,.344,.819,.000,,.407,,8.1,1.0,.393,115
Cristopher Polanco,829057,last_60,DSL,18.6,DSL Blue Jays Blue,Total,D-BJB,- - -,,,8,24,31,6,4,1,0,1,5,6,6,0,9,1,0,0,0,0,1,.250,19.4%,29.0%,.667,.419,.417,.836,.167,,.357,,6.0,0.7,.389,113
Gabriel Davalillo,829058,last_60,A,18.8,Rancho Cucamonga Quakes,Total,RC,- - -,,,23,81,102,20,12,6,0,2,12,8,14,0,30,4,3,0,4,0,0,.247,13.7%,29.4%,.467,.373,.395,.768,.148,,.346,,14.8,-0.3,.351,98
Heins Brito,829065,last_60,DSL,18.7,DSL CLE Goryl,Total,D-CLG,- - -,,,3,9,11,3,1,1,1,0,2,0,1,0,2,1,0,0,0,0,0,.333,9.1%,18.2%,.500,.455,.667,1.121,.333,,.429,,2.9,1.0,.482,155
Raymer Medina,829068,last_60,DSL,18.8,DSL Tampa Bay,Total,D-TAM,- - -,,,9,32,39,4,3,0,0,1,4,8,5,0,7,0,2,0,1,1,0,.125,12.8%,17.9%,.714,.231,.219,.450,.094,,.115,,2.3,-4.4,.215,34
Juan Brima,829070,last_60,DSL,18.9,DSL Arizona Red,Total,D-ARR,- - -,,,7,22,28,6,4,2,0,0,5,0,5,0,7,1,0,0,0,1,0,.273,17.9%,25.0%,.714,.429,.364,.792,.091,,.400,,5.2,0.3,.376,107
Warren Calcaño,829071,last_60,DSL,18.8,DSL Royals Ventura,Total,D-ROV,- - -,,,6,17,23,6,5,0,1,0,8,6,5,0,4,0,0,1,0,4,0,.353,21.7%,17.4%,1.250,.500,.471,.971,.118,,.462,,5.4,1.5,.443,137
Brailyn Antunez,829073,last_60,A,18.8,Wilson Warbirds,Total,WIL,- - -,,,24,87,106,26,20,3,1,2,17,20,12,0,28,6,0,0,4,4,3,.299,11.3%,26.4%,.429,.419,.425,.844,.126,,.421,,19.0,4.6,.390,132
Hiverson López,829075,last_60,DSL,18.6,DSL CLE Mendoza,Total,D-CLM,- - -,,,8,25,34,11,7,2,1,1,9,2,5,0,3,4,0,0,0,3,1,.440,14.7%,8.8%,1.667,.588,.720,1.308,.280,,.476,,11.3,5.5,.566,193
Jhomnardo Reyes,829076,last_60,A,18.9,Delmarva Shorebirds,Total,DEL,- - -,,,24,91,102,21,19,1,1,0,14,5,10,0,24,1,0,0,2,5,3,.231,9.8%,23.5%,.417,.314,.264,.577,.033,,.313,,9.2,-4.7,.275,66
Kenly Hunter,829077,last_60,A,18.3,Palm Beach Cardinals,Total,PMB,- - -,,,3,13,14,3,3,0,0,0,2,1,0,0,3,1,0,0,0,1,1,.231,0.0%,21.4%,.000,.286,.231,.516,.000,,.300,,0.9,-1.1,.248,44
Djean Macares,829079,last_60,DSL,18.3,DSL Giants Black,Total,D-GIB,- - -,,,7,25,30,8,6,2,0,0,5,7,2,0,1,0,2,1,0,4,0,.320,6.7%,3.3%,2.000,.345,.400,.745,.080,,.308,,4.4,-0.8,.327,85
Romeli Espinosa,829089,last_60,A,18.2,Clearwater Threshers,Total,CLR,- - -,,,5,13,14,3,2,0,1,0,1,1,1,0,5,0,0,0,0,1,0,.231,7.1%,35.7%,.200,.286,.385,.670,.154,,.375,,1.5,-0.5,.298,76
Enry Torres,829095,last_60,DSL,18.4,DSL Reds,Total,D-RED,- - -,,,6,18,24,4,2,2,0,0,3,3,5,0,2,1,0,0,0,1,0,.222,20.8%,8.3%,2.500,.417,.333,.750,.111,,.250,,4.2,0.0,.363,101
David Ortiz Jr.,829127,last_60,DSL,19.0,DSL Rangers Red,Total,D-RNR,- - -,,,8,25,35,4,3,1,0,0,6,2,7,0,10,3,0,0,0,1,0,.160,20.0%,28.6%,.700,.400,.200,.600,.040,,.267,,4.9,-1.1,.321,82
Steele Hall,829162,last_60,A,19.1,Daytona Tortugas,Total,DBT,- - -,,,19,71,88,12,5,6,0,1,12,7,16,0,29,0,1,0,0,5,1,.169,18.2%,33.0%,.552,.318,.296,.614,.127,,.262,,8.8,-4.0,.293,69
Yamvier Carrero,829166,last_60,A,20.0,Augusta GreenJackets,Total,AUG,- - -,,,18,62,72,17,14,1,0,2,6,9,10,0,18,0,0,0,1,2,1,.274,13.9%,25.0%,.556,.375,.387,.762,.113,,.357,,10.8,1.0,.352,110
Joephillip Guzman,829191,last_60,A,19.6,Delmarva Shorebirds,Total,DEL,- - -,,,2,5,6,1,1,0,0,0,1,0,1,0,4,0,0,0,0,0,0,.200,16.7%,66.7%,.250,.333,.200,.533,.000,,1.000,,0.5,-0.3,.270,63
Ty Harvey,829210,last_60,A,20.1,Lake Elsinore Storm,Total,LE,- - -,,,20,78,88,14,10,1,1,2,9,11,9,0,29,0,1,0,0,2,0,.179,10.2%,33.0%,.310,.261,.295,.556,.115,,.250,,6.3,-6.7,.257,49
Arturo Flores,829251,last_60,A,21.0,Fayetteville Woodpeckers,Total,FAY,- - -,,,15,45,58,13,10,1,0,2,12,7,11,0,18,1,0,0,1,0,0,.289,19.0%,31.0%,.611,.439,.444,.883,.156,,.440,,11.2,3.3,.407,141
Noah Franklin,829252,last_60,A,20.0,Hickory Crawdads,Total,HIC,- - -,,,12,39,50,9,7,2,0,0,4,1,9,0,12,2,0,0,1,1,0,.231,18.0%,24.0%,.750,.400,.282,.682,.051,,.333,,6.9,0.1,.337,101
Diomar Hidalgo,829304,last_60,DSL,19.2,DSL Red Sox Red,Total,D-RSR,- - -,,,6,20,25,5,3,2,0,0,3,2,4,0,4,1,0,0,0,1,1,.250,16.0%,16.0%,1.000,.400,.350,.750,.100,,.312,,4.2,-0.1,.356,98
Nick Becker,829306,last_60,A,19.8,Inland Empire 66ers,Total,IE,- - -,,,20,69,89,11,8,3,0,0,12,10,15,0,27,3,2,0,2,9,1,.159,16.9%,30.3%,.556,.326,.203,.529,.043,,.250,,7.3,-5.9,.270,55
Javen Maduro,829367,last_60,DSL,17.8,DSL Phillies,Total,D-PHI,- - -,,,5,14,19,2,2,0,0,0,5,0,4,0,2,0,0,1,0,1,1,.143,21.1%,10.5%,2.000,.333,.143,.476,.000,,.167,,1.8,-1.5,.259,54
Sebastian Saenz,829368,last_60,DSL,17.8,DSL Phillies,Total,D-PHI,- - -,,,7,22,26,10,9,1,0,0,4,6,2,0,2,1,0,1,1,1,0,.455,7.7%,7.7%,1.000,.520,.500,1.020,.045,,.500,,6.6,2.1,.466,148
Adonanfer Reyes,829371,last_60,DSL,17.4,DSL Angels,Total,D-ANG,- - -,,,8,20,25,4,3,1,0,0,5,1,3,0,5,0,1,1,0,2,0,.200,12.0%,20.0%,.600,.292,.250,.542,.050,,.250,,2.3,-2.0,.257,53
Franklin Primera,829398,last_60,A,19.2,Salem RidgeYaks,Total,SAL,- - -,,,22,78,98,28,21,3,1,3,15,15,13,0,9,7,0,0,0,2,1,.359,13.3%,9.2%,1.444,.490,.538,1.028,.179,,.379,,23.2,9.9,.463,174
Andruw Zambrano,829399,last_60,DSL,20.4,DSL Red Sox Red,Total,D-RSR,- - -,,,2,5,6,0,0,0,0,0,0,0,1,0,3,0,0,0,0,0,0,.000,16.7%,50.0%,.333,.167,.000,.167,.000,,.000,,-0.1,-1.1,.118,-10
Luis Gutierrez,829458,last_60,DSL,20.3,DSL Royals Ventura,Total,D-ROV,- - -,,,7,16,16,5,4,1,0,0,4,2,0,0,4,0,0,0,0,0,0,.312,0.0%,25.0%,.000,.312,.375,.688,.062,,.417,,2.1,-0.7,.308,76
Antoni Urena,829482,last_60,DSL,19.7,DSL LAD Mega,Total,D-LAM,- - -,,,7,22,32,3,3,0,0,0,5,1,10,0,10,0,0,0,0,1,0,.136,31.2%,31.2%,1.000,.406,.136,.543,.000,,.250,,4.2,-1.3,.307,76
Alfred Ciriaco,829486,last_60,DSL,19.9,DSL NYY Bombers,Total,D-NYB,- - -,,,8,17,26,7,3,3,1,0,5,6,6,0,4,2,1,0,0,1,1,.412,23.1%,15.4%,1.500,.577,.706,1.283,.294,,.500,,8.1,3.6,.539,181
Hendry Arvelo,829498,last_60,DSL,19.7,DSL LAD Mega,Total,D-LAM,- - -,,,6,17,22,4,3,0,1,0,3,5,4,0,2,0,1,0,0,3,0,.235,18.2%,9.1%,2.000,.364,.353,.717,.118,,.250,,3.2,-0.6,.328,85
Stiven Marinez,829501,last_60,DSL,19.0,DSL NYY Yankees,Total,D-NYY,- - -,,,8,28,35,9,4,2,1,2,9,4,3,0,3,2,2,0,0,7,1,.321,8.6%,8.6%,1.000,.400,.679,1.079,.357,,.280,,8.4,2.4,.449,140
Jhonny Chaparro,829502,last_60,DSL,19.6,DSL Cardinals,Total,D-CAR,- - -,,,5,15,18,1,0,0,1,0,1,1,3,0,4,0,0,0,0,0,0,.067,16.7%,22.2%,.750,.222,.200,.422,.133,,.091,,1.0,-2.1,.210,32
Jacob McCombs,829643,last_60,A+,22.2,Cedar Rapids Kernels,Total,CR,- - -,,,9,33,39,8,6,0,1,1,5,5,3,0,7,2,1,0,0,2,1,.242,7.7%,17.9%,.429,.333,.394,.727,.152,,.269,,5.0,-0.4,.329,93
Colin Yeaman,829649,last_60,A+,22.4,Frederick Keys,Total,FRE,- - -,,,18,55,72,5,2,2,0,1,8,3,14,0,26,3,0,0,0,9,0,.091,19.4%,36.1%,.538,.306,.182,.487,.091,,.143,,5.5,-4.4,.260,55
Brayden Smith,829670,last_60,A+,22.7,Peoria Chiefs,Total,PEO,- - -,,,21,82,90,23,13,6,1,3,12,10,7,0,29,1,0,0,0,3,2,.280,7.8%,32.2%,.241,.344,.488,.832,.207,,.400,,14.4,2.0,.370,116
Shotaro Morii,829679,last_60,A,19.7,Stockton Ports,Total,STK,- - -,,,10,35,38,7,6,0,1,0,3,1,3,0,12,0,0,0,0,0,1,.200,7.9%,31.6%,.250,.263,.257,.520,.057,,.304,,2.3,-3.3,.243,41
Edgardo Figueroa,829702,last_60,AA,19.0,Harrisburg Senators,Total,HBG,- - -,,,1,1,1,1,0,0,1,0,1,1,0,0,0,0,0,0,0,0,0,1.000,0.0%,0.0%,,1.000,3.000,4.000,2.000,,1.000,,1.2,1.0,1.639,850
Fredderick Ovalle,829704,last_60,A,19.1,Bradenton Marauders,Total,BRD,- - -,,,1,3,4,0,0,0,0,0,0,0,1,0,0,0,0,0,0,0,0,.000,25.0%,0.0%,,.250,.000,.250,.000,,.000,,0.0,-0.5,.178,7
Junior Castillo,829706,last_60,DSL,18.9,DSL Nationals,Total,D-NAT,- - -,,,7,16,19,6,5,1,0,0,3,1,3,0,1,0,0,0,0,1,0,.375,15.8%,5.3%,3.000,.474,.438,.911,.062,,.400,,4.2,0.9,.420,127
Albert Medina,829709,last_60,DSL,18.9,DSL Arizona Black,Total,D-ARB,- - -,,,6,15,18,1,1,0,0,0,1,0,0,0,2,3,0,0,0,0,0,.067,0.0%,11.1%,.000,.222,.067,.289,.000,,.077,,0.5,-2.6,.174,16
Adrian Tusen,829711,last_60,DSL,18.9,DSL Nationals,Total,D-NAT,- - -,,,8,24,28,5,3,0,1,1,5,4,3,0,6,1,0,0,0,2,0,.208,10.7%,21.4%,.500,.321,.417,.738,.208,,.235,,4.2,-0.6,.334,88
Sandy Presbot,829715,last_60,DSL,18.8,DSL Marlins,Total,D-MRL,- - -,,,6,21,21,4,2,1,1,0,2,4,0,0,6,0,0,0,0,5,1,.190,0.0%,28.6%,.000,.190,.333,.524,.143,,.267,,1.4,-2.2,.226,39
Jose Pitre,829717,last_60,DSL,18.8,DSL Arizona Red,Total,D-ARR,- - -,,,8,25,27,6,4,1,1,0,6,5,1,0,5,1,0,0,1,0,1,.240,3.7%,18.5%,.200,.296,.360,.656,.120,,.300,,3.3,-1.3,.297,71
Johan Machado,829721,last_60,DSL,18.8,DSL Marlins,Total,D-MRL,- - -,,,8,25,33,7,2,1,1,3,11,5,8,0,3,0,0,0,1,4,1,.280,24.2%,9.1%,2.667,.455,.760,1.215,.480,,.211,,9.5,3.8,.508,167
Esnaider Vargas,829726,last_60,DSL,18.8,DSL Nationals,Total,D-NAT,- - -,,,6,20,20,8,6,1,1,0,4,0,0,0,4,0,0,0,0,2,1,.400,0.0%,20.0%,.000,.400,.550,.950,.150,,.500,,4.4,0.9,.420,127
Yoander Santana,829729,last_60,DSL,18.7,DSL Pirates Black,Total,D-PIB,- - -,,,8,19,23,10,7,3,0,0,6,10,3,0,3,0,1,0,0,4,1,.526,13.0%,13.0%,1.000,.565,.684,1.249,.158,,.588,,7.2,3.2,.538,181
Jonierbis Garces,829730,last_60,DSL,18.7,DSL Nationals,Total,D-NAT,- - -,,,8,27,29,5,5,0,0,0,3,3,1,0,10,1,0,0,2,3,0,.185,3.4%,34.5%,.100,.241,.185,.427,.000,,.294,,1.5,-3.5,.207,30
Luis Garcia,829731,last_60,DSL,18.6,DSL CLE Mendoza,Total,D-CLM,- - -,,,7,19,29,4,3,1,0,0,7,6,8,0,4,1,1,0,0,3,2,.211,27.6%,13.8%,2.000,.448,.263,.711,.053,,.250,,5.0,0.0,.361,100
Diego Martinez,829735,last_60,DSL,18.6,DSL Miami,Total,D-MIA,- - -,,,7,18,25,8,4,2,0,2,4,4,6,0,5,1,0,0,0,0,0,.444,24.0%,20.0%,1.200,.600,.889,1.489,.444,,.545,,9.3,5.0,.618,217
Emile Torres,829736,last_60,DSL,18.6,DSL Rays,Total,D-RAY,- - -,,,8,24,30,4,3,0,0,1,5,3,5,0,8,1,0,0,0,3,0,.167,16.7%,26.7%,.625,.333,.292,.625,.125,,.200,,3.9,-1.3,.305,75
Carlos Salmeron,829738,last_60,DSL,18.6,DSL Athletics,Total,D-ATH,- - -,,,1,1,1,0,0,0,0,0,0,0,0,0,0,0,0,0,0,0,0,.000,0.0%,0.0%,,.000,.000,.000,.000,,.000,,-0.1,-0.3,.000,-63
Anthony Abreu,829740,last_60,DSL,18.6,DSL Marlins,Total,D-MRL,- - -,,,2,2,5,0,0,0,0,0,2,0,3,0,0,0,0,0,0,2,0,.000,60.0%,0.0%,,.600,.000,.600,.000,,.000,,1.1,0.3,.427,130
Sebastian Dos Santos,829741,last_60,A,18.6,Palm Beach Cardinals,Total,PMB,- - -,,,21,68,93,22,12,4,0,6,18,21,19,0,17,4,2,0,0,4,2,.324,20.4%,18.3%,1.118,.484,.647,1.131,.324,,.340,,23.3,9.8,.486,172
Ronny Suarez,829742,last_60,DSL,18.6,DSL Arizona Red,Total,D-ARR,- - -,,,2,6,8,1,1,0,0,0,0,0,2,0,4,0,0,0,0,0,1,.167,25.0%,50.0%,.500,.375,.167,.542,.000,,.500,,0.9,-0.4,.291,69
Aiverson Barazarte,829743,last_60,DSL,18.6,DSL Athletics,Total,D-ATH,- - -,,,7,15,21,5,5,0,0,0,4,4,5,0,3,1,0,0,1,1,0,.333,23.8%,14.3%,1.667,.524,.333,.857,.000,,.417,,4.6,1.0,.421,128
Rodrigo Gonzalez,829745,last_60,DSL,18.6,DSL Arizona Black,Total,D-ARB,- - -,,,5,14,15,2,0,2,0,0,2,0,1,0,6,0,0,0,0,1,0,.143,6.7%,40.0%,.167,.200,.286,.486,.143,,.250,,0.9,-1.6,.220,36
Steven Herrera,829749,last_60,DSL,18.5,DSL Miami,Total,D-MIA,- - -,,,8,25,31,5,4,1,0,0,5,2,6,0,12,0,0,0,0,6,1,.200,19.4%,38.7%,.500,.355,.240,.595,.040,,.385,,3.8,-1.5,.297,71
Victor Santana,829750,last_60,A,18.5,Visalia Rawhide,Total,VIS,- - -,,,20,71,81,19,16,3,0,0,8,12,8,0,16,0,1,0,5,0,0,.268,9.9%,19.8%,.500,.338,.310,.647,.042,,.339,,8.6,-3.3,.302,72
Angel De Los Santos,829751,last_60,A,18.5,Lakeland Flying Tigers,Total,LAK,- - -,,,17,70,79,15,11,3,0,1,12,8,9,0,19,0,0,0,0,8,1,.214,11.4%,24.1%,.474,.304,.300,.604,.086,,.280,,7.3,-4.2,.284,63
Roni Garcia,829753,last_60,DSL,18.4,DSL Mets Blue,Total,D-MEB,- - -,,,1,3,3,0,0,0,0,0,1,0,0,0,0,0,0,0,0,0,0,.000,0.0%,0.0%,,.000,.000,.000,.000,,.000,,-0.3,-0.8,.000,-63
Alam Bruno,829754,last_60,DSL,18.3,DSL Arizona Red,Total,D-ARR,- - -,,,8,28,33,9,7,2,0,0,6,5,4,0,5,1,0,0,0,0,1,.321,12.1%,15.2%,.800,.424,.393,.817,.071,,.391,,6.2,0.5,.380,109
Sterling Bazil,829756,last_60,DSL,18.3,DSL Tigers 2,Total,D-TI2,- - -,,,4,7,14,1,0,0,0,1,5,5,5,0,3,0,1,1,0,1,0,.143,35.7%,21.4%,1.667,.462,.571,1.033,.429,,.000,,3.2,0.8,.436,134
Jose Ramirez,829759,last_60,DSL,18.4,DSL Tigers 1,Total,D-TI1,- - -,,,8,23,26,5,4,1,0,0,6,2,3,0,9,0,0,0,0,3,2,.217,11.5%,34.6%,.333,.308,.261,.569,.043,,.357,,2.7,-1.8,.272,60
Moises Morales,829760,last_60,DSL,18.3,DSL Miami,Total,D-MIA,- - -,,,2,6,7,1,1,0,0,0,1,2,1,0,2,0,0,0,0,0,0,.167,14.3%,28.6%,.500,.286,.167,.452,.000,,.250,,0.5,-0.7,.232,42
Victor Marquez,829762,last_60,DSL,18.2,DSL Pirates Black,Total,D-PIB,- - -,,,7,18,24,4,3,1,0,0,3,2,5,0,4,0,0,1,1,1,0,.222,20.8%,16.7%,1.250,.391,.278,.669,.056,,.286,,3.6,-0.6,.330,86
Ismael Mejia,829765,last_60,DSL,18.1,DSL Arizona Red,Total,D-ARR,- - -,,,8,25,33,5,2,3,0,0,2,6,5,0,7,3,0,0,2,3,1,.200,15.2%,21.2%,.714,.394,.320,.714,.120,,.278,,5.4,-0.3,.348,94
Luis Galan,829766,last_60,DSL,18.0,DSL CLE Mendoza,Total,D-CLM,- - -,,,4,15,16,6,4,1,1,0,3,1,1,0,3,0,0,0,0,1,0,.400,6.2%,18.8%,.333,.438,.600,1.038,.200,,.500,,3.9,1.2,.455,143
Malvin Fernandez,829768,last_60,A+,18.0,Rome Emperors,Total,ROM,- - -,,,2,6,7,0,0,0,0,0,1,0,1,0,3,0,0,0,0,0,0,.000,14.3%,42.9%,.333,.143,.000,.143,.000,,.000,,-0.3,-1.3,.102,-34
Yostin Pena,829769,last_60,A,18.9,Tampa Tarpons,Total,TAM,- - -,,,16,62,73,21,16,0,0,5,17,17,9,0,10,2,0,0,4,7,2,.339,12.3%,13.7%,.900,.438,.581,1.019,.242,,.340,,16.4,5.7,.452,154
Nicolas Barrios,829770,last_60,DSL,18.3,DSL Brewers Blue,Total,D-BWB,- - -,,,1,0,1,0,0,0,0,0,0,1,0,0,0,0,1,0,0,0,0,,0.0%,0.0%,,.000,,.000,.000,,.000,,-0.1,-0.3,.000,-63
Yovanny Duran,829773,last_60,A,18.8,Fort Myers Mighty Mussels,Total,FTM,- - -,,,17,63,75,8,5,3,0,0,8,5,11,0,21,0,1,0,2,7,3,.127,14.7%,28.0%,.524,.253,.175,.428,.048,,.186,,3.0,-7.9,.217,28
Jeshua Mendez,829776,last_60,DSL,18.7,DSL Arizona Black,Total,D-ARB,- - -,,,3,3,7,0,0,0,0,0,1,1,2,0,1,1,1,0,0,2,0,.000,28.6%,14.3%,2.000,.429,.000,.429,.000,,.000,,0.9,-0.3,.309,77
Jesús  Pérez,829777,last_60,DSL,18.9,DSL Cardinals,Total,D-CAR,- - -,,,7,20,26,5,0,4,0,1,6,6,5,0,2,0,1,0,2,1,1,.250,19.2%,7.7%,2.500,.385,.600,.985,.350,,.222,,5.6,1.1,.417,126
Johanderson Tarazona,829784,last_60,DSL,18.2,DSL Brewers Blue,Total,D-BWB,- - -,,,2,6,8,1,1,0,0,0,3,0,2,0,2,0,0,0,0,0,0,.167,25.0%,25.0%,1.000,.375,.167,.542,.000,,.250,,0.9,-0.4,.291,69
Freilyn Rodriguez,829785,last_60,DSL,18.3,DSL CLE Goryl,Total,D-CLG,- - -,,,7,25,27,7,3,2,2,0,7,3,2,0,7,0,0,0,1,0,1,.280,7.4%,25.9%,.286,.333,.520,.853,.240,,.389,,4.9,0.2,.371,105
Yeferson Portolatin,829788,last_60,DSL,18.7,DSL Cardinals,Total,D-CAR,- - -,,,1,1,3,0,0,0,0,0,2,0,1,0,0,1,0,0,0,0,0,.000,33.3%,0.0%,,.667,.000,.667,.000,,.000,,0.8,0.3,.485,156
Eryks Rivero,829790,last_60,DSL,18.8,DSL Brewers Blue,Total,D-BWB,- - -,,,3,6,10,0,0,0,0,0,1,0,1,0,3,3,0,0,0,0,0,.000,10.0%,30.0%,.333,.400,.000,.400,.000,,.000,,1.2,-0.5,.294,70
Miguel Hernández,829791,last_60,A,18.3,Palm Beach Cardinals,Total,PMB,- - -,,,17,48,66,14,8,4,1,1,9,5,14,0,16,4,0,0,1,6,1,.292,21.2%,24.2%,.875,.485,.479,.964,.188,,.419,,14.2,4.6,.441,148
Adrian Silva,829792,last_60,DSL,18.5,DSL Mets Blue,Total,D-MEB,- - -,,,5,15,19,0,0,0,0,0,2,2,4,0,8,0,0,0,1,0,1,.000,21.1%,42.1%,.500,.211,.000,.211,.000,,.000,,0.1,-3.1,.150,4
Jose Padilla,829797,last_60,DSL,18.1,DSL Mets Orange,Total,D-MEO,- - -,,,4,8,10,0,0,0,0,0,1,0,2,0,6,0,0,0,0,0,0,.000,20.0%,60.0%,.333,.200,.000,.200,.000,,.000,,0.0,-1.7,.142,1
Ire Garcia,829809,last_60,DSL,18.9,DSL Astros Orange,Total,D-ASO,- - -,,,5,11,16,3,3,0,0,0,2,2,5,0,2,0,0,0,0,1,0,.273,31.2%,12.5%,2.500,.500,.273,.773,.000,,.333,,3.2,0.4,.393,115
Adrian Valdez,829812,last_60,DSL,18.7,DSL Red Sox Red,Total,D-RSR,- - -,,,3,5,11,0,0,0,0,0,1,0,6,0,2,0,0,0,0,0,0,.000,54.5%,18.2%,3.000,.545,.000,.545,.000,,.000,,2.1,0.2,.388,112
Gustavo Antunez,829816,last_60,DSL,18.8,DSL Red Sox Red,Total,D-RSR,- - -,,,7,24,25,3,2,1,0,0,0,5,1,0,2,0,0,0,0,2,0,.125,4.0%,8.0%,.500,.160,.167,.327,.042,,.136,,0.3,-4.1,.153,6
Romano Donato,829818,last_60,DSL,18.0,DSL Brewers Blue,Total,D-BWB,- - -,,,4,11,16,3,2,1,0,0,2,5,5,0,2,0,0,0,0,0,1,.273,31.2%,12.5%,2.500,.500,.364,.864,.091,,.333,,3.5,0.7,.417,126
Eliezer Alfonzo,829821,last_60,DSL,18.9,DSL Red Sox Red,Total,D-RSR,- - -,,,6,20,23,1,1,0,0,0,0,1,1,0,12,1,1,0,0,0,0,.050,4.3%,52.2%,.083,.130,.050,.180,.000,,.111,,-0.7,-4.6,.103,-17
Juan Tomas,829823,last_60,A,18.8,Myrtle Beach Pelicans,Total,MB,- - -,,,3,12,14,5,3,1,0,1,4,1,2,0,4,0,0,0,0,1,0,.417,14.3%,28.6%,.500,.500,.750,1.250,.333,,.571,,4.1,2.2,.540,218
Juan Caricipe,829824,last_60,DSL,18.2,DSL Reds,Total,D-RED,- - -,,,6,21,24,2,1,0,0,1,4,4,2,0,8,1,0,0,0,1,0,.095,8.3%,33.3%,.250,.208,.238,.446,.143,,.083,,1.4,-2.7,.216,35
Yorvit Diaz,829827,last_60,DSL,18.8,DSL Athletics,Total,D-ATH,- - -,,,8,27,36,7,6,1,0,0,7,4,8,0,4,0,1,0,2,2,1,.259,22.2%,11.1%,2.000,.417,.296,.713,.037,,.292,,5.8,-0.4,.346,93
Luis Sanchez,829829,last_60,DSL,18.6,DSL Cubs Blue,Total,D-CUB,- - -,,,7,16,24,2,2,0,0,0,2,1,6,0,6,1,1,0,0,1,0,.125,25.0%,25.0%,1.000,.375,.125,.500,.000,,.182,,2.7,-1.4,.285,66
Roniel Paulino,829830,last_60,DSL,18.8,DSL Brewers Blue,Total,D-BWB,- - -,,,4,15,17,1,1,0,0,0,2,2,2,0,3,0,0,0,2,0,0,.067,11.8%,17.6%,.667,.176,.067,.243,.000,,.083,,-0.0,-3.0,.137,-1
Lester Suarez,829835,last_60,DSL,18.0,DSL Red Sox Red,Total,D-RSR,- - -,,,6,16,25,4,3,1,0,0,6,2,7,0,4,2,0,0,0,0,0,.250,28.0%,16.0%,1.750,.520,.312,.833,.062,,.333,,5.5,1.2,.419,127
Wanderly De La Cruz,829841,last_60,DSL,18.2,DSL Reds,Total,D-RED,- - -,,,5,16,22,3,1,1,0,1,6,4,4,0,4,1,1,0,0,2,0,.188,18.2%,18.2%,1.000,.364,.438,.801,.250,,.167,,3.8,-0.0,.359,99
Jefer Lista,829844,last_60,DSL,18.2,DSL Brewers Gold,Total,D-BWG,- - -,,,5,12,15,2,2,0,0,0,1,0,3,0,2,0,0,0,0,0,1,.167,20.0%,13.3%,1.500,.333,.167,.500,.000,,.200,,1.4,-1.1,.264,56
Aiberson Blanco,829845,last_60,DSL,18.5,DSL Mets Orange,Total,D-MEO,- - -,,,4,10,12,4,4,0,0,0,1,0,2,0,1,0,0,0,0,0,1,.400,16.7%,8.3%,2.000,.500,.400,.900,.000,,.444,,2.6,0.6,.422,128
Omar Guadamuz,829847,last_60,DSL,18.8,DSL Reds,Total,D-RED,- - -,,,6,11,15,2,2,0,0,0,5,1,4,0,5,0,0,0,0,0,0,.182,26.7%,33.3%,.800,.400,.182,.582,.000,,.333,,2.0,-0.6,.311,78
Matthew Moses,829849,last_60,DSL,18.9,DSL Brewers Gold,Total,D-BWG,- - -,,,4,8,13,0,0,0,0,0,3,1,5,0,2,0,0,0,0,1,0,.000,38.5%,15.4%,2.500,.385,.000,.385,.000,,.000,,1.4,-0.9,.273,61
Alexander Camacaro,829850,last_60,DSL,18.9,DSL Giants Black,Total,D-GIB,- - -,,,5,13,17,5,4,0,0,1,7,4,4,0,4,0,0,0,0,1,0,.385,23.5%,23.5%,1.000,.529,.615,1.145,.231,,.500,,4.9,1.9,.506,166
Luis Arana,829854,last_60,A,18.5,Jupiter Hammerheads,Total,JUP,- - -,,,18,67,74,20,14,5,0,1,15,5,5,0,12,2,0,0,1,13,3,.299,6.8%,16.2%,.417,.365,.418,.783,.119,,.352,,11.0,0.3,.356,102
Kadil Rubio,829855,last_60,DSL,18.7,DSL Tampa Bay,Total,D-TAM,- - -,,,3,3,5,0,0,0,0,0,1,0,2,0,1,0,0,0,0,0,0,.000,40.0%,20.0%,2.000,.400,.000,.400,.000,,.000,,0.6,-0.3,.284,66
Carlos Salazar,829859,last_60,DSL,18.5,DSL Tampa Bay,Total,D-TAM,- - -,,,4,8,10,3,3,0,0,0,3,2,2,0,1,0,0,0,0,0,0,.375,20.0%,10.0%,2.000,.500,.375,.875,.000,,.429,,2.2,0.4,.415,125
Anthony Millan,829860,last_60,DSL,18.3,DSL Astros Orange,Total,D-ASO,- - -,,,8,20,29,6,6,0,0,0,2,1,8,0,8,1,0,0,0,0,1,.300,27.6%,27.6%,1.000,.517,.300,.817,.000,,.500,,6.1,1.1,.410,122
Yelinson Betances,829861,last_60,DSL,18.7,DSL Angels,Total,D-ANG,- - -,,,1,4,4,1,1,0,0,0,0,0,0,0,0,0,0,0,0,0,1,.250,0.0%,0.0%,,.250,.250,.500,.000,,.250,,0.3,-0.4,.228,40
Diego Alambarrio,829864,last_60,DSL,18.4,DSL Giants Black,Total,D-GIB,- - -,,,7,19,24,6,4,1,0,1,4,4,2,0,4,3,0,0,1,0,0,.316,8.3%,16.7%,.500,.458,.526,.985,.211,,.357,,5.7,1.6,.446,139
Junior Suriel,829866,last_60,DSL,18.0,DSL Angels,Total,D-ANG,- - -,,,9,25,33,11,10,1,0,0,7,2,6,0,3,1,0,1,0,9,2,.440,18.2%,9.1%,2.000,.562,.480,1.042,.040,,.500,,8.8,3.1,.481,155
Geomaikel Martinez,829867,last_60,DSL,18.8,DSL Red Sox Red,Total,D-RSR,- - -,,,8,24,31,10,8,1,1,0,10,3,7,0,1,0,0,0,1,2,0,.417,22.6%,3.2%,7.000,.548,.542,1.090,.125,,.435,,8.5,3.1,.490,159
Jealmy Frias,829869,last_60,DSL,18.4,DSL Reds,Total,D-RED,- - -,,,7,19,26,6,3,2,1,0,3,3,5,0,5,2,0,0,0,1,0,.316,19.2%,19.2%,1.000,.500,.526,1.026,.211,,.429,,6.5,2.1,.461,146
Maikol Tovar,829871,last_60,DSL,18.6,DSL Red Sox Blue,Total,D-RSB,- - -,,,5,16,18,3,2,0,1,0,1,3,2,0,3,0,0,0,0,0,0,.188,11.1%,16.7%,.667,.278,.312,.590,.125,,.231,,1.8,-1.3,.271,60
Jhonny Osta,829874,last_60,DSL,19.0,DSL Red Sox Red,Total,D-RSR,- - -,,,8,29,31,12,7,2,3,0,6,8,1,0,7,0,1,0,0,0,0,.414,3.2%,22.6%,.143,.419,.690,1.109,.276,,.522,,8.0,2.7,.471,150
Sandor Feliciano,829884,last_60,DSL,18.6,DSL Reds,Total,D-RED,- - -,,,9,33,38,14,12,1,0,1,11,4,3,0,5,2,0,0,0,10,0,.424,7.9%,13.2%,.600,.500,.545,1.045,.121,,.481,,9.9,3.3,.472,151
Stiven De La Cruz,829887,last_60,DSL,18.5,DSL Red Sox Red,Total,D-RSR,- - -,,,4,10,11,1,1,0,0,0,0,0,0,0,4,1,0,0,0,1,0,.100,0.0%,36.4%,.000,.182,.100,.282,.000,,.167,,0.1,-1.8,.150,5
Isaac Garcia,829890,last_60,DSL,18.9,DSL Reds,Total,D-RED,- - -,,,8,27,34,9,9,0,0,0,7,6,4,1,7,3,0,0,0,2,0,.333,11.8%,20.6%,.571,.471,.333,.804,.000,,.450,,6.4,0.5,.380,109
Jesus Perez,829895,last_60,DSL,18.4,DSL Miami,Total,D-MIA,- - -,,,7,26,27,9,5,4,0,0,6,6,1,0,3,0,0,0,0,1,1,.346,3.7%,11.1%,.333,.370,.500,.870,.154,,.391,,5.2,0.5,.387,112
Jose Martinez,829897,last_60,DSL,18.9,DSL Reds,Total,D-RED,- - -,,,4,8,15,4,4,0,0,0,4,2,6,0,1,1,0,0,0,1,1,.500,40.0%,6.7%,6.000,.733,.500,1.233,.000,,.571,,5.1,2.5,.577,198
Luis Santos,829901,last_60,DSL,18.8,DSL Cubs Blue,Total,D-CUB,- - -,,,7,17,23,3,2,0,1,0,3,2,5,0,4,1,0,0,0,2,1,.176,21.7%,17.4%,1.250,.391,.294,.685,.118,,.231,,3.5,-0.4,.337,89
Yeison Oviedo,829910,last_60,DSL,18.7,DSL Giants Orange,Total,D-GIO,- - -,,,7,21,23,4,4,0,0,0,2,1,1,0,9,0,0,1,0,0,0,.190,4.3%,39.1%,.111,.227,.190,.418,.000,,.333,,1.0,-2.9,.198,26
Rainer Espinoza,829914,last_60,DSL,18.0,DSL Giants Black,Total,D-GIB,- - -,,,3,11,11,4,2,1,0,1,3,3,0,0,4,0,0,0,1,0,0,.364,0.0%,36.4%,.000,.364,.727,1.091,.364,,.500,,2.9,1.0,.475,152
Luis Aular,829916,last_60,DSL,18.7,DSL Red Sox Blue,Total,D-RSB,- - -,,,2,6,8,2,1,0,1,0,2,3,2,0,2,0,0,0,0,1,0,.333,25.0%,25.0%,1.000,.500,.667,1.167,.333,,.500,,2.2,0.8,.496,162
Elias Perez,829920,last_60,DSL,18.9,DSL Mariners,Total,D-MRN,- - -,,,7,22,29,3,1,2,0,0,3,4,6,0,6,1,0,0,0,3,0,.136,20.7%,20.7%,1.000,.345,.227,.572,.091,,.188,,3.5,-1.5,.293,70
Victor Garcia,829921,last_60,DSL,18.6,DSL Cubs Red,Total,D-CUR,- - -,,,8,21,25,4,3,1,0,0,2,2,4,0,7,0,0,0,0,0,1,.190,16.0%,28.0%,.571,.320,.238,.558,.048,,.286,,2.6,-1.7,.275,61
Miguel Welch,829924,last_60,DSL,18.7,DSL Red Sox Blue,Total,D-RSB,- - -,,,8,30,35,10,8,1,0,1,7,4,4,0,3,0,0,1,0,4,0,.333,11.4%,8.6%,1.333,.412,.467,.878,.133,,.346,,7.1,1.0,.398,117
Jose De La Cruz,829927,last_60,DSL,18.8,DSL Astros Blue,Total,D-ASB,- - -,,,10,25,33,3,2,0,0,1,3,3,7,0,13,1,0,0,0,0,0,.120,21.2%,39.4%,.538,.333,.240,.573,.120,,.182,,3.9,-1.8,.292,69
Julio Acosta,829930,last_60,DSL,18.9,DSL Cubs Red,Total,D-CUR,- - -,,,8,20,25,5,2,1,0,2,5,3,3,0,8,2,0,0,0,3,0,.250,12.0%,32.0%,.375,.400,.600,1.000,.350,,.300,,5.8,1.5,.438,135
Carlos Martinez,829931,last_60,DSL,18.9,DSL Marlins,Total,D-MRL,- - -,,,3,10,11,4,3,0,1,0,1,4,0,0,3,1,0,0,0,1,0,.400,0.0%,27.3%,.000,.455,.600,1.055,.200,,.571,,2.8,0.9,.465,147
Krishan Ulacio,829932,last_60,DSL,18.6,DSL Red Sox Blue,Total,D-RSB,- - -,,,3,11,13,3,3,0,0,0,5,2,2,0,2,0,0,0,0,0,0,.273,15.4%,15.4%,1.000,.385,.273,.657,.000,,.333,,1.8,-0.4,.319,81
Cristian Montilla,829937,last_60,DSL,18.3,DSL Brewers Blue,Total,D-BWB,- - -,,,5,15,20,6,3,3,0,0,5,5,2,0,3,1,2,0,0,1,1,.400,10.0%,15.0%,.667,.450,.600,1.050,.200,,.429,,4.7,1.2,.439,136
Diego Rondon,829942,last_60,DSL,18.9,DSL Angels,Total,D-ANG,- - -,,,4,7,11,0,0,0,0,0,2,2,3,0,2,0,1,0,0,0,0,.000,27.3%,18.2%,1.500,.273,.000,.273,.000,,.000,,0.5,-1.4,.194,24
Louis Andujar,829943,last_60,A,18.9,Salem RidgeYaks,Total,SAL,- - -,,,17,60,75,17,12,3,0,2,16,6,10,0,15,5,0,0,1,7,1,.283,13.3%,20.0%,.667,.427,.433,.860,.150,,.349,,13.9,3.7,.398,136
Sebastian Blanco,829949,last_60,A,18.7,Fresno Grizzlies,Total,FRE,- - -,,,16,55,62,14,9,4,0,1,5,5,3,0,18,2,0,2,2,2,0,.255,4.8%,29.0%,.167,.317,.382,.698,.127,,.361,,7.4,-1.8,.318,81
Diego Natera,829950,last_60,DSL,18.8,DSL White Sox,Total,D-WSX,- - -,,,5,9,9,2,0,2,0,0,0,2,0,0,3,0,0,0,0,0,0,.222,0.0%,33.3%,.000,.222,.444,.667,.222,,.333,,1.0,-0.5,.288,67
Oliver Guerrero,829960,last_60,DSL,18.6,DSL Rangers Blue,Total,D-RNB,- - -,,,5,14,15,2,0,2,0,0,2,1,1,0,3,0,0,0,1,0,0,.143,6.7%,20.0%,.333,.200,.286,.486,.143,,.182,,0.9,-1.6,.220,36
Wandi Feliz,829961,last_60,DSL,18.9,DSL Colorado,Total,D-COL,- - -,,,7,20,26,7,6,1,0,0,3,7,4,1,4,1,1,0,0,0,0,.350,15.4%,15.4%,1.000,.462,.400,.862,.050,,.412,,5.0,0.5,.385,111
Meykel Baro,829965,last_60,DSL,18.0,DSL Orioles Black,Total,D-ORB,- - -,,,8,23,33,8,4,1,0,3,10,12,7,0,8,1,2,0,0,2,1,.348,21.2%,24.2%,.875,.485,.783,1.267,.435,,.357,,9.7,4.0,.515,170
Saivel Zayas,829969,last_60,DSL,18.7,DSL Rangers Blue,Total,D-RNB,- - -,,,9,34,39,12,8,3,0,1,7,5,4,0,7,0,1,0,0,0,0,.353,10.3%,17.9%,.571,.410,.529,.940,.176,,.407,,8.3,1.6,.413,124
Bryan Rodriguez,829970,last_60,DSL,18.4,DSL Colorado,Total,D-COL,- - -,,,3,9,9,3,2,1,0,0,1,3,0,0,1,0,0,0,0,0,0,.333,0.0%,11.1%,.000,.333,.444,.778,.111,,.375,,1.4,-0.1,.346,93
Orlando Patino,829971,last_60,DSL,18.8,DSL White Sox,Total,D-WSX,- - -,,,9,28,36,8,3,3,1,1,8,5,7,0,7,0,0,1,1,2,1,.286,19.4%,19.4%,1.000,.429,.571,1.000,.286,,.350,,8.4,2.2,.438,135
Raul Pereira,829972,last_60,DSL,18.2,DSL Rangers Blue,Total,D-RNB,- - -,,,3,7,8,1,0,1,0,0,1,0,1,0,1,0,0,0,0,0,0,.143,12.5%,12.5%,1.000,.250,.286,.536,.143,,.167,,0.7,-0.7,.251,50
Yeison Acosta,829973,last_60,DSL,18.9,DSL Orioles Black,Total,D-ORB,- - -,,,9,31,37,11,7,3,0,1,8,7,4,0,6,1,1,0,0,4,1,.355,10.8%,16.2%,.667,.432,.548,.981,.194,,.400,,8.4,2.0,.431,132
Manuel Campos,829976,last_60,A,18.8,Augusta GreenJackets,Total,AUG,- - -,,,19,81,87,25,18,3,2,2,15,12,5,0,21,0,1,0,1,8,3,.309,5.7%,24.1%,.238,.345,.469,.814,.160,,.390,,13.6,1.7,.360,115
Ivan Torres,829977,last_60,DSL,18.6,DSL Tampa Bay,Total,D-TAM,- - -,,,9,32,36,13,11,2,0,0,3,6,2,0,2,1,1,0,1,0,0,.406,5.6%,5.6%,1.000,.444,.469,.913,.062,,.419,,7.6,1.4,.410,122
Victor Saez,829978,last_60,DSL,18.5,DSL Orioles Black,Total,D-ORB,- - -,,,6,19,23,5,5,0,0,0,4,5,4,0,6,0,0,0,0,1,0,.263,17.4%,26.1%,.667,.391,.263,.654,.000,,.385,,3.3,-0.7,.321,82
Jhon Simon,829979,last_60,DSL,18.6,DSL Rangers Blue,Total,D-RNB,- - -,,,4,8,15,2,2,0,0,0,3,1,7,0,5,0,0,0,1,0,0,.250,46.7%,33.3%,1.400,.600,.250,.850,.000,,.667,,3.7,1.1,.453,142
Israel Alvarez,829980,last_60,DSL,18.9,DSL CLE Goryl,Total,D-CLG,- - -,,,8,26,33,10,6,4,0,0,9,6,6,0,3,0,1,0,0,3,1,.385,18.2%,9.1%,2.000,.485,.538,1.023,.154,,.417,,8.0,2.3,.452,141
Luis Cuevas,829982,last_60,DSL,18.9,DSL Athletics,Total,D-ATH,- - -,,,4,11,15,6,6,0,0,0,4,1,4,0,1,0,0,0,0,0,0,.545,26.7%,6.7%,4.000,.667,.545,1.212,.000,,.600,,4.8,2.3,.554,188
Ronald Terrero,829985,last_60,DSL,18.9,DSL Orioles Black,Total,D-ORB,- - -,,,7,18,19,5,4,1,0,0,7,1,1,0,1,0,0,0,0,0,0,.278,5.3%,5.3%,1.000,.316,.333,.649,.056,,.294,,2.3,-0.9,.297,71
Jose Riera,829986,last_60,DSL,18.3,DSL CLE Mendoza,Total,D-CLM,- - -,,,8,26,31,6,4,1,1,0,4,5,1,0,4,2,1,1,1,2,1,.231,3.2%,12.9%,.250,.300,.346,.646,.115,,.261,,3.7,-1.7,.292,69
Angel Roso,829988,last_60,DSL,18.5,DSL Tigers 1,Total,D-TI1,- - -,,,6,14,16,2,2,0,0,0,2,1,1,0,4,1,0,0,0,0,1,.143,6.2%,25.0%,.250,.250,.143,.393,.000,,.200,,0.8,-1.9,.205,29
Wesly Castillo,829991,last_60,DSL,18.5,DSL Rangers Blue,Total,D-RNB,- - -,,,7,20,30,7,4,2,0,1,5,6,6,0,6,1,2,1,0,4,1,.350,20.0%,20.0%,1.000,.483,.600,1.083,.250,,.400,,7.5,2.3,.460,145
Manuel Vasquez,829992,last_60,DSL,18.4,DSL Orioles Orange,Total,D-ORO,- - -,,,5,14,18,3,2,0,0,1,4,3,4,0,4,0,0,0,0,0,0,.214,22.2%,22.2%,1.000,.389,.429,.817,.214,,.222,,3.3,0.2,.376,107
Daniel Meza,829995,last_60,DSL,18.5,DSL Rockies,Total,D-RCK,- - -,,,3,6,11,1,1,0,0,0,3,0,4,0,3,0,0,1,0,0,1,.167,36.4%,27.3%,1.333,.500,.167,.667,.000,,.333,,2.0,0.1,.375,107
Ricardo Chirinos,829996,last_60,DSL,18.5,DSL Orioles Orange,Total,D-ORO,- - -,,,3,4,12,3,3,0,0,0,3,3,6,0,1,2,0,0,0,0,0,.750,50.0%,8.3%,6.000,.917,.750,1.667,.000,,1.000,,5.3,3.2,.707,257
Fabian Dorta,829998,last_60,DSL,18.9,DSL Tigers 1,Total,D-TI1,- - -,,,5,16,19,7,6,1,0,0,1,6,3,0,3,0,0,0,0,0,0,.438,15.8%,15.8%,1.000,.526,.500,1.026,.062,,.538,,4.9,1.6,.468,149
Frandy Guillen,829999,last_60,DSL,18.8,DSL Orioles Black,Total,D-ORB,- - -,,,3,11,11,4,2,1,0,1,3,1,0,0,2,0,0,0,0,0,0,.364,0.0%,18.2%,.000,.364,.727,1.091,.364,,.375,,2.9,1.0,.475,152
Jorge Drullard,830006,last_60,DSL,18.9,DSL Orioles Orange,Total,D-ORO,- - -,,,5,9,15,1,1,0,0,0,3,0,5,0,4,1,0,0,0,3,0,.111,33.3%,26.7%,1.250,.467,.111,.578,.000,,.200,,2.4,-0.2,.347,94
Rosniell De Paula,830010,last_60,DSL,18.0,DSL Colorado,Total,D-COL,- - -,,,3,10,13,5,5,0,0,0,3,1,3,0,1,0,0,0,0,1,1,.500,23.1%,7.7%,3.000,.615,.500,1.115,.000,,.556,,3.8,1.6,.514,170
Enny Rodriguez,830017,last_60,DSL,18.5,DSL Tigers 1,Total,D-TI1,- - -,,,8,21,25,5,4,0,0,1,3,5,2,0,3,1,1,0,1,1,0,.238,8.0%,12.0%,.667,.320,.381,.701,.143,,.222,,3.5,-0.9,.317,80
Luis Leon,830020,last_60,DSL,18.5,DSL Cubs Red,Total,D-CUR,- - -,,,2,4,6,1,1,0,0,0,1,1,1,0,2,1,0,0,0,0,0,.250,16.7%,33.3%,.500,.500,.250,.750,.000,,.500,,1.2,0.2,.394,115
Fabian Cordero,830021,last_60,DSL,18.5,DSL Orioles Orange,Total,D-ORO,- - -,,,7,21,28,4,3,0,0,1,6,3,4,0,8,1,1,1,2,0,0,.190,14.3%,28.6%,.500,.333,.333,.667,.143,,.231,,3.8,-1.1,.312,78
Brainerh Palacios,830023,last_60,DSL,18.2,DSL Tampa Bay,Total,D-TAM,- - -,,,6,17,23,5,3,2,0,0,3,3,4,0,3,0,1,1,0,2,0,.294,17.4%,13.0%,1.333,.409,.412,.821,.118,,.333,,4.2,0.2,.371,105
Jhostin Genao,830025,last_60,DSL,18.6,DSL Rangers Red,Total,D-RNR,- - -,,,8,27,38,7,5,2,0,0,9,5,11,0,12,0,0,0,0,4,0,.259,28.9%,31.6%,.917,.474,.333,.807,.074,,.467,,7.5,1.0,.394,115
Enmanuel Figuereo,830026,last_60,DSL,18.5,DSL Red Sox Blue,Total,D-RSB,- - -,,,7,24,27,6,4,1,1,0,5,4,2,0,9,1,0,0,0,1,0,.250,7.4%,33.3%,.222,.333,.375,.708,.125,,.400,,3.9,-0.8,.324,83
Robert Alvarez,830028,last_60,DSL,18.8,DSL CLE Goryl,Total,D-CLG,- - -,,,5,15,20,1,1,0,0,0,1,3,4,0,7,0,1,0,0,0,0,.067,20.0%,35.0%,.571,.250,.067,.317,.000,,.111,,0.7,-2.7,.188,22
Howard Reyes,830042,last_60,DSL,18.8,DSL Tigers 1,Total,D-TI1,- - -,,,6,13,18,3,3,0,0,0,1,3,4,0,5,1,0,0,0,1,0,.231,22.2%,27.8%,.800,.444,.231,.675,.000,,.375,,3.0,-0.1,.351,96
Aaron Walton,830239,last_60,AA,22.3,Akron RubberDucks,Total,AKR,- - -,,,27,106,120,30,13,10,0,7,21,29,10,0,32,2,2,0,2,9,0,.283,8.3%,26.7%,.312,.350,.575,.925,.292,,.333,,22.2,5.9,.401,137
Ben Tryon,830337,last_60,A,21.9,Fayetteville Woodpeckers,Total,FAY,- - -,,,13,45,51,12,8,2,0,2,7,6,6,0,13,0,0,0,2,1,1,.267,11.8%,25.5%,.462,.353,.444,.797,.178,,.333,,8.0,1.0,.360,115
Luke Pettitte,830339,last_60,A,21.2,Tampa Tarpons,Total,TAM,- - -,,,11,40,46,10,4,2,0,4,8,9,5,0,14,1,0,0,1,0,0,.250,10.9%,30.4%,.357,.348,.600,.948,.350,,.273,,8.9,2.2,.412,132
Elaineiker Coronado,830398,last_60,DSL,18.9,DSL Blue Jays Red,Total,D-BJR,- - -,,,4,13,17,7,5,1,1,0,6,4,3,0,0,1,0,0,0,0,1,.538,17.6%,0.0%,,.647,.769,1.416,.231,,.538,,6.2,3.3,.609,213
Luis Felipe,830401,last_60,DSL,19.7,DSL Blue Jays Blue,Total,D-BJB,- - -,,,5,17,19,4,4,0,0,0,1,2,2,0,4,0,0,0,0,3,0,.235,10.5%,21.1%,.500,.316,.235,.551,.000,,.308,,1.9,-1.4,.266,57
Moises Rangel,830404,last_60,DSL,18.2,DSL LAD Bautista,Total,D-LAB,- - -,,,3,6,12,2,2,0,0,0,1,3,6,0,0,0,0,0,0,0,0,.333,50.0%,0.0%,,.667,.333,1.000,.000,,.333,,3.4,1.4,.507,166
Alan Angulo,830406,last_60,DSL,18.8,DSL Royals Ventura,Total,D-ROV,- - -,,,5,15,18,5,5,0,0,0,2,3,2,0,1,1,0,0,1,0,0,.333,11.1%,5.6%,2.000,.444,.333,.778,.000,,.357,,3.3,0.2,.373,106
Renyel Campos,830412,last_60,AA,19.3,New Hampshire Fisher Cats,Total,NH,- - -,,,2,1,2,0,0,0,0,0,0,0,1,0,1,0,0,0,0,0,0,.000,50.0%,50.0%,1.000,.500,.000,.500,.000,,,,0.3,0.0,.355,110
Eliezer Adames,830414,last_60,DSL,18.9,DSL NYY Bombers,Total,D-NYB,- - -,,,4,11,14,0,0,0,0,0,1,1,3,0,4,0,0,0,0,2,1,.000,21.4%,28.6%,.750,.214,.000,.214,.000,,.000,,0.1,-2.3,.152,6
Emmanuel Martinez,830415,last_60,DSL,18.6,DSL Royals Ventura,Total,D-ROV,- - -,,,5,9,13,2,2,0,0,0,2,0,3,0,3,0,0,1,0,0,1,.222,23.1%,23.1%,1.000,.417,.222,.639,.000,,.333,,1.9,-0.3,.329,86
Ruben Castillo,830419,last_60,DSL,18.6,DSL NYY Bombers,Total,D-NYB,- - -,,,7,22,30,6,3,2,0,1,5,7,3,0,3,5,0,0,1,3,2,.273,10.0%,10.0%,1.000,.467,.500,.967,.227,,.278,,7.1,1.9,.443,137
Jhosman Theran,830420,last_60,DSL,18.9,DSL LAD Bautista,Total,D-LAB,- - -,,,5,9,14,2,2,0,0,0,5,0,5,0,3,0,0,0,0,5,0,.222,35.7%,21.4%,1.667,.500,.222,.722,.000,,.333,,2.7,0.3,.384,111
Richer Mata,830425,last_60,DSL,18.4,DSL Royals Fortuna,Total,D-ROF,- - -,,,7,17,22,2,2,0,0,0,2,2,4,0,7,0,1,0,0,1,0,.118,18.2%,31.8%,.571,.273,.118,.390,.000,,.182,,1.2,-2.6,.212,33
Luis Ramon King,830428,last_60,DSL,18.7,DSL Royals Fortuna,Total,D-ROF,- - -,,,8,24,29,7,5,0,1,1,8,7,4,0,6,1,0,0,0,3,0,.292,13.8%,20.7%,.667,.414,.500,.914,.208,,.353,,6.1,1.1,.410,122
Luis Tovar,830434,last_60,DSL,18.9,DSL LAD Mega,Total,D-LAM,- - -,,,6,20,24,11,7,4,0,0,5,3,4,0,3,0,0,0,0,1,0,.550,16.7%,12.5%,1.333,.625,.750,1.375,.200,,.647,,8.6,4.5,.600,208
Luis Morejon,830435,last_60,DSL,18.3,DSL Colorado,Total,D-COL,- - -,,,5,13,21,5,3,2,0,0,3,1,7,0,2,1,0,0,0,1,0,.385,33.3%,9.5%,3.500,.619,.538,1.158,.154,,.455,,6.3,2.7,.526,175
Jose Montilla,830437,last_60,DSL,18.6,DSL Royals Fortuna,Total,D-ROF,- - -,,,4,7,12,1,0,1,0,0,1,0,4,0,4,1,0,0,0,0,0,.143,33.3%,33.3%,1.000,.500,.286,.786,.143,,.333,,2.5,0.4,.407,121
Elian Reyes,830442,last_60,DSL,18.1,DSL Blue Jays Red,Total,D-BJR,- - -,,,7,19,22,5,4,1,0,0,2,4,2,0,6,1,0,0,0,2,1,.263,9.1%,27.3%,.333,.364,.316,.679,.053,,.385,,3.1,-0.6,.323,83
Luis Steven King,830443,last_60,DSL,18.7,DSL Royals Ventura,Total,D-ROV,- - -,,,7,18,26,3,2,1,0,0,8,6,6,0,2,2,0,0,0,4,0,.167,23.1%,7.7%,3.000,.423,.222,.645,.056,,.188,,4.1,-0.4,.341,91
Ishel Comenencia,830444,last_60,DSL,18.6,DSL Rockies,Total,D-RCK,- - -,,,7,24,29,6,5,1,0,0,7,7,2,0,7,0,3,0,0,1,1,.250,6.9%,24.1%,.286,.276,.292,.568,.042,,.300,,2.5,-2.5,.251,50
Jose Rivas,830449,last_60,DSL,18.4,DSL LAD Mega,Total,D-LAM,- - -,,,4,13,16,5,4,1,0,0,3,2,3,0,1,0,0,0,1,0,0,.385,18.8%,6.2%,3.000,.500,.462,.962,.077,,.417,,3.8,1.0,.442,137
Roy Rivero,830450,last_60,DSL,18.5,DSL Royals Fortuna,Total,D-ROF,- - -,,,7,23,28,5,2,3,0,0,5,3,4,0,3,0,1,0,1,1,1,.217,14.3%,10.7%,1.333,.321,.348,.669,.130,,.238,,3.6,-1.2,.305,75
Ezequiel Aparicio,830452,last_60,DSL,18.5,DSL LAD Mega,Total,D-LAM,- - -,,,3,10,12,3,3,0,0,0,2,1,1,0,1,1,0,0,1,0,0,.300,8.3%,8.3%,1.000,.417,.300,.717,.000,,.333,,2.0,-0.1,.349,95
Eddison Charles,830458,last_60,DSL,18.6,DSL NYY Bombers,Total,D-NYB,- - -,,,6,9,12,1,1,0,0,0,1,2,3,0,6,0,0,0,1,0,1,.111,25.0%,50.0%,.500,.333,.111,.444,.000,,.333,,1.1,-1.0,.254,52
Isaias Castillo,830461,last_60,DSL,18.2,DSL NYY Yankees,Total,D-NYY,- - -,,,6,22,28,4,0,2,1,1,5,7,2,0,9,2,2,0,0,4,1,.182,7.1%,32.1%,.222,.286,.500,.786,.318,,.214,,4.2,-0.7,.330,86
Alejandro Guerrero,830462,last_60,DSL,19.0,DSL Royals Ventura,Total,D-ROV,- - -,,,7,17,23,5,2,0,3,0,5,6,4,0,3,2,0,0,0,0,2,.294,17.4%,13.0%,1.333,.478,.647,1.125,.353,,.357,,6.1,2.2,.481,155
Luis Luna,830463,last_60,DSL,18.2,DSL LAD Mega,Total,D-LAM,- - -,,,8,33,36,6,4,2,0,0,4,5,1,0,6,1,0,1,4,2,0,.182,2.8%,16.7%,.167,.229,.242,.471,.061,,.222,,2.2,-4.0,.219,36
Maikol Rodriguez,830465,last_60,DSL,19.4,DSL Mariners,Total,D-MRN,- - -,,,6,19,21,7,5,1,1,0,4,1,2,0,3,0,0,0,1,2,0,.368,9.5%,14.3%,.667,.429,.526,.955,.158,,.438,,4.7,1.0,.424,129
Carlos Bello,830470,last_60,DSL,18.6,DSL NYY Bombers,Total,D-NYB,- - -,,,1,1,2,0,0,0,0,0,0,0,1,0,1,0,0,0,0,0,0,.000,50.0%,50.0%,1.000,.500,.000,.500,.000,,,,0.3,-0.0,.355,98
Juan Macero,830471,last_60,DSL,18.7,DSL LAD Mega,Total,D-LAM,- - -,,,5,16,19,3,2,1,0,0,3,1,3,0,2,0,0,0,1,1,0,.188,15.8%,10.5%,1.500,.316,.250,.566,.062,,.214,,2.0,-1.3,.276,62
Stalen Ramirez,830475,last_60,DSL,18.0,DSL NYY Yankees,Total,D-NYY,- - -,,,5,14,19,5,3,1,0,1,5,6,3,0,3,1,1,0,0,2,1,.357,15.8%,15.8%,1.000,.474,.643,1.117,.286,,.364,,5.0,1.7,.474,152
Jayln Pinder,830486,last_60,DSL,18.2,DSL Rangers Red,Total,D-RNR,- - -,,,6,19,25,2,2,0,0,0,3,0,4,0,8,1,0,1,0,4,1,.105,16.0%,32.0%,.500,.292,.105,.397,.000,,.182,,1.7,-2.6,.225,39
Dawson Willis,830619,last_60,A,22.4,Lake Elsinore Storm,Total,LE,- - -,,,21,60,72,14,7,4,1,2,12,7,10,0,24,2,0,0,0,11,3,.233,13.9%,33.3%,.417,.361,.433,.794,.200,,.353,,11.0,0.4,.361,104
Bryce Fowler,830736,last_60,A,23.8,Fort Myers Mighty Mussels,Total,FTM,- - -,,,18,57,72,15,13,2,0,0,7,6,12,0,24,3,0,0,1,5,5,.263,16.7%,33.3%,.500,.417,.298,.715,.035,,.455,,10.4,-0.1,.350,99
Cesar Acosta,830802,last_60,DSL,18.0,DSL Mets Orange,Total,D-MEO,- - -,,,2,3,5,1,1,0,0,0,0,1,2,0,0,0,0,0,0,0,0,.333,40.0%,0.0%,,.600,.333,.933,.000,,.333,,1.3,0.4,.466,148
Sebastian Pena,830808,last_60,DSL,18.9,DSL Padres Gold,Total,D-PAG,- - -,,,6,11,13,2,1,1,0,0,0,1,2,0,4,0,0,0,0,0,0,.182,15.4%,30.8%,.500,.308,.273,.580,.091,,.286,,1.4,-0.8,.279,63
Brennan Hudson,830984,last_60,A+,22.4,South Bend Cubs,Total,SB,- - -,,,17,50,63,11,6,3,0,2,5,13,12,0,17,1,0,0,2,0,0,.220,19.0%,27.0%,.706,.381,.400,.781,.180,,.290,,9.7,1.0,.362,112
Dean Toigo,831025,last_60,A+,24.0,Hudson Valley Renegades,Total,HV,- - -,,,20,72,81,21,16,4,1,0,8,6,7,0,21,2,0,0,2,2,2,.292,8.6%,25.9%,.333,.370,.375,.745,.083,,.412,,11.5,0.3,.344,103
Michael Cordero,831107,last_60,DSL,18.0,DSL Cardinals,Total,D-CAR,- - -,,,9,23,31,7,4,2,1,0,6,4,6,0,5,1,1,0,0,1,0,.304,19.4%,16.1%,1.200,.452,.478,.930,.174,,.368,,6.7,1.3,.415,125
Steven Lancia,831188,last_60,A,24.0,Kannapolis Cannon Ballers,Total,KAN,- - -,,,18,64,76,13,9,2,0,2,10,11,9,0,19,1,2,0,0,0,0,.203,11.8%,25.0%,.474,.303,.328,.631,.125,,.244,,7.8,-2.6,.291,75
Colin Hynek,831240,last_60,AA,23.3,Knoxville Smokies,Total,KNX,- - -,,,4,7,8,0,0,0,0,0,1,0,1,0,4,0,0,0,0,0,0,.000,12.5%,50.0%,.250,.125,.000,.125,.000,,.000,,-0.5,-1.6,.089,-46
Josh Owens,831384,last_60,A,19.7,Hickory Crawdads,Total,HIC,- - -,,,7,22,24,4,3,1,0,0,2,1,2,0,8,0,0,0,0,0,0,.182,8.3%,33.3%,.250,.250,.227,.477,.045,,.286,,1.2,-2.0,.227,38
Wyatt Vincent,831488,last_60,A,20.0,St. Lucie Mets,Total,SLU,- - -,,,12,38,44,10,8,2,0,0,5,2,3,0,11,2,0,1,0,1,1,.263,6.8%,25.0%,.273,.349,.316,.665,.053,,.370,,5.1,-1.3,.314,80
Andry Araujo,831529,last_60,DSL,18.6,DSL Nationals,Total,D-NAT,- - -,,,2,4,4,0,0,0,0,0,0,0,0,0,1,0,0,0,0,0,0,.000,0.0%,25.0%,.000,.000,.000,.000,.000,,.000,,-0.4,-1.1,.000,-63
Reynaldo Sanchez,831534,last_60,DSL,20.2,DSL Royals Ventura,Total,D-ROV,- - -,,,1,3,4,1,1,0,0,0,1,1,1,0,1,0,0,0,0,0,0,.333,25.0%,25.0%,1.000,.500,.333,.833,.000,,.500,,0.8,0.1,.405,120
Kyeler Thompson,831546,last_60,A,21.9,Ontario Tower Buzzers,Total,ONT,- - -,,,5,19,22,7,6,0,1,0,2,1,2,0,2,1,0,0,0,0,1,.368,9.1%,9.1%,1.000,.455,.474,.928,.105,,.412,,4.4,1.1,.421,135
Carlos Mota,831574,last_60,DSL,19.1,DSL Colorado,Total,D-COL,- - -,,,7,26,29,7,4,3,0,0,3,6,2,1,1,0,1,0,1,0,0,.269,6.9%,3.4%,2.000,.310,.385,.695,.115,,.269,,3.5,-1.5,.294,70
Angel Suarez,831849,last_60,DSL,18.0,DSL Arizona Red,Total,D-ARR,- - -,,,4,6,14,2,2,0,0,0,4,0,8,0,3,0,0,0,0,0,0,.333,57.1%,21.4%,2.667,.714,.333,1.048,.000,,.667,,4.3,1.9,.536,180
Yonaiker Hernandez,831865,last_60,DSL,18.3,DSL Padres Brown,Total,D-PAB,- - -,,,9,26,32,4,3,1,0,0,4,3,4,0,9,1,1,0,0,1,0,.154,12.5%,28.1%,.444,.281,.192,.474,.038,,.222,,2.4,-3.1,.238,44
Darwin Nuñez,831875,last_60,DSL,18.9,DSL Blue Jays Red,Total,D-BJR,- - -,,,7,17,25,4,1,2,0,1,5,9,4,0,4,2,2,0,1,1,1,.235,16.0%,16.0%,1.000,.400,.529,.929,.294,,.214,,5.0,0.7,.398,117
Fraimy Santa,831876,last_60,DSL,19.0,DSL Rangers Red,Total,D-RNR,- - -,,,5,12,17,1,1,0,0,0,4,3,4,0,3,1,0,0,0,1,0,.083,23.5%,17.6%,1.333,.353,.083,.436,.000,,.111,,1.7,-1.3,.265,56
Christian Colon,831915,last_60,DSL,18.9,DSL Astros Blue,Total,D-ASB,- - -,,,8,21,23,4,3,1,0,0,1,4,0,0,6,1,1,0,1,0,0,.190,0.0%,26.1%,.000,.217,.238,.455,.048,,.250,,1.2,-2.8,.207,31
Marco Argudin,831918,last_60,A,20.8,Hickory Crawdads,Total,HIC,- - -,,,17,63,73,13,6,2,1,4,13,12,7,0,18,2,0,0,1,3,2,.206,9.6%,24.7%,.389,.306,.460,.766,.254,,.220,,10.3,0.4,.342,104
Patrick Silva,832061,last_60,DSL,17.5,DSL Phillies,Total,D-PHI,- - -,,,4,6,7,1,1,0,0,0,1,1,1,0,2,0,0,0,0,0,0,.167,14.3%,28.6%,.500,.286,.167,.452,.000,,.250,,0.5,-0.7,.232,42
Kooper Schulte,832104,last_60,A,22.7,St. Lucie Mets,Total,SLU,- - -,,,5,16,18,3,3,0,0,0,1,3,2,0,8,0,0,0,0,1,1,.188,11.1%,44.4%,.250,.278,.188,.465,.000,,.375,,0.9,-1.7,.231,35
Daniel Rogers,832110,last_60,A+,24.7,Eugene Emeralds,Total,EUG,- - -,,,15,51,61,13,8,3,0,2,9,4,8,0,21,1,1,0,0,0,0,.255,13.1%,34.4%,.381,.361,.431,.792,.176,,.379,,9.1,0.0,.358,100
Jose Tovar,832154,last_60,DSL,17.8,DSL Phillies,Total,D-PHI,- - -,,,8,20,28,3,3,0,0,0,3,4,6,0,5,0,2,0,0,4,0,.150,21.4%,17.9%,1.200,.321,.150,.471,.000,,.176,,2.4,-2.4,.250,50
Bladimir Figueredo,832209,last_60,DSL,18.2,DSL Tampa Bay,Total,D-TAM,- - -,,,7,19,23,3,3,0,0,0,3,3,3,0,2,0,1,0,0,0,0,.158,13.0%,8.7%,1.500,.261,.158,.419,.000,,.167,,1.3,-2.7,.211,32
Ian Francis,832212,last_60,A,23.8,Daytona Tortugas,Total,DBT,- - -,,,7,16,23,4,2,0,0,2,4,6,3,0,6,2,1,1,1,0,0,.250,13.0%,26.1%,.500,.409,.625,1.034,.375,,.222,,4.9,1.6,.439,147
Derek Cerda,832213,last_60,A+,23.6,Winston-Salem Dash,Total,WS,- - -,,,16,59,69,16,11,4,1,0,10,8,5,0,13,3,1,1,2,2,1,.271,7.2%,18.8%,.385,.353,.373,.726,.102,,.340,,9.2,-0.3,.332,97
Brady Ballinger,832219,last_60,A,21.3,Lakeland Flying Tigers,Total,LAK,- - -,,,13,34,42,6,3,3,0,0,7,2,8,0,9,0,0,0,1,0,0,.176,19.0%,21.4%,.889,.333,.265,.598,.088,,.240,,4.2,-1.9,.293,68
Freilyn Rodriguez,832323,last_60,DSL,17.2,DSL Pirates Black,Total,D-PIB,- - -,,,6,13,19,1,1,0,0,0,2,2,4,0,7,2,0,0,0,1,1,.077,21.1%,36.8%,.571,.368,.077,.445,.000,,.167,,2.0,-1.3,.276,62
Juan Parra,832324,last_60,DSL,17.7,DSL Phillies,Total,D-PHI,- - -,,,7,27,33,7,5,2,0,0,9,3,6,0,6,0,0,0,0,2,0,.259,18.2%,18.2%,1.000,.394,.333,.727,.074,,.333,,5.3,-0.4,.346,93
Edian Espinal,832420,last_60,A+,21.9,West Michigan Whitecaps,Total,WM,- - -,,,17,75,78,24,19,3,2,0,14,5,2,0,9,1,0,0,1,5,0,.320,2.6%,11.5%,.222,.346,.413,.759,.093,,.364,,10.7,-0.0,.341,100
Adrian Feliz,832447,last_60,DSL,18.0,DSL NYY Yankees,Total,D-NYY,- - -,,,2,7,8,4,3,1,0,0,1,2,1,0,0,0,0,0,0,1,0,.571,12.5%,0.0%,,.625,.714,1.339,.143,,.571,,2.8,1.4,.592,205
Alessandro Rodriguez,832491,last_60,DSL,18.0,DSL NYY Bombers,Total,D-NYB,- - -,,,5,14,18,4,4,0,0,0,3,1,3,0,4,1,0,0,0,1,0,.286,16.7%,22.2%,.750,.444,.286,.730,.000,,.400,,3.1,0.0,.362,101
Angel Mejia,832694,last_60,DSL,18.1,DSL Padres Gold,Total,D-PAG,- - -,,,5,19,22,5,4,0,1,0,4,7,1,0,1,1,1,0,1,0,1,.263,4.5%,4.5%,1.000,.318,.368,.687,.105,,.263,,2.9,-0.9,.306,75
Eliander Primera,832706,last_60,DSL,18.5,DSL Padres Gold,Total,D-PAG,- - -,,,5,15,19,3,3,0,0,0,3,0,4,0,4,0,0,0,0,1,0,.200,21.1%,21.1%,1.000,.368,.200,.568,.000,,.273,,2.3,-1.0,.293,70
Cristian Benavides,832713,last_60,DSL,18.9,DSL Padres Gold,Total,D-PAG,- - -,,,6,23,28,7,2,4,1,0,5,7,4,0,2,1,0,0,0,1,1,.304,14.3%,7.1%,2.000,.429,.565,.994,.261,,.333,,6.5,1.7,.436,134
Jose Flores,832714,last_60,DSL,18.8,DSL Orioles Orange,Total,D-ORO,- - -,,,5,7,10,3,2,1,0,0,0,0,3,0,1,0,0,0,1,0,0,.429,30.0%,10.0%,3.000,.600,.571,1.171,.143,,.500,,3.0,1.3,.525,174
Abraham Elvira,832786,last_60,DSL,18.6,DSL Rockies,Total,D-RCK,- - -,,,5,16,21,3,3,0,0,0,4,2,3,0,9,1,0,1,0,0,0,.188,14.3%,42.9%,.333,.350,.188,.537,.000,,.429,,2.3,-1.3,.280,64
Alfiery Matos,832787,last_60,DSL,18.9,DSL NYY Yankees,Total,D-NYY,- - -,,,7,18,27,7,5,1,0,1,8,8,7,0,5,2,0,0,0,7,1,.389,25.9%,18.5%,1.400,.593,.611,1.204,.222,,.500,,8.3,3.7,.534,179
Emmanuel Orozco,832789,last_60,DSL,18.1,DSL NYY Yankees,Total,D-NYY,- - -,,,2,1,2,1,1,0,0,0,0,1,1,0,0,0,0,0,0,0,0,1.000,50.0%,0.0%,,1.000,1.000,2.000,.000,,1.000,,1.0,0.7,.810,304
Fabelin Volquez,832790,last_60,DSL,18.7,DSL Rangers Red,Total,D-RNR,- - -,,,6,19,25,4,4,0,0,0,2,2,5,0,6,0,1,0,0,0,0,.211,20.0%,24.0%,.833,.360,.211,.571,.000,,.286,,2.9,-1.4,.288,67
Sami Manzueta,832795,last_60,DSL,18.0,DSL Astros Orange,Total,D-ASO,- - -,,,10,31,37,8,6,2,0,0,8,2,4,0,9,2,0,0,0,2,0,.258,10.8%,24.3%,.444,.378,.323,.701,.065,,.364,,5.6,-0.8,.335,88
Truitt Madonna,833008,last_60,A,19.5,Lake Elsinore Storm,Total,LE,- - -,,,18,58,70,7,3,3,0,1,6,4,11,0,25,0,1,0,0,2,0,.121,15.7%,35.7%,.440,.257,.224,.481,.103,,.182,,3.9,-6.5,.236,37
Cesar Garcia,833066,last_60,DSL,18.9,DSL Marlins,Total,D-MRL,- - -,,,4,6,10,2,1,0,1,0,4,0,4,0,2,0,0,0,0,1,0,.333,40.0%,20.0%,2.000,.600,.667,1.267,.333,,.500,,3.1,1.4,.539,181
Jesus Minaya,833197,last_60,DSL,17.5,DSL Mets Blue,Total,D-MEB,- - -,,,8,27,32,11,8,2,0,1,12,5,4,0,4,1,0,0,0,4,1,.407,12.5%,12.5%,1.000,.500,.593,1.093,.185,,.455,,8.7,3.1,.486,157
Kendry Diaz,833200,last_60,DSL,17.7,DSL NYY Yankees,Total,D-NYY,- - -,,,3,8,8,2,2,0,0,0,1,1,0,0,2,0,0,0,0,0,0,.250,0.0%,25.0%,.000,.250,.250,.500,.000,,.333,,0.5,-0.8,.228,40
Jose Zarraga,833201,last_60,DSL,18.5,DSL Rockies,Total,D-RCK,- - -,,,3,7,12,3,2,1,0,0,2,2,5,0,2,0,0,0,0,0,0,.429,41.7%,16.7%,2.500,.667,.571,1.238,.143,,.600,,3.9,1.8,.556,189
Andy Mata,833206,last_60,DSL,18.9,DSL Tigers 2,Total,D-TI2,- - -,,,6,17,24,5,3,1,0,1,6,2,5,0,7,2,0,0,0,4,0,.294,20.8%,29.2%,.714,.500,.529,1.029,.235,,.444,,6.1,2.0,.466,148
Edwilmin Matos,833228,last_60,DSL,18.6,DSL Astros Orange,Total,D-ASO,- - -,,,8,27,32,9,7,2,0,0,7,3,5,0,4,0,0,0,2,0,0,.333,15.6%,12.5%,1.250,.438,.407,.845,.074,,.391,,6.3,0.8,.391,114
Wanel Celestin,833244,last_60,DSL,18.9,DSL Orioles Orange,Total,D-ORO,- - -,,,4,7,13,1,0,0,0,1,3,3,6,0,0,0,0,0,1,0,2,.143,46.2%,0.0%,,.538,.571,1.110,.429,,.000,,3.6,1.3,.490,159
Yadier Crespo,833254,last_60,DSL,18.5,DSL Pirates Gold,Total,D-PIG,- - -,,,6,14,17,2,1,1,0,0,0,2,1,0,3,2,0,0,0,0,0,.143,5.9%,17.6%,.333,.294,.214,.508,.071,,.182,,1.6,-1.3,.259,54
Josiel Veras,833264,last_60,DSL,18.9,DSL White Sox,Total,D-WSX,- - -,,,4,11,15,3,2,1,0,0,3,1,3,0,6,0,0,1,0,0,0,.273,20.0%,40.0%,.500,.429,.364,.792,.091,,.600,,2.8,0.2,.375,106
Roberto Gabot,833302,last_60,DSL,18.9,DSL Orioles Orange,Total,D-ORO,- - -,,,5,15,19,6,3,2,0,1,3,9,4,0,2,0,0,0,0,2,0,.400,21.1%,10.5%,2.000,.526,.733,1.260,.333,,.417,,5.9,2.7,.541,182
Jack Moroknek,833381,last_60,A+,23.2,Wilmington Blue Rocks,Total,WIL,- - -,,,6,18,19,3,2,0,0,1,1,2,1,0,7,0,0,0,0,0,0,.167,5.3%,36.8%,.143,.211,.333,.544,.167,,.200,,1.2,-1.4,.244,47
Owen Hull,833382,last_60,A+,22.1,Greenville Drive,Total,GVL,- - -,,,19,77,92,25,16,7,0,2,13,12,13,0,15,2,0,0,1,0,4,.325,14.1%,16.3%,.867,.435,.494,.928,.169,,.383,,18.5,5.8,.419,146
Santiago Figueroa,833411,last_60,DSL,18.0,DSL Rays,Total,D-RAY,- - -,,,8,19,25,8,8,0,0,0,2,3,2,0,0,2,2,0,0,2,1,.421,8.0%,0.0%,,.480,.421,.901,.000,,.381,,5.2,0.9,.408,121
Hayden Jatczak,833426,last_60,A+,25.1,Eugene Emeralds,Total,EUG,- - -,,,23,79,94,19,15,2,0,2,12,18,12,0,17,1,2,0,1,2,0,.241,12.8%,18.1%,.706,.340,.342,.682,.101,,.274,,11.1,-3.0,.316,79
Justin Stransky,833458,last_60,A+,24.0,South Bend Cubs,Total,SB,- - -,,,16,50,61,11,6,4,0,1,8,10,7,0,10,1,3,0,0,2,1,.220,11.5%,16.4%,.700,.311,.360,.671,.140,,.238,,6.5,-1.8,.303,78
Ryan Wideman,834240,last_60,A+,22.8,Fort Wayne TinCaps,Total,FW,- - -,,,12,45,50,4,3,1,0,0,3,1,2,0,9,3,0,0,0,4,5,.089,4.0%,18.0%,.222,.180,.111,.291,.022,,.111,,-0.5,-7.3,.153,-7
Adrian Martinez,834255,last_60,DSL,17.2,DSL Pirates Gold,Total,D-PIG,- - -,,,7,17,24,8,7,1,0,0,6,1,7,0,2,0,0,0,0,3,1,.471,29.2%,8.3%,3.500,.625,.529,1.154,.059,,.533,,7.3,3.1,.527,175
Dionis Leyba,834308,last_60,DSL,17.9,DSL Pirates Gold,Total,D-PIG,- - -,,,7,24,27,4,2,1,0,1,5,4,1,0,9,1,1,0,1,1,0,.167,3.7%,33.3%,.111,.222,.333,.556,.167,,.200,,2.3,-2.4,.247,49
Fraimy Sanchez,834316,last_60,DSL,17.8,DSL Astros Orange,Total,D-ASO,- - -,,,1,2,3,0,0,0,0,0,0,0,1,0,0,0,0,0,0,0,0,.000,33.3%,0.0%,,.333,.000,.333,.000,,.000,,0.2,-0.3,.237,44
Ronnier Heras,834331,last_60,DSL,17.6,DSL Padres Brown,Total,D-PAB,- - -,,,9,30,35,6,5,1,0,0,4,4,4,0,3,0,1,0,1,4,1,.200,11.4%,8.6%,1.333,.286,.233,.519,.033,,.214,,3.0,-3.1,.248,49
Jake Cook,834404,last_60,A,23.1,Dunedin Blue Jays,Total,DUN,- - -,,,18,73,82,17,8,3,3,3,10,13,7,0,31,1,1,0,0,3,1,.233,8.5%,37.8%,.226,.305,.479,.784,.247,,.350,,11.4,-0.6,.343,95
JC Vanek,834408,last_60,A,22.0,Columbia Fireflies,Total,COL,- - -,,,13,43,57,11,7,1,0,3,7,12,12,0,16,1,1,0,1,3,1,.256,21.1%,28.1%,.750,.421,.488,.909,.233,,.320,,11.0,3.3,.408,142
Hector Barroso,834563,last_60,DSL,18.3,DSL Colorado,Total,D-COL,- - -,,,2,5,7,0,0,0,0,0,1,0,1,0,2,1,0,0,0,0,0,.000,14.3%,28.6%,.500,.286,.000,.286,.000,,.000,,0.4,-0.8,.208,31
Jesus Villaflor,834565,last_60,DSL,18.6,DSL LAD Mega,Total,D-LAM,- - -,,,5,15,17,7,4,2,0,1,5,2,2,0,1,0,0,0,0,2,0,.467,11.8%,5.9%,2.000,.529,.800,1.329,.333,,.462,,5.8,2.8,.574,197
Seong-Jun Kim,834605,last_60,A,19.3,Hickory Crawdads,Total,HIC,- - -,,,6,25,26,5,2,2,0,1,3,3,1,0,9,0,0,0,1,0,0,.200,3.8%,34.6%,.111,.231,.400,.631,.200,,.267,,2.4,-1.1,.278,68
Michael Oliveto,834672,last_60,A,19.6,Lakeland Flying Tigers,Total,LAK,- - -,,,17,58,70,20,15,4,0,1,11,11,12,0,13,0,0,0,0,0,0,.345,17.1%,18.6%,.923,.457,.466,.923,.121,,.432,,14.0,3.8,.421,137
Matthew Miura,834681,last_60,A,23.0,Palm Beach Cardinals,Total,PMB,- - -,,,21,66,82,20,16,4,0,0,9,10,15,0,11,0,1,0,1,8,1,.303,18.3%,13.4%,1.364,.427,.364,.790,.061,,.357,,13.2,1.2,.371,110
Angel Abreu,834685,last_60,A,18.1,Hill City Howlers,Total,HC,- - -,,,7,22,28,6,5,1,0,0,5,1,6,0,7,0,0,0,0,2,1,.273,21.4%,25.0%,.857,.429,.318,.747,.045,,.400,,4.4,0.6,.361,115
Ryan Niedzwiedz,834710,last_60,A,21.7,Fresno Grizzlies,Total,FRE,- - -,,,14,49,56,7,4,2,1,0,4,2,7,0,16,0,0,0,2,0,0,.143,12.5%,28.6%,.438,.250,.224,.474,.082,,.212,,2.8,-5.5,.229,34
Santiago Mendoza,834712,last_60,DSL,19.0,DSL Tampa Bay,Total,D-TAM,- - -,,,8,22,32,8,7,0,1,0,2,5,10,0,4,0,0,0,0,0,2,.364,31.2%,12.5%,2.500,.562,.455,1.017,.091,,.444,,8.3,2.8,.472,151
Víctor Gonzalez,834812,last_60,DSL,17.8,DSL Rangers Blue,Total,D-RNB,- - -,,,5,17,21,7,3,3,0,1,5,5,3,0,6,1,0,0,0,0,1,.412,14.3%,28.6%,.500,.524,.765,1.289,.353,,.600,,6.8,3.1,.552,187
Luis Rodriguez,834827,last_60,DSL,17.5,DSL Padres Brown,Total,D-PAB,- - -,,,8,22,26,5,2,2,1,0,4,2,4,0,5,0,0,0,0,2,0,.227,15.4%,19.2%,.800,.346,.409,.755,.182,,.294,,4.1,-0.4,.342,92
Osiris Ramirez,834835,last_60,DSL,17.3,DSL Brewers Gold,Total,D-BWG,- - -,,,7,18,27,0,0,0,0,0,2,2,9,0,6,0,0,0,1,0,1,.000,33.3%,22.2%,1.500,.333,.000,.333,.000,,.000,,2.0,-2.6,.237,44
Caden Merritt,834846,last_60,A,19.3,Augusta GreenJackets,Total,AUG,- - -,,,14,44,53,10,5,2,1,2,4,6,9,0,25,0,0,0,1,3,4,.227,17.0%,47.2%,.360,.358,.455,.813,.227,,.471,,8.5,1.3,.366,118
Angelmis De La Cruz,834889,last_60,DSL,20.3,DSL Royals Fortuna,Total,D-ROF,- - -,,,7,11,21,2,2,0,0,0,10,1,8,0,6,2,0,0,0,2,0,.182,38.1%,28.6%,1.333,.571,.182,.753,.000,,.400,,4.7,1.1,.428,131
Jose Silva,834925,last_60,A,19.4,Myrtle Beach Pelicans,Total,MB,- - -,,,13,34,47,6,6,0,0,0,8,2,10,0,16,3,0,0,1,2,0,.176,21.3%,34.0%,.625,.404,.176,.581,.000,,.333,,5.7,-0.7,.315,89
Anthony DePino,834962,last_60,AA,23.5,Birmingham Barons,Total,BIR,- - -,,,22,83,95,24,13,6,0,5,9,15,12,0,25,0,0,0,3,1,0,.289,12.6%,26.3%,.480,.379,.542,.921,.253,,.358,,17.8,5.1,.407,140
Dylan Grego,834966,last_60,A+,22.5,Fort Wayne TinCaps,Total,FW,- - -,,,20,66,74,15,10,3,2,0,8,8,3,0,19,1,1,3,0,1,1,.227,4.1%,25.7%,.158,.268,.333,.601,.106,,.312,,6.0,-4.2,.270,59
Josue Rodriguez,835005,last_60,DSL,17.8,DSL Brewers Gold,Total,D-BWG,- - -,,,5,16,18,7,4,2,0,1,4,8,2,0,6,0,0,0,0,2,0,.438,11.1%,33.3%,.333,.500,.750,1.250,.312,,.667,,5.7,2.6,.542,182
Elisandro Ramirez,835011,last_60,DSL,18.7,DSL Braves,Total,D-BRV,- - -,,,6,19,22,6,1,2,2,1,3,2,2,0,7,1,0,0,0,0,1,.316,9.1%,31.8%,.286,.409,.789,1.199,.474,,.455,,6.2,2.4,.502,164
Ricki Moneys,835022,last_60,DSL,17.9,DSL Brewers Gold,Total,D-BWG,- - -,,,8,28,34,6,5,0,1,0,4,4,5,0,7,1,0,0,0,2,1,.214,14.7%,20.6%,.714,.353,.286,.639,.071,,.286,,4.5,-1.4,.308,76
Daniel Liriano,835170,last_60,DSL,19.4,DSL Royals Ventura,Total,D-ROV,- - -,,,8,17,29,4,2,0,0,2,11,7,7,0,8,5,0,0,1,1,0,.235,24.1%,27.6%,.875,.552,.588,1.140,.353,,.286,,8.3,3.3,.508,167
Angel Barboza,835178,last_60,DSL,19.7,DSL Reds,Total,D-RED,- - -,,,3,9,10,3,3,0,0,0,1,1,1,0,1,0,0,0,0,0,1,.333,10.0%,10.0%,1.000,.400,.333,.733,.000,,.375,,1.6,-0.1,.344,93
Alex Rodriguez,835182,last_60,DSL,18.7,DSL Rangers Red,Total,D-RNR,- - -,,,8,32,39,8,4,3,0,1,3,10,5,0,8,0,2,0,2,0,1,.250,12.8%,20.5%,.625,.333,.438,.771,.188,,.280,,6.0,-0.7,.338,90
Diego Arce,835189,last_60,DSL,18.8,DSL Blue Jays Red,Total,D-BJR,- - -,,,5,14,16,1,0,0,0,1,4,1,0,0,7,2,0,0,0,0,0,.071,0.0%,43.8%,.000,.188,.286,.473,.214,,.000,,1.1,-1.7,.225,38
Alejandro Garza,835211,last_60,A,21.3,Hill City Howlers,Total,HC,- - -,,,18,72,84,25,17,7,1,0,11,15,9,0,12,0,3,0,0,10,1,.347,10.7%,14.3%,.750,.405,.472,.877,.125,,.397,,14.9,3.5,.388,131
Robbie Lavey,835215,last_60,A+,21.0,Fort Wayne TinCaps,Total,FW,- - -,,,16,58,63,14,7,5,0,2,6,12,5,0,19,0,0,0,2,1,0,.241,7.9%,30.2%,.263,.302,.431,.733,.190,,.324,,8.0,-0.7,.327,92
Anthony Potestio,835219,last_60,A,21.8,Tampa Tarpons,Total,TAM,- - -,,,17,52,73,16,8,3,1,4,14,13,18,0,13,2,1,0,0,3,1,.308,24.7%,17.8%,1.385,.493,.635,1.128,.327,,.333,,18.3,7.7,.487,172
Peyton Bonds,835227,last_60,A,21.1,San Jose Giants,Total,SJ,- - -,,,3,14,15,4,4,0,0,0,2,2,1,0,4,0,0,0,0,0,0,.286,6.7%,26.7%,.250,.333,.286,.619,.000,,.400,,1.5,-0.8,.290,66
Jake Schaffner,835279,last_60,A+,21.9,Greenville Drive,Total,GVL,- - -,,,18,85,90,27,21,4,1,1,14,9,5,0,19,0,0,0,1,2,0,.318,5.6%,21.1%,.263,.356,.424,.779,.106,,.400,,13.3,0.9,.351,107
Francisco Del Campo,835316,last_60,DSL,17.2,DSL Miami,Total,D-MIA,- - -,,,8,26,32,4,3,1,0,0,5,5,3,0,8,0,3,0,0,0,0,.154,9.4%,25.0%,.375,.219,.192,.411,.038,,.190,,1.3,-4.2,.192,24
Aidan Redahan,835318,last_60,A,24.2,Fresno Grizzlies,Total,FRE,- - -,,,5,15,19,4,4,0,0,0,2,0,2,0,2,2,0,0,1,0,0,.267,10.5%,10.5%,1.000,.421,.267,.688,.000,,.308,,2.7,-0.1,.345,95
Daury Martinez,835332,last_60,DSL,17.7,DSL Royals Fortuna,Total,D-ROF,- - -,,,6,14,21,4,2,1,1,0,4,3,4,0,4,1,0,2,0,2,0,.286,19.0%,19.0%,1.000,.474,.500,.974,.214,,.400,,4.9,1.3,.439,136
Francisco Coronado,835343,last_60,DSL,17.5,DSL Rangers Red,Total,D-RNR,- - -,,,6,14,20,3,3,0,0,0,0,0,5,0,6,1,0,0,0,1,0,.214,25.0%,30.0%,.833,.450,.214,.664,.000,,.375,,3.3,-0.1,.351,96
Wanderlin Padilla,835500,last_60,DSL,18.5,DSL Marlins,Total,D-MRL,- - -,,,8,19,25,4,4,0,0,0,4,2,6,0,4,0,0,0,1,2,0,.211,24.0%,16.0%,1.500,.400,.211,.611,.000,,.267,,3.4,-0.9,.316,80
Héctor Cabrera,835616,last_60,DSL,18.7,DSL Cardinals,Total,D-CAR,- - -,,,6,16,24,3,3,0,0,0,4,2,4,0,9,3,1,0,0,0,0,.188,16.7%,37.5%,.444,.417,.188,.604,.000,,.375,,3.5,-0.7,.325,84
Gabriel Teran,835619,last_60,DSL,18.8,DSL Padres Gold,Total,D-PAG,- - -,,,6,14,25,4,3,1,0,0,7,0,8,0,7,3,0,0,0,2,0,.286,32.0%,28.0%,1.143,.600,.357,.957,.071,,.571,,6.6,2.3,.478,153
Omar Munoz,835644,last_60,DSL,18.8,DSL Colorado,Total,D-COL,- - -,,,5,17,22,1,0,0,0,1,3,4,2,0,2,0,2,1,0,0,0,.059,9.1%,9.1%,1.000,.143,.235,.378,.176,,.000,,0.5,-3.3,.168,13
Fabian Gonzalez,835648,last_60,DSL,18.9,DSL Blue Jays Blue,Total,D-BJB,- - -,,,5,11,15,1,0,1,0,0,1,4,3,0,4,0,1,0,0,0,0,.091,20.0%,26.7%,.750,.267,.182,.448,.091,,.125,,1.0,-1.5,.228,40
Tanner Marsh,835651,last_60,A+,21.4,Lansing Lugnuts,Total,LAN,- - -,,,11,36,45,5,5,0,0,0,5,1,8,0,17,1,0,0,1,4,0,.139,17.8%,37.8%,.471,.311,.139,.450,.000,,.263,,2.8,-3.4,.244,45
Martin Shelar,835678,last_60,A,19.1,Salem RidgeYaks,Total,SAL,- - -,,,13,53,60,10,6,3,0,1,4,7,6,0,19,1,0,0,0,2,3,.189,10.0%,31.7%,.316,.283,.302,.585,.113,,.273,,5.3,-2.8,.274,65
Eric Booth Jr.,835727,last_60,A,18.2,Delmarva Shorebirds,Total,DEL,- - -,,,18,67,82,19,16,3,0,0,9,9,12,0,19,1,2,0,2,3,2,.284,14.6%,23.2%,.632,.390,.328,.719,.045,,.380,,11.4,0.2,.338,102
Joshua Fermin,835740,last_60,DSL,18.1,DSL Royals Fortuna,Total,D-ROF,- - -,,,8,22,29,5,5,0,0,0,3,3,7,0,7,0,0,0,0,1,1,.227,24.1%,24.1%,1.000,.414,.227,.641,.000,,.333,,4.3,-0.7,.329,86
Caleb Johnson,835868,last_60,A,22.6,Ontario Tower Buzzers,Total,ONT,- - -,,,20,78,89,24,14,5,0,5,18,19,8,0,24,1,2,0,1,6,1,.308,9.0%,27.0%,.333,.371,.564,.935,.256,,.373,,16.8,3.6,.407,128
Hector Paulino,835887,last_60,DSL,18.2,DSL White Sox,Total,D-WSX,- - -,,,4,17,18,5,4,1,0,0,3,3,0,0,2,1,0,0,0,0,0,.294,0.0%,11.1%,.000,.333,.353,.686,.059,,.333,,2.5,-0.6,.315,80
Samuel Pardo,835892,last_60,DSL,18.2,DSL Rays,Total,D-RAY,- - -,,,8,22,25,2,0,2,0,0,1,5,1,0,6,1,1,0,0,1,0,.091,4.0%,24.0%,.167,.160,.182,.342,.091,,.118,,0.4,-3.9,.162,10
Jordan Ouanyou,835948,last_60,DSL,18.8,DSL Rojos,Total,D-ROJ,- - -,,,4,9,13,0,0,0,0,0,1,0,2,0,4,2,0,0,0,0,1,.000,15.4%,30.8%,.500,.308,.000,.308,.000,,.000,,0.9,-1.4,.224,38
Conner O'Neal,836052,last_60,A,24.0,Ontario Tower Buzzers,Total,ONT,- - -,,,13,37,50,11,5,4,0,2,7,3,13,0,15,0,0,0,2,0,1,.297,26.0%,30.0%,.867,.480,.568,1.048,.270,,.450,,11.6,4.3,.464,158
Zach Daudet,836055,last_60,A+,23.2,Asheville Tourists,Total,ASH,- - -,,,24,67,92,14,10,4,0,0,15,6,22,0,16,2,0,1,1,2,3,.209,23.9%,17.4%,1.375,.418,.269,.686,.060,,.275,,13.0,0.3,.345,102
Ely Brown,836058,last_60,A+,22.1,Winston-Salem Dash,Total,WS,- - -,,,25,111,127,34,26,5,1,2,14,22,11,0,14,1,1,2,1,11,0,.306,8.7%,11.0%,.786,.371,.423,.794,.117,,.333,,19.6,2.1,.359,112
Brayden Corn,836068,last_60,A+,23.1,Everett AquaSox,Total,EVE,- - -,,,14,44,52,7,5,1,0,1,4,4,8,0,24,0,0,0,0,2,0,.159,15.4%,46.2%,.333,.288,.250,.538,.091,,.316,,3.9,-3.8,.262,51
Rylan Mills,836079,last_60,A,19.9,Wilson Warbirds,Total,WIL,- - -,,,23,84,98,19,10,2,0,7,12,12,14,0,38,0,0,0,0,3,0,.226,14.3%,38.8%,.368,.337,.500,.837,.274,,.308,,16.2,2.8,.372,121
Jimmy Anderson,836084,last_60,A,21.0,Delmarva Shorebirds,Total,DEL,- - -,,,21,76,91,16,12,4,0,0,7,7,11,0,19,3,1,0,0,5,1,.211,12.1%,20.9%,.579,.330,.263,.593,.053,,.276,,9.0,-3.3,.287,73
Andrews Opata,836168,last_60,A,22.7,Salem RidgeYaks,Total,SAL,- - -,,,20,62,79,19,11,4,1,3,21,16,13,0,19,2,2,0,2,11,1,.306,16.5%,24.1%,.684,.430,.548,.979,.242,,.381,,16.6,5.8,.429,154
Conner Westenburg,836173,last_60,A+,23.1,Fort Wayne TinCaps,Total,FW,- - -,,,19,60,70,12,8,2,2,0,6,2,5,0,24,2,0,3,0,3,2,.200,7.1%,34.3%,.208,.284,.300,.584,.100,,.333,,5.8,-3.8,.271,60
Lucas Takahashi,836256,last_60,DSL,18.1,DSL Cardinals,Total,D-CAR,- - -,,,9,17,34,1,1,0,0,0,10,4,17,0,7,0,0,0,0,2,0,.059,50.0%,20.6%,2.429,.529,.059,.588,.000,,.100,,6.4,0.6,.382,110
Luis Bruno,836277,last_60,DSL,18.1,DSL Angels,Total,D-ANG,- - -,,,9,27,34,6,5,1,0,0,4,2,6,0,2,0,0,1,0,3,1,.222,17.6%,5.9%,3.000,.364,.259,.623,.037,,.240,,4.4,-1.4,.306,75
Mikel Nieblas,836340,last_60,DSL,17.1,DSL Rojos,Total,D-ROJ,- - -,,,1,4,4,1,0,1,0,0,0,0,0,0,1,0,0,0,0,0,0,.250,0.0%,25.0%,.000,.250,.500,.750,.250,,.333,,0.6,-0.1,.324,83
Jesus Griman,836346,last_60,DSL,18.4,DSL Mets Blue,Total,D-MEB,- - -,,,3,9,10,2,1,1,0,0,2,0,1,0,1,0,0,0,0,1,0,.222,10.0%,10.0%,1.000,.300,.333,.633,.111,,.250,,1.2,-0.5,.291,69
Francisco Renteria,836353,last_60,DSL,17.6,DSL Phillies,Total,D-PHI,- - -,,,7,22,32,13,7,1,2,3,12,12,9,1,4,1,0,0,0,6,1,.591,28.1%,12.5%,2.250,.719,1.227,1.946,.636,,.667,,15.6,10.1,.765,283
Edwin Ramirez,836434,last_60,DSL,18.2,DSL Phillies,Total,D-PHI,- - -,,,8,31,36,14,10,4,0,0,10,8,3,0,5,2,0,0,2,2,1,.452,8.3%,13.9%,.600,.528,.581,1.108,.129,,.538,,10.0,3.8,.497,162
Luis Hernández,836582,last_60,A,17.7,San Jose Giants,Total,SJ,- - -,,,9,44,44,12,12,0,0,0,6,3,0,0,14,0,0,0,0,0,0,.273,0.0%,31.8%,.000,.273,.273,.545,.000,,.400,,2.8,-3.7,.248,44
Johenssy Colome,836584,last_60,DSL,17.8,DSL Athletics,Total,D-ATH,- - -,,,9,26,36,11,5,3,2,1,9,5,6,0,7,4,0,0,1,2,0,.423,16.7%,19.4%,.857,.583,.808,1.391,.385,,.556,,12.5,6.3,.585,202
Angel Nuñez,836585,last_60,DSL,17.4,DSL Reds,Total,D-RED,- - -,,,9,33,39,9,6,2,0,1,11,10,6,0,9,0,0,0,0,4,0,.273,15.4%,23.1%,.667,.385,.424,.809,.152,,.348,,7.0,0.3,.370,104
Jeancer Custodio,836586,last_60,DSL,17.8,DSL Pirates Gold,Total,D-PIG,- - -,,,2,6,8,2,2,0,0,0,1,1,2,0,2,0,0,0,0,0,0,.333,25.0%,25.0%,1.000,.500,.333,.833,.000,,.500,,1.7,0.3,.405,120
Emanuel Luna,836587,last_60,DSL,17.6,DSL Cardinals,Total,D-CAR,- - -,,,1,4,5,1,1,0,0,0,1,0,1,0,0,0,0,0,0,0,0,.250,20.0%,0.0%,,.400,.250,.650,.000,,.250,,0.7,-0.1,.324,84
Jeyson Horton,836588,last_60,DSL,17.5,DSL Angels,Total,D-ANG,- - -,,,9,24,34,10,9,0,0,1,7,5,9,0,3,0,0,1,0,7,1,.417,26.5%,8.8%,3.000,.576,.542,1.117,.125,,.450,,9.7,3.9,.506,166
Elian Rosario,836589,last_60,DSL,17.9,DSL Rangers Blue,Total,D-RNB,- - -,,,7,29,34,6,3,1,0,2,3,8,3,0,5,2,0,0,0,0,0,.207,8.8%,14.7%,.600,.324,.448,.772,.241,,.182,,5.6,-0.3,.349,95
Victor Valdez,836590,last_60,DSL,17.9,DSL Rays,Total,D-RAY,- - -,,,8,24,29,4,2,0,1,1,3,2,5,0,4,0,0,0,1,3,1,.167,17.2%,13.8%,1.250,.310,.375,.685,.208,,.158,,4.0,-1.0,.315,79
Juan Rijo,836591,last_60,DSL,18.0,DSL Mariners,Total,D-MRN,- - -,,,7,23,28,9,5,3,1,0,6,3,5,0,8,0,0,0,1,1,1,.391,17.9%,28.6%,.625,.500,.609,1.109,.217,,.600,,7.6,2.8,.487,157
Joniel Hernandez,836592,last_60,DSL,17.4,DSL Giants Black,Total,D-GIB,- - -,,,7,26,29,8,6,0,0,2,4,6,3,0,5,0,0,0,0,2,1,.308,10.3%,17.2%,.600,.379,.538,.918,.231,,.316,,6.1,1.1,.407,121
Jose Luis Acevedo,836593,last_60,DSL,17.7,DSL Orioles Orange,Total,D-ORO,- - -,,,4,13,15,2,1,1,0,0,2,1,2,0,4,0,0,0,0,0,0,.154,13.3%,26.7%,.500,.267,.231,.497,.077,,.222,,1.2,-1.4,.242,46
Santiago Solarte,836594,last_60,DSL,17.7,DSL Marlins,Total,D-MRL,- - -,,,6,18,23,8,5,2,0,1,6,6,3,0,6,2,0,0,0,7,2,.444,13.0%,26.1%,.500,.565,.722,1.287,.278,,.636,,7.5,3.6,.559,190
Wilton Guerrero Jr.,836595,last_60,DSL,17.2,DSL Pirates Black,Total,D-PIB,- - -,,,8,29,33,9,9,0,0,0,8,8,1,0,3,1,1,1,1,3,0,.310,3.0%,9.1%,.333,.344,.310,.654,.000,,.333,,4.2,-1.5,.301,73
Ariel Roque,836596,last_60,DSL,17.8,DSL Orioles Orange,Total,D-ORO,- - -,,,8,20,27,5,4,1,0,0,6,2,6,0,9,1,0,0,0,1,1,.250,22.2%,33.3%,.667,.444,.300,.744,.050,,.455,,4.8,0.2,.368,104
Randy Santana,836597,last_60,DSL,17.9,DSL Tigers 1,Total,D-TI1,- - -,,,5,13,16,4,4,0,0,0,2,0,3,0,6,0,0,0,0,4,1,.308,18.8%,37.5%,.500,.438,.308,.745,.000,,.571,,2.8,0.0,.361,100
Jaider Suárez,836598,last_60,DSL,17.6,DSL Royals Fortuna,Total,D-ROF,- - -,,,8,24,32,12,7,3,1,1,9,5,7,0,1,1,0,0,1,7,1,.500,21.9%,3.1%,7.000,.625,.833,1.458,.333,,.500,,11.9,6.4,.616,216
Randy Arias,836599,last_60,DSL,17.8,DSL Astros Blue,Total,D-ASB,- - -,,,10,32,39,5,4,1,0,0,2,2,6,0,9,1,0,0,1,2,1,.156,15.4%,23.1%,.667,.308,.188,.495,.031,,.217,,3.5,-3.2,.255,52
Cleiner Ramirez,836600,last_60,DSL,17.7,DSL Mets Orange,Total,D-MEO,- - -,,,2,5,7,0,0,0,0,0,2,0,1,0,1,1,0,0,0,1,0,.000,14.3%,14.3%,1.000,.286,.000,.286,.000,,.000,,0.4,-0.8,.208,31
Diego Frontado,836601,last_60,DSL,17.9,DSL Brewers Blue,Total,D-BWB,- - -,,,8,27,37,7,4,2,0,1,6,6,7,0,4,2,1,0,0,1,0,.259,18.9%,10.8%,1.750,.432,.444,.877,.185,,.261,,7.5,1.1,.400,118
Samil Serrano,836603,last_60,DSL,17.8,DSL Nationals,Total,D-NAT,- - -,,,7,20,27,8,5,1,1,1,7,6,6,0,4,0,1,0,0,2,0,.400,22.2%,14.8%,1.500,.519,.700,1.219,.300,,.438,,7.9,3.2,.513,169
Ronny Muñoz,836604,last_60,DSL,17.9,DSL Miami,Total,D-MIA,- - -,,,7,26,31,7,5,1,0,1,7,5,4,0,11,1,0,0,0,3,0,.269,12.9%,35.5%,.364,.387,.423,.810,.154,,.429,,5.6,0.3,.372,105
Ezequiel Melburne,836606,last_60,DSL,17.2,DSL LAD Bautista,Total,D-LAB,- - -,,,7,27,30,6,6,0,0,0,2,4,3,0,7,0,0,0,0,2,1,.222,10.0%,23.3%,.429,.300,.222,.522,.000,,.300,,2.7,-2.5,.253,51
Michael Mesa,836607,last_60,DSL,17.7,DSL Blue Jays Blue,Total,D-BJB,- - -,,,8,27,29,11,7,4,0,0,2,6,2,0,9,0,0,0,0,1,0,.407,6.9%,31.0%,.222,.448,.556,1.004,.148,,.611,,7.0,2.0,.447,139
Fernando Graterol,836608,last_60,DSL,17.9,DSL White Sox,Total,D-WSX,- - -,,,9,32,42,10,6,1,1,2,9,9,9,0,11,1,0,0,0,2,0,.312,21.4%,26.2%,.818,.476,.594,1.070,.281,,.421,,10.8,3.6,.470,150
Gregory Pio,836609,last_60,DSL,17.5,DSL Mariners,Total,D-MRN,- - -,,,7,21,28,5,2,3,0,0,7,4,7,0,5,0,0,0,1,5,0,.238,25.0%,17.9%,1.400,.429,.381,.810,.143,,.312,,5.3,0.5,.381,109
Ricky Duran,836610,last_60,DSL,17.9,DSL Athletics,Total,D-ATH,- - -,,,4,16,17,6,6,0,0,0,2,6,1,0,1,0,0,0,0,0,0,.375,5.9%,5.9%,1.000,.412,.375,.787,.000,,.400,,3.0,0.0,.363,101
Enmanuel Merlo,836611,last_60,DSL,17.7,DSL Twins,Total,D-TWI,- - -,,,9,30,36,11,7,3,0,1,8,6,6,0,5,0,0,0,0,2,2,.367,16.7%,13.9%,1.200,.472,.567,1.039,.200,,.417,,9.1,2.9,.462,146
Pedro Gomez,836612,last_60,DSL,17.8,DSL Orioles Black,Total,D-ORB,- - -,,,9,25,36,5,3,1,0,1,5,4,9,1,9,1,1,0,0,1,1,.200,25.0%,25.0%,1.000,.417,.360,.777,.160,,.250,,6.2,-0.0,.359,99
Garielvin Silverio,836613,last_60,DSL,17.8,DSL Red Sox Blue,Total,D-RSB,- - -,,,8,30,33,9,7,0,0,2,7,8,0,0,7,2,0,0,1,1,0,.300,0.0%,21.2%,.000,.344,.500,.844,.200,,.333,,6.1,0.4,.377,108
Svert Reinoso,836614,last_60,DSL,17.7,DSL CLE Goryl,Total,D-CLG,- - -,,,7,25,30,7,5,1,0,1,4,3,4,0,5,1,0,0,2,0,0,.280,13.3%,16.7%,.800,.400,.440,.840,.160,,.316,,5.7,0.6,.385,111
Isaias Suarez,836616,last_60,DSL,17.7,DSL Nationals,Total,D-NAT,- - -,,,8,27,33,6,5,1,0,0,3,8,5,0,5,1,0,0,0,2,1,.222,15.2%,15.2%,1.000,.364,.259,.623,.037,,.273,,4.3,-1.4,.307,76
Gabriel Rosario,836617,last_60,DSL,18.0,DSL Orioles Orange,Total,D-ORO,- - -,,,7,21,26,10,6,2,0,2,8,3,3,0,3,2,0,0,0,1,0,.476,11.5%,11.5%,1.000,.577,.857,1.434,.381,,.500,,9.6,5.1,.611,214
Ruben Gallego,836618,last_60,DSL,17.8,DSL Arizona Black,Total,D-ARB,- - -,,,8,28,31,7,6,0,1,0,4,4,2,0,8,1,0,0,0,3,1,.250,6.5%,25.8%,.250,.323,.321,.644,.071,,.350,,3.8,-1.5,.299,72
Adrián Lunar,836619,last_60,DSL,17.9,DSL Royals Ventura,Total,D-ROV,- - -,,,6,19,24,7,7,0,0,0,6,5,4,0,1,1,0,0,0,1,0,.368,16.7%,4.2%,4.000,.500,.368,.868,.000,,.389,,5.2,1.0,.415,125
Jose Perdomo,836620,last_60,DSL,17.3,DSL Athletics,Total,D-ATH,- - -,,,2,4,4,2,1,0,0,1,1,1,0,0,1,0,0,0,0,0,0,.500,0.0%,25.0%,.000,.500,1.250,1.750,.750,,.500,,1.9,1.2,.755,279
Leonardo Reynoso,836623,last_60,DSL,17.8,DSL Mariners,Total,D-MRN,- - -,,,4,8,11,2,1,1,0,0,2,3,3,0,3,0,0,0,0,0,0,.250,27.3%,27.3%,1.000,.455,.375,.830,.125,,.400,,2.2,0.3,.394,115
José Rodríguez,836624,last_60,DSL,17.6,DSL Brewers Blue,Total,D-BWB,- - -,,,8,30,36,4,3,1,0,0,6,0,6,0,5,0,0,0,1,1,0,.133,16.7%,13.9%,1.200,.278,.167,.444,.033,,.160,,2.5,-3.7,.230,41
Ashton Kennedy,836650,last_60,DSL,18.4,DSL Pirates Gold,Total,D-PIG,- - -,,,7,18,22,2,1,1,0,0,2,0,4,0,10,0,0,0,2,0,0,.111,18.2%,45.5%,.400,.273,.167,.439,.056,,.250,,1.5,-2.3,.229,41
Adafel Montiel,837035,last_60,DSL,19.4,DSL Colorado,Total,D-COL,- - -,,,5,12,15,4,3,1,0,0,1,4,3,0,2,0,0,0,1,0,0,.333,20.0%,13.3%,1.500,.467,.417,.883,.083,,.400,,3.2,0.6,.410,123
Sebastian Maldonado,837036,last_60,DSL,18.4,DSL Padres Brown,Total,D-PAB,- - -,,,4,13,15,5,4,1,0,0,2,1,2,0,2,0,0,0,0,0,0,.385,13.3%,13.3%,1.000,.467,.462,.928,.077,,.455,,3.3,0.7,.424,129
David Colina,837038,last_60,DSL,18.0,DSL Astros Blue,Total,D-ASB,- - -,,,1,1,3,0,0,0,0,0,1,1,1,0,1,0,1,0,0,0,0,.000,33.3%,33.3%,1.000,.333,.000,.333,.000,,.000,,0.2,-0.3,.237,44
Oscar Rivas,837042,last_60,DSL,18.8,DSL Astros Orange,Total,D-ASO,- - -,,,1,3,3,0,0,0,0,0,0,0,0,0,2,0,0,0,0,0,0,.000,0.0%,66.7%,.000,.000,.000,.000,.000,,.000,,-0.3,-0.8,.000,-63
Yuaxander Silveira,837101,last_60,DSL,18.6,DSL Astros Blue,Total,D-ASB,- - -,,,9,23,27,5,5,0,0,0,3,1,4,0,3,0,0,0,1,3,0,.217,14.8%,11.1%,1.333,.333,.217,.551,.000,,.250,,2.8,-1.8,.274,61
Diego Pacheco,837177,last_60,DSL,17.4,DSL Rojos,Total,D-ROJ,- - -,,,2,5,5,2,2,0,0,0,1,0,0,0,0,0,0,0,1,0,0,.400,0.0%,0.0%,,.400,.400,.800,.000,,.400,,0.9,0.0,.364,102
Juan De Jesus,837231,last_60,DSL,18.4,DSL Cubs Blue,Total,D-CUB,- - -,,,8,13,23,4,2,2,0,0,2,3,9,0,4,1,0,0,0,1,1,.308,39.1%,17.4%,2.250,.609,.462,1.070,.154,,.444,,6.5,2.5,.502,164
Dylan Guzman,837232,last_60,DSL,18.5,DSL Cubs Blue,Total,D-CUB,- - -,,,8,26,34,5,4,1,0,0,7,3,6,0,1,0,2,0,0,2,3,.192,17.6%,2.9%,6.000,.324,.231,.554,.038,,.185,,3.5,-2.4,.271,59
Luis Palencia,837233,last_60,DSL,18.3,DSL Cubs Blue,Total,D-CUB,- - -,,,7,16,25,5,4,1,0,0,6,3,7,0,2,1,1,0,1,1,0,.312,28.0%,8.0%,3.500,.520,.375,.895,.062,,.333,,5.6,1.3,.426,130
Sergio Patino,837234,last_60,DSL,18.8,DSL Cubs Blue,Total,D-CUB,- - -,,,6,18,20,5,5,0,0,0,3,5,0,0,2,0,2,0,0,0,1,.278,0.0%,10.0%,.000,.250,.278,.528,.000,,.278,,1.4,-2.1,.227,40
William Ferrufino,837307,last_60,DSL,18.8,DSL Colorado,Total,D-COL,- - -,,,6,17,20,6,2,1,2,1,3,3,2,0,5,1,0,0,0,0,0,.353,10.0%,25.0%,.400,.450,.824,1.274,.471,,.455,,6.1,2.7,.533,178
Johan Gomez,837330,last_60,DSL,18.7,DSL Cubs Red,Total,D-CUR,- - -,,,7,16,24,4,2,2,0,0,3,0,6,0,5,2,0,0,0,0,1,.250,25.0%,20.8%,1.200,.500,.375,.875,.125,,.364,,5.3,1.2,.423,128
Bryant Ciriaco,837344,last_60,DSL,18.7,DSL Cubs Blue,Total,D-CUB,- - -,,,4,10,12,0,0,0,0,0,0,0,2,0,5,0,0,0,0,0,0,.000,16.7%,41.7%,.400,.167,.000,.167,.000,,.000,,-0.2,-2.3,.118,-10
Eric Jeon,837510,last_60,A,21.2,Inland Empire 66ers,Total,IE,- - -,,,3,9,11,5,4,0,1,0,3,4,1,0,1,1,0,0,1,0,0,.556,9.1%,9.1%,1.000,.636,.778,1.414,.222,,.625,,3.8,2.2,.612,236
Albert Fermín,837522,last_60,DSL,17.5,DSL Astros Orange,Total,D-ASO,- - -,,,8,25,35,4,2,1,0,1,7,4,9,0,5,1,0,0,0,4,0,.160,25.7%,14.3%,1.800,.400,.320,.720,.160,,.158,,5.8,-0.2,.353,97
Jhosep Villarroel,837600,last_60,DSL,17.9,DSL Arizona Red,Total,D-ARR,- - -,,,8,30,33,10,5,3,0,2,6,5,2,0,3,1,0,0,0,1,0,.333,6.1%,9.1%,.667,.394,.633,1.027,.300,,.320,,8.0,2.3,.449,140
Rubel Arias,837601,last_60,DSL,17.7,DSL LAD Bautista,Total,D-LAB,- - -,,,6,18,27,5,3,2,0,0,6,3,9,0,6,0,0,0,0,1,1,.278,33.3%,22.2%,1.500,.519,.389,.907,.111,,.417,,6.2,1.5,.434,133
Edward Suazo,837606,last_60,DSL,17.7,DSL Athletics,Total,D-ATH,- - -,,,6,14,20,6,4,2,0,0,5,3,6,0,5,0,0,0,0,2,0,.429,30.0%,25.0%,1.200,.600,.571,1.171,.143,,.667,,6.0,2.6,.525,174
Juan Caricote,837611,last_60,DSL,17.8,DSL Blue Jays Blue,Total,D-BJB,- - -,,,7,23,26,5,3,1,0,1,3,4,2,0,7,1,0,0,0,0,0,.217,7.7%,26.9%,.286,.308,.391,.699,.174,,.267,,3.6,-0.8,.319,81
Carlos Carrión,837618,last_60,DSL,17.7,DSL Cardinals,Total,D-CAR,- - -,,,6,23,25,2,1,0,0,1,2,2,2,0,10,0,0,0,0,2,0,.087,8.0%,40.0%,.200,.160,.217,.377,.130,,.083,,0.7,-3.6,.178,17
Yariel Cordero,837623,last_60,DSL,18.1,DSL Blue Jays Blue,Total,D-BJB,- - -,,,5,15,17,5,4,1,0,0,2,3,2,0,2,0,0,0,0,0,0,.333,11.8%,11.8%,1.000,.412,.400,.812,.067,,.385,,3.1,0.2,.374,106
Douglas Veliz,837624,last_60,DSL,17.5,DSL Colorado,Total,D-COL,- - -,,,3,7,11,1,1,0,0,0,2,1,2,0,2,2,0,0,1,0,0,.143,18.2%,18.2%,1.000,.455,.143,.597,.000,,.200,,1.8,-0.1,.347,94
Jordani Peguero,837628,last_60,DSL,17.9,DSL Miami,Total,D-MIA,- - -,,,4,7,16,0,0,0,0,0,4,3,8,0,3,1,0,0,0,1,0,.000,50.0%,18.8%,2.667,.562,.000,.562,.000,,.000,,3.3,0.5,.402,119
Deret Gonzalez,837629,last_60,DSL,17.9,DSL Blue Jays Blue,Total,D-BJB,- - -,,,7,18,23,2,1,1,0,0,3,0,3,0,11,1,0,1,0,0,0,.111,13.0%,47.8%,.273,.273,.167,.439,.056,,.286,,1.6,-2.3,.231,41
Jorge Silvera,837630,last_60,DSL,17.6,DSL Arizona Black,Total,D-ARB,- - -,,,3,6,9,1,1,0,0,0,2,1,1,0,3,1,0,1,0,2,0,.167,11.1%,33.3%,.333,.375,.167,.542,.000,,.333,,1.1,-0.5,.295,71
Aneudi Severino,837634,last_60,DSL,17.9,DSL Blue Jays Red,Total,D-BJR,- - -,,,7,15,22,8,7,1,0,0,7,4,5,0,4,2,0,0,0,2,0,.533,22.7%,18.2%,1.250,.682,.600,1.282,.067,,.727,,7.5,3.7,.578,198
Eider Gutierrez,837635,last_60,DSL,17.8,DSL Reds,Total,D-RED,- - -,,,7,21,26,5,3,0,1,1,5,6,2,0,0,2,1,0,0,3,0,.238,7.7%,0.0%,,.346,.476,.822,.238,,.190,,4.5,0.0,.361,100
Eliecer Mendoza,837636,last_60,DSL,17.5,DSL Miami,Total,D-MIA,- - -,,,4,10,12,3,3,0,0,0,3,1,2,0,2,0,0,0,1,1,0,.300,16.7%,16.7%,1.000,.417,.300,.717,.000,,.375,,1.9,-0.1,.346,93
Carlos De Los Santos,837639,last_60,DSL,17.2,DSL Marlins,Total,D-MRL,- - -,,,7,22,27,7,5,0,0,2,5,6,4,0,5,0,1,0,0,1,1,.318,14.8%,18.5%,.800,.407,.591,.998,.273,,.312,,6.1,1.5,.430,132
Jose Colina,837640,last_60,DSL,17.8,DSL Rojos,Total,D-ROJ,- - -,,,6,21,24,5,4,0,0,1,3,5,3,0,2,0,0,0,0,2,0,.238,12.5%,8.3%,1.500,.333,.381,.714,.143,,.222,,3.5,-0.6,.328,85
Yendi Pirela,837641,last_60,DSL,17.9,DSL Miami,Total,D-MIA,- - -,,,3,6,11,3,2,0,0,1,3,3,4,0,0,0,1,0,0,0,0,.500,36.4%,0.0%,,.636,1.000,1.636,.500,,.333,,4.1,2.2,.616,216
Raunny Figueredo,837642,last_60,DSL,17.3,DSL Marlins,Total,D-MRL,- - -,,,8,23,31,7,5,1,1,0,8,7,4,0,2,4,0,0,0,3,1,.304,12.9%,6.5%,2.000,.484,.435,.919,.130,,.333,,7.0,1.7,.429,131
Daniel Pire,837643,last_60,DSL,17.6,DSL Marlins,Total,D-MRL,- - -,,,4,15,17,6,3,1,0,2,2,7,1,0,1,0,1,0,0,0,0,.400,5.9%,5.9%,1.000,.412,.867,1.278,.467,,.308,,5.1,2.2,.527,175
Oliver Chapman,837644,last_60,DSL,17.4,DSL LAD Bautista,Total,D-LAB,- - -,,,4,13,16,0,0,0,0,0,3,0,1,0,4,2,0,0,0,1,0,.000,6.2%,25.0%,.250,.188,.000,.188,.000,,.000,,-0.0,-2.8,.137,-1
Carlos Hernandez,837645,last_60,DSL,17.4,DSL Rojos,Total,D-ROJ,- - -,,,7,21,27,2,2,0,0,0,3,1,5,0,5,0,1,0,1,1,0,.095,18.5%,18.5%,1.000,.259,.095,.354,.000,,.118,,1.2,-3.4,.199,27
Timothy Mogen,837648,last_60,DSL,17.9,DSL Padres Gold,Total,D-PAG,- - -,,,8,26,31,9,7,1,0,1,6,7,3,0,5,2,0,0,0,1,2,.346,9.7%,16.1%,.600,.452,.500,.952,.154,,.400,,7.1,1.7,.432,132
Juan Figueroa,837649,last_60,DSL,17.4,DSL Pirates Black,Total,D-PIB,- - -,,,6,15,22,3,3,0,0,0,6,1,6,0,6,0,1,0,0,4,1,.200,27.3%,27.3%,1.000,.409,.200,.609,.000,,.300,,3.1,-0.7,.318,81
Ronny Felix,837650,last_60,DSL,17.9,DSL Rojos,Total,D-ROJ,- - -,,,2,6,7,2,1,1,0,0,1,2,1,0,3,0,0,0,0,0,0,.333,14.3%,42.9%,.333,.429,.500,.929,.167,,.667,,1.5,0.3,.416,125
Ronald Rodriguez,837651,last_60,DSL,17.5,DSL Marlins,Total,D-MRL,- - -,,,5,16,20,3,3,0,0,0,4,0,4,0,4,0,0,0,0,2,0,.188,20.0%,20.0%,1.000,.350,.188,.537,.000,,.250,,2.2,-1.3,.279,63
Alex Linares,837653,last_60,DSL,17.5,DSL Blue Jays Red,Total,D-BJR,- - -,,,6,15,26,3,2,1,0,0,7,1,9,0,6,1,0,1,1,0,2,.200,34.6%,23.1%,1.500,.520,.267,.787,.067,,.333,,5.5,1.0,.410,123
Xander Nolasco,837654,last_60,DSL,17.9,DSL Rojos,Total,D-ROJ,- - -,,,2,6,7,2,0,2,0,0,2,1,1,0,1,0,0,0,1,0,0,.333,14.3%,14.3%,1.000,.429,.667,1.095,.333,,.400,,1.8,0.6,.471,150
Gilbert Ramirez,837658,last_60,DSL,17.5,DSL Pirates Black,Total,D-PIB,- - -,,,6,17,22,6,6,0,0,0,4,2,3,0,2,2,0,0,0,0,0,.353,13.6%,9.1%,1.500,.500,.353,.853,.000,,.400,,4.7,0.9,.413,124
Frelian Flores,837660,last_60,DSL,17.3,DSL Blue Jays Red,Total,D-BJR,- - -,,,6,14,16,2,2,0,0,0,3,3,2,0,0,0,0,0,0,0,0,.143,12.5%,0.0%,,.250,.143,.393,.000,,.143,,0.8,-2.0,.203,28
Carlos Goncalves,837662,last_60,DSL,17.5,DSL Rojos,Total,D-ROJ,- - -,,,5,9,13,3,3,0,0,0,3,3,2,0,1,2,0,0,0,0,0,.333,15.4%,7.7%,2.000,.538,.333,.872,.000,,.375,,3.0,0.7,.434,133
Jose Camacho,837663,last_60,DSL,17.3,DSL Miami,Total,D-MIA,- - -,,,8,31,35,8,6,1,1,0,5,4,4,0,6,0,0,0,0,4,0,.258,11.4%,17.1%,.667,.343,.355,.698,.097,,.320,,5.0,-1.1,.321,82
Ricardo Pulles,837664,last_60,DSL,17.6,DSL LAD Bautista,Total,D-LAB,- - -,,,5,13,20,2,1,1,0,0,4,3,6,0,8,1,0,0,0,2,1,.154,30.0%,40.0%,.750,.450,.231,.681,.077,,.400,,3.4,0.0,.361,100
Osmy Osorio,837666,last_60,DSL,17.5,DSL Padres Brown,Total,D-PAB,- - -,,,5,14,16,2,1,0,1,0,1,3,1,0,4,1,0,0,0,0,0,.143,6.2%,25.0%,.250,.250,.286,.536,.143,,.200,,1.4,-1.4,.250,50
Gilventon Josephina,837668,last_60,DSL,17.7,DSL Rojos,Total,D-ROJ,- - -,,,5,13,17,0,0,0,0,0,2,1,3,0,6,1,0,0,0,0,0,.000,17.6%,35.3%,.500,.235,.000,.235,.000,,.000,,0.4,-2.5,.169,13
Luis Nunez,837669,last_60,DSL,17.9,DSL Blue Jays Red,Total,D-BJR,- - -,,,6,18,22,5,4,1,0,0,3,5,3,0,0,0,1,0,0,0,0,.278,13.6%,0.0%,,.364,.333,.697,.056,,.263,,3.1,-0.7,.321,82
Juandy Romero,837671,last_60,DSL,17.9,DSL Rojos,Total,D-ROJ,- - -,,,2,3,6,0,0,0,0,0,0,0,3,0,2,0,0,0,0,0,0,.000,50.0%,33.3%,1.500,.500,.000,.500,.000,,.000,,1.0,-0.0,.355,98
Fernando Triana,837673,last_60,DSL,17.8,DSL Pirates Gold,Total,D-PIG,- - -,,,5,12,14,3,3,0,0,0,1,1,2,0,3,0,0,0,0,2,0,.250,14.3%,21.4%,.667,.357,.250,.607,.000,,.333,,1.7,-0.7,.297,71
Nishentel Meyers,837674,last_60,DSL,17.8,DSL Rojos,Total,D-ROJ,- - -,,,6,16,20,3,2,1,0,0,4,4,2,0,3,1,1,0,0,1,0,.188,10.0%,15.0%,.667,.300,.250,.550,.062,,.214,,1.9,-1.5,.264,56
Alexander Cuello,837679,last_60,DSL,17.7,DSL Rojos,Total,D-ROJ,- - -,,,6,17,22,1,0,1,0,0,1,2,5,0,8,0,0,0,0,0,0,.059,22.7%,36.4%,.625,.273,.118,.390,.059,,.111,,1.4,-2.4,.220,36
Manuel Bolivar,837681,last_60,DSL,18.0,DSL Tigers 2,Total,D-TI2,- - -,,,6,19,24,3,1,0,0,2,5,2,5,0,4,0,0,0,0,1,0,.158,20.8%,16.7%,1.250,.333,.474,.807,.316,,.077,,4.2,0.0,.362,101
Jeremy Suriel,837684,last_60,DSL,17.8,DSL Arizona Red,Total,D-ARR,- - -,,,8,27,33,8,6,1,1,0,5,6,4,0,6,0,1,1,0,4,1,.296,12.1%,18.2%,.667,.375,.407,.782,.111,,.364,,5.4,-0.2,.351,96
Luis Duarte,837686,last_60,DSL,17.9,DSL Twins,Total,D-TWI,- - -,,,8,21,28,5,4,1,0,0,6,4,5,0,3,2,0,0,1,0,1,.238,17.9%,10.7%,1.667,.429,.286,.714,.048,,.278,,4.7,-0.1,.356,98
Jose Gori,837689,last_60,DSL,17.9,DSL Blue Jays Red,Total,D-BJR,- - -,,,4,13,16,3,3,0,0,0,0,4,1,0,5,2,0,0,0,0,0,.231,6.2%,31.2%,.200,.375,.231,.606,.000,,.375,,2.1,-0.7,.308,76
Oscar Tineo,837690,last_60,DSL,17.5,DSL Tigers 1,Total,D-TI1,- - -,,,8,29,33,7,7,0,0,0,5,0,2,0,9,2,0,0,0,1,2,.241,6.1%,27.3%,.222,.333,.241,.575,.000,,.350,,3.6,-2.0,.281,64
Jhon Gonzalez,837691,last_60,DSL,17.8,DSL Twins,Total,D-TWI,- - -,,,9,34,39,14,9,3,1,1,9,9,5,0,5,0,0,0,0,1,1,.412,12.8%,12.8%,1.000,.487,.647,1.134,.235,,.464,,10.9,4.2,.497,162
Ayberson Ortega,837693,last_60,DSL,17.3,DSL Blue Jays Red,Total,D-BJR,- - -,,,5,13,15,1,1,0,0,0,1,1,1,0,4,0,1,0,0,0,0,.077,6.7%,26.7%,.250,.133,.077,.210,.000,,.100,,-0.4,-3.0,.108,-14
Abel Sosa,837694,last_60,DSL,17.2,DSL Twins,Total,D-TWI,- - -,,,8,26,31,5,3,2,0,0,3,2,5,0,7,0,0,0,0,0,1,.192,16.1%,22.6%,.714,.323,.269,.592,.077,,.263,,3.5,-1.8,.286,66
Carlos Martinez,837695,last_60,DSL,17.1,DSL CLE Goryl,Total,D-CLG,- - -,,,6,17,24,4,3,1,0,0,2,5,5,0,3,0,2,0,0,0,0,.235,20.8%,12.5%,1.667,.375,.294,.669,.059,,.250,,3.3,-0.8,.316,80
Misael Rodriguez,837697,last_60,DSL,17.8,DSL Twins,Total,D-TWI,- - -,,,5,16,17,6,5,0,0,1,3,4,1,0,3,0,0,0,1,2,0,.375,5.9%,17.6%,.333,.412,.562,.974,.188,,.417,,3.9,1.0,.434,133
Eduardo Tusen,837698,last_60,DSL,17.4,DSL Tigers 2,Total,D-TI2,- - -,,,6,21,27,8,5,1,0,2,6,7,3,0,2,2,1,0,0,3,1,.381,11.1%,7.4%,1.500,.481,.714,1.196,.333,,.333,,7.7,3.1,.507,166
Sebastian Espinoza,837699,last_60,DSL,17.2,DSL CLE Mendoza,Total,D-CLM,- - -,,,7,20,26,5,4,1,0,0,4,1,5,0,5,0,1,0,0,3,0,.250,19.2%,19.2%,1.000,.385,.300,.685,.050,,.312,,3.8,-0.7,.327,85
Diego Fernandez,837702,last_60,DSL,17.7,DSL CLE Goryl,Total,D-CLG,- - -,,,7,17,25,5,3,2,0,0,6,3,8,0,5,0,0,0,0,3,0,.294,32.0%,20.0%,1.600,.520,.412,.932,.118,,.417,,5.9,1.6,.440,136
Rafeliz Lara,837706,last_60,DSL,17.6,DSL CLE Goryl,Total,D-CLG,- - -,,,7,27,30,8,4,1,1,2,5,6,2,0,4,0,1,0,0,1,1,.296,6.7%,13.3%,.500,.333,.630,.963,.333,,.273,,6.3,1.1,.407,121
Eiker Lothar,837708,last_60,DSL,17.3,DSL Blue Jays Blue,Total,D-BJB,- - -,,,6,17,20,4,2,2,0,0,5,1,3,0,4,0,0,0,1,0,0,.235,15.0%,20.0%,.750,.350,.353,.703,.118,,.308,,2.9,-0.5,.327,85
Sebastian Toro,837725,last_60,DSL,17.9,DSL Mets Orange,Total,D-MEO,- - -,,,8,22,26,4,3,1,0,0,3,6,4,0,6,0,0,0,1,3,0,.182,15.4%,23.1%,.667,.308,.227,.535,.045,,.250,,2.5,-2.0,.264,56
Jeibert Rondon,837729,last_60,DSL,17.7,DSL LAD Bautista,Total,D-LAB,- - -,,,6,17,21,3,2,1,0,0,2,4,1,0,4,2,1,0,0,3,0,.176,4.8%,19.0%,.250,.286,.235,.521,.059,,.214,,1.9,-1.8,.253,51
Frank Moreno,837731,last_60,DSL,17.7,DSL Mets Orange,Total,D-MEO,- - -,,,5,13,17,3,2,0,1,0,1,1,2,1,3,2,0,0,0,0,0,.231,11.8%,17.6%,.667,.412,.385,.796,.154,,.300,,2.8,-0.1,.354,97
Anibal Beltre,837733,last_60,DSL,17.7,DSL Twins,Total,D-TWI,- - -,,,9,31,34,2,2,0,0,0,4,2,3,0,11,0,0,0,1,1,0,.065,8.8%,32.4%,.273,.147,.065,.212,.000,,.100,,-0.6,-6.5,.116,-11
Joskairo Ramirez,837734,last_60,DSL,17.8,DSL Red Sox Red,Total,D-RSR,- - -,,,1,3,3,0,0,0,0,0,0,0,0,0,2,0,0,0,0,0,0,.000,0.0%,66.7%,.000,.000,.000,.000,.000,,.000,,-0.3,-0.8,.000,-63
Cristopher Jaquez,837738,last_60,DSL,17.6,DSL Mets Blue,Total,D-MEB,- - -,,,7,15,24,2,2,0,0,0,5,0,6,0,10,3,0,0,0,2,0,.133,25.0%,41.7%,.600,.458,.133,.592,.000,,.400,,3.9,-0.3,.346,94
Imanol Feliz,837740,last_60,DSL,17.8,DSL Astros Blue,Total,D-ASB,- - -,,,6,13,20,2,1,1,0,0,3,1,7,0,1,0,0,0,1,1,1,.154,35.0%,5.0%,7.000,.450,.231,.681,.077,,.167,,3.4,-0.0,.359,99
Oscar Pena,837741,last_60,DSL,17.1,DSL Mets Blue,Total,D-MEB,- - -,,,7,15,28,3,2,1,0,0,6,4,12,0,5,0,1,0,0,2,1,.200,42.9%,17.9%,2.400,.536,.267,.802,.067,,.273,,6.0,1.2,.416,125
Jossiel Feliz,837742,last_60,DSL,17.9,DSL Arizona Black,Total,D-ARB,- - -,,,8,23,25,7,3,2,2,0,7,4,1,0,3,0,1,0,0,2,1,.304,4.0%,12.0%,.333,.320,.565,.885,.261,,.333,,4.5,0.2,.372,105
Jack Valbrune,837744,last_60,DSL,18.5,DSL Astros Blue,Total,D-ASB,- - -,,,10,30,35,9,8,0,1,0,4,4,5,0,2,0,0,0,1,1,2,.300,14.3%,5.7%,2.500,.400,.367,.767,.067,,.321,,5.9,-0.1,.356,98
Moises Salazar,837747,last_60,DSL,17.0,DSL Brewers Gold,Total,D-BWG,- - -,,,5,7,17,1,0,0,0,1,6,3,6,0,0,2,2,0,0,1,0,.143,35.3%,0.0%,,.529,.571,1.101,.429,,.000,,4.3,1.4,.462,146
Juan Holmann,837748,last_60,DSL,17.9,DSL Twins,Total,D-TWI,- - -,,,1,1,1,0,0,0,0,0,0,0,0,0,0,0,0,0,0,0,0,.000,0.0%,0.0%,,.000,.000,.000,.000,,.000,,-0.1,-0.3,.000,-63
Brayan Rodriguez,837750,last_60,DSL,17.2,DSL Tampa Bay,Total,D-TAM,- - -,,,8,31,34,9,7,1,0,1,9,5,3,0,1,0,0,0,1,1,1,.290,8.8%,2.9%,3.000,.353,.419,.772,.129,,.276,,5.6,-0.3,.350,95
Daiyer Barboza,837751,last_60,DSL,17.8,DSL Twins,Total,D-TWI,- - -,,,9,31,41,12,9,3,0,0,12,8,7,0,6,2,1,0,0,2,0,.387,17.1%,14.6%,1.167,.512,.484,.996,.097,,.462,,10.0,2.9,.452,142
Fabian Ulloa,837754,last_60,DSL,17.6,DSL Twins,Total,D-TWI,- - -,,,9,28,32,11,9,1,0,1,11,8,3,0,3,1,0,0,0,3,2,.393,9.4%,9.4%,1.000,.469,.536,1.004,.143,,.417,,7.8,2.3,.452,142
Luis Suarez,837755,last_60,DSL,17.6,DSL Twins,Total,D-TWI,- - -,,,7,16,23,6,3,2,1,0,8,2,6,0,4,1,0,0,1,1,0,.375,26.1%,17.4%,1.500,.565,.625,1.190,.250,,.500,,6.8,2.9,.520,172
Axell Herrera,837756,last_60,DSL,17.7,DSL Red Sox Red,Total,D-RSR,- - -,,,7,23,27,8,6,2,0,0,1,8,2,0,1,0,2,0,0,2,0,.348,7.4%,3.7%,2.000,.370,.435,.805,.087,,.333,,4.4,-0.2,.351,96
Jendy Martinez,837757,last_60,DSL,17.2,DSL Twins,Total,D-TWI,- - -,,,10,34,44,12,7,3,2,0,12,13,8,0,3,1,1,0,0,5,2,.353,18.2%,6.8%,2.667,.477,.559,1.036,.206,,.375,,10.8,3.2,.454,142
Yhoscar Perez,837759,last_60,DSL,17.9,DSL Colorado,Total,D-COL,- - -,,,6,16,22,3,2,1,0,0,3,2,3,0,3,2,0,1,2,1,0,.188,13.6%,13.6%,1.000,.381,.250,.631,.062,,.231,,3.1,-0.7,.321,82
Maiker Ramirez,837762,last_60,DSL,17.9,DSL Rockies,Total,D-RCK,- - -,,,8,27,35,11,8,3,0,0,7,4,6,0,6,2,0,0,1,2,2,.407,17.1%,17.1%,1.000,.543,.519,1.061,.111,,.524,,9.4,3.4,.483,156
Eber Miranda,837763,last_60,DSL,17.6,DSL Red Sox Blue,Total,D-RSB,- - -,,,7,23,28,9,9,0,0,0,7,1,5,0,7,0,0,0,0,1,1,.391,17.9%,25.0%,.714,.500,.391,.891,.000,,.562,,6.1,1.3,.419,127
Michalle Mercedes,837765,last_60,DSL,17.8,DSL Mets Orange,Total,D-MEO,- - -,,,8,22,26,6,5,0,1,0,1,3,2,0,3,1,1,0,4,4,0,.273,7.7%,11.5%,.667,.346,.364,.710,.091,,.300,,3.7,-0.8,.321,82
Enrique Lovera,837768,last_60,DSL,17.5,DSL Brewers Blue,Total,D-BWB,- - -,,,8,31,35,7,6,1,0,0,2,5,3,0,7,1,0,0,1,0,1,.226,8.6%,20.0%,.429,.314,.258,.572,.032,,.292,,3.7,-2.3,.275,61
Jose Requena,837769,last_60,DSL,17.7,DSL Arizona Black,Total,D-ARB,- - -,,,3,5,7,1,1,0,0,0,1,0,2,0,1,0,0,0,0,1,0,.200,28.6%,14.3%,2.000,.429,.200,.629,.000,,.250,,1.1,-0.1,.333,88
Yeremy Reyes,837770,last_60,DSL,17.7,DSL Mets Blue,Total,D-MEB,- - -,,,6,17,22,3,2,1,0,0,4,1,2,0,7,3,0,0,1,3,2,.176,9.1%,31.8%,.286,.364,.235,.599,.059,,.300,,2.9,-0.9,.308,76
Esterlin Casanova,837774,last_60,DSL,17.8,DSL Red Sox Blue,Total,D-RSB,- - -,,,8,20,31,5,4,1,0,0,4,2,11,0,3,0,0,0,0,0,0,.250,35.5%,9.7%,3.667,.516,.300,.816,.050,,.294,,6.6,1.2,.411,123
Gregory Rodriguez,837776,last_60,DSL,17.9,DSL Rays,Total,D-RAY,- - -,,,8,27,28,4,4,0,0,0,3,0,1,0,4,0,0,0,0,1,0,.148,3.6%,14.3%,.250,.179,.148,.327,.000,,.174,,0.3,-4.5,.155,7
Isaac Velasquez,837778,last_60,DSL,17.0,DSL Red Sox Blue,Total,D-RSB,- - -,,,6,18,22,3,2,1,0,0,3,2,3,0,10,1,0,0,1,0,0,.167,13.6%,45.5%,.300,.318,.222,.540,.056,,.375,,2.3,-1.5,.272,60
Helvin Mendoza,837780,last_60,DSL,17.9,DSL LAD Mega,Total,D-LAM,- - -,,,7,22,27,8,5,2,0,1,5,5,5,0,4,0,0,0,0,4,0,.364,18.5%,14.8%,1.250,.481,.591,1.072,.227,,.412,,7.1,2.4,.474,152
Durban Arnedo,837784,last_60,DSL,17.3,DSL Braves,Total,D-BRV,- - -,,,8,25,29,4,4,0,0,0,3,2,3,0,5,1,0,0,1,2,1,.160,10.3%,17.2%,.600,.276,.160,.436,.000,,.200,,1.9,-3.1,.225,38
Raynel Quezada,837785,last_60,DSL,18.0,DSL CLE Goryl,Total,D-CLG,- - -,,,8,26,33,8,4,1,1,2,8,5,4,0,10,3,0,0,0,3,0,.308,12.1%,30.3%,.400,.455,.654,1.108,.346,,.429,,8.8,3.1,.481,155
Renso Tenas,837786,last_60,DSL,17.9,DSL Royals Fortuna,Total,D-ROF,- - -,,,6,16,19,4,2,2,0,0,2,7,2,0,5,1,0,0,0,0,2,.250,10.5%,26.3%,.400,.368,.375,.743,.125,,.364,,3.1,-0.2,.346,93
Sebastian Franeites,837788,last_60,DSL,17.8,DSL Brewers Blue,Total,D-BWB,- - -,,,7,22,29,4,3,1,0,0,4,3,5,0,5,1,1,0,0,0,0,.182,17.2%,17.2%,1.000,.345,.227,.572,.045,,.222,,3.3,-1.7,.287,67
Sebastian Pinto,837792,last_60,DSL,18.7,DSL NYY Bombers,Total,D-NYB,- - -,,,4,7,15,1,1,0,0,0,5,1,6,0,3,2,0,0,0,2,0,.143,40.0%,20.0%,2.000,.600,.143,.743,.000,,.250,,3.6,1.0,.444,138
Diego Orro,837794,last_60,DSL,17.6,DSL Tigers 2,Total,D-TI2,- - -,,,4,7,12,1,1,0,0,0,5,2,3,0,2,1,1,0,0,1,0,.143,25.0%,16.7%,1.500,.417,.143,.560,.000,,.167,,1.6,-0.4,.315,80
John Rosillo,837798,last_60,DSL,18.6,DSL NYY Yankees,Total,D-NYY,- - -,,,3,7,8,1,0,0,0,1,1,2,1,0,4,0,0,0,0,0,0,.143,12.5%,50.0%,.250,.250,.571,.821,.429,,.000,,1.3,-0.0,.353,96
Santiago Garcia,837799,last_60,DSL,17.2,DSL Brewers Gold,Total,D-BWG,- - -,,,6,16,22,4,2,1,0,1,3,2,4,0,5,2,0,0,0,2,1,.250,18.2%,22.7%,.800,.455,.500,.955,.250,,.300,,5.1,1.3,.434,133
Sebastian Puche,837800,last_60,DSL,17.2,DSL CLE Mendoza,Total,D-CLM,- - -,,,5,17,21,4,3,1,0,0,1,7,2,0,2,1,1,0,0,0,0,.235,9.5%,9.5%,1.000,.333,.294,.627,.059,,.250,,2.5,-1.1,.295,70
Jostin Melo,837803,last_60,DSL,17.8,DSL CLE Mendoza,Total,D-CLM,- - -,,,6,17,23,4,4,0,0,0,2,3,5,0,1,0,0,1,0,1,1,.235,21.7%,4.3%,5.000,.409,.235,.644,.000,,.250,,3.4,-0.6,.327,85
Misael Sánchez,837805,last_60,DSL,17.9,DSL Cardinals,Total,D-CAR,- - -,,,9,30,37,8,5,1,0,2,8,4,7,0,10,0,0,0,0,1,0,.267,18.9%,27.0%,.700,.405,.500,.905,.233,,.333,,7.7,1.3,.407,121
Osmar Torrealba,837807,last_60,DSL,17.5,DSL Braves,Total,D-BRV,- - -,,,7,20,24,2,2,0,0,0,2,1,3,0,7,0,0,1,0,3,0,.100,12.5%,29.2%,.429,.217,.100,.317,.000,,.154,,0.6,-3.5,.172,14
Santiago Ventura,837810,last_60,DSL,17.9,DSL Tigers 2,Total,D-TI2,- - -,,,6,19,24,4,4,0,0,0,4,2,4,0,7,1,0,0,0,2,0,.211,16.7%,29.2%,.571,.375,.211,.586,.000,,.333,,3.0,-1.1,.301,73
Cesar Nivar,837812,last_60,DSL,17.4,DSL CLE Goryl,Total,D-CLG,- - -,,,7,22,28,3,3,0,0,0,5,1,4,0,4,2,0,0,0,0,0,.136,14.3%,14.3%,1.000,.321,.136,.458,.000,,.167,,2.5,-2.4,.252,51
Douglas Olivo,837814,last_60,DSL,17.9,DSL Tigers 1,Total,D-TI1,- - -,,,7,20,26,6,4,2,0,0,5,2,6,0,5,0,0,0,0,2,1,.300,23.1%,19.2%,1.200,.462,.400,.862,.100,,.400,,5.4,0.9,.404,120
Kenneth Melendez,837815,last_60,DSL,17.0,DSL NYY Bombers,Total,D-NYB,- - -,,,8,25,31,8,4,3,1,0,9,6,6,0,6,0,0,0,1,2,1,.320,19.4%,19.4%,1.000,.452,.520,.972,.200,,.421,,7.1,1.8,.433,133
Luis Fortunato,837821,last_60,DSL,17.9,DSL Braves,Total,D-BRV,- - -,,,8,31,33,10,8,1,1,0,3,4,2,0,7,0,0,0,0,3,1,.323,6.1%,21.2%,.286,.364,.419,.783,.097,,.417,,5.5,-0.2,.353,96
Willy Bergolla,837822,last_60,DSL,18.0,DSL LAD Bautista,Total,D-LAB,- - -,,,5,14,21,1,1,0,0,0,5,1,6,0,3,1,0,0,0,2,0,.071,28.6%,14.3%,2.000,.381,.071,.452,.000,,.091,,2.3,-1.3,.282,64
Jaims Martinez,837824,last_60,DSL,18.0,DSL Cubs Blue,Total,D-CUB,- - -,,,7,14,25,4,1,2,1,0,6,5,8,1,6,2,1,0,0,6,2,.286,32.0%,24.0%,1.333,.560,.571,1.131,.286,,.444,,6.7,2.4,.483,156
Wilneyker Bruce,837826,last_60,DSL,17.2,DSL Red Sox Red,Total,D-RSR,- - -,,,8,29,33,8,8,0,0,0,3,2,4,0,10,0,0,0,0,0,0,.276,12.1%,30.3%,.400,.364,.276,.639,.000,,.421,,4.3,-1.4,.307,76
Anderson Rodriguez,837829,last_60,DSL,17.7,DSL Angels,Total,D-ANG,- - -,,,2,4,7,0,0,0,0,0,0,0,3,0,0,0,0,0,0,1,0,.000,42.9%,0.0%,,.429,.000,.429,.000,,.000,,0.9,-0.3,.305,75
Ray Faria,837830,last_60,DSL,17.3,DSL Orioles Orange,Total,D-ORO,- - -,,,4,14,17,2,2,0,0,0,3,2,2,0,5,0,1,0,0,0,0,.143,11.8%,29.4%,.400,.235,.143,.378,.000,,.200,,0.7,-2.3,.191,23
Juan Martinez,837831,last_60,DSL,18.3,DSL NYY Yankees,Total,D-NYY,- - -,,,7,22,25,7,6,0,1,0,6,2,3,0,3,0,0,0,1,4,0,.318,12.0%,12.0%,1.000,.400,.409,.809,.091,,.368,,4.5,0.2,.369,104
Fran-Jean Haseth,837832,last_60,DSL,17.4,DSL LAD Bautista,Total,D-LAB,- - -,,,6,15,22,2,1,1,0,0,5,3,5,0,7,0,2,0,0,1,0,.133,22.7%,31.8%,.714,.318,.200,.518,.067,,.200,,2.1,-1.7,.262,55
David Manzueta,837833,last_60,DSL,17.8,DSL Angels,Total,D-ANG,- - -,,,3,8,10,0,0,0,0,0,1,0,2,0,3,0,0,0,0,1,0,.000,20.0%,30.0%,.667,.200,.000,.200,.000,,.000,,0.0,-1.7,.142,1
Juan Cespedes,837836,last_60,DSL,17.9,DSL Angels,Total,D-ANG,- - -,,,9,30,37,6,3,2,1,0,6,3,5,0,4,1,0,1,0,10,2,.200,13.5%,10.8%,1.250,.333,.333,.667,.133,,.231,,5.0,-1.4,.313,78
Carlos Rubecindo,837838,last_60,DSL,17.7,DSL Orioles Black,Total,D-ORB,- - -,,,6,20,26,6,2,2,1,1,7,3,4,0,4,2,0,0,1,1,0,.300,15.4%,15.4%,1.000,.462,.650,1.112,.350,,.333,,6.9,2.4,.480,154
Yhon Guerrero,837840,last_60,DSL,17.6,DSL CLE Mendoza,Total,D-CLM,- - -,,,8,27,32,8,4,1,1,2,7,5,4,0,5,1,0,0,2,1,0,.296,12.5%,15.6%,.800,.406,.630,1.036,.333,,.300,,7.7,2.2,.449,140
Luis Dias,837842,last_60,DSL,17.0,DSL Orioles Black,Total,D-ORB,- - -,,,8,24,29,3,1,2,0,0,4,2,5,0,6,0,0,0,0,4,0,.125,17.2%,20.7%,.833,.276,.208,.484,.083,,.167,,2.3,-2.7,.243,47
Haram Hernandez,837843,last_60,DSL,17.5,DSL LAD Bautista,Total,D-LAB,- - -,,,5,15,16,6,5,1,0,0,1,5,1,0,1,0,0,0,0,0,0,.400,6.2%,6.2%,1.000,.438,.467,.904,.067,,.429,,3.4,0.6,.410,122
Karel Naranjo,837844,last_60,DSL,17.1,DSL CLE Mendoza,Total,D-CLM,- - -,,,7,31,31,4,3,1,0,0,5,3,0,0,5,0,0,0,0,2,0,.129,0.0%,16.1%,.000,.129,.161,.290,.032,,.154,,-0.2,-5.6,.130,-5
Luis German,837847,last_60,DSL,17.0,DSL Cubs Red,Total,D-CUR,- - -,,,5,9,15,0,0,0,0,0,1,0,6,0,3,0,0,0,0,1,1,.000,40.0%,20.0%,2.000,.400,.000,.400,.000,,.000,,1.7,-0.9,.284,66
Xavier Cadiz,837848,last_60,DSL,17.0,DSL Cubs Red,Total,D-CUR,- - -,,,2,5,6,2,1,0,1,0,1,0,0,0,0,1,0,0,0,0,0,.400,0.0%,0.0%,,.500,.800,1.300,.400,,.400,,1.9,0.9,.549,185
Enrique Oropeza,837851,last_60,DSL,17.8,DSL Cubs Blue,Total,D-CUB,- - -,,,8,21,28,4,2,1,0,1,5,2,6,0,8,1,0,0,0,2,0,.190,21.4%,28.6%,.750,.393,.381,.774,.190,,.250,,4.9,0.1,.365,102
Johan Geraldo,837852,last_60,DSL,17.4,DSL Cubs Red,Total,D-CUR,- - -,,,8,27,31,8,4,3,1,0,4,2,2,0,9,2,0,0,1,3,2,.296,6.5%,29.0%,.222,.387,.481,.869,.185,,.444,,6.0,0.7,.389,113
Adrian Del Cid,837856,last_60,DSL,17.9,DSL LAD Bautista,Total,D-LAB,- - -,,,7,23,30,4,3,1,0,0,2,3,7,0,1,0,0,0,0,1,0,.174,23.3%,3.3%,7.000,.367,.217,.584,.043,,.182,,3.8,-1.4,.300,73
Hector Hernandez,837859,last_60,DSL,17.3,DSL White Sox,Total,D-WSX,- - -,,,8,32,39,12,8,2,1,1,11,9,4,0,4,2,1,0,0,2,2,.375,10.3%,10.3%,1.000,.462,.594,1.055,.219,,.393,,9.8,3.0,.460,145
Manny De Los Santos,837862,last_60,DSL,17.4,DSL Brewers Blue,Total,D-BWB,- - -,,,8,22,33,5,4,0,1,0,8,2,10,0,8,1,0,0,1,7,0,.227,30.3%,24.2%,1.250,.485,.318,.803,.091,,.357,,6.7,1.0,.398,117
Leanders Matos,837864,last_60,DSL,17.1,DSL Brewers Gold,Total,D-BWG,- - -,,,8,23,32,7,6,1,0,0,5,1,8,0,4,1,0,0,0,3,1,.304,25.0%,12.5%,2.000,.500,.348,.848,.043,,.368,,6.8,1.3,.412,123
Rolthemnay Marquetti,837868,last_60,DSL,17.3,DSL Pirates Gold,Total,D-PIG,- - -,,,7,15,21,4,3,1,0,0,4,1,4,0,5,2,0,0,0,4,0,.267,19.0%,23.8%,.800,.476,.333,.810,.067,,.400,,4.2,0.6,.398,117
Jarvis Gomez,837869,last_60,DSL,17.6,DSL Mariners,Total,D-MRN,- - -,,,7,25,30,10,7,3,0,0,6,5,5,0,4,0,0,0,0,4,1,.400,16.7%,13.3%,1.250,.500,.520,1.020,.120,,.476,,7.5,2.3,.460,145
Sebastian Romero,837870,last_60,DSL,17.9,DSL White Sox,Total,D-WSX,- - -,,,8,29,36,7,4,1,0,2,6,11,2,0,9,5,0,0,0,1,0,.241,5.6%,25.0%,.222,.389,.483,.872,.241,,.278,,7.2,1.0,.397,117
Diego Hernandez,837871,last_60,DSL,17.4,DSL Cubs Red,Total,D-CUR,- - -,,,4,8,12,2,2,0,0,0,0,0,2,0,1,2,0,0,0,0,1,.250,16.7%,8.3%,2.000,.500,.250,.750,.000,,.286,,2.4,0.3,.394,115
Anderber Urbina,837872,last_60,DSL,18.0,DSL Red Sox Red,Total,D-RSR,- - -,,,7,24,29,4,4,0,0,0,5,0,4,0,9,1,0,0,0,2,0,.167,13.8%,31.0%,.444,.310,.167,.477,.000,,.267,,2.5,-2.5,.249,50
Ambeiro Recio,837873,last_60,DSL,17.8,DSL Mariners,Total,D-MRN,- - -,,,3,8,10,3,3,0,0,0,2,3,1,0,3,0,1,0,0,1,0,.375,10.0%,30.0%,.333,.400,.375,.775,.000,,.500,,1.6,-0.1,.344,93
Angeni Fernandez,837875,last_60,DSL,17.0,DSL Brewers Gold,Total,D-BWG,- - -,,,6,18,23,2,1,0,0,1,5,1,4,0,4,1,0,0,1,2,0,.111,17.4%,17.4%,1.000,.304,.278,.582,.167,,.077,,2.6,-1.3,.287,67
Freyerso Vasquez,837876,last_60,DSL,17.7,DSL Red Sox Blue,Total,D-RSB,- - -,,,7,26,29,4,3,1,0,0,2,3,1,0,3,2,0,0,0,1,1,.154,3.4%,10.3%,.333,.241,.192,.434,.038,,.174,,1.7,-3.3,.215,34
Ronald Cardozo,837878,last_60,DSL,17.5,DSL White Sox,Total,D-WSX,- - -,,,8,25,30,9,6,1,1,1,8,4,4,0,10,0,1,0,1,1,0,.360,13.3%,33.3%,.400,.433,.600,1.033,.240,,.533,,7.1,2.0,.445,138
D'Alessandro Barile,837884,last_60,DSL,17.0,DSL Cubs Red,Total,D-CUR,- - -,,,8,21,24,3,3,0,0,0,2,1,1,0,6,2,0,0,0,0,0,.143,4.2%,25.0%,.167,.250,.143,.393,.000,,.200,,1.2,-2.9,.205,30
Carlos Vielma,837886,last_60,DSL,17.0,DSL Colorado,Total,D-COL,- - -,,,6,21,28,9,7,2,0,0,7,2,6,0,4,0,0,1,0,0,0,.429,21.4%,14.3%,1.500,.556,.524,1.079,.095,,.529,,7.7,2.8,.490,159
Anderson Gonzalez,837889,last_60,DSL,17.3,DSL Red Sox Blue,Total,D-RSB,- - -,,,4,8,11,0,0,0,0,0,1,1,3,0,4,0,0,0,0,1,0,.000,27.3%,36.4%,.750,.273,.000,.273,.000,,.000,,0.5,-1.4,.194,24
Leonardo Sevilla,837892,last_60,DSL,18.7,DSL Arizona Red,Total,D-ARR,- - -,,,8,28,34,9,7,1,0,1,6,6,5,0,4,1,0,0,0,3,0,.321,14.7%,11.8%,1.250,.441,.464,.905,.143,,.348,,7.3,1.4,.414,124
Luis Tarifa,837936,last_60,DSL,19.7,DSL Nationals,Total,D-NAT,- - -,,,2,6,6,1,1,0,0,0,2,0,0,0,1,0,0,0,0,0,0,.167,0.0%,16.7%,.000,.167,.167,.333,.000,,.200,,0.1,-1.0,.152,5
Sebastian Rojas,837943,last_60,DSL,18.0,DSL Cardinals,Total,D-CAR,- - -,,,6,18,23,6,4,2,0,0,1,5,3,0,3,1,1,0,0,0,0,.333,13.0%,13.0%,1.000,.435,.444,.879,.111,,.375,,4.6,0.6,.396,116
Rayniel Lache,837944,last_60,DSL,18.0,DSL Nationals,Total,D-NAT,- - -,,,5,15,18,3,2,1,0,0,3,2,3,0,6,0,0,0,0,0,0,.200,16.7%,33.3%,.500,.333,.267,.600,.067,,.333,,2.1,-1.0,.291,69
Ariel Abreu,837947,last_60,DSL,17.9,DSL Rangers Blue,Total,D-RNB,- - -,,,1,2,3,1,1,0,0,0,2,0,1,0,1,0,0,0,0,0,0,.500,33.3%,33.3%,1.000,.667,.500,1.167,.000,,1.000,,0.9,0.4,.540,182
Yadier Fuentes,837950,last_60,DSL,17.9,DSL Mets Orange,Total,D-MEO,- - -,,,7,14,18,3,2,1,0,0,1,2,3,0,3,0,1,0,2,0,0,.214,16.7%,16.7%,1.000,.333,.286,.619,.071,,.250,,2.1,-1.0,.291,69
Luis Jaquez,837951,last_60,DSL,17.9,DSL Rangers Blue,Total,D-RNB,- - -,,,7,22,26,10,6,3,0,1,4,5,2,0,3,0,2,0,0,0,0,.455,7.7%,11.5%,.667,.462,.727,1.189,.273,,.450,,7.2,2.7,.495,161
Jawel Garcia,837952,last_60,DSL,17.9,DSL Nationals,Total,D-NAT,- - -,,,3,6,6,1,1,0,0,0,0,0,0,0,3,0,0,0,0,0,1,.167,0.0%,50.0%,.000,.167,.167,.333,.000,,.333,,0.1,-1.0,.152,5
Dayron Oramas,837954,last_60,DSL,17.9,DSL Mets Orange,Total,D-MEO,- - -,,,8,23,24,3,3,0,0,0,2,4,0,0,4,1,0,0,1,2,1,.130,0.0%,16.7%,.000,.167,.130,.297,.000,,.158,,0.1,-4.0,.145,2
Jeanfranco Fernandez,837955,last_60,DSL,17.9,DSL Padres Gold,Total,D-PAG,- - -,,,7,21,25,7,7,0,0,0,6,2,4,0,2,0,0,0,1,0,0,.333,16.0%,8.0%,2.000,.440,.333,.773,.000,,.368,,4.5,0.2,.369,104
Enyerberth Guevara,837957,last_60,DSL,17.9,DSL Pirates Gold,Total,D-PIG,- - -,,,6,14,21,6,5,0,0,1,3,3,5,0,2,1,1,0,1,1,0,.429,23.8%,9.5%,2.500,.571,.643,1.214,.214,,.417,,6.3,2.6,.522,173
Ruben Revost,837964,last_60,DSL,17.8,DSL Brewers Gold,Total,D-BWG,- - -,,,4,7,11,0,0,0,0,0,3,1,4,0,1,0,0,0,0,2,0,.000,36.4%,9.1%,4.000,.364,.000,.364,.000,,.000,,1.0,-0.9,.259,54
Edwinyer Martinez,837966,last_60,DSL,17.8,DSL Tigers 1,Total,D-TI1,- - -,,,7,21,24,5,4,1,0,0,4,4,3,0,4,0,0,0,0,0,0,.238,12.5%,16.7%,.750,.333,.286,.619,.048,,.294,,2.9,-1.2,.294,70
Elvis Teran,837968,last_60,DSL,17.8,DSL Mets Blue,Total,D-MEB,- - -,,,7,21,25,2,2,0,0,0,4,5,3,0,9,1,0,0,1,3,1,.095,12.0%,36.0%,.333,.240,.095,.335,.000,,.167,,0.9,-3.4,.188,22
Carlos Done,837969,last_60,DSL,17.8,DSL Rangers Blue,Total,D-RNB,- - -,,,9,40,46,14,8,4,0,2,6,15,5,0,8,0,1,0,0,1,0,.350,10.9%,17.4%,.625,.413,.600,1.013,.250,,.387,,10.8,2.9,.440,136
Euris Acosta,837971,last_60,DSL,17.8,DSL Nationals,Total,D-NAT,- - -,,,7,21,27,4,4,0,0,0,8,1,5,0,4,1,0,0,0,4,1,.190,18.5%,14.8%,1.250,.370,.190,.561,.000,,.235,,3.2,-1.4,.294,70
Matias Palacio,837973,last_60,DSL,17.8,DSL Rays,Total,D-RAY,- - -,,,9,25,27,7,5,1,0,1,3,4,2,0,4,0,0,0,4,2,1,.280,7.4%,14.8%,.500,.333,.440,.773,.160,,.300,,4.4,-0.3,.347,94
Johanneiker Leon,837974,last_60,DSL,17.7,DSL Padres Gold,Total,D-PAG,- - -,,,7,24,28,10,7,3,0,0,6,9,4,0,8,0,0,0,1,2,0,.417,14.3%,28.6%,.500,.500,.542,1.042,.125,,.625,,7.2,2.3,.468,149
Wilker Rosales,837977,last_60,DSL,17.7,DSL Angels,Total,D-ANG,- - -,,,2,6,6,2,2,0,0,0,0,0,0,0,2,0,0,0,0,0,0,.333,0.0%,33.3%,.000,.333,.333,.667,.000,,.500,,0.8,-0.3,.303,74
Yojan Coronel,837978,last_60,DSL,17.7,DSL Tigers 2,Total,D-TI2,- - -,,,7,19,25,8,4,3,0,1,7,7,2,0,5,2,2,0,0,1,0,.421,8.0%,20.0%,.400,.480,.737,1.217,.316,,.467,,7.1,2.8,.502,164
Angel Ramirez,837979,last_60,DSL,17.7,DSL Nationals,Total,D-NAT,- - -,,,6,15,18,4,2,1,0,1,3,4,3,0,4,0,0,0,1,3,0,.267,16.7%,22.2%,.750,.389,.533,.922,.267,,.300,,3.8,0.7,.409,122
David Diaz,837983,last_60,DSL,17.7,DSL Rangers Red,Total,D-RNR,- - -,,,6,17,26,1,0,1,0,0,5,0,8,0,7,1,0,0,0,2,0,.059,30.8%,26.9%,1.143,.385,.118,.502,.059,,.100,,3.2,-1.3,.297,71
Henry Manrique,837985,last_60,DSL,17.6,DSL Mets Orange,Total,D-MEO,- - -,,,7,21,22,5,4,1,0,0,3,1,1,0,5,0,0,0,0,2,0,.238,4.5%,22.7%,.200,.273,.286,.558,.048,,.312,,2.0,-1.8,.257,53
Jose Nelo,837986,last_60,DSL,17.6,DSL Braves,Total,D-BRV,- - -,,,7,20,28,6,2,3,0,1,4,7,6,0,4,1,1,0,1,0,0,.300,21.4%,14.3%,1.500,.464,.600,1.064,.300,,.312,,7.0,2.1,.458,144
Cristian Seminiel,837988,last_60,DSL,17.6,DSL Rangers Red,Total,D-RNR,- - -,,,8,20,30,4,3,1,0,0,4,4,9,0,8,0,1,0,0,1,0,.200,30.0%,26.7%,1.125,.433,.250,.683,.050,,.308,,4.9,-0.3,.347,94
Yonathan Aro,837989,last_60,DSL,17.5,DSL Angels,Total,D-ANG,- - -,,,7,21,22,4,3,1,0,0,1,2,1,0,6,0,0,0,0,0,0,.190,4.5%,27.3%,.167,.227,.238,.465,.048,,.267,,1.3,-2.5,.215,34
Frainker Benitez,837991,last_60,DSL,17.6,DSL Rangers Blue,Total,D-RNB,- - -,,,6,25,30,9,6,3,0,0,4,3,4,0,1,0,1,0,1,1,0,.360,13.3%,3.3%,4.000,.433,.480,.913,.120,,.360,,6.2,1.1,.406,121
Jendry Guaraco,837992,last_60,DSL,17.4,DSL Colorado,Total,D-COL,- - -,,,6,14,21,2,1,0,0,1,3,2,3,0,4,2,1,1,0,1,0,.143,14.3%,19.0%,.750,.350,.357,.707,.214,,.100,,3.2,-0.5,.332,87
Adrian La Rosa,837994,last_60,DSL,17.5,DSL Mets Blue,Total,D-MEB,- - -,,,7,25,29,9,6,2,0,1,5,11,3,0,6,1,0,0,0,2,0,.360,10.3%,20.7%,.500,.448,.560,1.008,.200,,.444,,7.0,2.0,.449,140
Pedro Silva,837997,last_60,DSL,17.4,DSL Padres Brown,Total,D-PAB,- - -,,,6,16,23,2,1,0,0,1,1,2,6,0,7,1,0,0,0,0,0,.125,26.1%,30.4%,.857,.391,.312,.704,.188,,.125,,3.8,-0.2,.349,95
Jesus Chavez,837999,last_60,DSL,17.6,DSL Rangers Blue,Total,D-RNB,- - -,,,3,6,7,2,0,2,0,0,0,0,1,0,2,0,0,0,0,0,0,.333,14.3%,28.6%,.500,.429,.667,1.095,.333,,.500,,1.8,0.6,.471,150
Royner Bravo,838001,last_60,DSL,17.3,DSL Mets Orange,Total,D-MEO,- - -,,,8,26,31,5,4,0,1,0,3,3,5,0,3,0,0,0,1,3,1,.192,16.1%,9.7%,1.667,.323,.269,.592,.077,,.217,,3.5,-1.8,.285,66
Santiago Ramirez,838002,last_60,DSL,17.5,DSL Rangers Blue,Total,D-RNB,- - -,,,5,14,16,5,5,0,0,0,4,1,0,0,2,2,0,0,0,0,0,.357,0.0%,12.5%,.000,.438,.357,.795,.000,,.417,,3.0,0.2,.377,108
Berman Moreno,838007,last_60,DSL,17.2,DSL Padres Brown,Total,D-PAB,- - -,,,7,18,21,6,4,2,0,0,3,2,2,0,4,0,1,0,0,0,0,.333,9.5%,19.0%,.500,.381,.444,.825,.111,,.400,,3.7,0.1,.364,102
Franyel Almanzar,838011,last_60,DSL,17.1,DSL Cubs Red,Total,D-CUR,- - -,,,7,21,28,4,2,1,1,0,4,2,5,0,2,2,0,0,1,2,2,.190,17.9%,7.1%,2.500,.393,.333,.726,.143,,.211,,4.6,-0.2,.350,95
Juan Duran,838013,last_60,DSL,17.1,DSL Nationals,Total,D-NAT,- - -,,,6,16,21,6,4,2,0,0,1,3,4,0,1,1,0,0,0,1,1,.375,19.0%,4.8%,4.000,.524,.500,1.024,.125,,.400,,5.4,1.8,.467,148
Pedro Guerra,838018,last_60,DSL,17.0,DSL Nationals,Total,D-NAT,- - -,,,3,5,5,1,1,0,0,0,1,2,0,0,0,0,0,0,1,0,0,.200,0.0%,0.0%,,.200,.200,.400,.000,,.200,,0.2,-0.7,.182,19
Roberto Saucedo,838101,last_60,DSL,17.7,DSL LAD Mega,Total,D-LAM,- - -,,,5,15,17,4,3,1,0,0,3,3,2,0,1,0,0,0,0,1,0,.267,11.8%,5.9%,2.000,.353,.333,.686,.067,,.286,,2.4,-0.5,.320,82
Alberto Aguilar,838134,last_60,DSL,17.2,DSL Royals Ventura,Total,D-ROV,- - -,,,4,11,14,4,4,0,0,0,5,4,2,0,0,1,0,0,0,2,0,.364,14.3%,0.0%,,.500,.364,.864,.000,,.364,,3.0,0.6,.415,125
Marcos Hernandez,838135,last_60,DSL,17.4,DSL Royals Fortuna,Total,D-ROF,- - -,,,4,11,14,5,4,1,0,0,2,5,3,0,2,0,0,0,0,0,0,.455,21.4%,14.3%,1.500,.571,.545,1.117,.091,,.556,,4.0,1.6,.505,165
Giaconino Lasaracina,838338,last_60,A,23.0,Dunedin Blue Jays,Total,DUN,- - -,,,13,45,52,12,7,1,0,4,8,8,7,0,13,0,0,0,2,0,0,.267,13.5%,25.0%,.538,.365,.556,.921,.289,,.286,,9.8,2.2,.405,129
Jhonalbert Vargas,838566,last_60,DSL,17.9,DSL Rockies,Total,D-RCK,- - -,,,7,24,30,3,2,0,1,0,6,2,6,0,6,0,0,0,0,0,0,.125,20.0%,20.0%,1.000,.300,.208,.508,.083,,.167,,2.8,-2.4,.258,53
Jesus Hernandez,838567,last_60,DSL,17.6,DSL Giants Orange,Total,D-GIO,- - -,,,1,3,4,0,0,0,0,0,0,0,1,0,1,0,0,0,0,0,0,.000,25.0%,25.0%,1.000,.250,.000,.250,.000,,.000,,0.1,-0.6,.178,17
Jose Valdez,838649,last_60,DSL,17.5,DSL Giants Orange,Total,D-GIO,- - -,,,6,15,23,3,2,0,0,1,6,4,7,0,6,0,1,0,0,4,0,.200,30.4%,26.1%,1.167,.435,.400,.835,.200,,.222,,4.4,0.5,.387,112
Israel Alfonse,838656,last_60,DSL,17.7,DSL Giants Orange,Total,D-GIO,- - -,,,7,25,25,8,6,1,0,1,5,2,0,0,9,0,0,0,0,2,0,.320,0.0%,36.0%,.000,.320,.480,.800,.160,,.467,,4.2,-0.1,.355,97
Maicoll Rondon,838677,last_60,DSL,17.8,DSL Royals Ventura,Total,D-ROV,- - -,,,7,24,28,5,3,1,1,0,4,5,3,1,5,1,0,0,1,1,0,.208,10.7%,17.9%,.600,.321,.333,.655,.125,,.263,,3.3,-1.5,.290,68
Leandro Briceno,838709,last_60,DSL,17.5,DSL Royals Fortuna,Total,D-ROF,- - -,,,7,17,23,3,3,0,0,0,3,1,5,0,5,0,1,0,0,5,1,.176,21.7%,21.7%,1.000,.348,.176,.524,.000,,.231,,2.4,-1.6,.273,60
Daniel Alana,838807,last_60,DSL,17.6,DSL Mariners,Total,D-MRN,- - -,,,4,10,15,1,1,0,0,0,3,0,4,0,2,1,0,0,0,0,0,.100,26.7%,13.3%,2.000,.400,.100,.500,.000,,.125,,1.9,-0.7,.300,72
Fabian Gonzalez,838854,last_60,DSL,17.5,DSL Mariners,Total,D-MRN,- - -,,,8,24,30,8,6,1,0,1,4,3,6,0,6,0,0,0,0,3,1,.333,20.0%,20.0%,1.000,.467,.500,.967,.167,,.412,,7.0,1.8,.438,135
Edgardo Toro,838856,last_60,DSL,18.7,DSL Mariners,Total,D-MRN,- - -,,,2,4,5,0,0,0,0,0,1,0,1,0,1,0,0,0,0,0,0,.000,20.0%,20.0%,1.000,.200,.000,.200,.000,,.000,,0.0,-0.9,.142,1
Andrés Rivero,838977,last_60,DSL,17.2,DSL Giants Orange,Total,D-GIO,- - -,,,1,4,4,1,1,0,0,0,1,0,0,0,2,0,0,0,0,0,0,.250,0.0%,50.0%,.000,.250,.250,.500,.000,,.500,,0.3,-0.4,.228,40
Darling Montero,839105,last_60,DSL,17.7,DSL Rangers Blue,Total,D-RNB,- - -,,,9,30,43,8,3,2,3,0,9,5,8,0,8,4,1,0,0,1,1,.267,18.6%,18.6%,1.000,.465,.533,.998,.267,,.348,,10.1,2.7,.439,136
Felix Colina,839235,last_60,DSL,17.2,DSL Rangers Blue,Total,D-RNB,- - -,,,3,3,4,0,0,0,0,0,1,0,1,0,1,0,0,0,0,0,0,.000,25.0%,25.0%,1.000,.250,.000,.250,.000,,.000,,0.1,-0.6,.178,17
Jeans Carrizalez,839294,last_60,DSL,17.8,DSL Astros Orange,Total,D-ASO,- - -,,,3,9,10,4,2,1,0,1,1,3,1,0,1,0,0,0,0,0,0,.444,10.0%,10.0%,1.000,.500,.889,1.389,.444,,.429,,3.5,1.8,.594,206
Diego Conseción,839308,last_60,DSL,18.6,DSL Cardinals,Total,D-CAR,- - -,,,9,23,34,5,2,2,1,0,8,7,11,0,6,0,0,0,0,2,2,.217,32.4%,17.6%,1.833,.471,.391,.862,.174,,.294,,7.1,1.3,.408,121
Carlos Sandoval,839312,last_60,DSL,17.4,DSL Astros Orange,Total,D-ASO,- - -,,,6,12,24,1,1,0,0,0,6,2,8,0,4,4,0,0,0,0,0,.083,33.3%,16.7%,2.000,.542,.083,.625,.000,,.125,,4.9,0.7,.399,117
Charlie Scholvin,839366,last_60,A,21.4,Fort Myers Mighty Mussels,Total,FTM,- - -,,,16,48,61,8,7,1,0,0,8,2,8,0,3,4,1,0,1,2,1,.167,13.1%,4.9%,2.667,.328,.188,.515,.021,,.174,,4.9,-4.0,.268,55
Alexander Huerta,839409,last_60,DSL,17.5,DSL Astros Orange,Total,D-ASO,- - -,,,2,6,8,0,0,0,0,0,1,1,1,0,1,1,0,0,1,0,0,.000,12.5%,12.5%,1.000,.250,.000,.250,.000,,.000,,0.3,-1.1,.182,19
Manuel Aguilar,839410,last_60,DSL,17.0,DSL NYY Yankees,Total,D-NYY,- - -,,,4,14,15,3,2,0,1,0,2,1,0,0,2,1,0,0,0,0,1,.214,0.0%,13.3%,.000,.267,.357,.624,.143,,.250,,1.6,-0.9,.280,64
Santiago Yanes,839494,last_60,DSL,17.5,DSL Red Sox Blue,Total,D-RSB,- - -,,,7,25,29,6,3,2,1,0,4,6,4,0,3,0,0,0,0,2,0,.240,13.8%,10.3%,1.333,.345,.400,.745,.160,,.273,,4.5,-0.5,.338,90
Luis Padron,839503,last_60,DSL,17.0,DSL Giants Black,Total,D-GIB,- - -,,,3,7,9,2,0,2,0,0,2,0,2,0,1,0,0,0,0,2,0,.286,22.2%,11.1%,2.000,.444,.571,1.016,.286,,.333,,2.1,0.6,.446,139
Jeison Araujo,839708,last_60,DSL,18.2,DSL Rays,Total,D-RAY,- - -,,,2,6,6,0,0,0,0,0,1,0,0,0,2,0,0,0,0,0,0,.000,0.0%,33.3%,.000,.000,.000,.000,.000,,.000,,-0.7,-1.7,.000,-63
Dilan Mata,839913,last_60,DSL,17.6,DSL Red Sox Blue,Total,D-RSB,- - -,,,1,2,3,1,1,0,0,0,0,1,1,0,0,0,0,0,0,0,0,.500,33.3%,0.0%,,.667,.500,1.167,.000,,.500,,0.9,0.4,.540,182
Luis Almeida,840189,last_60,DSL,18.9,DSL Pirates Black,Total,D-PIB,- - -,,,5,11,14,3,3,0,0,0,3,1,2,0,2,1,0,0,0,0,1,.273,14.3%,14.3%,1.000,.429,.273,.701,.000,,.333,,2.3,-0.1,.350,95
Jesus Mancera,840230,last_60,DSL,17.7,DSL Brewers Blue,Total,D-BWB,- - -,,,5,14,18,3,3,0,0,0,2,1,4,0,4,0,0,0,0,3,1,.214,22.2%,22.2%,1.000,.389,.214,.603,.000,,.300,,2.4,-0.7,.310,77
Edgar Sanchez,840253,last_60,DSL,18.6,DSL LAD Bautista,Total,D-LAB,- - -,,,5,15,17,3,0,1,0,2,3,4,1,0,7,1,0,0,0,0,0,.200,5.9%,41.2%,.143,.294,.667,.961,.467,,.167,,3.6,0.7,.410,122
Jesus Teran,840307,last_60,DSL,17.5,DSL Astros Blue,Total,D-ASB,- - -,,,4,11,12,1,1,0,0,0,0,1,0,0,3,0,1,0,1,0,1,.091,0.0%,25.0%,.000,.083,.091,.174,.000,,.111,,-0.6,-2.7,.076,-29
Joe Tiroly,840332,last_60,A,21.3,Lake Elsinore Storm,Total,LE,- - -,,,17,65,71,21,11,3,0,7,8,16,5,0,14,1,0,0,2,0,2,.323,7.0%,19.7%,.357,.380,.692,1.073,.369,,.318,,16.6,6.1,.464,158
Tyson LeBlanc,840371,last_60,A,21.3,Lakeland Flying Tigers,Total,LAK,- - -,,,7,23,24,5,4,1,0,0,2,1,1,0,8,0,0,0,2,0,0,.217,4.2%,33.3%,.125,.250,.261,.511,.043,,.333,,1.3,-2.2,.235,38
Paul Schoenfeld,840390,last_60,A,23.3,Visalia Rawhide,Total,VIS,- - -,,,17,64,71,19,11,5,1,2,12,14,5,0,11,2,0,0,2,6,0,.297,7.0%,15.5%,.455,.366,.500,.866,.203,,.333,,12.2,1.7,.386,116
Diego Avila,840599,last_60,DSL,18.6,DSL Angels,Total,D-ANG,- - -,,,4,13,14,5,5,0,0,0,3,2,1,0,3,0,0,0,0,0,0,.385,7.1%,21.4%,.333,.429,.385,.813,.000,,.500,,2.6,0.2,.376,107
Nicola Perdomo,840719,last_60,DSL,17.9,DSL Arizona Black,Total,D-ARB,- - -,,,3,5,8,1,1,0,0,0,1,0,3,0,4,0,0,0,0,0,0,.200,37.5%,50.0%,.750,.500,.200,.700,.000,,1.000,,1.5,0.1,.380,109
Wellmir Lara,840850,last_60,DSL,17.5,DSL Rojos,Total,D-ROJ,- - -,,,7,22,26,5,5,0,0,0,1,4,4,0,7,0,0,0,0,2,1,.227,15.4%,26.9%,.571,.346,.227,.573,.000,,.333,,2.9,-1.5,.284,65
Erick Dessens,840927,last_60,A,21.2,Hill City Howlers,Total,HC,- - -,,,15,50,63,11,8,2,0,1,7,6,9,0,17,3,1,0,0,3,2,.220,14.3%,27.0%,.529,.365,.320,.685,.100,,.303,,8.2,-0.4,.327,96
Jhostin Fuentes,842034,last_60,DSL,17.7,DSL Padres Brown,Total,D-PAB,- - -,,,9,28,34,5,3,2,0,0,7,2,3,0,5,2,0,1,4,2,0,.179,8.8%,14.7%,.600,.303,.250,.553,.071,,.217,,3.5,-2.4,.271,59
Brayden Martin,842047,last_60,A,20.9,Dunedin Blue Jays,Total,DUN,- - -,,,14,35,44,7,7,0,0,0,4,5,8,0,10,1,0,0,0,3,1,.200,18.2%,22.7%,.800,.364,.200,.564,.000,,.280,,4.3,-2.1,.291,67
Grayson Fitzwater,842049,last_60,A,22.7,Kannapolis Cannon Ballers,Total,KAN,- - -,,,22,85,102,21,10,6,2,3,12,23,14,0,34,1,2,0,3,0,0,.247,13.7%,33.3%,.412,.353,.471,.824,.224,,.360,,16.3,2.4,.364,117
Carlos Sanchez,842167,last_60,A,22.4,Delmarva Shorebirds,Total,DEL,- - -,,,12,35,48,8,6,1,1,0,6,5,9,0,5,3,1,0,3,5,3,.229,18.8%,10.4%,1.800,.417,.314,.731,.086,,.258,,7.3,0.8,.355,112
Tanner Mally,842179,last_60,A,22.0,San Jose Giants,Total,SJ,- - -,,,23,76,102,29,23,3,3,0,24,17,20,0,15,5,1,0,0,8,1,.382,19.6%,14.7%,1.333,.529,.500,1.029,.118,,.468,,24.0,9.0,.467,160
Graham Brown,842249,last_60,AA,25.1,Wichita Wind Surge,Total,WCH,- - -,,,24,79,93,20,13,3,0,4,17,15,13,0,23,1,0,0,4,8,2,.253,14.0%,24.7%,.565,.366,.443,.809,.190,,.308,,14.1,0.8,.367,106
Brad Rodriguez,842262,last_60,DSL,17.7,DSL Nationals,Total,D-NAT,- - -,,,4,9,13,1,1,0,0,0,3,0,4,0,6,0,0,0,0,1,0,.111,30.8%,46.2%,.667,.385,.111,.496,.000,,.333,,1.5,-0.7,.289,67
Braylin Moreno,842290,last_60,DSL,20.5,DSL Nationals,Total,D-NAT,- - -,,,1,1,1,0,0,0,0,0,0,0,0,0,1,0,0,0,0,0,0,.000,0.0%,100.0%,.000,.000,.000,.000,.000,,,,-0.1,-0.3,.000,-63
Angel Alvarez,842300,last_60,DSL,17.9,DSL Pirates Gold,Total,D-PIG,- - -,,,4,11,11,0,0,0,0,0,0,1,0,0,3,0,0,0,0,0,0,.000,0.0%,27.3%,.000,.000,.000,.000,.000,,.000,,-1.2,-3.1,.000,-63
Nestor Perez,842320,last_60,DSL,19.9,DSL White Sox,Total,D-WSX,- - -,,,6,13,20,0,0,0,0,0,0,0,5,0,6,2,0,0,0,1,0,.000,25.0%,30.0%,.833,.350,.000,.350,.000,,.000,,1.8,-1.7,.252,51
Andy Gonzalez,842355,last_60,DSL,17.9,DSL Astros Blue,Total,D-ASB,- - -,,,1,1,2,1,1,0,0,0,1,2,0,0,0,0,1,0,0,0,0,1.000,0.0%,0.0%,,.500,1.000,1.500,.000,,.500,,0.5,0.1,.455,143
Dominic Kibler,842420,last_60,A,21.3,Augusta GreenJackets,Total,AUG,- - -,,,10,24,36,4,2,1,0,1,6,2,7,0,10,4,1,0,0,1,0,.167,19.4%,27.8%,.700,.417,.333,.750,.167,,.214,,5.8,0.9,.366,118
Luis Sanchez,842424,last_60,DSL,17.3,DSL Padres Brown,Total,D-PAB,- - -,,,8,25,29,6,6,0,0,0,3,2,4,0,6,0,0,0,0,0,1,.240,13.8%,20.7%,.667,.345,.240,.585,.000,,.316,,3.3,-1.7,.286,66
Juan Batista,842442,last_60,DSL,17.7,DSL Royals Ventura,Total,D-ROV,- - -,,,3,9,11,1,1,0,0,0,2,1,2,0,2,0,0,0,1,0,0,.111,18.2%,18.2%,1.000,.273,.111,.384,.000,,.143,,0.6,-1.3,.212,33
Nolwer Barboza,842536,last_60,DSL,17.5,DSL Twins,Total,D-TWI,- - -,,,3,6,7,2,2,0,0,0,2,0,1,0,0,0,0,0,0,1,0,.333,14.3%,0.0%,,.429,.333,.762,.000,,.333,,1.2,0.0,.362,100
Kenny Fermin,842538,last_60,DSL,19.7,DSL Athletics,Total,D-ATH,- - -,,,9,30,38,7,6,1,0,0,7,5,5,0,7,3,0,0,4,5,0,.233,13.2%,18.4%,.714,.395,.267,.661,.033,,.304,,5.6,-0.9,.330,86
Jean Rodriguez,842568,last_60,DSL,19.7,DSL Pirates Black,Total,D-PIB,- - -,,,6,15,18,1,1,0,0,0,4,1,1,0,2,0,1,1,0,1,0,.067,5.6%,11.1%,.500,.118,.067,.184,.000,,.071,,-0.6,-3.7,.095,-20
Elioberto Mondesir,842583,last_60,DSL,17.7,DSL Braves,Total,D-BRV,- - -,,,7,22,25,0,0,0,0,0,2,1,2,0,7,1,0,0,0,1,0,.000,8.0%,28.0%,.286,.120,.000,.120,.000,,.000,,-1.0,-5.3,.087,-24
Angel Ozuna,842587,last_60,DSL,19.1,DSL Mets Blue,Total,D-MEB,- - -,,,5,17,19,3,1,1,0,1,3,2,1,0,7,1,0,0,0,1,0,.176,5.3%,36.8%,.143,.263,.412,.675,.235,,.222,,2.4,-0.8,.304,74
Nelson Lopez,842652,last_60,DSL,18.9,DSL Giants Black,Total,D-GIB,- - -,,,3,6,9,1,1,0,0,0,3,1,2,0,2,0,0,1,0,0,0,.167,22.2%,22.2%,1.000,.375,.167,.542,.000,,.250,,1.1,-0.5,.291,69
Owen Nowak,842660,last_60,A,21.2,Fayetteville Woodpeckers,Total,FAY,- - -,,,21,72,89,21,14,4,3,0,14,6,12,0,13,4,0,0,1,5,1,.292,13.5%,14.6%,.923,.420,.431,.851,.139,,.356,,16.0,3.9,.390,132
Leonardo Vargas,842663,last_60,DSL,17.7,DSL Giants Orange,Total,D-GIO,- - -,,,2,4,6,0,0,0,0,0,1,0,2,0,2,0,0,0,0,0,1,.000,33.3%,33.3%,1.000,.333,.000,.333,.000,,.000,,0.5,-0.6,.237,44
Owen Henne,842711,last_60,A,21.7,Palm Beach Cardinals,Total,PMB,- - -,,,15,52,63,12,4,4,0,4,13,15,8,0,11,3,0,0,2,0,0,.231,12.7%,17.5%,.727,.365,.538,.904,.308,,.216,,11.5,2.4,.400,126
Corey Nunez,842969,last_60,A,22.6,Myrtle Beach Pelicans,Total,MB,- - -,,,21,73,87,22,15,7,0,0,16,8,10,0,10,4,0,0,0,5,1,.301,11.5%,11.5%,1.000,.414,.397,.811,.096,,.349,,14.7,2.9,.377,124
Deivis Colmenarez,843066,last_60,DSL,17.6,DSL Giants Orange,Total,D-GIO,- - -,,,5,12,16,4,3,1,0,0,2,1,4,0,4,0,0,0,1,0,3,.333,25.0%,25.0%,1.000,.500,.417,.917,.083,,.500,,3.6,0.9,.429,131
Mayobanex Rosa,843069,last_60,DSL,19.1,DSL Braves,Total,D-BRV,- - -,,,2,6,8,1,0,1,0,0,2,0,2,0,3,0,0,0,1,2,0,.167,25.0%,37.5%,.667,.375,.333,.708,.167,,.333,,1.2,-0.1,.339,90
Juan Medina,843409,last_60,DSL,17.9,DSL Phillies,Total,D-PHI,- - -,,,3,9,11,2,2,0,0,0,3,3,2,0,4,0,0,0,0,1,0,.222,18.2%,36.4%,.500,.364,.222,.586,.000,,.400,,1.3,-0.6,.295,70
Enmanuel Rosas,843410,last_60,DSL,17.5,DSL Pirates Gold,Total,D-PIG,- - -,,,1,1,1,1,1,0,0,0,0,1,0,0,0,0,0,0,0,0,0,1.000,0.0%,0.0%,,1.000,1.000,2.000,.000,,1.000,,0.6,0.4,.910,349
Jesus Gomez,843588,last_60,DSL,17.9,DSL Orioles Black,Total,D-ORB,- - -,,,6,14,17,1,1,0,0,0,2,2,3,0,6,0,0,0,1,0,1,.071,17.6%,35.3%,.500,.235,.071,.307,.000,,.125,,0.5,-2.4,.179,18
Oscar Marin,843783,last_60,DSL,17.6,DSL Giants Orange,Total,D-GIO,- - -,,,3,10,10,1,0,1,0,0,0,0,0,0,4,0,0,0,0,0,0,.100,0.0%,40.0%,.000,.100,.200,.300,.100,,.167,,-0.1,-1.8,.129,-5
Elvin Jean,843798,last_60,DSL,21.4,DSL Rays,Total,D-RAY,- - -,,,7,18,21,5,3,2,0,0,3,2,3,0,3,0,0,0,1,3,1,.278,14.3%,14.3%,1.000,.381,.389,.770,.111,,.333,,3.5,-0.1,.355,97
Angel Bonilla,843805,last_60,DSL,17.8,DSL Marlins,Total,D-MRL,- - -,,,1,2,2,0,0,0,0,0,0,0,0,0,1,0,0,0,0,0,0,.000,0.0%,50.0%,.000,.000,.000,.000,.000,,.000,,-0.2,-0.6,.000,-63
Lissandro Peralta,843831,last_60,DSL,19.0,DSL Rays,Total,D-RAY,- - -,,,6,13,17,1,1,0,0,0,1,0,4,0,2,0,0,0,0,1,0,.077,23.5%,11.8%,2.000,.294,.077,.371,.000,,.091,,1.1,-1.9,.221,37
Brayan Holguin,843832,last_60,DSL,19.5,DSL LAD Mega,Total,D-LAM,- - -,,,5,10,17,4,3,1,0,0,5,1,6,0,1,1,0,0,0,3,0,.400,35.3%,5.9%,6.000,.647,.500,1.147,.100,,.444,,5.2,2.3,.531,177
Luis Consoro,843876,last_60,DSL,17.8,DSL Braves,Total,D-BRV,- - -,,,6,20,22,5,5,0,0,0,1,3,2,0,6,0,0,0,0,3,0,.250,9.1%,27.3%,.333,.318,.250,.568,.000,,.357,,2.3,-1.5,.271,60
Daniel Pena,843920,last_60,DSL,18.2,DSL Marlins,Total,D-MRL,- - -,,,1,4,4,2,0,1,1,0,1,1,0,0,0,0,0,0,0,0,0,.500,0.0%,0.0%,,.500,1.250,1.750,.750,,.500,,1.9,1.2,.733,269
John Andy Rodriguez,843979,last_60,DSL,18.5,DSL Astros Blue,Total,D-ASB,- - -,,,8,20,25,3,3,0,0,0,1,1,3,0,4,1,1,0,0,0,0,.150,12.0%,16.0%,.750,.280,.150,.430,.000,,.176,,1.6,-2.7,.224,38
Evan Morrison,844071,last_60,A+,23.4,Hub City Spartanburgers,Total,HCS,- - -,,,16,53,64,17,12,5,0,0,7,8,6,0,9,1,1,3,1,6,2,.321,9.4%,14.1%,.667,.393,.415,.809,.094,,.378,,10.3,1.4,.367,116
Caleb Klein,844078,last_60,A,21.8,Augusta GreenJackets,Total,AUG,- - -,,,21,75,93,23,22,1,0,0,12,11,17,0,19,0,1,0,0,18,1,.307,18.3%,20.4%,.895,.430,.320,.750,.013,,.404,,14.4,1.8,.359,114
Carlos Brito,844168,last_60,DSL,17.2,DSL Rockies,Total,D-RCK,- - -,,,9,31,39,2,2,0,0,0,2,1,7,0,13,1,0,0,0,0,0,.065,17.9%,33.3%,.538,.256,.065,.321,.000,,.111,,1.6,-5.1,.193,24
Yorvis Salazar,844196,last_60,DSL,17.5,DSL Orioles Orange,Total,D-ORO,- - -,,,4,15,15,2,2,0,0,0,0,2,0,0,4,0,0,0,0,0,1,.133,0.0%,26.7%,.000,.133,.133,.267,.000,,.182,,-0.2,-2.8,.121,-8
Ruben Hernandez,844197,last_60,DSL,17.5,DSL Orioles Black,Total,D-ORB,- - -,,,6,15,20,2,2,0,0,0,3,0,5,0,4,0,0,0,1,3,0,.133,25.0%,20.0%,1.250,.350,.133,.483,.000,,.182,,2.0,-1.4,.269,58
Joan Hernandez,844205,last_60,DSL,17.8,DSL Braves,Total,D-BRV,- - -,,,5,14,19,4,4,0,0,0,2,1,3,0,4,2,0,0,0,1,2,.286,15.8%,21.1%,.750,.474,.286,.759,.000,,.400,,3.6,0.3,.382,110
Angelo Neira,844215,last_60,DSL,18.2,DSL Braves,Total,D-BRV,- - -,,,3,7,8,1,1,0,0,0,0,0,1,0,2,0,0,0,0,0,0,.143,12.5%,25.0%,.500,.250,.143,.393,.000,,.200,,0.4,-1.0,.203,28
Jack Hopko,844295,last_60,A,22.9,Clearwater Threshers,Total,CLR,- - -,,,17,54,68,16,13,1,1,1,8,9,12,0,11,1,1,0,2,0,0,.296,17.6%,16.2%,1.091,.426,.407,.834,.111,,.349,,11.7,1.7,.385,118
Eduardo Mirabal,844318,last_60,DSL,18.8,DSL Cardinals,Total,D-CAR,- - -,,,5,16,19,7,3,2,1,1,6,6,2,0,3,1,0,0,0,0,0,.438,10.5%,15.8%,.667,.526,.875,1.401,.438,,.500,,6.7,3.4,.591,205
